feature_14,feature_21,feature_22,feature_28,feature_59,feature_63,feature_64,feature_65,feature_70,feature_95,feature_99,feature_100,feature_103,feature_104,feature_114,feature_121,feature_122,feature_124,feature_125,feature_127,feature_129,feature_130,feature_160,feature_163,feature_180,feature_183,feature_210,feature_213,feature_247,feature_249,feature_281,feature_295,feature_298,feature_316,feature_348,feature_351,feature_365,feature_387,feature_430,feature_431,feature_434,feature_435,feature_436,feature_452,feature_455,feature_471,feature_510,feature_511,feature_519,feature_557
11.094053415860442,-5650.115313704805,2767.529749712241,68.59804103134051,5.163514170967409,8.478567627345441,20.777032319748407,22.827812753369606,623.434962185648,1.5738012035580842e-05,-0.04048436597033994,-8.763698424985185e-05,-0.007014770802100167,0.0008089961515064457,0.0004430267115162497,15.93739244181605,3.0027456894208697,15.939261617394507,1.0116881792391397,0.5022714945770589,-1.2308212022835057,0.8554635652076422,76.0,0.11335887486010589,15.635797141538387,28.96598754491464,0.06509256329191221,0.08172198247618172,0.11813310509462817,0.002643483365777193,0.018475610134771295,37.027000000000015,0.04957879989961471,4.9350513366855715,0.015197317219479901,0.030681130464406757,0.004624037206908037,0.0,18.96435032718441,3.3354999999999997,5.542640696902463,11.09331220082581,1.270662196183289,4.667620165768713,3.8067940791937915,7.164394462163923,88.43246709820846,356.6246277704573,27.888227431366484,2.315755290299978
14.1879,-5939.28996015971,2970.505280979717,65.36490952655228,0.2317758133574248,17.465814228714834,20.872719360318648,27.190021695222597,618.5256060066831,3.1364415677942554e-05,-0.01833466750137322,-0.00037901527073663967,-0.015156940441524627,-0.0001737989888009744,0.0005748580202056477,15.847610745732007,3.3307358966844287,15.719155463880654,1.137751007724551,0.7138862813924296,-0.5450695086233757,0.8307222078668147,1026.5584751963352,0.2535270143160935,17.31940359219146,31.848711859858465,0.14475422418726777,0.05853137400649711,0.04927471837583467,0.0022038220324824575,0.015100657745030607,450.1912507104869,0.1439721764179016,6.255573426389309,0.036669699225612584,0.02882057780201348,0.0085191113326788,0.0002473592209099421,21.62329295742901,24.201164151489643,5.41353473151087,13.099912732983423,15.28511143728539,5.261765171381066,4.765039347821851,9.062508871588273,18.0064,297.8390847701171,11.748161595290085,0.7560719128770736
2.357963911866495,-5536.403579947081,2764.8200067981575,69.45685014186553,24.221299505688187,15.066040696262263,22.117878617060533,25.775998857798253,621.9591757026996,0.0001329070105240587,0.026336363569202128,7.962538167300109e-05,-0.006124929504273886,0.00018520012372538562,0.0,15.929993895453965,4.080439756413943,15.99214885334849,1.019744302487713,0.6954087178830902,-1.3666675320163613,0.7206283456327433,502.8243722102314,0.14647307971686774,16.07818827662459,23.578760629366645,0.11900104766233668,0.1010802479186374,0.047057840657538506,0.0009744624071761567,0.015869078095688546,144.00297897683555,0.08365539467450883,4.51848514202866,0.04151845119431162,0.03601476160556317,0.005129130798761571,0.0,17.53614106128641,24.687495903192932,11.47057262860313,5.330068470063441,13.410316370456513,4.396369016500207,3.355001066043417,6.643249084414719,99.29850775836212,598.1903478106996,10.426373890764609,3.8862461215654913
11.106809454758231,-6431.325058399321,2774.877063839694,70.83314802782192,0.7259556091494499,14.301195788244465,19.989782969342226,26.089997564099377,610.8840137858148,-0.00015464495243442056,0.006112436998020079,-0.0005638773857984915,-0.011889570046913104,0.0005225986442290343,2.0529906510769396e-05,15.870841584471073,3.458872577975737,15.787059897114684,1.2471249122128403,0.5832056903366268,1.12998469236015,0.8422242991115922,672.2818334672227,0.2538365501941487,16.42016880694108,26.107790091320865,0.0866473534385458,0.09952254124701249,0.028162373576292178,0.0,0.01925621966277275,362.902930669375,0.1106749277712615,5.0055720115551186,0.021647106583452716,0.04572030434767088,0.00791916504053154,0.00043711212703078994,1.328800000000001,24.452082889950486,22.092859056392648,19.31687123905084,0.7004080498253131,4.116192880373308,3.7092514690975618,7.756828167034367,61.86183074265157,0.0,10.43661429972678,1.8609593291833715
7.257579887840663,-5275.880146806345,2706.5402060222063,62.80407453362545,11.436444904584219,13.391748847174709,18.72298481871895,26.749197273987978,627.4280711017406,-1.5724448598666827e-05,-0.10431653158012993,7.020654736372149e-05,-0.007693721532186759,0.0015,0.001158822944265098,15.86096710426173,3.9562699203932414,15.890688344206385,0.9112772195184287,0.5758989462276496,-0.09433741692882286,0.7290028185168248,101.54704134655788,0.08336295258611376,17.6529439784871,30.973186296257058,0.07758153857493333,0.036197512676622204,0.087602058984401,0.0,0.011382349812235543,127.40884257808652,0.05959454171028995,5.295374044593036,0.022530658487704896,0.013658941563727073,0.0032056711631071174,0.0003877406123539746,3.6187577903669848,3.3354999999999997,7.53963026573869,15.541514490528193,0.6279000000000003,5.21603251195026,4.124821696350269,3.1599000000000004,77.53896982475584,535.8647921613001,16.464274347160444,2.2739260981797935
9.303849340501346,-5855.543558425245,2852.05362220452,69.35503851844545,17.633692336537873,20.722966514998504,22.73556546989133,28.026784841321383,624.5279070156141,0.00015047185670761279,-0.003170562189994286,0.00042643306232035383,-0.006315849364823444,-0.00019302352250262627,0.0007916238564667015,15.880489431947442,3.9158375012595568,15.891281280440072,1.312115056875368,0.6818834755778296,-0.9635390400331314,0.6816113508383659,807.5405378570281,0.10276707515329281,17.07567125858525,22.24306176180132,0.08587809244130332,0.07633283541094264,0.031350283193602065,0.0,0.018082034310587847,333.8825929956903,0.03021173355352537,5.169202248798969,0.03096840800037932,0.04563971976826294,0.007451811593460629,0.002846070547992296,12.002199577618399,19.511950455339562,2.5786999999999995,0.3003999999999998,5.5590355729377094,5.367727125164375,3.75538788141596,39.6588905789983,48.08149067507158,126.84288777564396,3.6093,0.3275000000000001
9.842674139998962,-6001.587118856941,2874.8983848570333,71.66934307752726,3.2187303411365713,13.67739162294635,18.160799121948795,20.45172666271222,615.7888766947866,6.92930511470023e-05,-0.0005934026663440364,-0.0003181612991069162,-0.012400224282299612,-0.0006210726504399676,0.0005708971816050353,15.834936051295855,2.949273999934138,15.815817666505918,0.8440591019200985,0.533541400000738,-1.1738677944501605,0.8410666446973818,796.6882033173313,0.10116667772012453,24.399648831246918,33.88348078876332,0.07122099301838468,0.039890756111846774,0.10474864576074719,0.0,0.015249441655977075,323.80758792411797,0.06286852002821001,7.485522981810588,0.016461344606451905,0.020371945729596858,0.0059140502280179185,0.0007221480483031499,6.442654217794729,32.56003193556234,21.105483749944206,5.8793337749177805,2.3586841427047878,6.862645540817644,4.566065414566565,3.1599000000000004,18.0064,0.0,23.964845874099574,1.5883746967285841
7.462983460749531,-6274.516339910855,2875.0942406746176,72.66453653290965,-9.804156320016597,14.317522135299125,22.842099902036136,26.582112354847634,598.4563279603142,-3.544876362862533e-05,-0.04994753328208567,0.00011586255411501903,-0.008944683206290674,2.6650100873862856e-05,0.00011908840273590152,15.808721286327849,4.742675719995594,15.789174469120796,1.3542366786820659,0.7186690184375554,0.1474303335917455,0.6222415082735177,211.6370608670706,0.05805634880715696,17.847964970681947,29.80514481322271,0.1238422256036675,0.059773908481911144,0.020896036890637997,0.007784539767048567,0.011654039929166173,166.31836985244178,0.04146316261525857,5.3201702339628065,0.03890343086715284,0.029638480610770648,0.01093867487396831,0.0,11.443160524072905,3.3354999999999997,2.5786999999999995,7.572816473396511,11.593026604819872,4.953498870471572,4.833791480655751,15.477005034085508,48.770888023393056,169.4916257018159,3.6093,1.529927185128464
4.017721891763287,-5563.454337247655,2550.708298732726,66.99217025944805,6.839006197220094,13.575353148749766,20.775749868600137,29.15492189859957,622.4860964062871,0.00024000862616867154,0.0429710623229611,0.00010649941979691197,-0.007784694109356142,-0.000562845630842023,0.0002777797547744181,15.925932326265652,3.7872971174528174,15.911135902107754,1.536870776283331,0.6503063177928908,-2.6106574055094116,0.8263138446856682,506.8095437887092,0.10413968386065053,18.1533446418127,21.93865242743917,0.0861476527366585,0.07949745071339644,0.03351733381796766,0.0,0.012641766700315867,186.60069165507883,0.04399676126541526,5.348125201799857,0.020874103116477964,0.040729839808162305,0.007413284577576522,0.0007000555546090056,43.678194761343306,15.187752545788232,16.31890169000989,17.072853886556807,15.266828659238596,5.3161324707267275,3.408238816106228,19.990393877526998,68.84877982144583,336.13448353614,7.813509520215087,0.9569890142460435
8.238265011684387,-6290.122651079747,2779.4235409946696,71.010372536103,-0.4431186250044652,9.021784186004323,15.926073570763604,21.250299122690436,622.6765558913044,-8.486914442267391e-06,-0.011836233803012257,4.322218328837742e-05,-0.010753073358077845,-4.3390984356337194e-05,0.0,15.852121893290285,3.946198817805499,15.914347739008084,1.1511101961921744,0.6558660333826737,-1.4999965743968247,0.7733329579491779,549.1418169724706,0.034,18.51013328407669,25.173308582211433,0.07046376739926667,0.07074605703987513,0.04819340052395331,0.006409094317104914,0.019032078601503993,189.58721194755614,0.0175,6.30690717366155,0.02323397178936862,0.03877984564092384,0.008211133987850991,0.0016123576281914952,1.328800000000001,3.3354999999999997,2.5786999999999995,6.782468799208235,0.8016077035314302,5.80626238712723,3.9261094043089404,19.118110856098134,118.7373904361544,213.95010129337987,9.455796004301362,2.4518748755572233
4.967349469377593,-4651.32973041913,2556.869180998297,70.18709363301002,13.076855047384388,17.62579700662049,22.65536318470594,30.36994903805484,608.4411352330553,4.124317046350957e-05,-0.0745467678445291,0.0001011809897111612,-0.0069129376567837846,0.0008127859131533827,0.0013538121797063546,15.850892025323205,3.495601090944876,15.907258750479908,1.021017819080648,0.5712188424010706,0.1030093894321632,0.7319741593250242,205.3903820567864,0.12314578160549161,16.614459552038795,31.665795834104003,0.12819829153725737,0.03642010829418185,0.0248578691999023,0.015671457160131737,0.016615387235048885,248.97552243652822,0.08040004967012665,5.3878426109255635,0.04187654680401545,0.018091883841898547,0.0025,0.006826274440457055,34.96717956139618,12.431187547408388,13.378638531640691,13.686383413783767,17.693435078315712,5.207121031593919,4.247953357237179,10.07984256322801,62.08873224141192,254.2119596679175,6.770730470736483,2.1348879831414957
7.424566170266537,-5846.037451020178,3068.53409009144,70.02905741793795,-7.011400288658956,18.803956248655417,27.664196124876987,32.36256834191873,608.586067760332,9.11617553959582e-05,0.07651699813648805,0.000254413257771193,-0.011127683971572716,-0.0007790348984239669,0.0008214977206597291,15.83701524268606,4.041052117425802,15.812476688096531,1.1352106628740746,0.7197239755556146,-0.05510590143557531,0.7536604770057796,698.8261192265154,0.14565767238468436,20.925287741842006,26.589071544437914,0.10436387862079159,0.06191956896412312,0.07103457833099222,0.0,0.01793184931684199,217.2105243629797,0.0807776429670167,6.536258295514606,0.04008449188145658,0.030204667141995753,0.0025,0.0006546688753824889,23.075703479076164,28.580828011000662,9.31191118139905,4.287187875624411,7.471391800852808,6.157565874735707,3.894186227816586,9.258564609609175,36.700480558734974,93.04903022096184,10.095582723445169,0.3725465506555199
4.9794416177161605,-5002.981306821025,2694.291741776783,71.79936955054181,2.4142265534696525,13.37431813759567,23.560948997928598,32.01878080306406,604.4428370757985,0.00012979668513863414,0.004906227398351334,0.00044704107586172203,-0.006794479013126831,-4.3405801776375085e-05,0.0,15.818833178705233,4.532894431426207,15.808679891771908,1.2303702809258212,0.6708272447048602,-1.4542483001613555,0.6353630738262394,404.8742538641195,0.034,16.124761199437742,28.78870634070917,0.1384883279058255,0.04661685100707092,0.06974136614994722,0.0,0.01712893619847188,197.00211543260198,0.04554805264367679,5.015588743411572,0.03207889440216431,0.030212386085168186,0.0065212824806898766,0.0,16.569102214810027,3.3354999999999997,2.5786999999999995,17.43673576674212,0.6279000000000003,4.93519535252954,4.599164885050637,25.15426137316172,126.18616056364996,328.9541830271861,12.781181073484879,1.338034741389519
7.828183492200296,-5517.647655621505,2466.499420945326,71.76813735251298,-10.940941900966012,13.572499599640942,22.555636569412954,30.417841789856872,624.6200435847079,2.917762925428475e-05,-0.023953123961329672,0.0007031709662751149,-0.0068058788079008795,-0.0003750942958687337,0.0007026163572938706,15.771886350433812,4.67528064296872,15.757931638246326,1.2351582068300935,0.7706403524099806,-0.2601472598399454,0.7617139250002923,76.0,0.29007894160866665,17.27666582406661,30.262197604559745,0.16110883323624176,0.0172,0.0167,0.0005534173330503386,0.014832271511683285,105.23249763653644,0.13411317644849366,6.162285067524853,0.04002929450489402,0.008,0.0025,0.0,32.330125816104655,7.088987646437591,12.657156655814282,11.539190095647259,24.802517735161825,4.834311408155863,3.7115741692004214,3.1599000000000004,112.03972825368533,298.33605398364034,3.6093,2.727575738046129
6.413456648856784,-5015.894740202007,2570.02931798583,67.45857347787515,-3.116372352935111,14.184729298839242,33.16772646968287,37.29174627253562,615.0123588415202,0.00012888568703080537,0.016649374855227474,-0.00014007297410738081,-0.004851501634390787,-0.00040571546601113513,0.0,15.631565615293262,3.48445198847753,15.54345601691961,1.153401596207389,0.609710908729076,0.3756587783357699,0.7525816558356846,396.89587459771695,0.2020157719903906,15.932279437415309,29.044928371031425,0.13695143937032,0.0547088339535571,0.0167,0.0,0.016969209157058514,255.37829108921636,0.14447581210402868,5.415481937692223,0.04362465280863076,0.02404529678980379,0.0025,0.0,57.9843779841423,6.034974589266394,15.290315594047446,6.77410736879678,9.566521898100156,4.498792948927123,3.976848862084586,3.1599000000000004,93.29847352024424,904.7352956334095,3.6093,2.6821089007968855
10.7319206024703,-5628.7762328584795,2763.3364057150234,69.00740713312413,-1.0913451425192737,13.045184452614734,16.09592031418708,23.43917137741554,610.5307923225425,0.00012680035786423065,-0.02590481237931712,-0.00033811232633644176,-0.012807633435893072,-5.0395950042815543e-05,0.0,15.685479483216417,4.456599587169191,15.714574927889062,1.3430174846764913,0.7614548892339252,0.16714886600429013,0.704818298138554,76.0,0.034,19.22275530924633,38.96859938114767,0.1341136949400174,0.062458547033758846,0.03462653720387372,0.0,0.01704134896695949,64.3971361937974,0.0175,6.156529839211998,0.04479762996867063,0.026750704001953483,0.007326874609541439,0.0028038597775240127,1.328800000000001,3.3354999999999997,2.5786999999999995,0.3003999999999998,4.381135513244256,5.9774322484729305,5.505643366453403,22.462297800287956,75.27184567329667,455.6180061754076,6.603574956256816,2.743528974647522
3.3348976844759024,-5707.11952179301,3082.2532288574607,65.1142888397899,3.4004311730654933,18.285895822256922,21.34563837027384,29.00324150244652,619.0252923117918,-0.00014521977622837252,-0.04696195731151471,0.00041603298054570934,-0.010694799937997322,0.0009146529067566918,0.00030812682411754237,15.86612799751167,3.983344864754878,15.893580264205271,0.9978226042498626,0.583668827376982,-0.864488444359746,0.7250152979115191,494.4160653584027,0.034,19.54124440647375,28.030032069995258,0.12203968281977343,0.08076476449502734,0.04088251352425849,0.002869641492152628,0.0078,259.46531673201486,0.0175,5.959290109753946,0.03535669782210054,0.04367141724593862,0.007561456526606604,0.00248368069347507,6.174525124071916,9.176389890641206,2.5786999999999995,0.3003999999999998,7.817284132098939,5.560661867839241,3.8808648939746933,3.286602150433785,46.01800539514075,229.04254633868632,6.854433554129124,1.5014122428620165
10.888956253978908,-5673.938696441614,2879.5648001275363,67.12771003537019,12.378133869611469,16.606268172863032,24.494194513528726,34.51012077827207,619.217675036337,0.00016753806654733728,0.05364628901434126,-0.000637825557578653,-0.008531639277570393,-0.0007255726752931574,0.0,15.764721762103827,4.313873482179202,15.71874076216222,1.280434176213792,0.6877616672397676,0.4656965966618478,0.7369130068270954,1210.7952939325808,0.08677202510463888,17.86205744639758,30.144484336714612,0.06014983220218907,0.07633604756869422,0.028236986262130427,0.0,0.016579212785917116,588.8800830221935,0.044574443330543737,5.578748207208243,0.021613789860855066,0.027760307881036943,0.011010166096552443,0.001178995063739305,23.581188404061372,34.683067863001654,19.69801600626551,4.777445938428319,5.0475353379600865,5.33878889945891,4.202623740507407,14.779152711101673,92.61507330486563,545.473604624844,11.248010345316663,1.558437108833737
4.171440778291807,-5417.045838926918,2717.5836403535372,69.35220117346562,-0.2234224612603697,14.505474093921064,22.619383838547186,31.372943257394954,621.3650263298254,1.320727957723852e-05,-0.037420333706300456,0.00013491839528150375,-0.008995524906240365,0.0005578469059956284,0.0,15.739553995783394,4.535824764484272,15.725111197852877,1.379164464280478,0.7436723804188848,-0.9078670378058906,0.6698330470690643,76.0,0.034,17.629510322485174,22.13296706700821,0.033900000000000007,0.038213207668984187,0.0167,0.0,0.021218977865368843,77.38586825873395,0.022370175021604044,5.3798853475033885,0.012080796666311249,0.023949595463748613,0.006967009943392358,0.0,24.91943286471527,9.543434037961404,2.5786999999999995,6.730365561856088,0.6279000000000003,4.806597053222746,2.76303919443303,10.976022782347993,86.65644930746521,444.42022407376487,3.6093,1.4549377265264747
9.394044340997576,-5679.227984538859,2638.4477537699327,72.22296288112864,8.646392967217073,14.175430653590357,19.021345301248324,24.87954250960239,611.7389164472817,0.00018622752380049372,-0.05346597509406986,0.00015714084293002166,-0.0068535216451791545,0.0002025609296219274,1.4234560474591556e-05,15.799439563600195,4.206668166477235,15.73693061249323,1.4694578550998099,0.7787876653234915,-1.2347237260614703,0.6599397791491135,203.24227278384387,0.1834093687724542,16.747578158260342,22.168519581182302,0.06377978241929028,0.0482878204982646,0.06434337531965376,0.0009689404771240304,0.01505580112470713,115.68033740149059,0.11152794431315008,5.2496892646635684,0.020262638656524664,0.011905236121252043,0.006922452540924167,0.0,32.88153928620759,15.1924459244713,2.5786999999999995,0.3003999999999998,11.814721047794958,4.220913164968367,3.2918539349571874,3.1599000000000004,59.80896486540879,0.0,7.713152394368325,0.7604487193650178
7.173162809867674,-4775.22699003751,2640.2754540377623,70.50975490345888,17.216631142080416,21.61506044960526,26.70285328059072,38.51036324325776,620.5930392274249,0.0001386677904293617,0.04330927067511089,0.00020536146450894911,-0.009048620927727595,-0.00029552020787584074,0.0007417844865910003,15.84915543762653,4.185286686273379,15.885825261576711,1.2330413169497967,0.5571468303826177,1.120316735622369,0.7774762151400321,753.988963458768,0.2525481572108734,19.094890481412545,16.85772414324116,0.11685834977327667,0.09033270752707093,0.0167,0.008394550655130293,0.014239573391999943,285.7504177813033,0.10981381669502462,5.721045533989791,0.03790701203225243,0.030958410847068088,0.004568415167849094,0.0008398486614540541,31.85239826013559,27.21171995636048,2.5786999999999995,15.632575714548752,11.745373749783026,5.331674083856291,2.4272832375260665,11.442618784031604,36.366816504658836,694.1770759391809,3.6093,1.369442887702148
6.870997691917504,-6641.109940296405,2893.988229588721,68.4829472926605,5.611107034147402,17.85087285876298,24.77586308067048,34.456291688670525,619.3541070053469,3.4078107183362915e-06,-0.06465858391503482,-3.6178277027157214e-05,-0.008311982877902288,0.0007961222425787711,0.0002741880831152325,15.908799363324883,3.9145435600742924,15.938598783461309,1.1594945872569016,0.5951197892895227,-0.5919311365673893,0.7909486639868776,76.0,0.09777964962008118,15.251955889901282,27.282214849762337,0.10089303399921735,0.02824448415429678,0.0167,0.0015638564388257073,0.012077981305268019,37.027000000000015,0.06370213221914958,5.189042284458353,0.02916974330223613,0.011720894019395297,0.004153172730219696,0.0,8.364372601023595,3.3354999999999997,2.5786999999999995,10.426084357461471,1.71781496164766,4.351100925891247,4.042487127108591,4.873444472468641,156.8266864111541,136.77642563750726,3.6093,0.6713116191823666
7.203280292440863,-5046.654870469452,2764.110256206749,68.04132027706608,27.300758926298304,13.082507551210103,15.639241843365001,23.73761714184155,626.9663353584673,2.4584144913723193e-05,-0.026010514566444452,0.0003804389762864884,-0.007342937972911235,-7.556206270741506e-05,3.602694822128805e-05,15.881393397442823,3.46138212773571,15.939342084861304,0.8431720281238106,0.6212655108991766,0.38449834650124903,0.7730632939719215,1389.5617510670036,0.13092002682603834,19.582156556855768,19.174269699216204,0.06639771767110482,0.09651965525864072,0.08286056843070366,0.0,0.016431901135349307,564.2533123415825,0.05513313740558454,5.966359020566562,0.016192842447189985,0.05109023275546176,0.005288488298157872,2.8387734085231293e-05,29.6876033250297,39.27201563646844,3.727817725323911,0.3003999999999998,9.950205261992625,5.4722265578826095,3.026783630666807,21.283706342142427,106.62535844375884,0.0,17.34078490280062,0.7433362021908275
10.674804007883349,-5331.808204628883,2938.759486554319,69.54683082826155,9.060378225342436,12.408500101408997,13.304973651903438,16.485885424607368,622.2166847499315,-1.5885562348188023e-05,0.06096964098830383,0.0004211128368396458,-0.008932637377226554,-0.000652430100613137,0.00019304945061023873,15.761634299516121,2.850718193441449,15.731177808815877,0.7794862823112515,0.5770680317430515,-0.4868051359726997,0.8764,664.1253787978584,0.16974160800592264,19.111602793864712,30.33363704736218,0.12616697722327427,0.02876751144057702,0.05392376319065932,0.003909604821197286,0.018119984264239844,315.47208806159216,0.10895848796612992,6.263810085888795,0.03923473047445705,0.008,0.0026573570675250107,0.0,15.677667803223242,20.00308989719594,12.149007223060922,14.87432612581291,6.620932135963871,5.565168007152733,4.464808535420922,26.70469846579062,41.002044516970166,282.7139599410558,15.309309637077545,0.7511059230721998
7.77881158751886,-4968.4178915694265,2394.9995292779845,68.36583475986988,8.765444882491387,14.622136266605201,26.622405942462162,34.51298378775579,621.4082831197313,6.530872489036349e-05,-0.0619089672599172,0.00015184730257555273,-0.010047601430980463,0.0010224386094853,0.0008870933044337282,15.864877807375919,3.7086666393055965,15.877956274366618,1.255797813360625,0.5990830226067074,1.517055498641808,0.7584675117832653,527.6219506554614,0.24892275359442645,19.934690821192575,21.432995864123228,0.09571177600746977,0.12766254173879252,0.019378433373655437,0.0,0.012505324317817186,139.80949569889572,0.1516181164097964,6.213647683296607,0.029364021444064213,0.06117726458133931,0.0025,0.0,13.665640971531229,3.3354999999999997,25.9812559083516,18.944338641782892,10.237140732192715,5.170775075708908,3.266093714566378,3.1599000000000004,69.15891179252495,288.6809941756783,4.3237376978206,2.2708728366185804
8.487763760446652,-5657.274903149628,2859.938789992606,67.71161585553943,5.193279944487131,17.43669400770303,29.689170143720066,36.920682866556945,609.1209856233053,2.313912376962823e-05,0.02554292621682922,0.00024203086760004108,-0.010112895889465746,7.280378642516769e-05,0.0,15.875284609911164,3.7554556458060557,15.9867418037815,1.028704861283652,0.5947173450172691,-0.4777021758590965,0.7084633978068478,728.72181276384,0.034,23.40964700719091,32.02443115427977,0.058429221277061856,0.06923298301733746,0.11258107220448127,0.0,0.013729477630173348,256.97886630684405,0.0175,7.265407928089495,0.020958474359068446,0.033791670917921277,0.004405017332517689,0.0015306881870919549,1.328800000000001,6.31105661460607,2.5786999999999995,14.814351288214496,0.6279000000000003,6.6756170440840705,4.823977426166294,29.936155097282857,103.31883887631788,552.9406729446182,16.498415715740805,0.8905771448807536
10.109720337705276,-5626.07822399824,2805.190425749064,73.54629966124983,-3.5359982005049653,21.0737042936095,25.095185300044857,33.46243307611677,613.3289575060618,9.440064014786022e-05,0.03331223914996208,0.0002035783380839447,-0.008633553736258372,-0.001249028936096043,0.0,15.970962950333341,2.8226489309077767,16.004861565075142,1.1612773522683235,0.5283464267929939,-0.8352722690737644,0.8383241378599116,283.71606066452495,0.1722665917481417,21.9291511307092,36.855052906360186,0.13204829529714635,0.03518955894665256,0.07664061843154624,0.0019028896941248553,0.01671060195014523,37.027000000000015,0.0777060773532589,7.215142133163613,0.027935464485384844,0.01745376965112521,0.009011483953638405,0.0,2.6930713863631013,8.566194420036581,7.141686954778003,2.0971617648740146,3.5030745759646233,6.365669670451681,4.821805710535776,12.701840208928733,101.315648969602,342.7236014748793,16.219079409442635,1.8052794023140772
7.864586516552125,-5910.724719864794,2729.6587262335497,71.73373288102204,10.360450251263163,10.335682162922843,24.832280998618923,27.032883228735187,614.0062242911007,0.00014972222841255794,0.002299628537204783,0.0003319368517398948,-0.0025840890912936596,-0.00022963073601351523,4.257159440916289e-05,15.758489203764253,3.419927909139257,15.636265329887532,0.9876051968188947,0.6170018207317235,0.1564170348721503,0.790226516437909,76.0,0.24795167644884686,19.35526786072551,23.31929510953229,0.08362130507891216,0.0172,0.030161862247354954,0.0,0.021723550500711484,37.027000000000015,0.11709629968782295,5.833348307641106,0.022162454667585076,0.008,0.0025,0.00037997006913826714,25.996932989586522,3.3354999999999997,2.5786999999999995,6.430231310776865,2.336500097615004,5.500522871651851,3.0269118289081676,3.1599000000000004,79.52776010830421,242.43403168365342,9.036529165762342,2.206037091917095
9.09974726900967,-5439.550795651139,2545.249605820672,65.77770078983113,16.87442910662789,12.178239830282639,14.621026258123855,16.086361515540894,613.3947945191197,0.00018767103354685313,0.08786553906437133,-9.86338211102744e-05,-0.004832382883802518,-0.0012949184373716846,8.216514459172402e-05,15.7211732355804,5.140244115330828,15.71178114441864,1.5036007539010425,0.8016881118889383,-0.08651164691190477,0.6029,441.3109049528879,0.034,19.372309386575967,22.951748822248604,0.11183028899738146,0.07398591855201501,0.06275349585131629,0.0,0.015416116560626492,170.47348460105434,0.01809809935633775,6.440142523630494,0.03425181868669432,0.0360719001601099,0.007588281245329214,0.0,18.559534352486242,18.258195750171414,4.428352013156067,0.7500092352072372,4.079506850921131,5.287698587749213,3.3230058241088822,3.1599000000000004,87.84100937106888,104.15685401538897,16.992434459520446,3.146634602683908
9.661546165517972,-6506.159130043147,2894.9370122824894,68.60699619759072,14.829445670795035,21.569655891532825,18.498532185250422,26.07162390624947,625.2266237322893,4.6382665191695526e-05,-0.010475977910183806,-0.0002326253490404155,-0.008999481799176815,-2.3791585109509515e-05,0.0,15.860052727465671,3.452801264570649,15.86416513627761,0.9854352486827462,0.5500989699702581,0.34496819448760774,0.8143815497848159,76.0,0.129987224239074,16.281816549292284,16.062,0.1367173942259158,0.01861998703055169,0.0167,0.0037113056874183066,0.013291962144424381,37.027000000000015,0.06360422688704784,5.457883783357344,0.043540794864323856,0.008,0.0061380496125688355,0.0023112849930323203,1.328800000000001,8.394789643407844,19.746163114655808,10.477132328513573,5.928196940343506,4.681326810870272,2.3858995297794983,7.293093501441252,62.45837096301434,0.0,3.6093,2.615129362284088
2.4406418048800615,-5593.751134884004,2478.408065300762,71.11583236187523,9.70487690571108,13.462558578789508,16.108945923260467,23.60484727003081,611.3738842173302,0.000118595210639371,-0.012233185969422147,-0.00040873811974828243,-0.013929343972423824,0.00023631219472934931,0.0005522972381568035,15.828126111556427,4.483400768092628,15.89421270840806,1.0132833620369814,0.7020434622350165,0.5494141008055831,0.7041697617076803,903.9332522143509,0.04568954519091488,16.454590623399845,28.495122899239018,0.0515053496822792,0.05793908775099743,0.0167,0.0,0.01024738724118894,477.69662072476865,0.0175,4.9719201443450824,0.017072808048629363,0.028397429605970963,0.006934880566632721,0.0011033337495620543,16.720591908308734,29.359181418792758,2.5786999999999995,1.370329941916733,0.6279000000000003,4.849748092192325,4.309436009078214,9.369899130653803,32.113880020433804,971.5960387225425,3.6093,1.7219975019216858
10.742867237214904,-5879.002275887159,2947.0811047984466,68.58121131606177,3.0183913806828455,15.353499964051236,30.776058369531462,40.05284281084836,609.7156445643834,0.00017716482074228116,0.011062974545372018,0.0004816479976219672,-0.004284030194959211,-0.0005802522614318459,0.0,15.759145273889668,3.589649535206089,15.846703778456037,1.2433100946885949,0.7261390441346673,-0.27054711277676213,0.7652219991023099,714.5139371018262,0.1718376899860742,21.341687529728155,27.655690741422813,0.16694644035509723,0.04984940878909032,0.0167,0.0,0.020164166165980647,196.96344806984092,0.0929654250538548,7.867295804467024,0.056677811197245444,0.025763544494356545,0.004377384037796082,0.003876916553839826,9.92401987580591,17.61152521891829,11.683105109232319,5.814632759896302,0.6279000000000003,6.482575150968942,4.315673270263926,18.242722404719494,97.20787945589338,358.3841323488841,3.6093,2.9239346024117916
6.262060203366033,-6057.173323282166,2749.4378985812614,66.98149626529225,11.884389605929206,14.635357759257406,25.662948212044796,35.36120485894147,616.6985103002662,0.00021883063380758716,0.04834188853468667,-0.00048086435037436457,-0.009041265198475939,-9.995505826339824e-05,0.0008051329117043896,15.822012242044575,4.926855613030602,15.871538063591746,1.405351653703405,0.7557021899706992,-0.4389569689983347,0.6303431778389685,520.9992933696379,0.15346687794422148,17.69247525401835,16.062,0.10730407336555824,0.0640399472975661,0.017726981705467368,0.000938833596250856,0.01878660553707875,245.60058444455152,0.08482912095328282,4.879885364403772,0.02443892720665677,0.02944262695114336,0.005490622575626328,0.0,22.21728125454232,17.685930315727944,18.62772764884577,21.34819023143001,4.327289569289414,4.839206548440634,2.2430313499015178,16.760795793851766,74.88044839866791,777.5849768629523,5.196400470081484,2.4989665690403795
5.991570325366502,-5501.15495496722,2822.8674055862984,75.73981674876384,8.877533579232734,20.107437983115265,22.8316958998877,31.322848945703228,613.3656223832036,8.803992590049689e-05,-0.07197018086395549,-0.0005234790756237671,-0.013432046419948943,0.0003501745942880539,0.0002817618231122595,15.767792428560051,4.091596232074592,15.870399999197872,1.0172818951470086,0.7084085824862606,-0.2952855612112303,0.6858143347416148,692.1454819661303,0.034,18.054923829575944,32.55014059718806,0.0829490932178359,0.10306586177654842,0.0167,0.001652405772790379,0.017665958615790865,371.4729348078988,0.0175,5.664140196667374,0.024979142910118095,0.04949180514143405,0.008637641446981158,0.0012222198356778302,30.018920124874818,11.751391717452398,2.5786999999999995,3.1945942112785826,4.760272831564016,5.200073969583759,4.814443922273146,12.63821258563504,70.90368549044439,121.20352234166103,3.6093,2.1016175341844026
8.079729726819963,-5752.082374928269,3071.362531868285,70.01912943963144,-7.547741681347279,12.94423144622798,25.12929109563148,29.994768855016524,612.7139719150815,-8.349577102577854e-06,-0.03334424925126217,-9.530598174895871e-05,-0.011869639057145403,0.0007970401453138396,0.0,15.807438732721463,3.7851606405101843,15.816100856435083,1.0074726580842117,0.6364868632031615,0.741864870671977,0.7859386960429122,1253.0405320372472,0.20139876577398125,20.89753756237448,27.79437683863525,0.11824838001922763,0.14663132519633962,0.0167,0.0,0.0078,492.7998139886211,0.10239474924410276,6.222249706897192,0.03501848005313152,0.06173308276688651,0.005092972075648926,0.0,38.81993270701116,31.231831639484454,32.58213458583786,14.706543610018791,3.2096110430485565,5.740427938987804,4.189603539288189,13.429758026403153,85.37668308881328,349.72168891577235,3.6093,1.5790978440472574
6.895275222213153,-4233.321272876711,2412.197484040601,68.04344785125788,-12.1527,4.4283,13.1307859282732,18.53071496875063,619.2244219868725,7.253560509795243e-05,-0.05553735006383116,-0.000142681971525828,-0.014227291551984652,0.0006119181493808477,0.0,15.830004042725971,4.472157509408615,15.714586309192788,1.31595322223202,0.7935136835922987,-0.7042663092597174,0.6850496030667471,409.3009460339472,0.2091211421979239,21.39170526019405,22.850699025692187,0.10310834532174948,0.034412971093528304,0.045551882369921456,0.0,0.015381994425220475,362.5685991908117,0.07243809386895159,7.272303097861848,0.035125349909253034,0.016047450857310575,0.008063552941651652,0.0,31.486851905897616,4.156397044675256,17.864475242341875,0.4550896511848901,0.6279000000000003,6.27316760071988,3.5164423559496525,3.1599000000000004,87.58745381906837,43.12350156147332,6.389150023446149,1.7561470955079985
4.7597264323825765,-5755.1329129928135,2564.2212096743165,65.84161093474147,6.052137203595132,18.723345359032137,21.03536157686253,30.152783670095147,619.1454645045518,0.0002467865205409968,0.0047973623580249355,0.00027850908250193944,-0.008887087576547435,1.5959833315358172e-05,0.00020040518314378298,15.830714427053953,3.9447963200558585,15.794828913811074,1.273932623479838,0.6790384753330521,-0.9887745179690719,0.7981331507067417,525.2247518795509,0.224303852186873,24.427798835068018,22.834924088234633,0.12051891069165215,0.05274628665703443,0.031048347700727633,0.0005184488181777039,0.010693207876384277,286.0732904708041,0.07623026948161359,6.68779739734495,0.027616606509246442,0.017860274838876554,0.005396779413147389,0.0014174545340919988,22.007887661213033,29.545233248871845,18.37998512688352,15.561498059872736,11.807435737346772,6.672821294144629,2.7605770624414987,21.350803778044842,89.21880870740736,469.79295189305486,6.805708008195362,1.1845875254976805
7.317169441163021,-5533.495374913168,2614.9939612435733,72.40781020491075,-2.8913571374675446,11.741712109610637,20.46272834416999,21.071021846459157,620.6344585962162,3.424273370415285e-05,0.031160457661877503,0.00037721277979087535,-0.008416916576324207,-0.0007038147271278141,0.0007667531012829351,15.946482243576114,3.004466280587971,15.897959756889158,0.936318821040572,0.5466189498940363,-1.6227761724371155,0.8062416931520471,76.0,0.034,18.504681160724882,21.115375712031245,0.0767013209128637,0.0172,0.0703118097720193,0.0,0.014145551911087212,37.027000000000015,0.0175,5.677887157572958,0.021278990631314026,0.013919778236941266,0.0025,0.0004533940354229341,24.01635228234887,3.3354999999999997,2.5786999999999995,2.295448340260071,0.6279000000000003,5.18877909211001,2.907097049454855,3.1599000000000004,91.09825569982141,781.5157220385925,13.171561400281696,1.2490019651648923
12.587540744349146,-4794.416522570094,2595.0335863442256,68.36712144350952,-3.210905619631116,19.98523457203023,17.825779430709332,21.917704895917517,618.2638807904158,0.00014583044169795404,-0.06121383555380049,-2.9800483331836996e-06,-0.014452665024141371,0.0010571012673793148,0.0,15.940016952401704,3.253063503115147,15.916311116167341,1.210413658777046,0.4837128997441572,0.35956583895715677,0.799337444642097,626.9594315618557,0.034,20.566259490865626,24.08400857872952,0.04690891073256273,0.03573578417220179,0.0167,0.00021637686357889145,0.011455947917820317,358.2496395420618,0.0175,6.246268541339999,0.017303535796729753,0.010569929343076625,0.00850192264270442,0.0011584247144247036,9.980454990931818,9.940951120429121,2.5786999999999995,5.395333044475849,0.6279000000000003,5.535318582769374,3.277505285840595,12.963747604661357,74.22703326727994,553.1512024121253,5.26131004031499,1.3152706043707618
2.4334841507941833,-4811.706195270057,2497.139748022888,70.52647214423858,8.48107962846916,12.969731708259825,21.918023339540575,28.536358653628216,614.2788083743201,-5.124273071237674e-06,-0.003835753471597825,3.40477631479604e-05,-0.012499731632608813,0.0006253998640203062,0.0,15.825516941820998,3.9260824759891872,15.816911767727593,1.018593604207957,0.6100712551379724,1.0293345703482655,0.7573056039081074,920.5504235162832,0.23339281702563008,18.384655321251937,26.63105791988914,0.0633638580902677,0.12605349586014458,0.07368171859281245,0.0,0.012194524530397849,281.9630870201497,0.1463028985166247,5.656584694119081,0.010499999999999999,0.05160173592428269,0.0044976751333257875,0.0,27.94018016928941,50.632827761336976,32.20362956495825,4.292127465642708,19.59818547539224,4.830481924026893,3.529366224213509,3.1599000000000004,43.956306421100514,739.7928907127495,22.13209064147449,1.0946270142428167
9.777765566743234,-5235.164925489019,2882.3796460443255,69.17819948033535,11.931572398242908,8.458417588212692,23.488358475215584,20.228839244064936,621.3694806883778,4.37068973934382e-06,0.005361780690551446,-3.6716671089951166e-05,-0.009728284061124763,-7.609166401950704e-05,0.000514290982248368,15.857446134670962,3.9564342026746795,15.826225487735684,1.145546302814574,0.6430377821523394,-1.7135543179810673,0.7472798346757796,626.4787979192126,0.21277202320301786,20.788482458914316,23.763200741762425,0.13960130256334807,0.061718416856813944,0.06378578675238131,0.0,0.021190058799051708,349.07665687693816,0.13041863246220908,4.939129960865006,0.03626877018028932,0.03519287465743223,0.002848220649009689,0.0,20.858841596507208,13.823869073685659,5.705740548097847,11.748676274476344,0.6279000000000003,5.82296772250363,3.4928680686634976,3.1599000000000004,20.047316365492847,289.8651024664107,23.01724311157099,1.1375112476792282
11.800764916153728,-5203.632220956638,2985.849457285862,71.64645431172602,-0.3753653613803438,23.624376718392252,27.332123147098688,34.61913485604303,614.4451945527089,-1.785114759416851e-05,-0.018057481506008777,-0.0002621051998940994,-0.012357802675905154,-0.0001366115882776182,0.0,15.896439205211182,3.119667151690288,15.958553778331053,0.9215552069385368,0.5631672607553548,-0.10655277960465037,0.8545010253163304,1126.169100559241,0.1581424186777057,19.281058930510245,35.99849802576122,0.0576204429361863,0.10572498025365668,0.0167,0.0,0.019481853119259374,573.1487502984022,0.07262712455583749,5.777642029972512,0.018813092445889718,0.04429615381983571,0.006830235079997624,0.000859418923056607,11.919049555720488,32.7620693740667,8.726547566340075,0.3003999999999998,8.341137947237218,5.313039850271817,4.711186901083166,9.47245606513938,58.81520097022209,651.3352596344912,3.6093,1.2220049858968827
8.804354513017154,-4875.129198235838,2816.0901746714876,72.73819747800368,15.419475920058787,15.785052561038972,17.25751751797939,25.963804071856675,617.2557041046482,4.64420859185778e-05,-0.11350000000000002,0.000298030732477948,-0.009723618566658036,0.0013044636661454978,0.0,15.80628767139799,3.569432508264259,15.810464899159836,0.8815467099150451,0.616926417928818,-0.20596086504439987,0.8215229126497434,1198.5142740647098,0.2926523737720789,19.15862735777405,29.681795070357857,0.11596119766523864,0.05751160345690847,0.08070902090895703,0.0,0.016876646554016748,520.5945221095367,0.11385735053308915,6.1115072589488175,0.039356529745163765,0.024908446938106583,0.006633842887546469,0.0,41.98122900808512,39.4635437311655,22.83000611040129,4.281569976729306,16.393649382664787,5.559626063109803,4.061239507720491,11.13846099002821,140.39690917725426,415.38759550542534,13.607727067369794,1.8075342820828582
10.489113213709963,-5883.911682099077,2755.6351322613023,73.53812925092498,5.03324564910948,14.973498409319093,19.86844966691431,23.5309184252728,622.8923953634595,0.00014413559650088405,-0.05909197659825794,-3.9360475659443815e-05,-0.008562236721055647,0.0006708089408147848,0.0,15.92811861887849,3.6164575242240717,15.986334900730315,1.153797652692955,0.5527555671406559,0.993027653285957,0.7751792422439603,736.3970402628179,0.07732068759439398,21.446114345448997,23.220052143111268,0.12455061676295212,0.03657849344402935,0.0345086708089636,0.0020232412694583986,0.014098666631965339,402.9775547860139,0.020421636756900285,6.598558885228236,0.04023278453587886,0.02119050028797805,0.008849992101490189,0.003721315382540478,6.89582983678177,28.337510211971455,9.279244542254611,4.012409507436551,0.6279000000000003,6.2144085302522765,3.3877733786979207,9.888133862899732,20.893340103751804,692.5142672376805,5.182054502581118,0.962515219470436
12.100117402617798,-6120.4920217053295,2828.563945228501,67.83181096953656,-5.173611288729241,8.743614633196042,23.780016841285445,26.16035224185309,617.37713927184,2.8342953609378956e-05,-0.024619522950985462,0.000618095535015139,-0.00899824393951107,-0.00022590556374343202,0.0003214717203079727,15.794707141839309,3.9574062061731885,15.790364492052735,1.1806467752686953,0.6387730092665886,-1.056078704018352,0.7156728828941076,508.56240628437007,0.034,16.46763694141799,27.79594804919225,0.11579381044723129,0.07469633469825199,0.13981947851921137,0.0,0.011187755248710782,188.79109442646646,0.0175,5.91669270542772,0.037899329860188,0.03527511412397921,0.008762739434898277,0.0011595921410375307,12.58900882190817,12.091131592956463,10.373155179374592,0.3003999999999998,4.846025547449935,5.172603389872447,3.736533937292411,10.651233864618856,18.0064,986.6667,33.143515472638924,1.127560520814236
12.195493546484524,-5884.765651836179,3100.096062023212,68.93494792571481,6.079949186836583,10.18371119119743,19.45796975402213,21.110122769823988,611.8107566945079,7.32017989293762e-05,-0.00604456069741335,-0.00013539200541331302,-0.00444783200135426,0.0003308569537486885,0.0005751323545079162,15.676267288276346,2.408732282357553,15.6503614803185,0.6810486057451839,0.4402279622423497,1.3998335262460448,0.8387898596479717,1132.1831848138438,0.11191863772004534,14.899766905978456,27.67088820422945,0.14998290805320696,0.0746688082035471,0.0167,0.0,0.019129965223018592,620.6075738169976,0.0852151546726587,5.437798775257295,0.03927981387320718,0.026660411218951845,0.0030010972740732375,0.0,10.57117151750457,44.95650429157621,12.601147325172574,10.272696333541397,6.35379090866774,4.068546219335998,3.578341722949855,3.1599000000000004,95.02026566116936,311.1882375141136,4.818614069201323,0.9802091838953857
7.878692679039105,-5970.208709189783,2904.8218311497353,72.01462911683504,-2.8760880671365325,21.667661546056287,23.800370022575887,32.2244772156853,618.9735712218036,-7.267393401073915e-05,-0.011169433138604272,0.00045461170067879835,-0.01346127486471151,-0.0003996483883586371,0.00024752074232698096,15.733032903488613,4.139697155703135,15.70825466890265,1.314775415253213,0.7297425485859176,-1.1420138756787135,0.656844725265624,507.4421717734735,0.14113747802118579,21.316082580681165,16.062,0.08813724610102687,0.09321896013034281,0.02922947352952042,0.000696929683525574,0.016137166553295185,286.8798061327125,0.06708038977452047,7.5350788119976455,0.028933973153349942,0.04530372396729308,0.005184096976345515,0.0004463772129486392,31.17603760680916,11.994346194416984,6.951197558885127,5.832891333464806,0.6279000000000003,5.762682129348284,2.359988743077352,3.1599000000000004,37.14626840869323,0.0,3.6093,1.9368845271030404
9.310135218256988,-5587.431471991956,3012.3073960790653,69.28333996986451,-2.7903784073977635,16.65119309587388,24.28004433274338,28.82837298512915,626.9221680122397,2.8043112908613837e-05,-0.04182370167590772,4.039547863430993e-06,-0.011062028746500358,-7.072508597201337e-05,0.0011776633988371224,15.949071907941049,3.2145769948231004,15.894382629623202,1.1450654364594346,0.5807150144478092,-1.4596552964585237,0.8119397611508318,742.3682368004788,0.194527175796792,13.770256196588099,23.148294407194157,0.06643927123844703,0.12294426293470562,0.047341479142515755,0.006323411665115585,0.01639309919236317,546.8527886530339,0.07837545079196856,4.4211264765124945,0.025439528766315007,0.060360018327993904,0.0032124298506705532,2.3930388964198926e-05,39.50242549118547,9.786572988048583,7.280950582828859,9.939681696411355,0.6279000000000003,4.060582072692608,3.096138028746056,9.070656127664641,115.48427421386934,409.1693278971834,15.548050368088465,2.6139046921884805
7.010454522629346,-5660.0223179899795,2927.167426380137,70.25400641602945,-4.386050974295133,22.502536024043255,16.709794392277846,25.775340645485155,602.1913833551198,-0.00014875899507120954,0.010062102152542845,-0.00012031913040378094,-0.011123142856821193,-0.0004194743878595647,0.0005533447569896985,15.820325743633147,3.7327653834267425,15.90147697561145,1.1992051730883369,0.6866198706653203,-0.5676101715179439,0.7756045561530205,560.5530007158742,0.034,19.848252744832426,27.5208708721345,0.11144040459358945,0.11680708290440953,0.04673483874951148,0.0013123806067167425,0.01627830826743648,303.0848277293217,0.032553935754725254,6.729582835280184,0.034452730352209734,0.056626703758135964,0.0068706495045905355,0.003092097524525092,8.25208659560165,3.3354999999999997,4.345657689457623,11.35288492160335,0.6279000000000003,5.879432963845097,4.140441072970734,9.874446115750164,110.71820568303156,0.0,5.078059401957644,2.0046697458502587
8.624347021843356,-6468.4783364796485,2825.80521590979,71.86168945381235,-2.4669479382565407,16.832393631988776,26.124585261719268,28.040335055013006,616.9358205903455,8.980950097196687e-05,0.1039166124545802,0.00031414978840379744,-0.008982419230282203,-0.00152115595617093,0.0010386543562563254,15.901264377155028,4.3752848899272205,15.835493969535666,1.2575758318114452,0.7357472457399236,-1.759734158407593,0.7265971570668593,76.0,0.11663642935599434,17.45126990904879,24.447297385578636,0.15306052048008348,0.09982624416210084,0.03254027050573833,0.0019728995868404458,0.008413085809230258,37.027000000000015,0.06160372859316902,5.9236014177440754,0.03907225952402185,0.04221320442545621,0.007382576847960252,0.001531291836529511,24.456101322111262,3.3354999999999997,22.119282799255927,14.187314519305783,0.6279000000000003,5.15772720510286,3.4539660685134272,17.514861828686108,18.0064,609.9943936705727,5.239894235193082,1.8100968257679022
8.961791641296207,-6013.408464712255,3018.0197406840807,66.16492134519372,11.088855862043578,18.978690096667254,17.521472893432573,29.507206777755172,611.9508773643714,6.388050282280395e-05,0.04544108830179246,7.084508812975373e-05,-0.007779863612033533,-0.0008592516009203064,0.00036949194190881787,15.687959915205738,5.162205252311827,15.763437962472151,1.2937567226719227,0.7507571400322809,1.021459161114604,0.6420168633045494,765.4215717122788,0.15150428146724934,16.5284031351727,17.17398679586743,0.10962855734807486,0.0780488140840011,0.03531420499576566,0.005993500738826579,0.011167748636224818,365.65523710144475,0.09996569340367967,5.812253858270211,0.03738128195600226,0.03995371074384982,0.0059197045855278905,0.0025303023329586592,14.319228842021179,27.552258184296015,14.19146787974019,4.746278583910999,0.6279000000000003,4.375877856591318,2.4584536108116333,3.386172819383802,107.1320560725342,606.84414893964,11.676515428773726,0.3275000000000001
10.968675365509782,-6468.93226984912,2792.216248517173,66.05034636435374,-1.7164730138156652,5.960366831641181,17.66914716353988,23.245089911059882,634.3218,3.392344312571023e-05,0.0788411007770593,0.00032102360761373003,-0.008771552278307202,-0.0009666295088167898,0.0005849189717913097,15.83360278933448,3.541522899584112,15.796387649424917,0.8070786736554623,0.5851794706575675,-1.0647658583011665,0.8032397994714258,76.0,0.07751333695577838,19.417612200692602,25.38475472862646,0.033900000000000007,0.0172,0.037130163525365925,0.0,0.014348152463024089,59.791229105883815,0.03168968348784833,5.450211683641195,0.010499999999999999,0.008,0.0025,0.0012273235683175558,16.938737027924216,4.4627292876119995,15.719054037330524,0.3003999999999998,0.6279000000000003,5.583249113456916,3.4290130406098247,3.1599000000000004,59.60951620524378,491.3554077672039,14.031770179136108,1.0427536977872358
11.966403258840936,-6147.812605375423,2650.9928442216396,68.14602428651946,8.812524123773251,8.046300385296247,16.326638920280402,22.15226281674829,622.8517480720394,0.00024850677845453776,0.07720454364683951,0.0005647259237495477,-0.011746468173896591,-0.0005395702331196845,0.0,15.753771164679588,3.7194526658217053,15.663236908400195,1.3261419895424236,0.5827693215637485,-1.1819014810396307,0.7296123137220413,544.7747988932634,0.15873366502312225,19.33858696656977,16.062,0.07803050386637256,0.07659588284369409,0.0167,0.0006932870601480476,0.015742716616665254,223.54198198036715,0.07018200559511564,6.499967707811702,0.014975412909422774,0.03367822379663789,0.007714200293107952,0.0,30.88628773464961,19.33888570181651,5.840648766005845,40.01304668757648,10.259246924349519,5.188071406251231,2.1869,12.779316990014035,39.41288500769845,769.297531087042,3.6093,0.8110307903818191
9.709636317930462,-5740.4227959363225,3006.3934663574455,72.8752497075453,4.924079915585011,7.9352920366789785,29.41200977984611,30.103430800164965,624.994256625735,-0.00011016291824304968,-0.0764036395506335,0.0005781716793316074,-0.006298225921517485,0.000952670325710695,0.0,15.79566354553259,4.166112508723007,15.725115888929368,1.1536592176877434,0.6792994982307797,-1.1269778910677668,0.6495814678161315,378.2432532745145,0.034,17.123846045586323,27.05272210379663,0.1097800771775558,0.09754900912530215,0.09086334734098486,0.0014646809760427114,0.021225369282427613,273.5911231653217,0.022293331460273243,4.740705076671174,0.025931655531253015,0.047177491556513323,0.0065111809930153055,0.0005096697386247893,11.60315172015914,5.282747187461666,3.7445026562958734,0.3003999999999998,2.587960760945168,5.027231619342862,3.6574078997157113,9.132006522886885,18.0064,379.61757349981065,12.50442991211714,2.3310293906398503
5.186211945075899,-5751.194117443339,2793.5869608573976,66.62313321826149,4.879692559862333,11.489738457378067,25.95057958588952,37.28598850732938,634.3218,3.7827069643029755e-05,-0.001057848939151871,2.9688592282786e-05,-0.007875986751699976,-0.0001534222549462614,0.00041867327323874483,15.808548654308,4.256659305083042,15.898884162872301,1.4588846333024588,0.7090824187272835,0.3239049965133586,0.6939123202850112,994.8286699122573,0.1479217351007229,19.355420262909668,24.046890434462128,0.11056791931614568,0.03738863608791285,0.029670195221213367,0.003401800856496647,0.013954952149563372,500.02520236067664,0.06205102998119456,6.643136037596976,0.03846252222967445,0.019673218682442352,0.002761833076267551,0.0060976806172661656,35.72738205247345,29.72356532870482,8.157175227110713,2.965940310501053,0.6279000000000003,5.802436413317574,3.8303011913952703,19.26750447532727,63.45576496162177,169.08919301329877,3.6093,1.955278859620752
4.712386936590504,-5486.14377707181,2620.3865876150508,66.46726408712769,16.544729681553523,19.637557513569813,20.92178165023062,24.947976122194788,613.4999927432629,0.00012813589635417565,0.01011161818268518,0.00017485037298984178,-0.004504653678082032,-0.0004300677500982929,0.0006639421352646977,15.91087171834445,4.344269821393334,15.908812756989374,1.2726532350276205,0.7116078425073419,-1.418035708536586,0.7500617915588946,470.7899676342324,0.1669338126549685,20.571964540141842,16.062,0.07894561500497838,0.04267127529389599,0.0167,0.0,0.019157790110140106,131.5227014771526,0.03884803775512695,6.091217682165044,0.02618599618780343,0.027524636573917242,0.005931812948693563,0.0008144544744742483,16.05216706849912,30.800057673183815,3.769914353648778,0.3003999999999998,0.6279000000000003,5.431138277156601,2.2221784119045247,3.1599000000000004,77.58651947570587,35.31536336104324,5.336969168276786,1.7967031259499213
6.8513106154228005,-5841.606726801026,2536.541286832995,66.08087723872701,8.734671986933321,11.173753089956605,21.0004137731368,29.29247521848484,624.2230564786096,6.672351339566346e-05,-0.0115072684431557,0.00023419257931809375,-0.0034257563760434874,-4.1047530432074134e-05,0.0,15.722298961780208,4.059425684585126,15.680971631941516,1.3113825128167418,0.6993541312514043,-0.3659404490193281,0.7405529177929558,576.1366650137368,0.17182454466111274,17.483530699557,26.51464300763693,0.11424719853987728,0.09477428314204718,0.08051997155140195,0.0,0.01528327606616819,225.8524968519826,0.09305307949930941,5.389037602883346,0.02681446411988105,0.044303443917126706,0.006977494118201103,0.0,23.734716891700387,17.756783180091556,8.477830472191236,20.92793364471259,5.894250637078188,4.8103892950577345,3.6981308032201086,9.496513252658195,22.764169157473873,0.0,15.340687699232552,2.2220519347096683
6.316100760496015,-4546.865810460586,2710.5326748913835,68.40035755535482,10.245323273110388,10.410042367925346,20.00342410159772,25.25208650167897,612.4804197262699,6.268785777672407e-05,-0.014157262602940882,0.00015965579585071012,-0.006395345038168926,0.0005184954334211646,0.0,15.902879325196773,3.1721462586654514,15.944998084777353,1.0784530299131374,0.5087165119716542,-0.1297184151015594,0.773360345484102,967.0745269528113,0.2668844133485396,22.27331341860939,27.301069479788232,0.10396721601678205,0.10355468806890532,0.04389705204749534,0.0,0.014962829863635455,382.55832518149475,0.13000454420715873,6.153339596812284,0.022247337851424683,0.0394570026165917,0.004281932575512643,0.0,41.28621329778656,47.609769965484006,23.399433729427436,36.14400502702203,14.004765268796199,6.472709837324043,3.289550619097479,3.1599000000000004,58.5560713424443,213.08457330649946,6.787584584221596,0.48528396061493995
14.1879,-4346.590771967642,2783.7332041301343,72.27754462096301,-4.046778962357111,18.468743888037906,24.943436302051374,26.045996650546517,614.7077769651238,0.00014320139656418093,-0.058020723453136296,-0.00010449484520059401,-0.00888496179991087,0.0007722842201303381,0.00023560476434939355,16.038337261032495,4.038958493805558,15.939211948725267,1.2214794462284169,0.6382946717896656,0.17945982878573152,0.7773055419247423,774.2312484981092,0.17963477489387264,17.04456847787146,21.742189102662213,0.07362958486557493,0.0428871348092118,0.06865558061249077,0.0,0.01923691866113322,337.1086977325398,0.10240710722571117,4.672050017199212,0.020172312407475655,0.011851928062218456,0.003700703830382128,0.0,26.096117976185198,17.150850275938577,20.3812099786119,5.971916770157611,0.6279000000000003,4.533295493533104,3.302728133903895,3.1599000000000004,120.4891688225174,0.0,13.206138795678589,1.5674070916749354
11.940535717375488,-6411.354796883015,2691.9611139537324,74.88310095247758,8.125458320663455,22.37546157790853,20.58438331101493,27.14786396933898,609.344316692232,0.00012689350867921333,0.03561802399047561,0.0002604910544288465,-0.006533866526279755,-0.00048638468279909084,0.0007146680167575278,15.775863119290504,3.9853485300349334,15.752055649275531,1.3212943551209217,0.6389161591559738,-0.6610637747890258,0.6539198791430249,334.83765562150575,0.15862028164739042,19.512826717779884,17.16282421499893,0.04854252563972191,0.02052148132871373,0.0167,0.0,0.020474450967265953,37.027000000000015,0.057736812710425404,6.585399099281736,0.01912109312859154,0.015271659894299473,0.008658605559651335,0.0004365025097331431,7.538469345109274,5.345369063565634,2.5786999999999995,1.9671216418955622,0.6279000000000003,5.469745763116395,2.5342756413524246,9.755939472131459,75.94243280246911,0.0,3.6093,1.8545172471323603
8.808957166983046,-4829.411872414902,2681.9869577586887,72.45277906949454,9.99245871365977,13.961956582429032,22.73520315325909,24.226201782163326,618.2820113758885,0.00012110424329840676,-0.07540052261002425,0.0006182628487261516,-0.004708439836611321,0.0009120847806647477,0.0008742664332702911,15.829547415157675,3.401232235688563,15.874601996326517,0.8984161724328759,0.6059955119510775,0.9458917389651169,0.7802857820725082,848.3097792133972,0.2318639577967416,18.985700736484304,31.34932608426935,0.12391833926482276,0.10936716735289309,0.08714840987451798,0.003104772923071202,0.011773034328608361,470.4609289126304,0.09546485033199151,6.15476330560454,0.04178344202691453,0.049342287473619635,0.008173711453339894,0.0012961641090268156,16.765579589441142,22.52168512105985,18.189758575793626,0.3003999999999998,5.339771542285636,5.381698048632097,4.140710510406801,13.494963223811844,68.11306918278586,149.53341651336595,13.610851024594595,1.546999327942715
7.176455720480502,-6061.095856805224,3158.510162888889,72.89712189270097,-4.656050876082386,14.87316674835303,27.135101173783077,35.52344902491339,619.2978855528795,2.559462047251034e-05,-0.0561236305958991,0.0008160021348861137,-0.0037747587341581254,0.0005350581026309934,0.0,15.708348417091,4.120443353046985,15.68507524842098,1.0495152720782572,0.7281766372283477,-1.0842008681147766,0.7170186526844775,469.243900452341,0.034,14.097387151690796,27.682273796962065,0.13461647565026533,0.0853988281918157,0.0167,0.00253710172240829,0.013865236524937943,317.5246402326587,0.0175,5.483403111944163,0.041265505399554314,0.043119113504688056,0.008356043336129809,0.0008240006416702559,32.36635333022104,11.919037291790225,2.5786999999999995,0.3003999999999998,2.451051125246317,4.7672098444412,3.9124932598717557,24.867651188228862,58.99139687545683,513.735224859886,3.6093,1.943622753672514
10.181207004715578,-5588.366401018591,2593.590404657467,66.44711945280864,0.6341439400984696,14.069083059458848,22.097051192354975,31.059117484552573,614.3974782542068,0.00012900985272659292,0.02617725921579988,6.272259310082965e-05,-0.007556151830955791,-0.00026470901039416656,0.0,15.626062592898027,3.5996268919464995,15.580777904790015,1.0119722452384965,0.6662481333699388,-1.3764725702008205,0.7817525427726785,83.10033572046905,0.19742697042997032,16.90192062583434,29.641021722367697,0.037595861452380294,0.045849640643053934,0.037726169515115066,0.0,0.02130885625289225,37.027000000000015,0.10259089789529657,5.553664668504722,0.010499999999999999,0.020551043303574643,0.0025,0.0,27.549386159951396,3.3354999999999997,7.2217427312529745,7.548910911402019,3.2224085566616143,4.80636970519836,3.3520557100306574,8.455215779265393,106.7878774363855,438.30142375557176,8.280018993128078,3.051870276675562
5.549076852357006,-6214.1969091284245,2596.8299640493897,68.5916835026424,22.04579705452124,12.941024264088899,23.01814116284024,27.404874561152965,617.5473296157754,9.299091513724664e-05,0.05142388075936098,-0.0003124726329324889,-0.007991475355132758,-0.00040854046786849025,0.0010742044606952765,15.762645636582825,4.332879879217737,15.742396953704231,1.112857319522261,0.6203733812935447,1.1356915634266989,0.6777999923441125,76.0,0.14339737122695373,20.946139618462535,25.53601226710753,0.07603417379280837,0.03247262163001577,0.10798465215779199,0.0,0.012915464198598393,37.027000000000015,0.05770009217304501,6.339662053182705,0.023089768134211028,0.01571256999909377,0.007013166188193364,0.0,1.328800000000001,5.7965846972498944,2.5786999999999995,10.396870358240276,0.9786458119038022,5.811757353224952,3.762395714107394,21.731728232170724,18.0064,0.0,23.08636688639602,0.3275000000000001
13.940069256931167,-5247.931384287222,2597.159416703206,72.50300447494526,-12.1527,12.956732368257358,17.58261723481357,22.181387066855294,612.2780121400771,8.693146555215134e-05,-0.03429718279120539,0.0004385549278589646,-0.008508148479636891,0.00054953787981884,0.0006149889160033997,15.96704001825493,4.221997089172836,15.829818849029357,1.2351550466868053,0.7009645016660095,-0.8456187498373327,0.7865755961138019,111.70891951135246,0.20337545128286014,12.16,26.24022002368821,0.11179289893225011,0.0172,0.017486394538204324,0.004245825024292939,0.024881128764762065,75.85520132175418,0.0907299274632479,4.0902,0.03573502138742924,0.008,0.004853961130019962,0.003963570276926662,37.4353689172646,3.3354999999999997,11.859464935913273,12.940776912677803,0.6279000000000003,3.6645827313722554,4.083574833564127,20.68537693239208,124.70400519072473,323.17823001537937,4.298100835741976,1.1940288013481681
5.055199728362437,-4972.785558951451,2729.586656501132,69.14307749645506,-4.737693216030838,18.473357328872705,22.76171631028723,31.704604568453828,631.8937986615952,-2.4104836770063475e-05,-0.04942286912024507,0.0006187168699128314,-0.00835218209771373,0.0006960754111365753,0.0,15.838183934195488,4.152528045889616,15.806112146766576,1.1129692317452162,0.7169496819618715,-1.293922953366352,0.7030716408918053,772.2218795376793,0.18301050729858226,19.87617460196683,21.55701526263195,0.0683267015254947,0.0172,0.06876155076752477,0.0,0.010681324271931001,400.74749976421026,0.058301774457323166,6.010892140931991,0.023367552069904266,0.008,0.007222978759941811,0.00271144833362876,25.60879419290564,16.59646579877142,15.741851704581364,7.352484189248536,0.6279000000000003,5.872672417936839,2.6530002538058945,19.011482808109108,111.29058547742797,252.58012126323513,11.854731562296205,2.1526248065023807
8.538931462212627,-6131.798292764737,2562.526836839943,66.80987434168354,-10.95158176948736,18.31732813023227,25.16156959383307,34.59893923559966,621.3097334588322,6.909907152285861e-05,-0.03291291318930538,-0.00011922411046987753,-0.01060524806376271,0.0009801185032425237,0.0007375327631016075,15.784907958324286,4.867043838406267,15.746533674932355,1.5851400655410528,0.7598705323120656,-0.6560269967294264,0.6422034907121237,264.7185954524102,0.11707549328551084,13.780348355604676,27.99714681078539,0.06546008254408513,0.0721761750455206,0.044284216538615535,0.0011467496082457405,0.009076268185643152,53.80535131004194,0.02964536428628546,5.156526579393209,0.011519422722997968,0.034933969345498174,0.009483398474492751,0.0,26.98074697683033,14.44627295304683,12.880583774470448,19.30950582345256,22.39921116341811,3.847007115231767,3.9099954920577145,11.02860861343902,60.45412355856543,0.0,8.218102193391076,2.735980493965089
10.431875163436192,-5282.3711512446625,2797.9498130807833,70.8763127850214,7.67340246684706,13.81320845225664,21.610604867081445,31.23465329945533,610.1535310279252,6.72274622713063e-05,0.08552062448296485,-2.0232830967878317e-05,-0.011005331768166432,-0.000970410525756819,0.0,15.8503727027429,4.269831972379522,15.900254445449297,1.2660795024211307,0.6698219089801002,-2.6762457062345026,0.738453972842466,737.3976340985853,0.20795115429883484,20.56464656980669,34.8114308818228,0.06161901320844856,0.1372132132940489,0.041373233513372173,0.0,0.019373665777029037,188.16842656461074,0.10151299766922572,5.731930066298235,0.010499999999999999,0.0635553922426553,0.005739913849719385,0.0,49.5587610733185,31.493591689010547,2.633645572242214,13.342672241123234,17.98354797185319,5.4854289373872565,4.495497584128465,6.53375111411904,108.40735768790688,204.95194963574107,4.171112443399816,1.9588873674494913
4.299951310236049,-5892.101333425076,2753.0384038114234,67.88512891059743,6.396005469287232,18.672602876395516,15.115527383208331,26.678030325898817,619.853262858199,-0.00010049099698850443,-0.008766517259740168,0.0006169512699624092,-0.009286314225491012,-0.000270428243038562,0.0,15.730592989290438,4.390038703545197,15.820237712919278,1.3826764622374992,0.73059460449679,-0.9715229781485946,0.6513313485821779,1310.327317434329,0.08720759848797069,18.577007041637394,29.782865535298345,0.07718600353762092,0.05853397740220906,0.07189473481702023,0.003003098096300406,0.017619258222679318,380.87101901816084,0.046541674593287355,6.214769896886793,0.028624544191881506,0.03915243101349943,0.008192157608749228,9.012245618476741e-05,1.328800000000001,40.41690532807554,38.245902706712066,0.3003999999999998,26.215216044816426,5.326008660705226,4.899359012682809,27.22266220069998,44.27072645547487,0.0,17.020048048630834,2.649710481546841
12.256429023683527,-5420.62839653443,2847.736783975142,74.34821738901195,0.04640063890718338,12.648055118653057,11.71607823892749,21.735199110742606,611.5430396886136,6.485025651760242e-05,-0.0459790439847218,0.00018831337718774044,-0.00808528057171358,0.0007224606209620791,0.00035635209526671736,15.800815286483937,3.535970911936514,15.75973732661775,1.0020438449680111,0.5159584342507643,-0.12118436666407828,0.8075048918271344,659.0424242831236,0.13630557029280704,17.053043964390724,30.95058169796743,0.17000289316089978,0.03363500785857225,0.07589583632616967,0.0,0.007934494690099143,392.88960307159266,0.09068780806319951,5.249074192595068,0.042202127868115384,0.02610340379529351,0.008492947880376257,0.0,35.82518507976559,27.556932440765156,4.639486818538655,3.521805051324802,7.959755622411485,4.5804616796141735,3.6709247344581843,3.1599000000000004,47.06890436553959,131.5371327840468,14.305927900605031,2.0500588271643467
9.123447916290761,-4828.895508035559,2802.696447517654,65.3137791939733,-5.807996681107756,12.96754841840373,31.61745246793107,37.864850261109055,629.613068659674,7.732489819741718e-05,-0.033998283099660014,-2.211664269790993e-05,-0.012713850224911163,0.0006428290365212687,0.0,15.845404430059691,3.4392499272881913,15.8890830459548,0.897990386486857,0.6064802670313311,-0.7639218859449398,0.804321619480038,486.5313567258668,0.17172464307020657,20.428887839464743,17.469042032967202,0.06607927607942546,0.13367372975295047,0.12900976289014496,0.0,0.011287887449298184,272.1928457528839,0.09213909265387851,6.4857812232421255,0.01949627515915091,0.050472656239893596,0.002730530963470957,0.0006352269318573633,35.349991766236016,20.323446174980738,13.303429172157426,0.3003999999999998,0.6279000000000003,5.576301917288831,2.5039736821600393,3.1599000000000004,93.10790789910901,283.61043068200007,30.721992039505327,1.435958558699827
9.81462148809599,-6110.590334581271,2769.4543721185023,71.00207015296267,8.401200009494495,5.9332997617414875,23.475701409165012,25.843955023667586,620.6739574279113,8.70823898578479e-05,0.011697118784047106,0.0001293921054819567,-0.008492588553224227,-0.00044579525121674003,0.0011112653337728153,15.688181405561473,4.081016829882484,15.6181704821028,1.154512050252739,0.6035216025554895,0.2889061074103745,0.6929501022504649,139.88193079827164,0.059481312108783616,16.477648543231478,24.31888512871969,0.06671365278325309,0.07290067188327139,0.08130624200063749,0.0015316907031341757,0.009135057778447527,37.027000000000015,0.0175,5.164970023560084,0.018488680127716393,0.03283378978864441,0.0072361350866297185,0.0031595658779412475,1.328800000000001,3.3354999999999997,4.692054716062236,12.219643688604528,10.402484737379325,4.867451839170146,3.2414076718326155,8.40372448630049,18.0064,371.9255604471013,15.47865394125905,1.6423121832167904
4.8146049161596745,-6256.058835622824,2830.1617641082357,67.15442827052033,8.342250642830072,14.065776756059526,25.763410727404256,34.12377322916394,621.1970426365201,-4.3216167600240775e-05,-0.04414548909541287,0.00040034858118950117,-0.004580009794129347,0.0004817302564963308,0.0,15.788614059247816,3.481715672659297,15.889546505838176,1.0394631904835745,0.4837542791588395,-0.6631039356714571,0.7510983820265773,460.87556064855863,0.11911934302043499,17.48383733028347,26.878416307244127,0.13940090987392953,0.11057063399894111,0.05836775880078589,0.009875145642178952,0.017847134264133313,37.027000000000015,0.0175,5.201578559384863,0.034923995850504444,0.049995499187889286,0.0074031112131171615,0.0,34.20581642518934,3.3354999999999997,2.5786999999999995,3.688374654328931,4.431993682528901,4.971816457115234,3.59585845905737,30.800367402619365,58.470042798487896,814.6737704167044,15.332622826055339,3.1541175809082587
6.956428916476027,-4880.6203203641635,2444.912212487353,73.15884758903519,4.710982482508975,18.340279953664165,20.37266404467785,29.90969916900665,613.5033660218276,0.00011920223043899742,0.01862398646664522,-0.00015838247600227735,-0.011899396709725755,-0.0001549546190867045,0.0003671241111447049,15.899352229619694,3.878732400424264,15.877780771364257,1.1035563028795323,0.6516587858347014,-0.07132135462572564,0.7125599412019191,814.867112641575,0.12060052210814105,22.083948312103583,28.105892066782577,0.03901832233181845,0.046010943764776754,0.07238952552951632,0.0,0.013633026349534248,467.6992534210737,0.04772686405609664,6.634607171813244,0.010499999999999999,0.01618727666474324,0.006370567833653029,0.001272837506514533,6.162353401805317,38.65199697208568,10.601610101855666,0.3003999999999998,0.6279000000000003,6.116418460212644,3.482507640753734,16.991472259354282,77.75508960857312,187.61230964630596,15.288182713245995,1.2036101734042628
7.388174149161578,-6349.221832500327,2533.337171866199,67.03536272478141,-2.249221891728976,9.139264589270795,20.374027364779838,23.024897163287925,619.4010573063904,0.00014007119192672218,-0.018715118797395118,-0.000154200060701953,-0.009056607618328603,4.878261377234006e-06,0.0,15.802506073445288,4.404385430782569,15.773024632534982,1.329670866979659,0.8197856402667103,-1.5870252291699694,0.6836828209812315,76.0,0.09963038758621401,17.94211432607469,20.21752415995747,0.1416175593819123,0.09465100165902543,0.06759397047772775,0.0,0.00905664481865228,37.027000000000015,0.07232760986650834,6.381330468966914,0.0295687426445607,0.04435835880542205,0.0034468961596018674,0.0,11.249319408239938,3.3354999999999997,11.589369443430812,15.597996975783015,0.6279000000000003,5.296319674883392,2.5104299746621512,15.186370285206785,70.88827076236893,83.18828357372226,17.289096430224006,2.7190169384154013
10.19988195048677,-6481.61372992732,2903.4511277896036,73.07906335159713,10.742738891557815,11.021797770657443,9.997560048087133,13.948003374744328,616.555560825893,-7.682297061264691e-05,-0.05215385665500706,9.89996062118981e-05,-0.008936763158661987,0.0006848589156581226,7.539551733963185e-05,15.736084708809523,3.987933527206304,15.791687259129962,1.0702014600515555,0.6743134664461874,-0.05705221032860974,0.7599465476053082,76.0,0.0664642397137604,15.674210685876757,30.10953781956145,0.08660719602044796,0.11659320725795164,0.03401936237707955,0.0019147193583892099,0.010026054318135523,105.8747454016864,0.04092847594948325,5.871596861101895,0.026007846061245208,0.04899094029048402,0.005347566456753653,0.0007963996911073874,12.599688206512972,3.3354999999999997,4.2961780190429,0.3003999999999998,0.6279000000000003,4.691122521465003,4.21497051823585,3.1599000000000004,48.35898655878209,205.62150052225152,4.523835777623271,2.157376727498123
4.157509155858225,-5801.621883820033,2692.422504371689,69.849709183817,14.029304494350754,11.73236828195633,20.70684370132164,28.63213475867474,607.6137200710169,3.080021152780415e-05,0.008087257945500219,-5.649139427508469e-05,-0.010203694948909546,-0.00016547532738554199,0.0,15.805663736097243,3.534021052130944,15.923447530093297,1.0424872318576772,0.6629297874538477,-0.3379731206749101,0.7298008178021406,76.0,0.09266037860062175,22.47631757039726,30.833618485780192,0.08056125924517453,0.1016408857377147,0.08016896991087466,0.0,0.013744828325545437,37.027000000000015,0.06574706925223658,6.836356274350642,0.014768880407184019,0.039665326164601306,0.0025,0.0016172019419247272,16.93735729848344,4.726012927653663,13.496403501223092,5.927526414136684,4.555223291782708,6.376524674748454,4.608336417438767,24.02095410966195,139.67521372271776,551.7706665439782,16.698209045617947,1.6007764648723337
6.331919397770628,-4655.299902671471,2276.8818221829497,70.95922547602098,5.183194897687505,10.625090157780217,24.173353054855156,31.057561083423842,608.5670709661354,0.0002854342222190827,0.02648676347864259,0.00030360474986010756,-0.006711290335124562,0.0003121421878780451,0.0,15.654599392844537,3.9689425358362582,15.680299600595337,1.1489733787951986,0.5972770081237759,0.6698563946256508,0.6825747523154807,76.0,0.22527585774576764,17.68974825448285,31.512660056220575,0.07650974162918722,0.04205864074979018,0.052358254355412415,0.0,0.019149433229205464,37.027000000000015,0.10576134616019,5.5052995197318815,0.021527004962852453,0.015495419632493571,0.008488806567015995,0.0,1.5856375434911492,28.251050808952787,3.3149637522534583,14.482148309319998,23.115902097128185,5.274967064103152,4.056730456351973,24.657823036834085,105.89299625755831,898.9523063660253,9.638145150904142,0.3275000000000001
7.78557329270593,-5938.113063558664,2804.196149906654,68.53107611598027,17.605500568119997,26.246208203402844,24.874745871793777,33.916092258903774,618.9212352626548,0.0001571243675223388,-0.08552635485704793,4.874132891215721e-05,-0.006121341339299729,0.000711935637473198,0.0,15.87259228782071,4.426867750274115,15.888167896765353,1.5593753623161326,0.6645438136824257,-2.5979002360635963,0.7271747005606345,76.0,0.13115781398749232,19.592261796545642,31.94867739298657,0.113284982691588,0.0172,0.03914209624978411,0.007540557782717035,0.017993820645683743,154.3075638861312,0.055715488020655894,6.56199485121238,0.04461257389375772,0.008,0.008366660520820302,0.0031420234116111456,2.86943258448097,3.3354999999999997,28.415044638386853,21.835768303904842,5.10413468962425,5.854588075557037,4.287880957493086,12.782238593164594,127.28908482202706,246.5493990002453,8.91385790436877,2.144494652698643
14.066685214551796,-5253.584273278916,2842.9719468907583,66.11580754902555,-5.884496770952438,5.354644768411047,18.285554937850634,23.85721274226229,634.3218,7.25147874677787e-05,0.05497161530650291,-0.00040154730645965446,-0.014168798165368639,-0.001273598258950477,0.000949754658051346,15.832635976396444,3.557110502963,15.797172825878388,1.1376730067580867,0.6742283645861729,-1.7854560860999846,0.7327848051054034,1218.166788946342,0.06388689238101936,19.59444725620669,25.504257775190133,0.07366315470215447,0.10086218829527256,0.0167,0.0012078170401012367,0.0078,533.9863678498625,0.026009027258096867,6.474032047499512,0.017702188416750406,0.05130857834973941,0.005662701424215426,0.0006548083660000774,28.329705385008353,30.373555251328526,8.596477925260295,0.3003999999999998,0.6279000000000003,5.469905523781782,3.712989332350065,14.44587668668338,68.50688459061632,73.92712187287754,3.6093,1.2600341601998895
10.509262762550199,-6392.538333252682,2777.0798266511842,67.61947994774995,-11.784475666615473,15.868619634966073,23.586833882498702,25.816570759846613,614.3658967562218,-2.7090003433915573e-05,0.01888952836718884,5.252309862171729e-05,-0.008285083716839416,-0.00045789360180512,0.0004128427737510863,15.645927895287707,3.785766305284872,15.605929609538208,1.0392917558830215,0.6339086344545668,0.45355141356831297,0.7416768807670641,165.88083715108314,0.034,15.38842768970147,28.63056261336559,0.08590833092338539,0.0491933874856553,0.03641268653931979,0.0,0.01541443183571952,233.16096302308674,0.0175,5.122227159258227,0.02855408933765363,0.0267335868991692,0.00985860679138055,0.0026136763963381074,17.77186518827683,4.461229881072867,2.5786999999999995,3.3514020647947493,0.6279000000000003,4.286866580023329,4.448041271407113,6.022469908583382,18.0064,21.041841514457104,6.17261762768892,2.2895935520739816
7.64648066106605,-6160.617258600686,2654.3807951521994,73.19554054713994,14.121448438658724,22.09367586742381,21.378589689275525,27.112816696055646,614.4226642563686,0.0001559539710940614,-0.0163801092112142,-6.819136604421882e-05,-0.007933148531220721,0.00038604496907856684,0.001107601322721241,15.776408491692875,3.801511241575962,15.761501920235405,1.0367332666489262,0.6824886939160719,-0.300897615182554,0.772591097911232,402.89270811790664,0.14250845461144662,16.531607653325047,21.484158382049998,0.03843559958638681,0.025056069968775456,0.030856051036026032,0.0,0.013611727780555066,37.027000000000015,0.02187810403016134,5.081410015116351,0.011511945463136636,0.010691282833253865,0.005564216875103521,0.0003931963241382343,21.668580973606353,18.33811816811719,4.325716565840414,2.0444182897361705,3.4994917247236508,4.772506696892581,2.8219442734955305,3.1599000000000004,18.0064,76.5104706220882,7.56475928691634,2.624498133689594
7.6046897414951,-4983.702868889207,2860.960616758829,68.55162888084924,6.27955998055293,21.90495143361556,19.768475478472446,26.444965835861254,616.8039999310437,6.611749755135104e-05,0.0588544593163924,0.0002802559376740583,-0.007828140675719535,-0.00104660004781368,0.0,15.72506197142537,4.368920855366116,15.790720168515643,1.085461009357984,0.8166493292654676,-0.29512591813962713,0.7478060135435102,1029.5288808629273,0.16651006034814872,21.466405283309776,35.05059632819133,0.05651273956569983,0.05292549362945797,0.0911868418477167,0.002308536032823428,0.017231464016081985,485.35702639795954,0.09059094246625704,6.039919876326477,0.019926846925907203,0.02395786057056174,0.0025,0.0030351213907948743,32.73021279100941,3.3354999999999997,27.999784931083234,10.81201938635785,17.729354104862058,6.473677149690284,5.300748330081323,25.979720895821835,137.05965306944347,317.5106020433359,20.395473371156147,2.422759710550954
8.469531926346159,-6077.97081464374,2567.6355575868015,70.10735737169267,3.0661135503172146,14.576834176023196,21.61281212253867,31.496385165275004,625.2914570590704,0.00035959950837402836,0.01963539096828859,-5.517828995997245e-05,-0.007558584791440611,-0.0003892134753509042,4.139143484392813e-05,15.7583796061303,3.9092495961406297,15.77316437185222,1.2532489906960258,0.643202945632017,2.458,0.6911207278149785,76.0,0.21217729890617087,19.79315606041139,24.18932370970645,0.10503085584947666,0.09386828870509267,0.07870923750783523,0.0,0.013085208019729176,114.63574198468297,0.09067242544021478,6.788818082111712,0.03432181045291355,0.03750463721714923,0.004951280083576842,0.0009544100607881091,1.328800000000001,3.3354999999999997,11.663006650808875,16.28783120515774,0.6279000000000003,6.006930613500419,3.372752808635178,14.721827534013192,109.9616528732358,0.0,13.781585276957166,1.6757372026228208
9.008836553501402,-4799.661106688596,2888.8336205691503,68.36656122609136,-0.8132912062159434,20.229098031403257,19.84369146254267,28.726487399967525,603.7580826995776,4.26223208972041e-05,-0.019457809152010952,-0.0002556544099340852,-0.012310075573284696,-0.00022176462924159711,0.00042981040171985257,15.986113751179747,4.2519112376906385,15.9498261063937,1.6449485228307887,0.6700052465877001,-1.3962038492941136,0.7905503291022314,950.6170530437134,0.2728637837359132,22.816815492777465,35.07253953819072,0.09463742021841408,0.05788427025172419,0.06757447155914229,0.0,0.02243322468089094,411.42538234826395,0.10678314859387293,6.17189481728564,0.020637901430634265,0.033441898902387086,0.009783395529054795,0.001018234504767458,23.497051666563394,40.672315115323556,17.45570984808749,3.5820244018463967,18.433104749684063,6.315160453710465,5.1049478277728415,4.061275758229556,36.101181901122416,218.2731287345643,10.240312971215278,2.3003318895297857
10.072607729921728,-5917.3692036964585,2900.0360704498103,66.34395755494026,4.684898801290388,16.802471335934587,17.51328489333764,24.297258845450575,617.2460696605646,0.00010947596444314663,-0.012009785028515112,0.00036306335762808546,-0.005306575630861434,0.00030336794329377195,0.001115305231970407,15.758597627969841,3.8667262920554157,15.739004675305404,1.058464687878987,0.6249618284250092,0.2341025911711616,0.7618429289056433,912.3516789277041,0.1600406082801934,12.16,22.203435922494723,0.08542437193695611,0.0706856584165085,0.0167,0.004437810417587814,0.02127755787079309,297.2987011438071,0.09383439380625888,4.817890762571421,0.03443597301221016,0.039931557758581024,0.007825489161811727,0.0,32.61737266394539,25.368396181607743,18.738869009123476,6.205454762954427,8.815091854267452,3.579026047800143,2.9178908764391,3.1599000000000004,96.44862744265828,0.0,3.6093,0.6525826594520687
6.854614613276749,-6609.909000067395,2868.1380993767834,68.5189003409677,9.06781036530935,13.803469149282614,24.499424088618326,32.249839954207694,622.7699945630908,0.00011283246966427891,0.03170896824285946,0.00010844604471864483,-0.008692588854203749,-0.00030562789880926144,0.00150097310814976,15.94577674853298,4.63547842331408,16.006761338890687,1.1918322579063607,0.6363680225090337,-1.1456024669193863,0.648886326525611,773.5210989580798,0.11906322439388856,19.924265376492624,19.366732038204898,0.11241543676757762,0.042063120169778014,0.054024503583162534,0.0,0.01333783450104523,370.5195467222147,0.057025812856254646,6.422492183390577,0.03116418600454166,0.027484486266971312,0.0089646656858196,0.0,1.328800000000001,28.42157427648669,2.5786999999999995,4.892043676155256,0.6279000000000003,5.238198107884591,3.6881150569209695,8.967325104905889,31.699138817264636,169.65717601571532,14.593303113222856,0.6520966989742563
10.678946940315427,-5375.356242501386,2648.1815589115295,71.65270855065836,9.094761874777715,4.4283,13.365436055269576,14.788008018071128,617.0165973076895,3.443148354863203e-05,-0.037004198663028016,0.00045836800890927773,-0.010561697731160535,0.0008706047492655621,0.0,15.84711311432013,3.5859902247517663,15.871440184379717,1.1796369254636905,0.59803112091363,0.2914976168638108,0.7466676182335062,292.6908321026695,0.2723786625892651,20.446857328023224,27.809742955455903,0.11626232197354676,0.13341266870346616,0.0167,0.0,0.013894662842616746,79.69609481921967,0.12575561296987586,6.431205127598125,0.023335422328383742,0.05687082872856379,0.00844071539916845,0.0,25.09537540553616,11.760102448314395,24.55027989955353,10.54385915455211,4.550847094909805,5.73250078781907,4.084447641891587,7.378799475637091,64.96441352734121,790.6985594915479,3.6093,1.3716717217736956
5.819253431800629,-5120.4931561271405,2712.790875181456,69.30364835155814,-1.698258034300491,13.05085622107027,23.739314036642032,30.917362591732964,618.8377258838898,0.00015224748049274758,-0.010612712826662674,0.0006411354965210489,-0.006522322353307953,0.00018523788385562973,0.0,15.829639368225424,4.258605855024465,15.812119618661015,1.4656612496463222,0.7806424253381355,-0.7734163603577336,0.7575127311158238,1451.4086058468163,0.1820304482939543,19.208847073580046,25.22169109913887,0.12584760006541895,0.0789269224657353,0.04514555703293056,0.0018290348684150454,0.015727274434738345,618.308492480915,0.13217821805284058,5.4526862999191605,0.03625149377460971,0.02876783244418424,0.0038272060636947184,0.0,30.241931229684702,23.521519611990904,23.090812470877825,7.0933350763861585,4.231353474259793,5.6176699060169755,3.6110707754310005,13.065389759589038,79.29627437719653,299.3446476041059,13.13943390576544,3.2922104277152546
9.035396533072104,-5717.171910016688,2584.0687137909395,69.01647854525827,5.358377797067937,17.328058790511687,26.107236165631676,41.24612711843223,611.2522413317128,0.00018490423887400806,-0.09292597314721096,-0.00010296593815203105,-0.00876998487137967,0.001240398097235574,0.0005183547899341927,15.88492733226659,3.839904999670867,15.842152698598056,1.5699836968166865,0.6762628497839006,-0.7121839464257445,0.7855147413597311,96.98953395408643,0.18760947102645156,13.265385250184389,26.536926884276753,0.09034572216864112,0.09171067165711294,0.0167,0.00914031615354448,0.018876614999884335,37.027000000000015,0.10053226193256401,5.185478254184022,0.021074422775711248,0.036397390509104885,0.009830701045814703,0.0008383090106593516,34.703369717656045,3.3354999999999997,14.612926000363496,15.960950672042834,14.910502519669446,4.043522030519176,4.346833267486614,18.605259599608303,116.47308860154448,227.78245921859045,3.6093,3.0213731227390137
12.692891709477404,-5934.707311633119,2684.8881349173084,73.73862489725498,9.599686708107798,12.44317212620942,24.935387358012512,30.158151708448703,615.8926921322204,0.00010014556911327544,0.006013176367804037,0.00014699274697499686,-0.006112588120336545,-0.00016250141045680606,0.0,15.748592232844606,3.5307734564851394,15.705223929987614,1.1020681672915513,0.528185970564816,1.0154338415438695,0.7695624183202558,1485.6069399856094,0.17218517565800942,19.91230203950132,18.571572179118057,0.09918779940673814,0.0786219585744337,0.023608163999795765,0.0,0.013785571696394407,674.3908912921894,0.12137636461713484,6.874671360444248,0.02468956600572977,0.039183141693246014,0.008408918925412049,0.0,14.21157928498667,60.07078766735572,8.228337866277881,11.619208156236494,12.500765672803773,5.223539055561696,2.219477800566172,3.1599000000000004,42.0939199275337,0.0,3.761181597415826,1.722647260895433
9.830484222352332,-5435.43522286639,3087.052549497072,66.22767718977077,-3.3624307854749254,15.434175028622153,19.537905045649964,26.50546226218215,614.3007332544227,-2.654736792873479e-05,0.0020262876382641072,0.0003898333804001002,-0.012413499741293299,-0.0003444401873303137,0.0005835429404778159,15.65853931662582,3.8164504344956303,15.619333618354153,1.0036840058695218,0.5991541772791065,1.4768017721907059,0.649438771381229,668.7301890704855,0.09267784572555002,18.55448797150401,28.05600003442459,0.11251612184088627,0.040101951398098634,0.04706593028156276,0.0008196147447153846,0.015134042101150163,446.2514307196791,0.0175,6.4191723059465176,0.03877937484814315,0.02331227140101655,0.004984738008128599,0.00015247607055546248,6.024276768970077,22.447496423385285,2.5786999999999995,2.0678947476368554,0.6279000000000003,5.4467197824330835,3.705333406802234,11.371198310955053,18.0064,548.3439464233973,4.735004033714939,0.7497781995403842
10.413416250878353,-5475.8008248390925,2616.7484288570054,70.14132975022903,5.7531156542399575,9.806573136045085,25.9859804707148,32.78020097394088,620.2615998736018,0.00015088482427979522,-0.004327297358353607,-0.00020806396129826438,-0.008250724568291007,-0.00021324964092628198,0.0,15.871187446729154,3.4115050852598454,15.939074832056281,1.134773869307124,0.6570411949355686,0.36830751261448724,0.7908694674159902,281.21507993319085,0.034,13.697257944387658,24.90761474817952,0.11872012413613611,0.1043637143151045,0.0167,0.0,0.0187460912984648,237.61732186531586,0.0175,4.931153876759657,0.03141915581619247,0.047366455130004675,0.010602423471797434,0.00028092621446826604,12.099654745851527,13.168702092850133,2.5786999999999995,7.620477055711847,0.8768368040994083,4.075209902370658,3.8689025266959924,17.157554211850492,86.71356928386291,586.7842886267728,3.6093,1.2196360273859101
9.321441978352386,-5753.161045096862,2806.169327673102,69.42327468435147,-6.609818208386862,18.270295272617425,19.534637598950727,25.483235670118162,610.2592230840279,-7.127830184719283e-05,-0.09220632228383785,0.0002820929473215285,-0.011747508698801343,0.0008974133972322143,0.001311612182900199,15.92450187107359,3.5373587675737244,15.904725833088706,0.9264725929564732,0.6633739966006063,-0.07861624359901204,0.8182539471767388,596.3869498676627,0.11192843104111916,18.73600635230732,19.824197370487965,0.10628662885826039,0.023489417029220874,0.04352661216810064,0.014957500877582453,0.017182454502326836,167.9215649264737,0.03751932163369523,6.586029288608657,0.040708552674503864,0.020215721443660378,0.008390329924350418,0.0071704072844771425,15.602808979698104,3.3354999999999997,2.5997175969653608,0.3003999999999998,0.6279000000000003,5.444657216160101,2.970407589356477,3.1599000000000004,59.27347466862014,504.38498621995643,9.136115410386834,0.6282157450451835
10.654251958592736,-5025.809550733973,2878.8732791239177,72.71143757802999,6.012488925563911,17.456010443334804,23.162132078182943,28.318647125046994,616.2738179623401,0.00015491742704705852,-0.030854395390008497,-0.00012005088984767366,-0.012535372830928104,0.0004420283640833971,0.0,15.87974836016691,3.2583863028526703,15.846823031426569,0.9876148760797294,0.5057710661441822,0.19096520134386685,0.8510254773162895,1274.1218859664696,0.2110796264876254,20.14456425154103,31.93624163965936,0.07115033333567056,0.09422377084881384,0.0167,0.0,0.010253765683790845,465.15923657678456,0.09356699031891252,5.232543318732712,0.028301920784381897,0.0451435928586266,0.005622668816669295,0.0,19.442544308356087,58.990497313739894,10.529037296333968,0.5886907617134423,0.6279000000000003,5.618961785798005,4.054305235928387,9.518826579675803,18.0064,12.483404417267707,3.6093,0.3275000000000001
4.703684796218822,-5175.605855857808,2466.0109757536684,72.04010171743279,14.239010631134096,4.4283,7.881898947080204,10.1624590519355,625.946919131691,5.9060117189206093e-05,0.020781407504034535,0.00023541949666010378,-0.009292063724929247,-1.4466575048796206e-05,2.6727851234546518e-05,15.729532325091713,4.206921034716166,15.766801055249514,1.0737799690832461,0.733819276612569,0.6634039519925776,0.7181957224891126,155.73788355433777,0.07136567186328623,21.85535322980161,30.579594538103777,0.07877757149428043,0.0403483634995902,0.06210171125566459,0.0,0.021309143021656807,108.96289852409632,0.0305986808687427,6.362130032976039,0.02201482305857295,0.0299772931687363,0.007537218615538689,0.00026036147219054846,23.82010514135777,17.433140271787984,7.9462742977914465,5.758357788898655,0.6279000000000003,6.300496752956915,4.30461567582333,4.260811571431826,18.0064,621.4819108557426,14.701811397950596,1.0308838618356835
7.231962145277432,-5392.735655036924,2642.9408891754147,64.46825707328733,10.58270900886618,9.954157179904183,18.309896270548844,27.06042269439602,634.3218,-5.7128333938222966e-05,0.03107400902489874,-9.549642720035751e-05,-0.010387999353922137,-0.00021490246340437737,0.0,15.670805876571222,4.027623258571512,15.688908590276808,0.914278822606051,0.6675183728261388,-0.6506059426643472,0.7383924035000887,299.1013416500733,0.17187788884321753,18.91106669055705,24.026352881263335,0.11998474895076616,0.059851353778167526,0.06913106839058387,0.0,0.018320123578343332,118.14308686300325,0.1137137392822592,7.329915273261209,0.024259852807110037,0.02315778963717181,0.0025,0.0,27.711378660559802,9.838146723846956,15.553468588541714,6.96962494257032,12.362418047636929,5.3873859725946645,3.1760074609069537,13.068128517222224,82.47767587677615,325.4408782807345,17.623559653820706,4.913701868117665
8.978344797795781,-4811.560093052543,2451.6168573144273,75.50362645813084,-7.517588326905836,4.751446770717129,21.230452442555087,24.786565921561976,619.0877266436488,6.951160035251655e-05,-0.019532096616202813,0.00013041000892769796,-0.013118712096249832,0.00019503780968760766,0.0,15.676618902634248,3.6204896653105525,15.63977181389611,1.0872773598815417,0.6542358915027133,1.341441491604335,0.8163611174420201,1235.8421305451375,0.23689740456207264,16.701484827227354,31.101326970549326,0.05596173065180963,0.11016589457901362,0.0167,0.0,0.015443138902738263,455.30771682445527,0.13284777477466658,5.154755006699611,0.019459129733460475,0.04137000352605522,0.009466061188723288,0.0,29.862007815940654,44.60190195650608,21.789935869203962,13.778583285156024,13.571020448592407,4.868850043232302,4.547097744824878,4.002996775186415,18.0064,709.30527025517,3.6093,2.55664289507339
7.429448924060663,-6296.160101437839,2638.9770628725455,68.88606949475063,-10.317407009321332,20.675259261418276,33.249193749885826,39.30086380430639,611.9410030140896,0.00017245488070801696,0.01321292926320274,0.0004960241097718547,-0.00783048454036485,-0.00012802279220691765,0.0006460281803040594,15.771969882427422,3.7436903435086277,15.677204149896571,1.1630774219198,0.7340642837555699,-1.3277028955988996,0.760240756874667,76.0,0.04931376130195886,15.732633020420959,25.1958234797142,0.13588014162592899,0.0917918996462832,0.0167,0.0,0.011996080212646351,37.027000000000015,0.03623202373690272,5.561878500336875,0.04117174110370699,0.053412457232370675,0.006992342500062733,0.0,22.457501069643897,3.3354999999999997,7.102626994520764,10.004672433776708,3.2021414716794068,4.121475801244908,3.852258769015329,9.638373816473297,26.408865001607982,845.4341449318247,3.6093,3.1144158634525017
3.6569481053529325,-5228.873540980809,2732.8637751299666,65.84592929871943,-2.7478030476427144,13.57994970732482,30.661364697286267,36.840996465449535,628.9323839623593,2.2466517427357428e-05,-0.11350000000000002,3.2728484490964053e-05,-0.009416890082228074,0.0015,0.0004256928601667448,15.736549656790212,4.035839404307994,15.68048694015357,1.380447575525324,0.6790500007835617,-0.6745349950808286,0.6777484160353491,668.9302036500351,0.07926519530535187,18.6117633531248,20.894163237433563,0.1012287021103852,0.08404246283679218,0.0629492674663302,0.0026412907811513707,0.022332518942774424,433.74089949151823,0.0175,5.817982509957068,0.028537747250198076,0.05779147065681138,0.008574568736070688,0.0,26.333710730684896,14.365319622803142,16.83432945216112,5.256908433946255,0.6279000000000003,5.199462419852783,3.095945929833305,11.496645872834472,49.776501003557584,513.0797807599578,12.158060523678325,5.280333129982154
11.867997610332246,-5307.567127239488,2585.6771920404803,69.2334120676736,-1.1557218188040896,18.455101680528653,28.23982178218825,37.3166044129465,628.5176623949759,9.162832323175711e-06,-0.01015416665498937,0.00027487492524979896,-0.013235721053988079,0.00017401112549198677,0.00010318286908508969,15.745030161624562,4.370426170816344,15.780992853167303,1.2649743068203687,0.7622826066868837,-1.0480098730091036,0.7133350837052407,93.30306908993316,0.2793620579994006,19.208386485796936,21.04104352219438,0.03953340969365449,0.11186142607646668,0.06905732406543105,0.0,0.00900747029642008,144.28479994948754,0.15597529183584957,5.643368688970584,0.010499999999999999,0.05279634393781919,0.0025,0.0,27.330396060578398,17.297141399081987,14.264825432473218,10.383386288250982,7.851509066027728,4.972623638587097,2.241714553812458,3.1599000000000004,33.766756526557465,0.0,16.59732636139369,1.762517915402026
7.672385327990403,-5438.4203809471755,2665.6208985607423,68.9927956848643,-0.3241399603180142,17.91896136017231,26.861157185380943,30.809499315118646,622.3374521281352,0.0001696324890821061,-0.01595672970882536,-0.00017144197587041737,-0.011607985687578959,-0.00018968636016528936,0.0,15.831374057729159,4.456806467133106,15.721516830385976,1.3828107873642577,0.7384424050375038,-1.1956719751858649,0.7471324546059835,141.94563103213522,0.11657761005428133,20.754082163865203,22.409404223737766,0.1643581848929391,0.04286491748953038,0.027486021609582127,0.009656202262711612,0.01352335027154824,77.00517971764214,0.057771859262009895,6.320529523430959,0.04498965712959218,0.020311281988404442,0.00699811080119154,0.0022290536022361975,35.45959301327947,3.3354999999999997,9.30870601625853,0.3003999999999998,4.510589316326837,6.017878750956518,3.420104822079669,8.186567794983157,18.0064,344.7072330724755,3.6093,2.955851126853836
9.134089819893049,-4823.233554030889,2494.0745191668098,69.58294136395752,12.707791521258219,16.880883059669433,17.7588368372333,25.06215815347211,598.8328075927569,0.00010753935494011701,-0.011759411046509223,0.0003547111802871352,-0.0046271253915702235,-9.58001200850849e-05,0.0008511274359322644,15.789428391928714,4.200681886980312,15.834605003942642,1.182767209998479,0.7223256235110803,0.30562611064363887,0.6669016103102359,387.4716105085322,0.11664126754088641,16.945461399216462,22.602730501180584,0.12784078889409262,0.06097746619671733,0.07227439839044891,0.007340644898251232,0.01101829154277693,278.83236907357497,0.0175,4.646102730561771,0.03503983163328727,0.033557236677101615,0.006346854471794531,0.0025623438490655153,21.720094217527176,12.429503667746662,16.63967148120779,0.3003999999999998,3.1614233101813385,4.958266514861847,2.9758880216498045,9.711161859128037,18.0064,986.6667,7.977370399479114,2.6903035971088896
7.50984015758735,-6021.040219486487,2812.8351605403595,67.10739237914841,-0.5825065508722247,20.341997640323974,26.191185700208717,34.37761699006815,624.0715021397044,2.784474195582216e-05,0.05394117374756181,-0.0005989841540643243,-0.013213246360111754,-0.0006399398414101811,0.0008492768248813714,15.902403016818937,3.7430305772553436,15.882122583685495,1.1195706568523285,0.6776050632668871,-1.0715402092517716,0.7815994924532115,558.8210622415202,0.16863047899206005,20.22411972186214,29.36920539626466,0.033900000000000007,0.032499654043313064,0.10628240591221873,0.00249277858678117,0.01255796368538913,207.73805588123886,0.07127189770651894,6.297826224386069,0.013742551175803829,0.01213679593562317,0.0025,0.002786656557692188,1.328800000000001,10.307247251733923,24.494371826616515,0.3003999999999998,0.6279000000000003,6.147720909973087,3.8658421976695574,3.9766964591403093,78.01785543736976,621.810328207232,20.570428680475434,1.7054012401121714
3.134406095360478,-5420.420659814461,2472.214297936429,69.19496739108212,6.5916804412565355,19.05667182589234,27.023258002439988,32.574908490437046,612.023725303464,6.32514717322922e-05,-0.054196525746264164,-0.0001477907571897,-0.005542923635120505,0.0005119566274127061,0.0,15.740519629540964,4.682080610856491,15.762370495150655,1.2642716043290187,0.7338491527759984,-0.13333239044646578,0.6571833284862327,76.0,0.034,17.18592129389125,30.251081734239243,0.1921383702656207,0.062778862021822,0.0167,0.0,0.013882505360686184,37.027000000000015,0.028238945522659688,5.889768822647166,0.05622163049398132,0.02411213766438792,0.002900996216071413,0.0011367444210087364,20.081287823096037,3.3354999999999997,5.918531621237957,0.3003999999999998,7.001983518477609,4.692657134341791,4.351844508958508,3.1599000000000004,42.54153821837855,352.0747753443254,3.6093,1.5800342115673907
9.964176359635452,-6644.200389071847,3025.9003106648033,67.2907894386782,13.17058049836043,17.5822461430285,14.265986200994682,19.182310697339645,617.5336024606462,-1.713691662942966e-06,0.04365343347525756,-0.0002296936828127832,-0.011132666450653679,-0.001304119520816459,0.0003269310395697712,15.763017567357297,4.013611089980259,15.802276134428034,0.8515013366641941,0.6637311705338941,-0.3498210875924776,0.7608154011817312,382.9055631485295,0.09678070208254252,20.53051558854438,30.85828206849087,0.09405223637539273,0.0172,0.07453924889079533,0.0,0.014850784211106268,162.95474281115628,0.043892147022261976,6.865046341645337,0.035811347790496495,0.008020850200676347,0.006633897059944268,0.0029519848996448763,3.239041754138885,19.245148046726225,3.9226332968517283,0.3003999999999998,0.6279000000000003,5.788157119953387,4.697183185182548,9.917663035752852,54.344896581914696,0.0,11.318938095440526,3.5609071575354516
2.3595141097613617,-5426.628733439814,2477.0502573534704,69.6294479145216,16.13977807423975,17.627000901805378,19.427988571569944,25.169172009341587,614.5745338923881,-8.748596907322465e-05,0.058066947784862544,0.00012260502094745704,-0.005463006098342182,-0.0005333940895393667,0.0,15.851109454696465,3.585984331579017,15.961716104910717,0.9653277180582301,0.5390624601097875,1.212073462056928,0.7860746087275261,508.2448134318501,0.18192628607760206,18.010233339052654,28.526815799371885,0.10832672865063706,0.13307606977282868,0.0167,0.0,0.010361749759530293,154.26357223754314,0.059152624028828545,5.823074810061062,0.026006361126289988,0.06371470919434188,0.00446180823941686,0.0,10.571804241914784,16.417459942106532,15.542056699050827,9.093825969226264,17.08488698687452,4.952445802101441,4.010383815360684,9.44569869662996,55.58761883935855,0.0,3.6093,0.36852853952848896
9.617438936489568,-4959.461658748576,2482.0694106576607,68.3855710583936,6.954217898944373,10.300550739411918,13.739987248488234,20.179613776803635,621.82572748656,-3.5361308659654316e-05,-0.0111182594173354,0.00016182666346522385,-0.008748333956204158,-0.0006379411900647424,0.0007386946920291826,15.955307989441762,4.6155479821703365,15.942147836844743,1.7596535171287746,0.7463488116161797,-2.7890000000000006,0.7014005407586723,76.0,0.11708072910478784,14.924712786535457,27.153388708512388,0.16601729746931146,0.052005475703798924,0.02044528080880241,0.002273326151156315,0.009762063044301607,189.44716429015864,0.07572773819375166,5.6604611477340985,0.04625561829066625,0.023942953017027403,0.007553380451067633,0.0,60.64737733251764,17.38199678580298,2.5786999999999995,13.334467920989173,17.316916743436913,4.140302301916137,3.9418005912224996,3.201047457189258,40.4186844001487,0.0,8.136165036637923,1.6523323096890754
6.166367905138866,-5319.504213208184,2634.128230492895,64.0327525290552,32.02639263436152,10.826813260772665,14.920134945253444,21.67427724305037,621.9136599033867,0.00010391351489524162,-0.04369173797200628,-0.0001916764724525623,-0.0074558644447826426,0.00053647382209763,9.879356884531585e-05,15.898820436486977,4.351981885584028,15.863752196187058,1.531916686914432,0.6856629696826777,-2.0001291278306343,0.6904844120379093,328.30365814359993,0.2187685368502098,17.2410873799223,24.787609769908705,0.11662441401098755,0.07059540872713263,0.06439583727016061,0.0,0.01978194232619739,259.0022238193309,0.12246177663123539,5.637479879341106,0.024283928951994355,0.03420857922263821,0.007889134768526858,3.640359554800941e-05,21.199675881528062,15.875009976102312,22.232555886697156,0.3003999999999998,18.407186457684325,5.372290502565369,3.466082148942208,3.1599000000000004,18.0064,8.611867594057912,14.701057637779755,2.155070419829601
4.316584187779021,-4843.725186544583,2411.74907210134,67.6282494695031,17.027070387854636,14.689098799551772,28.342164074510407,38.491979664708225,624.0697419692439,6.897198686212623e-05,-0.11350000000000002,7.419938819293878e-05,-0.010039462199535762,0.0015,0.0004755526405811814,15.793965697879944,4.219739412001604,15.764503097451115,1.1434131468687574,0.6208162524305523,0.4834085101718737,0.7254625612140768,166.1205711196206,0.20213644413034623,17.974167207919045,27.174810765207454,0.15593415155325457,0.10828536793916116,0.04905710658504005,0.001962831105903761,0.009484703422399316,37.027000000000015,0.1273621242613937,5.73395664407087,0.04248637909077489,0.05288475233964941,0.004517192971596336,0.0,56.68635974438404,22.014132360633873,2.5786999999999995,6.449802800776089,7.634548622737181,4.997356964539428,3.347563782000879,3.1599000000000004,27.078460254817767,226.0247516518525,16.166466228216244,1.7512100453667174
4.248077132825639,-5068.707050656401,2651.9900520642536,69.29764562808005,1.9483295009721986,8.580129065901229,22.428422663462335,28.282184898925912,614.30867061608,5.107678004853335e-05,0.046002298603892766,0.0003782809970429175,-0.00675024024520253,-0.0002264575247852697,0.0,15.807954879423654,4.469975690018115,15.749242313055204,1.4813124282764007,0.7216083776324347,-1.051605748067347,0.6658696731486362,319.7230745267632,0.12563259424600556,24.193506897421027,23.795740012222957,0.08979327194174758,0.04086253629387654,0.0167,0.0,0.020458828390486863,227.8733621567657,0.0740061918390248,7.285847432863908,0.02651905790435083,0.024358518810807663,0.00585061003758774,0.0,43.285000301511566,24.557480596192043,16.595405785279745,11.899330418705983,12.379805921035413,6.825748903590092,3.7398981417942077,12.09925301724704,63.63602215757365,512.3302848874954,3.6093,1.5675654410439692
6.6084214162620745,-6329.503722474683,2717.4534155420424,67.59469060920937,-7.311847723955376,12.297440099785096,18.68453507797767,25.416460589646437,630.5952597990092,-5.350764140989425e-06,-0.058145816958590016,0.0003406470821323119,-0.009102544216608147,0.0006594244983820009,0.0017735394967609611,15.841622875966749,4.744942411837471,15.775071050325357,1.035012947253405,0.8018627998588417,-1.013376085261845,0.7588240312845176,541.9189664985665,0.1466192274462197,15.954372645251109,29.72614508221133,0.033900000000000007,0.03143937294350525,0.0167,0.013508597475369135,0.012874311716510196,162.54912061849194,0.07896890836389013,4.983610824190153,0.010499999999999999,0.02765037944445113,0.00711164343613713,0.003203527705261558,28.71114956720267,3.3354999999999997,36.19678269489797,3.672087198097299,0.6279000000000003,4.348975866335927,4.681028052178792,9.302161122139431,28.74444717764695,65.4748014986348,3.6093,3.5624021946735605
8.488781560782101,-5871.52711067809,2565.9802391747426,63.69995156963238,8.832861899441102,14.819361085898851,18.887687970541656,24.01688400089325,633.8230896875604,8.67716539779519e-05,-0.004134098959337004,0.00042121124158230066,-0.006041525421872489,-0.00020482610767070893,0.0,15.763224855778573,4.029177428154739,15.705509175149306,1.2097740385837452,0.5575612380361743,-1.518565137691326,0.8020572729567046,76.0,0.16832764532252956,20.12520613844986,16.062,0.08786642360224545,0.05663316144450371,0.050972876089847415,0.0,0.010159593416401855,119.7186377399508,0.11688381158178578,5.99106000540615,0.02241053091382063,0.024250875950326926,0.007533373131892666,0.0,28.444271428172826,17.406132956705783,14.218425617467362,0.3003999999999998,1.401511694925981,5.031041577320644,2.1872533780515484,3.1599000000000004,49.08513906719063,707.1179495860592,10.993467158551814,2.8719578372465486
8.689421630734579,-5036.481688103191,2718.5379772345213,68.88687236358574,7.884756594767779,18.81349841491095,24.19152996439383,30.193015762074204,611.8634965744382,8.102762904072768e-05,0.04055125195034383,0.00028306468346837003,-0.010105052324711332,-0.00046238051091941336,0.0,15.849351221848162,4.374661774364734,15.844950658512106,1.2703482087452955,0.6665054136747809,-1.932798246589958,0.7397218208004268,1505.7635179108067,0.15829767241439818,17.02487520337773,19.34785270946004,0.09220211644416912,0.0710206317815989,0.022961888067242205,0.007090132291224838,0.023087365524260772,535.2478826682135,0.04592021888049634,5.030473475326902,0.01618794694538422,0.029390268176532883,0.00867397841506261,0.0,15.376439139582903,40.957773774504346,2.5786999999999995,16.958690480996044,4.894730234567637,5.2372606195203435,3.504543747592849,17.688034523804106,18.151574267977963,0.0,3.6093,2.7597368802885316
6.0097114036788835,-6103.976023209117,2976.31908266988,74.6958637508362,-8.980379620555306,12.384840341098322,16.199543463998015,19.270792477450446,611.9915192196344,2.3789821090178656e-05,0.0020886735869003036,-0.00027135381366243577,-0.013123062764171729,-0.0003379150084901196,0.0,15.646458814101251,3.8518986489576013,15.652171008642831,0.933956776804781,0.6762803327076908,-0.7834260920254702,0.7976935537847565,301.36041926111704,0.0780176381139361,19.06437523271413,31.64394935214206,0.11957314405165045,0.10018878425244329,0.0167,0.004141269943998048,0.02695419413623322,37.027000000000015,0.030242938678974055,5.818843055339255,0.028311008844144392,0.045355645697913644,0.006450182570454094,0.0,40.264464276718456,3.3354999999999997,2.5786999999999995,7.21001841282957,16.14310517496784,5.397766549008704,4.646122523056037,14.197085758297085,44.40860766731006,0.0,3.6093,1.098120158690639
7.796548233513092,-5320.2734307632945,3036.3447688971055,70.71424339450499,16.669093294074614,26.447866013417208,27.018353978628785,39.28145515641442,626.7183155527007,0.00011220612021179487,0.06136515374563515,-0.00014287730622242277,-0.008049649392203552,-0.0009435050058703127,0.001012826999387718,15.764298151588505,4.251714879327386,15.811404600625508,1.0117718066990087,0.6625544101299807,1.0068363146362607,0.7297459300824243,760.8272570597477,0.15391152854688406,19.97806485301095,30.252406164290445,0.054627790158113754,0.08963387274960405,0.030152696217897734,0.005204093078167352,0.0078,386.088322475879,0.04442849169530512,6.546527103101827,0.021922722656599947,0.04177037426711761,0.0025,0.0021123800528747945,15.899367746964563,22.849930269957962,2.5786999999999995,0.3003999999999998,4.714195748281236,5.765063222818641,3.3751499910090716,3.1599000000000004,133.58890021321557,273.1168413658208,5.940398905735183,1.019358817271248
11.189314487603419,-6310.879786065559,3053.6725757973777,70.2503995866675,12.075858405588228,15.56267820586457,25.24144351103957,30.984766540132576,628.2880946232373,1.506985869572927e-05,0.048272213620655854,5.3322797458908806e-05,-0.011247272235973927,-0.0009565048871591618,0.0,15.973124808026135,3.7221266458651714,16.04558683883702,1.0872594989378161,0.5809831088178861,0.040029314521833226,0.735911428804903,545.3533752885306,0.16449939419223694,16.904419873571396,23.68324447793628,0.09674423902826251,0.1182165249232125,0.03114947930781048,0.0019512400514566292,0.017758671090443344,289.63218201198873,0.0438261914179552,6.068137453405685,0.024792465391065003,0.05724627495830492,0.00327936060474944,0.004037400083656004,1.328800000000001,13.698579203197072,5.962945748735738,0.3003999999999998,0.6279000000000003,4.5179682327315405,2.9683419590464304,14.734272150388712,55.39677428940403,105.09950661020284,7.880829500066691,0.3275000000000001
11.531056016699194,-5085.110438175513,2931.3289090091384,67.25516375684177,-2.1595237521900397,21.50527880399399,26.17060836885774,28.443810013241155,611.233428794632,4.863644338316506e-05,0.09524384443850706,-0.0001658843842147413,-0.00835604783737663,-0.0014102382880816571,0.0006617253563719472,15.999331259771873,3.945072094976538,16.05237439765972,1.4320052751991426,0.5670521952756783,0.7143283983464028,0.6974043176415912,466.1018926781756,0.11950801893659999,23.000407727950044,25.712044894231337,0.13321630544951682,0.04178374039207516,0.02550585471755528,0.0065823837286385686,0.01507033545559653,189.02561553815093,0.029025574100069604,7.208903258827099,0.043676655726080135,0.025935216278213345,0.005267554326449947,0.0007079325899919,20.080223898393932,21.53168016868563,3.1459340797798596,13.742046298154637,0.6279000000000003,6.33211496690949,4.0493948633956265,18.97488492036731,110.79071715855945,180.05536136315004,3.7485368197364464,0.5041852595711596
8.225996979384407,-5482.927262033268,2981.875730431004,70.33183122659933,-5.392117498144403,11.393417674737613,15.483668359087314,24.156720125976726,624.4365109083461,-8.286971071678415e-05,-0.0009102350332682442,0.0007406494940269237,-0.009172247666797815,-9.591047342808841e-05,0.0006610281767998496,15.719177458265758,3.9814475994978866,15.704481704038349,0.9321252305185841,0.7420760358983511,0.12306712922896967,0.7439959640527144,1070.9530523292685,0.034,21.367379749078495,29.46982425701322,0.07903181509351313,0.05541799415239923,0.09724786073545329,0.007624817309304055,0.014638419798191247,672.2589883221532,0.0175,6.393946913932558,0.030732379675687576,0.0302864438394538,0.00429586630637288,0.002487229989356162,18.701310745277897,42.21980952313919,2.5786999999999995,2.6068741552347907,0.6279000000000003,5.8758314310766435,4.051909414349625,27.69883641271241,22.932265419857792,986.6667,13.885099990715778,2.4259272061403583
8.377481072875986,-5798.532971166036,3005.161146222851,67.9425092745773,-10.601192142222011,12.716964589819312,22.335193879719192,21.43643651049906,627.3049736149169,-5.988100141405223e-05,-0.013133908053770118,9.807662936433582e-06,-0.011146495091044458,-0.00012041025764446762,0.0003190145969080723,15.794589735819724,4.367855348205457,15.652481385042718,0.9777688510570469,0.8303866975781743,-2.0094859198818,0.8021249569586715,692.610525898045,0.17766428240559562,18.33842155808488,22.564688686829108,0.09389565995036753,0.03895094287116714,0.04978389960382153,0.0,0.01698524907886676,445.6563397121622,0.07196462846360097,5.642824771226858,0.026532408239715314,0.021548721443726035,0.002714520750128032,0.00325311368131163,12.848956538147032,17.990875354527866,18.820211635483222,0.3003999999999998,0.6279000000000003,4.98170623329786,3.3909495312349884,3.1599000000000004,18.0064,782.9333928839833,10.702106393949313,1.6861137484037616
12.876681209787105,-5295.482801185542,2604.325530524046,70.63042105573213,-0.33098344797041745,18.008605041379656,24.291255097212872,34.21116895373671,619.3896763180032,0.00023246929960988566,0.05671929946950104,0.0002554868398343573,-0.009301385958586303,-0.0007500231672970581,0.0004781492221110536,15.83377763591276,4.403296673844488,15.863470520466127,1.350101959048966,0.6779145047618181,1.0478386718572674,0.7576219148339722,231.01253920198894,0.22744913657336951,18.141252719334844,22.88427853592296,0.15804505415600661,0.09101826370955843,0.10967917964171707,0.0015898278374052175,0.0078,207.35442109502537,0.08462796256357571,5.65646840051063,0.04402723200785445,0.041893071116311714,0.006353758123483922,0.0,25.557389654940756,7.086680607569054,16.04248582980029,0.3003999999999998,8.760022487838109,4.807817986159495,3.0729250750922024,11.281893322040718,40.270078384286336,409.5945194694333,24.18728518897553,2.267868814836202
9.545443180324478,-5569.113541405292,2913.107493103463,75.9444,6.972400518762098,19.796346905776783,19.993402207108694,28.85646610904552,615.7807705261442,4.235223974276098e-05,0.042216375401692895,0.00011964469252175782,-0.010665087638419609,-0.0006622381638807096,0.000170856719518433,15.875560428849715,3.6646125762406756,15.835721239325864,1.3334589438536701,0.6323239213355412,-2.4585077797465047,0.7845589604604952,739.2749580810467,0.22111175129948712,15.587573388394258,26.54155317910731,0.0955766879316836,0.03501028408518066,0.06478393720885946,0.0,0.01941420696259186,413.2739743874009,0.14395852135577758,4.64094416343944,0.023910634503356336,0.012642198580962646,0.0025,0.0,17.080086128133072,17.026711675212034,5.733390014147531,7.994138112293028,5.6675657941603195,4.744269578625225,3.779496472153103,11.61991368063918,73.1816296846063,0.0,16.211924097581626,2.8664194914803565
7.028222834456172,-6304.280608334315,2948.5244750671477,65.62975864793484,3.008242074143115,12.700045211465023,11.364864743546043,17.455911801520017,627.7139998062945,5.563170061806848e-06,-0.03279832942770193,0.00022646400249228183,-0.013204722142503122,0.00013546890266926445,0.0,15.805320735508824,5.191732900189449,15.8018408502816,1.2830699133949335,0.8325879920277544,-1.3834029041046993,0.625744112048432,502.69911223646665,0.06139089996388984,18.832003229400538,25.573396826845585,0.08488013351417162,0.05363044345009655,0.0167,0.003936764985701816,0.01346185434011316,260.88671006800814,0.01825019614549756,6.190868964917288,0.030855224541443863,0.03014875067099908,0.009383813870104583,0.0015619836765580109,28.50230702945003,3.3354999999999997,5.653513897012111,4.454024512478855,0.6279000000000003,5.230150008389614,3.4763965649665827,28.854213359124678,97.42683084813802,5.618702249989951,3.6093,1.2444802062546212
12.45445655745414,-6046.388992154017,3011.9090032550707,70.58845831842984,16.10301157435593,14.396700576363479,12.29409127228034,18.040941515328377,613.5224955727039,0.0001093556834142662,-0.022775159521908152,-0.00018451685415131586,-0.0064740427849196355,0.0005746010842867337,0.00042143597156142697,15.723869474850831,4.484506208898766,15.785507884807567,1.2534672563356697,0.6613144524781756,1.5426466089706323,0.6833472877790016,929.0347446191076,0.1812099828184917,17.775423702909332,26.346770245626203,0.04113816634066002,0.048887689386867626,0.042628712709008504,0.0,0.014888415677189305,407.5634274071002,0.09015365338841828,6.163138782820404,0.01794695332928013,0.025706574495747057,0.005464633367782069,0.0002426838658881438,1.328800000000001,21.02926466660618,12.98496611651816,21.39094889265874,0.6279000000000003,5.434494793750522,3.5938984746443667,18.790285525242417,65.94514191917085,0.0,8.166128355869402,1.1763517772141021
8.87117368249986,-4857.952174441902,2325.5176439988873,70.03596608194367,3.9981708628398707,9.08888747898412,19.752235198772276,24.51088095721744,614.5016959672693,0.0002801360112116472,0.08446207821575002,-0.00019488657451480887,-0.010252283132404585,-0.0006881989639309641,0.00020166195165287673,15.79769765431242,3.489300024530956,15.797585414014494,1.2260255619448914,0.5268953542089844,-0.9012335923061885,0.7748113723400811,943.7566238468928,0.18770484930132256,16.36964226296449,28.515410985042084,0.06616864126746094,0.08608741926620628,0.06047044746584192,0.0,0.014971269877778687,289.07225443999886,0.10836458299542179,4.70433343860686,0.010499999999999999,0.0386957172171061,0.009693851884522427,0.0,26.89759193773445,32.17892958649715,10.921011452314879,7.476146868253625,10.865905533188894,4.713697549526,3.8453238593505077,8.258302441797516,18.0064,537.7835501679808,14.515570603815043,0.9227625117391196
9.369834846045169,-5310.267818385863,2840.6070036085857,72.73407327620838,13.958955688812125,15.933444381895725,22.269413694063704,30.455602478916404,611.6641807310925,0.000149144387332851,0.026666652934923374,-0.00018493992614873316,-0.010136743473298713,-0.00045873081032811333,0.0,15.728675009125885,4.137825898443688,15.824024894516452,1.093029979808411,0.7276119123526298,-0.0077680068535032065,0.6720661833894277,1311.604828257265,0.13492943010631325,19.204696032971903,24.813030848895547,0.061535082216982326,0.10174238740825563,0.08733327421599194,0.0,0.019664856502627892,622.2003981082013,0.07912048256119002,6.079901040631099,0.019465124433176887,0.04176106573898057,0.00864240195992744,0.0,11.420312204533708,29.801844361088953,19.185665574724737,2.159065895230335,6.815026838688593,5.135254949867121,3.4027185380304514,14.936461676797485,18.0064,83.0060166442756,9.642146301035897,2.3602432610743342
9.676003423973773,-5551.366943691932,2731.9914601689215,71.15023703861162,7.962813480238843,15.46394661417214,17.006086971900856,25.368275333848057,614.2192329559515,-2.9337620493706906e-05,0.01697117984823201,0.000383998859759149,-0.013483759219582479,8.298771702284054e-06,0.0,15.795562816434465,4.018299277086541,15.822979137444175,0.9336601209976251,0.6215848875705845,-0.19498699265438968,0.7336034409799868,926.1266123957532,0.09536201456704584,20.71276362411245,36.45924095039011,0.033900000000000007,0.061619179726057766,0.028053940050841567,0.0,0.010196094888382298,378.41188081138307,0.03191133386987568,6.590142397136617,0.010499999999999999,0.026899057613454413,0.0078034443249374065,0.00016651702541880463,1.328800000000001,24.709303663341043,15.347729543131384,8.59778234056526,5.137079680253276,6.3626272108828825,5.453264207243916,35.089644556110485,41.658765127268836,567.3655942501149,8.49783972370363,0.7882083222947862
7.4021210585488255,-5192.580528839066,2735.152172103607,60.368621104246174,-10.82651565735255,20.892798917532502,27.258813031532604,37.65775701398044,616.9826563744472,3.88099731226721e-05,0.017767560429858185,-0.000267350040160354,-0.011553360813689123,-0.00037691589119014595,0.00040524608231152213,15.830334345554034,3.654455491186141,15.816327209123125,1.1583779313774676,0.5678988991475468,0.8635103054783533,0.6675582773381707,683.6285894271417,0.037447149355479784,19.99369897245631,26.238179072432263,0.08033286880702907,0.04518671288615186,0.03295566501077318,0.0,0.015027695354044572,455.1512964620245,0.0175,6.509464138846218,0.02315968755353073,0.02374078935811237,0.008088605405840669,0.00045921509498133526,9.966038908774896,25.681370581793985,6.06386167544947,6.339590477396161,0.6279000000000003,5.627512100918262,3.536728813360774,5.538346986521497,27.138746336454606,58.96364546755325,6.296101035236663,0.7460072343220717
8.007031442740228,-5405.973797941305,3055.219989417869,67.77592263725525,-5.919279327203547,21.6145050120794,20.92181722960531,24.366551068488523,609.8203804290558,-1.966468747704115e-05,-0.05199186274826498,-9.740769994043291e-05,-0.008027770101849066,0.000447846946314604,0.0008847958830858922,15.741497745355147,4.9074855345778765,15.694516432432925,1.11954837086191,0.8366162126601752,-0.9228448611335359,0.7176578849790065,435.3519718086019,0.11953093779087856,15.751558237267577,26.34067402823833,0.09851387292282573,0.040194433882843134,0.0167,0.0005262622886464264,0.026634049745765588,222.98484281893886,0.023246606686540126,4.648417310320877,0.03814050473806016,0.023819102496085025,0.003915962468284204,0.002092308356040398,53.25117795112044,15.511680600046546,5.418886241068872,0.3003999999999998,14.185549477120222,4.164863567373292,3.9213838164150987,6.322046097646126,175.98561384065633,482.31781978220204,3.6093,2.5423827840781708
12.60880775270354,-4941.470376801582,2826.7620896669073,69.07673370509617,3.557435497590381,23.80119457515653,20.70056446055504,27.007949320612607,605.3370093920199,0.00010714149822256755,0.061794360663025745,0.000596776245838222,-0.006625566898379079,-0.00105538225979758,0.0,15.889861581279355,3.018585784306184,15.827490448717692,1.153006563489796,0.5374548706566257,-0.5908074483736181,0.8003633457514326,1065.0572637049088,0.06156136816374605,17.77246589119145,27.15284104800549,0.08190713460763113,0.03402362488671644,0.1113742920630483,0.0,0.011310928421298671,501.20477789327254,0.056973631213119186,5.5204045143522285,0.030139632452749227,0.010034146203876864,0.0040674817570118295,0.002539159623756476,10.106697168697094,18.86715474467841,5.510843119947866,3.1134684696124584,0.6279000000000003,5.533097661329949,3.6051734171261334,14.107524164179924,91.4065107721234,755.9658783969312,24.14018130936148,1.4192193631859826
10.354191568581966,-6527.224930617258,2983.991350424803,65.27978890777264,10.037231002692565,19.673473123635976,22.071075580379414,28.037581695367262,619.2255934429728,-2.4921909627706194e-05,-0.010254945866256299,0.00033625928647313216,-0.00840634181260213,0.00024762692241539757,0.0002659030358432759,15.842059158357976,4.042372255395324,15.794922834887045,1.0014803326165138,0.6243174142717084,-0.3501058484403994,0.7282497157744773,274.7874733707894,0.09497755789356283,17.3641625958262,24.677909014515972,0.06476796604715976,0.026751905709741598,0.13339667886091147,0.006531901111969012,0.011767149913402473,157.6784723617888,0.031477541269948645,5.775982713547265,0.015514300791773754,0.008,0.008802915379885234,0.001762959067001912,1.763568567106077,12.484527275904764,2.5786999999999995,7.433490355515825,6.474988260044713,4.729234442209156,2.8663329003917672,4.673528903191831,108.31759175183885,986.6667,30.40849128297563,0.40970146477984515
7.147981837409195,-6141.0394855960185,2786.5244773040918,70.92714705105864,1.5153471882801233,16.359148114405187,21.665402218636537,26.700131242812517,616.5681861578033,5.8153806605142627e-05,0.05302543761562796,-0.00010365693544275064,-0.009133609771065424,0.0002582238797002989,0.00033319765811979697,15.79838649936336,4.700305637771173,15.806806381551805,1.315709125488068,0.8369805065005542,-0.6330713354835332,0.7434520925503049,732.4596711525963,0.18252047059926585,14.470469278056326,20.135468194993663,0.10861347502900733,0.1212895553850058,0.0167,0.0,0.01751047305739805,164.8971096235942,0.1009227094853467,5.858069259812093,0.027947796196759595,0.05743775563379251,0.007121368894737591,0.0,7.384780307135333,22.0307395816163,29.58821587336651,12.03128991451015,2.709028806412692,4.490492634360582,3.164157203302172,18.69758906272009,27.27239871880496,0.0,3.6093,1.4075993400573266
10.481255383548469,-5937.090575609616,3073.279386494527,66.88892318472364,0.5072065549138838,23.237245707108315,31.882353958256175,40.06641098622772,614.1188992341117,4.561521786083796e-05,-0.06467221759704692,7.862645811680753e-05,-0.011163461765621852,0.0010601355835128446,0.0002782725929189174,15.723366465225622,3.236456649945264,15.626677772412904,0.9176396074952071,0.48936042296487525,0.45769656130955383,0.7763276098525751,1092.2748917441709,0.05541911521709077,17.1717765942045,29.141952586422533,0.08470990759754955,0.039408064977935184,0.04763619374894402,0.0004978913516305715,0.01662706940274237,506.3803035951655,0.030398577061889608,5.729997895500877,0.029198145015657685,0.015288233642708681,0.007415807377062867,0.000769540613824664,6.110231404531232,49.6002912000785,2.5786999999999995,1.488003931047814,3.4605746867892773,4.873159426405752,4.241404133767536,4.814693165763454,18.0064,327.64877889569897,8.243710834544643,1.482590055064223
6.498701574166781,-5319.429569084595,2465.8664860652257,67.08508753661319,-3.3209527136424772,19.015912460719385,23.156582881710722,32.9078049808136,606.641854196893,7.773732895296306e-06,0.033934103234242154,-9.616359276039506e-05,-0.004148235612040648,-0.0006551563115732887,0.0,15.946721128281709,4.008071366321156,16.017887477084574,1.526436330042108,0.5539837995486403,0.0969393472215454,0.6518118460715965,76.0,0.07783614410633778,18.122255632826647,31.79814665823132,0.14394419609754525,0.08549701084221409,0.03219917285049381,0.0,0.0078,37.027000000000015,0.0584709212758697,5.929160903362937,0.03331845988600376,0.04176505171586141,0.004249191262505239,0.0,14.383142648182515,3.3354999999999997,3.6073556066180785,7.572953609756387,10.06421078031845,4.856648228142094,4.416151320995889,19.349424500612884,67.79337037060087,276.96906459780354,9.921166406745654,0.3275000000000001
7.096573492114353,-5806.871417663194,2770.8339433199853,68.42498977851399,7.768206672464437,15.352714100450331,17.868897185409715,21.067410294081533,609.1750656590284,-3.5223850803495227e-06,-0.08847186712583219,-0.0002676527565743896,-0.009473079142713893,0.00041991275740553265,5.771578372452278e-05,15.857811306728143,4.660846083238865,15.902946984800503,1.4595864643218979,0.7632825984450968,0.4593631716078779,0.7287724470610849,475.2632965667483,0.034,18.995413420232467,32.87752490728237,0.10019125347605908,0.056852777330012094,0.04997683547847212,0.008619120893891255,0.012985370239509096,363.95172658994176,0.06657435260961264,5.749361373248731,0.024730471052977637,0.026300000726531717,0.009835995414122538,0.00027308515757204315,9.470505874689355,12.77546501179382,10.706843965388472,0.3003999999999998,9.1215670637091,5.340246426717674,4.686167775391033,12.534370069713875,69.89638434668298,222.87856121432156,8.248487654383307,2.3214253185939717
7.3776812513604115,-6318.073461760797,2885.869902678775,70.16983905967831,12.22329212895817,21.02928315511788,23.848024147549026,28.663904911586272,612.6759720321907,6.896544553897219e-05,-0.0627178346482051,-0.0005019324979947668,-0.010148187927809582,0.000784439897130668,0.0,15.843183829047467,4.383521715587255,15.83960957102279,1.3157060880277185,0.7268004851179368,-0.7234527587987313,0.7207866174592754,509.3933024253238,0.04599395680323093,22.373899748650548,19.183440674595722,0.05581827949877649,0.0658965116177531,0.02821077413150993,0.0,0.016945349629901192,235.19238009432695,0.0175,6.06769907567845,0.013670335230108613,0.03716639796139027,0.008959116798033833,0.0006354871399023811,4.057197341460132,22.270728146958934,2.5786999999999995,12.948985254405994,0.6279000000000003,5.931988257957045,2.960178152153084,20.044918476225973,18.0064,185.5578797053595,7.133773286609888,2.25616968054912
10.35677455978607,-5337.405641532829,2920.3717593354086,71.98537220088436,-4.332169724609413,17.788187574895918,26.389941575050806,30.300034212794035,612.8656361215837,6.76400054448656e-06,-0.05467060930567933,0.00029761122989669563,-0.009891870412803006,0.0005276062520579705,0.0,15.923587735865722,3.7177423809795496,15.987548431415204,1.1729864425163852,0.6597648394113281,-1.6108223352311597,0.7345569113190195,771.4281407954542,0.08013722010631347,18.047211563322723,22.179335759933792,0.1028878216685947,0.13386210929013156,0.07400766440939582,0.0,0.008192430884717637,461.63089759751165,0.0547659489502221,5.73815742055529,0.02780112451999691,0.05264299973219917,0.010682171899418209,0.000645545271099492,11.103543048925523,9.500460799085918,2.5786999999999995,0.3003999999999998,0.6279000000000003,5.275258759982871,3.342760005086764,8.362679102137049,71.31964040600346,326.0379807068943,15.49933942851208,0.6598565944869161
3.9273665882391873,-5270.005449463659,2634.5507258851794,67.38670329921209,6.5437180744133725,18.596482891470085,18.878666820089435,25.448854597921837,615.1644771102006,0.0001163471501529713,3.753175270773245e-05,-0.00015957627471945165,-0.009208462889215608,-8.892160043140532e-05,0.0,15.821104994976245,3.689642212925774,15.807568997354112,1.0642968148111567,0.669189946591752,-2.0362664776198995,0.8007897465460317,869.055785697602,0.1252401273088039,17.83813837401379,27.020965519205344,0.03833850085008596,0.11229755538083316,0.0167,0.0,0.021550495198974673,255.74939216724877,0.0175,4.9976970734438595,0.010499999999999999,0.05515249162222462,0.006309968138097966,0.0011304367952496355,36.628187614295285,32.72094874026995,5.337202899807787,11.901483580203863,0.6279000000000003,4.757857366508727,3.7166928426129693,3.1599000000000004,87.91913528266645,44.19949536149596,3.6093,1.4314375903364638
7.890457921753114,-5962.983780060684,2740.5652528807927,68.13048535978906,16.944790856045497,22.616488370432478,17.94631968370019,23.50798886886927,619.0113514544405,6.337148693941181e-05,0.023348297036247856,0.00043433258639459174,-0.006205497905839604,-0.00030141618076317997,0.00014628863995430573,15.804359516487866,5.123443244921113,15.839948390785203,1.3116463572834107,0.7753576379735918,-0.8234630156465845,0.6602653001301146,904.88651755006,0.21359426633808376,15.828749610355349,16.915776673681485,0.051190364099981144,0.11034414104712317,0.032424734815029006,0.0,0.01099590528183056,557.0534300344373,0.10672429121569232,5.002437274992798,0.02112221277968704,0.05270108078652752,0.008497799185050694,0.0004967133248707085,28.602217279888073,47.62655926931228,17.397094659717524,11.505411520060505,14.24777902359163,4.55211201173378,2.5053350442896605,3.1599000000000004,24.389774881860685,95.55842239102029,8.996105716704296,1.1321947067883378
7.610782516467891,-5042.292551065795,2907.9418744904783,67.78033490102028,10.905904134753225,7.25461721230965,15.06781306979301,21.729907513990376,633.3197106916555,0.00017199823873763313,-0.024111120801718077,-7.257738233875344e-05,-0.00833379829834773,0.000382675414889393,0.0002830138083352346,15.818861171299016,5.291102771805491,15.903097283988238,1.3537483328980997,0.8899,-0.07842092803085693,0.6299638721166283,430.0721454223691,0.16715156696012343,18.94983084244445,17.391909277088857,0.14928926253394925,0.11059920774507734,0.055873076142082326,0.006473080345802108,0.012259380846160987,342.2186400180245,0.0812593373143343,6.016102685013618,0.03135088816225162,0.05102995573883481,0.006280977355720889,0.0026399184918955727,38.63919539733367,7.564764076657456,9.812046638228095,9.960266728671513,0.6279000000000003,5.364797989947055,2.5996866819393425,3.1599000000000004,108.42849602809474,98.1570873597482,7.495827017665813,1.3499477750828242
13.125529297084665,-5642.092205916115,3135.505931753631,66.15175443996966,-4.299911224759354,19.64394951723904,28.09066118370334,31.990406348991968,615.9755826563527,0.00011430305966097455,-0.003226899534135454,-5.1090287421331764e-06,-0.011758426875101596,3.675679588233017e-05,0.0,15.738510766199228,3.739536168000145,15.736170539340154,1.0025449836211922,0.6823707512827876,-0.8368903509375246,0.7793330513850809,1188.501606212621,0.07402856996406285,17.69470163397435,22.887721061973654,0.11518604385200018,0.09925949129985184,0.08969246848663975,0.0029020005280530363,0.012497344195149205,597.6355154108317,0.029196352608308274,6.322683672043977,0.0336762094519209,0.04693344347868915,0.005877359777474848,0.001832649053032274,22.753732604109658,26.027264998092395,11.36430625540441,3.5052714735323365,5.726202926141201,5.006854873904146,3.5724227956877774,10.622806211303333,101.35731705161184,373.61991233470457,20.03452611675292,2.6940556456690485
8.02692514509218,-4790.984410041961,2741.855876265991,67.48849928870246,6.370288629366094,20.70167787365895,20.899463746220412,32.94803581965165,615.8900384291935,0.0001236002167315539,-0.01181380174418987,-0.0005808305309244629,-0.009834208928397772,0.0001914997012727897,0.0013729188876734748,15.9239143170852,3.7663014786072577,15.82737363035648,1.2014880402936285,0.5674459374392647,-0.25147296149514275,0.8305263208876787,1127.7408303435639,0.15045190608245249,14.185417220032608,39.976572496913846,0.058105666653321404,0.0172,0.031816449662462595,0.00888922326844814,0.014670251297396212,646.9710128934952,0.07079483478256425,4.0902,0.02153770534917987,0.011299542905269905,0.010045125383394804,0.0,18.631897127644685,52.69201349163651,2.5786999999999995,0.3003999999999998,0.6279000000000003,4.3916241617611105,5.615368473703302,3.1599000000000004,43.60395700345613,156.9150802612669,4.8843163498920115,2.2460261167062368
9.977154227349907,-5412.862980229949,2725.894509426933,68.88110640354616,4.236851357905999,10.104315377063498,16.861308862893175,19.702473655570707,605.2895683347374,0.00011127937109120135,-0.04853316222793219,-0.0004503312225195324,-0.00820373438487321,0.0005924029756287805,0.0009567677191608387,15.901292504923155,4.0225887533830775,15.92354699938892,1.3507766136822155,0.5706428322304393,1.25954705416034,0.6984072282745839,86.62085193555487,0.034,17.65144912901505,34.80564704122467,0.03413232099608768,0.0172,0.0167,0.0,0.01605201577507679,197.64243551165805,0.0175,5.240030247211183,0.01632171118890352,0.008266588785007425,0.00623351711472425,0.0017046122411884259,1.328800000000001,5.624193439349725,2.5786999999999995,0.6419725942523247,2.7066215613984568,5.386554205175412,4.9896400584953495,8.147292316176598,56.790425130579344,334.61330090027786,3.6093,0.7571172417598606
10.796459097056504,-5506.793639576656,2731.7925331596994,70.6950687501175,16.819616486013764,17.637416473445782,30.469983240837905,34.66124290010721,613.7956956583618,0.00019311180308615556,-0.012262772132906653,-0.00010048283746152099,-0.00819718655629876,0.00022564642145925563,5.663823224177427e-05,15.637487712673108,3.679769116905991,15.704572319009566,1.1424475009957724,0.6083840954759686,-1.1943915528951328,0.729939621008091,187.36285219700187,0.1570510220452902,21.260123559043226,34.350982274983075,0.033900000000000007,0.06540308458516453,0.06297822488307596,0.0,0.012159133871532085,37.027000000000015,0.0974722083783392,6.569888670718695,0.010499999999999999,0.03997094712557879,0.008374537005876877,0.00046547868992579533,17.55208083859242,3.3354999999999997,10.873114697619638,17.71368365091066,15.318554255665791,5.689407778815667,4.400978795476779,22.469508259294997,126.53926840635711,799.6752743176502,16.117262639647816,2.355758601401098
11.174019638477503,-5160.45829503181,2777.852815054029,69.17503721258822,-3.7246058145513294,19.038808382628954,18.722535777360903,23.898322241801978,603.5135426066101,0.00016545793359115917,0.001122858638463001,-0.0002815990212482712,-0.0112220242999125,-0.0005286164189203953,0.0002678353515303516,15.927968960745327,3.99406166667328,15.866173913292476,1.473565601408136,0.642050043374825,-1.084703305850795,0.7635778581870208,667.346671630584,0.1250204352107413,19.27391927690068,38.563582553648196,0.06806393310312145,0.0172,0.0167,0.00028013045283653017,0.01690063881984815,538.1070536197676,0.06793317345285994,6.278629886447176,0.02561561772716145,0.008,0.009676643523006945,0.0008007794099177833,16.97011555957264,26.944765694871837,13.226933228557636,3.3924679030004956,0.6279000000000003,6.0308613378506175,5.413942330920985,3.1599000000000004,57.17043056749965,705.4356724418478,3.6093,0.6477616785371582
8.23080367638433,-4722.501385104723,2612.4399690539367,65.1687971017581,3.263859055689196,12.998309796308082,18.051872718093176,21.761847989650228,600.3703496792023,0.00012167915526432041,-0.01750380193456318,-5.4823640678111976e-05,-0.009612665867301426,0.0006955819667584611,0.0,15.752553916819515,4.201311218629123,15.726332045561435,1.438462052890844,0.7481391049890656,-0.6550612808816031,0.6373646366796347,200.92886389936632,0.0733348724896248,17.655942167528593,33.216365289298984,0.033900000000000007,0.028349566343536938,0.06852347822807991,0.0,0.017824297223980476,129.42382170600865,0.04439381264986672,4.946191359768102,0.010499999999999999,0.02091607058552001,0.005532968783385181,0.0,22.703552541181807,18.98412588969051,2.5786999999999995,12.140818030675213,13.329944666114837,4.642937245807797,4.588812806186004,26.0288320896684,18.0064,56.29278665593472,13.393500853149622,1.6275970754191889
7.181246416575626,-6020.114450295139,2727.495659920988,66.23072426351682,14.804375730643816,19.49731401041083,29.372376135412082,33.58484323123569,613.578189288758,-7.13713090169362e-05,-0.06044699282733673,-0.00016464041062063778,-0.011403711827727394,0.0005826644327811234,0.000690740589466064,15.898668845648276,3.666288551515455,15.939655245556942,1.0766986554259557,0.64992809540092,-1.036448633570202,0.72584879552225,205.26197510498645,0.07456594134844448,16.439210515821582,17.614771502103004,0.0798922200472559,0.1362221689659418,0.0405044329942191,0.0,0.015025327707996384,37.027000000000015,0.03390967062724576,5.733834901571081,0.017089054465155653,0.06898352835141584,0.005630314539416809,0.002111993125796201,26.1353167864306,11.670517125736648,31.834411549938523,21.1225659315647,0.6279000000000003,4.593803141809493,2.878591566635436,15.879585724372628,18.0064,463.6075691090705,8.261175259345121,1.3436282278025373
6.963653597974135,-5382.814093156381,2619.7016041187776,69.58772435229172,12.082255035236763,17.05449574674943,24.047409777323097,28.481963562005884,619.7386584370438,6.186257215865882e-05,0.046920593287700284,0.00042006458266962793,-0.006268964199995586,-0.0002600578708259778,0.0,15.857557368777314,3.3341856900473053,15.90854393389433,1.0806467446958634,0.6533888700301139,0.29920192922273947,0.766282893469521,736.3843327911314,0.21155470061886358,18.068103027490363,24.4113348106646,0.10354730738603504,0.057885402757342434,0.14368615598517295,0.003637195513100795,0.021529635599119426,288.7786421734778,0.08246358634141612,4.933089128684986,0.031191098711904626,0.020289139180097893,0.006583024638824229,0.0,1.328800000000001,15.915755477055253,16.42474336553908,7.85112365638142,0.6279000000000003,5.076508439760817,3.251234540476229,11.68372104205773,89.6655152621507,676.5226455288561,29.657775004880648,2.934605404574607
4.5449793390020465,-5291.276976524735,2796.00741907145,67.41791989858775,8.6976083661911,17.95555852159871,20.238472291379345,25.767786920361306,631.8861147965289,6.058225316268601e-05,-0.0021423765849648752,-0.0003951740818365416,-0.013329327862364057,-0.000249037936926126,0.0021375047776793334,15.886025868290542,5.126670873744178,15.870464671394457,1.4138992701878943,0.8436316944474294,-0.6579754634534161,0.7481819580289942,1045.8230364329575,0.13592831062176666,18.51757292935401,23.090502298393112,0.10289553194406961,0.04902254280962498,0.023372643777434973,0.020326051882774972,0.021724746812170122,439.63601610192643,0.07159937059039731,6.205272418572327,0.03667965714446239,0.020234624585651013,0.005774309766312649,0.004826429956136913,39.73536841810316,46.08171160087143,14.212588549309713,0.3003999999999998,18.177968027103198,5.060000230753451,3.4717927398871247,10.946688097512483,86.66975484731091,0.0,3.765304196704294,2.527775566522747
3.8360729009438774,-5809.41661918322,2905.3934499581965,68.61842026119317,1.690328280820098,14.90234108203845,19.20843707108843,23.45367272513028,614.502192088137,-1.5487877380381234e-05,-0.06492845209420117,0.00015059460849165703,-0.008682641965679956,9.721073707592426e-05,0.0003362730681114583,15.657607522471501,4.28610611692898,15.700891816516506,1.060795240673496,0.7930178732821568,1.0054972576140855,0.6750994655321508,690.2362441250046,0.034,18.386820789695303,30.096923284712034,0.15327309414802176,0.11250256522045575,0.0699260556132276,0.0018405109503463958,0.013504396918817017,289.75877585148424,0.0175,6.500323661571215,0.042493609370364935,0.05459924481580566,0.009180683720867921,0.002164824205593014,22.228925334822783,18.505507279821167,10.88152466824208,2.900199043130953,0.6279000000000003,5.50491340353509,4.11618986098133,17.604043993822675,121.29308545170107,681.2902203657404,10.74466931934754,1.5908896452547
8.370799372212911,-5037.3902754917,2673.800952381561,70.08047288773919,6.132243634631012,14.78421512799212,16.84924508291553,22.024801667950186,608.2121173715288,1.3377680303754639e-05,-0.052563822546628884,-0.0004177362117988392,-0.013502421040905491,0.000440453442369337,0.0,15.656075864835174,4.88552213720185,15.746139621208128,1.5683199469473375,0.7629933784549997,0.8957758691998017,0.6678576486948842,646.5103806096388,0.2038508924612229,22.970146256653827,29.55458819365787,0.04391794755907659,0.1043768898193067,0.04334359328152953,0.0,0.016432144572754714,341.5445643877173,0.12612410038558075,6.951435098770112,0.014608147139371764,0.04854449504899988,0.008213243382335134,0.0,1.3925869150711172,30.44212301112781,15.521173958510495,12.56360714927023,3.1046165302874336,6.162050965845494,4.068004984216473,3.1599000000000004,65.32541224275366,329.97640357825156,14.555051768132003,1.9843423849736446
6.947166534450749,-5547.53035711199,2543.6464976664506,70.96897812341359,4.925114837545255,21.187348063595465,23.43041835302006,37.2754905274133,622.0253486130463,4.0543308998437265e-05,-0.05422562524813354,0.00013223644925604508,-0.009532935780655316,0.0006567119388809661,0.0005218705121737301,15.878681938116264,4.739913463453478,15.87464721803998,1.1745367593173814,0.7506285700093303,0.7844782626632445,0.715886798803755,1081.1283894828925,0.183324994714318,16.86388439721927,28.097631223695576,0.04075459817219519,0.06757616273530825,0.09854776049983252,0.0,0.010686893973388317,404.7211426490147,0.06099522606215782,5.5208108589731415,0.017795091674234383,0.02519675801707219,0.004416779854858863,0.002164032242783373,7.8249368548658875,28.237273816236133,18.519397053619983,4.735418134906374,0.6279000000000003,4.875787119807988,3.7161622671736443,19.789801550870152,69.10726223273628,49.879560417162764,23.32894349930985,1.948032593727681
8.782081935990101,-6106.943809842441,2886.754962636111,68.61677275607666,4.955901706609039,21.575856041177417,27.29140551771582,35.20081868336692,620.2362499999133,9.217311780796209e-05,0.03680517058948847,-9.507073157519021e-05,-0.008778692916247522,-0.0008066559296623358,0.0008085257819393481,15.814025405425324,2.8286579219928303,15.742868852247005,0.9558775612662591,0.4181591240541448,0.1390255364970543,0.8349232408229005,627.1088852636365,0.1342831698742252,17.907944250875587,25.319542773286223,0.05023925635457198,0.0172,0.09328707468020926,0.0,0.019402523963202422,355.8831060283795,0.0260505676714803,5.687967606548737,0.02298200797867068,0.008,0.0072583822377382794,0.002023860141778582,7.133876926430652,26.23627332720038,8.553695083304182,1.120356230117979,0.6279000000000003,5.135918674461353,3.793994822909126,13.32262232860561,39.62359244726983,0.0,19.093623524776447,0.3436529646540072
7.4889588508331535,-4664.78205796066,2437.0264520131614,67.06836988534262,-7.781248081425558,22.205101465003743,24.733938421001312,33.49783973979761,611.8295366146458,0.00022188267045306984,0.00138410176928952,-9.416013503876662e-05,-0.0066876137419514484,-0.0006106435186551348,0.0011110525087811578,15.789954691446596,3.5702852153787896,15.778075750796829,0.9663026159169866,0.6008129218924013,-0.46370983939159255,0.7561184228493927,76.0,0.050313691230330956,19.520443766603716,18.98909255224449,0.11903300818545685,0.03953054310721789,0.016920942482502786,0.0,0.016317188223503,69.4596439328233,0.04967152235821448,6.787785494436156,0.032761258823647575,0.023986304614660767,0.007497433982900082,0.0,27.80929039380788,7.659398788548156,2.5786999999999995,1.5104680196525226,2.423983088201733,6.179720377512514,2.3648110608251356,3.1599000000000004,79.50172975224432,135.64765747240898,3.6093,0.45208313625337815
3.8139639342183234,-5332.663520842808,2666.8320256770194,65.12393127038328,-3.1620412997663183,12.028021147676162,18.732171561510864,23.180441202017526,607.8487051164063,-0.00010706425310379156,0.004768907414416041,-0.0005180530073355817,-0.009558424682497535,1.5882208859770328e-05,0.00011352887050585607,15.846551249209545,3.682700499433175,15.825269118433182,1.2594762920657352,0.626215503199405,-0.11986952833532516,0.7270158989083498,565.3070563951366,0.03638228087406782,18.59730627215143,22.27255347903074,0.07550358675253498,0.059572028374563595,0.10720637183291881,0.0,0.0078,217.92608312459987,0.047132116922966774,5.197996376258052,0.016923043690337824,0.03455223262231361,0.0025,0.0005101831407270193,24.702217181023073,23.45123120444944,9.528416100117404,23.975029027617424,13.219776570039212,5.277596862325759,3.322287607778357,3.1599000000000004,98.64161641531578,798.6548067098671,21.38687645197586,2.7862435793045535
8.077067025071742,-6759.091425546771,3150.953630566201,66.49255155634198,11.864606651983076,16.607728097020185,27.54521750994016,29.058046997748125,618.330685010275,0.00010147014996963766,-0.003466016335196518,-0.0007384561197579177,-0.008455099600225384,-4.790756778334171e-05,0.0006179359201023908,15.849200850454622,3.5557579256338916,15.770544347900383,1.0104373547594556,0.5734554861399395,0.03750853093700712,0.8049129099714326,1322.2836135767916,0.0995915417655299,17.282369589956012,26.39620147636135,0.1318803029865874,0.0172,0.07584733174857813,0.0005662939266062695,0.022211632934056983,634.3654273798662,0.05803168140773369,5.67889889071732,0.0455445851592319,0.008,0.004159616597465752,0.001300860480053527,1.328800000000001,24.64330727889694,4.615356124168944,0.3003999999999998,0.6279000000000003,5.634021576722388,4.16853531216141,8.903740985107385,31.77094877864564,0.0,13.276629437033524,2.4807188829740836
14.1879,-5413.920040393759,2934.71122493165,72.7867402813683,-12.1527,16.965512821536016,25.46545066108752,33.53446278568106,624.1445503582707,9.205480097159336e-05,-0.021490982974181682,5.274245741273951e-05,-0.008863735073963208,2.0208515966263686e-05,0.0003550796300814057,15.717161496832842,3.6129600472899077,15.670753332511262,1.438798491813773,0.6186871398735269,-0.27384575344949424,0.7985530797045327,938.7261388926702,0.12493684382662074,13.320577991172343,25.981178722436894,0.03424801934651337,0.05497824598459324,0.02299644007861226,0.00039256983165868143,0.0078,622.5183905531042,0.02659851463574449,4.915448563057943,0.012363084260110619,0.02364475360576996,0.007966576783613389,0.0020577311301866264,3.991486542227147,26.807250543085004,2.5786999999999995,3.016128732834166,14.020514728567044,3.954185610624635,3.63608236979539,25.23480498711084,119.303210376409,377.5523908676686,4.267691842285081,2.196550077281222
4.740328800076522,-4805.024332483211,2524.8069101527567,69.79439479474239,0.03668978788169941,13.961476486179887,25.326304767093,29.998643149291617,614.4444847050313,0.00030137297306619896,-0.011741866179604949,-0.000200102228926134,-0.0084501025401988,0.0002536515639485412,0.0,15.866805732921064,4.164500631792927,15.85022285447514,0.9934793574641997,0.6470969387104377,-1.798892981401486,0.7923709539853385,76.0,0.09971439459722564,18.918100862727776,37.94172957519402,0.12385283101427397,0.021022766518651134,0.0167,0.0,0.010747733530377376,37.027000000000015,0.0513616022915627,4.8775103156109845,0.03487413840453252,0.02524147700266106,0.006564626754350364,0.0,39.918832853608635,3.3354999999999997,2.5786999999999995,14.421551465162615,2.9820630831851185,5.514128704770582,4.7865081590155105,3.1599000000000004,59.523953837182596,536.3903225987503,3.6093,2.834479589436893
7.4238281967780075,-5224.226489140267,2494.3094204266163,68.20338730725997,10.160216680460449,19.331143381195492,16.873340621433602,22.588978697714666,605.8095865493195,7.068166889492156e-05,-0.08577294200336108,0.00010785920705263041,-0.008875728751546975,0.0011784124082819195,0.0011088135143360422,15.963206013639766,4.15475047166221,15.970717060094602,1.0396842566785824,0.7398661200646741,-1.1708989832465684,0.8137735722580399,723.1985204432585,0.2363209174694153,16.8406351540303,26.814443008161202,0.04701109690085519,0.07591518827139263,0.11361776822694003,0.004640493407772126,0.016901062153088172,298.421338384966,0.15756476813659537,5.171770118526468,0.010949529317359926,0.034553655700868095,0.004297116357150034,0.001574972896669563,30.220249129939482,16.562522181796076,25.758007385961967,0.3003999999999998,3.9790587878136843,5.3030834362989925,3.7970971664852504,3.5486613177586452,18.0064,0.0,24.13924361728292,1.293547815266434
12.044979544593875,-4786.661802222347,2800.5256448553973,70.24953186027454,20.78460667598125,19.033162328873686,22.559631984943053,26.330838786145545,612.1874858179522,-7.619199328527839e-05,-0.039723524210998035,2.950054603476753e-05,-0.009818114868625489,0.00039169254370802496,0.0,15.84575415197675,4.570809867060321,15.928066703136835,1.0743135044931895,0.6360495630705546,1.049895913291902,0.6370339362805301,854.83205985585,0.16478510619295642,17.714264694067495,26.691231181346087,0.07516425783142988,0.06591395596017273,0.060753153141489116,0.004387382152755578,0.02176941420769442,402.3359131055747,0.0632460731438015,6.071201582050163,0.019671914432703972,0.020818784480287955,0.0025130448261783617,0.00015118408465660064,10.118554479891129,44.43957460731231,16.034621149192535,17.68624833574716,14.651190832537258,4.995524605281366,3.035827701910939,24.903653764983865,85.50988947541461,0.0,12.644866972770643,0.3275000000000001
6.251934696418365,-4934.664410573483,2512.6298149119075,67.32638782287162,10.627278902700379,28.09846981602379,19.681728144942053,27.658219676365434,603.3889527515936,7.870858906976357e-05,0.028322504766825376,-0.0004743905408861489,-0.011492221030169556,0.00013697076964436724,0.0005327799312430957,15.753586257678718,5.580278767316994,15.768357240701333,1.1327877975137117,0.8045067394166329,0.8579199754929336,0.6278163249376797,686.299131213809,0.22869498807520636,20.691032726246434,28.03848905604708,0.056953449416547924,0.0172,0.0167,0.013874030872032164,0.02300364634428609,360.090470329764,0.08317089938520819,6.250317234561999,0.01595741732431464,0.008,0.0069389872278167375,0.0043480900676843345,27.40883772091802,43.639566417083515,6.625746259896989,9.819125581576175,11.777092219983468,6.023384357709663,3.437432733687718,21.498939393946948,41.65453513633674,128.5552391590737,5.326916387893026,0.3275000000000001
11.587228347917371,-5615.2975659753,2827.421399078702,68.86056272078774,5.703600610277361,17.71939091300172,20.772092475660497,25.484646498033435,620.9588213609487,0.00027896404093118236,-0.030758526630222174,-0.0004138062204799991,-0.010802349529626741,-3.203723189753547e-05,0.0,15.975800224695211,3.832890280800784,15.954846627092635,1.222209813722489,0.6716717508503052,-1.1888707105293366,0.8321642648223209,76.0,0.0810454062460481,22.473598369904707,22.819560038252394,0.07358331739452778,0.07513560701411709,0.0167,0.0,0.015268065511564162,37.027000000000015,0.017780498853036203,7.11202361005365,0.02327206679992076,0.023176278350644196,0.006863028144290077,0.003936144805851456,13.07055390806326,3.3354999999999997,11.946331289659469,10.785004193727925,10.046296254726276,6.607690171389207,3.468606622360708,13.461136148910217,74.58631652508484,0.0,3.6093,1.519800279238283
5.883080663070094,-5815.550333151918,2961.6272382436514,66.567543107599,23.34439171316387,21.1259856333528,24.52115330222484,32.76555008473282,615.7484694526214,-5.9348739593329114e-05,-0.05529539693804442,0.00016452093145726384,-0.008416998158056766,0.0005014503964619713,0.0,15.740478082123952,3.567584931333668,15.829044824707164,1.062240851816586,0.5735044778815912,0.45163606089995345,0.7453598914486038,422.6783610933513,0.22434784026580235,20.741306541742738,20.498782837322867,0.12654837404039043,0.13721942388477015,0.0433369546942409,0.0017987540354055189,0.014796263776005274,266.5954093317254,0.08619173975167038,5.921108079439743,0.04103918597788941,0.049675594295008604,0.00759839574648482,0.001705831003338945,11.131507237991173,9.826125600303287,11.48316286808919,0.3003999999999998,2.4495086135015187,5.558196938070869,3.1370790244764613,3.1599000000000004,70.48937982999887,500.2248502988102,14.870953737684413,2.168442633711978
11.635014021170296,-5500.085103273593,2825.997713172777,68.90581795406644,-12.1527,15.912936573020069,17.084873346221045,27.815271400367184,615.2193951724644,-0.00011711253737627095,0.029154510052197317,-0.0006440039391014094,-0.016,-0.00016394035197845287,0.0007008740470607574,15.83119007681636,4.9375009972299315,15.755329565414554,1.5067664475346687,0.7804438832577393,0.6468995497594023,0.6604606424285705,630.1506807888063,0.12913795456058536,21.549079877199077,24.114911946590915,0.033900000000000007,0.0172,0.03366403627018748,0.0020096246244363423,0.0140593121101881,451.12157390579,0.06631717185556933,6.9339121927688465,0.012627178092937051,0.008,0.0025,0.00209802836433407,27.144404072230714,15.325632706893856,2.5786999999999995,1.6084265457144786,12.20857849696889,6.071285845989747,3.71949603805932,19.375815094588855,80.52827259281297,0.0,6.017075429602215,1.5011636440933005
12.10036031399144,-5990.167971317958,2805.2678251663847,68.43914904542214,9.43482875855672,9.378307995782496,11.75848292366016,14.25871133276522,614.2914637481514,9.48915258942112e-05,0.06817521727301079,-6.89672545244778e-05,-0.00685384117363168,-0.0009225143085727018,0.0,15.929442441644058,3.6680243465300597,15.847329123364444,1.3216047175736652,0.6293150037966385,-1.482834006407972,0.7382431424250804,76.0,0.07909572748883519,18.914887197359313,38.46079289252077,0.13353653904606055,0.021721699358076767,0.035935284900306314,0.0012718880345706915,0.016197421012181384,37.027000000000015,0.0175,6.016332638852672,0.04482051092666009,0.009064541779475993,0.0064559266604553925,0.000621073607821508,1.328800000000001,3.3354999999999997,4.8768837796862226,1.8613510351804816,8.67956114486858,5.832386073771998,5.268656358292847,21.659105525285412,45.800246809235276,458.1932659237735,7.539319520499613,1.1092799705836258
7.3468706482286805,-5780.7205051340125,2533.876264779598,65.34510785735715,25.07285847630509,4.4283,21.192425948125205,26.650745086324378,621.3181720914009,0.00017155830957857305,-0.02344517805732647,2.0903367180097423e-06,-0.008834573361626618,0.0005812846637762181,0.00025521667480437606,15.84693563328013,4.747695465342691,15.93087651940033,1.274548221084568,0.7447453875508399,-1.092848471268183,0.6029,76.0,0.13967067283736206,17.624826158058415,32.775420196403026,0.1274826253036792,0.06021680099699564,0.058961131064636706,0.0,0.015761084372276045,37.027000000000015,0.07949755232630673,5.526555811800103,0.028319032988892136,0.040076900610326205,0.00498796821703935,0.0,9.602553507968251,3.3354999999999997,2.7343143344799365,19.885169676503367,16.719752959773427,5.054210123589573,4.727954618695353,34.01671883555665,74.69138685173834,986.6667,16.136814240787388,1.099488482452939
5.068775551149147,-5603.781277793412,2721.447610272748,68.87152216003395,-8.212655800657654,17.683999659215008,30.435239981454785,37.132072716479485,605.8457993670778,0.0001227817011760727,0.016738510866272135,-0.00039127303057451176,-0.011877356939515775,-0.000652928937560511,0.0004005718467855856,15.734076253866874,4.608869806519386,15.740356078113933,1.3752182702504538,0.833320034720117,-0.7892682964224802,0.7038134835990022,354.6987848299917,0.09351963591925014,21.713527929990168,38.04201092123071,0.10992684703050659,0.11904677781186873,0.0167,0.0,0.016114227879896904,117.89332103727497,0.06910345494896014,6.69495611739362,0.031289575309905934,0.06394692485739127,0.006242987751207687,0.0018546053787973533,24.555238366596033,3.3354999999999997,13.466650878097164,0.3003999999999998,10.967927626356566,5.935746767817365,5.3493322316686385,5.016804843812415,27.362805773762222,273.29307199467866,3.6093,1.750198300610607
12.061605702596776,-6384.6131603178355,2716.9252424211318,70.93976276966374,11.015669405217709,18.87620337611387,20.933937714211364,28.08557563830548,625.1006611045372,-1.3721072163852245e-05,-0.008175999908905213,7.446075708858483e-05,-0.00869683092538954,-5.831489549168026e-05,0.0,15.763097041244484,3.8866686406372493,15.810360065806284,1.3811721155797985,0.6311338494500026,-0.8360042381109758,0.7227400973877239,376.6840430825924,0.07887102987557373,20.70193480106467,22.68973075698161,0.033900000000000007,0.05405565361821568,0.04976449792354198,0.0025243367864312026,0.008544047980756156,61.28997558143115,0.03402423291400594,5.93856065641837,0.010499999999999999,0.04009869400959554,0.003399668269769533,0.0020191950870912076,3.45972599402522,7.988318865477641,2.5786999999999995,3.5445270581664614,9.227437219925772,5.911856741231725,3.0348368729557063,12.36850269084807,19.598928035112586,161.39483943855322,10.168479176120506,1.9822504566862542
10.428940740286265,-5246.584300601548,2405.7259803752017,70.03758654597394,-1.069181691557143,19.59127731405161,23.298703211429185,30.930924083693636,598.2872257061481,0.0002487886353958833,0.0018661792657186046,-0.0003522486036432949,-0.010425210911139545,0.0001485478385376437,0.0003112057608281417,15.759450882953196,3.5249312771711976,15.664284489779995,1.1570020104893426,0.5903024658022965,0.2673170906457052,0.7578829728564828,76.0,0.1444407521579479,16.021658444020634,20.893661409068343,0.06404017003520086,0.03666288707438101,0.0167,0.0,0.016831723162478145,37.027000000000015,0.09423183055521137,5.819434131036709,0.022202780473156186,0.00930617678647358,0.004718663334552657,0.0018554927027676265,26.428846838524645,3.3354999999999997,2.5786999999999995,21.360303272953388,10.089683505705214,4.834346566197753,2.977723507483211,15.171877733617913,64.10601805283603,0.0,3.6093,1.3828312230946826
10.826973536459512,-5861.60317823976,2855.5475965972673,69.16998873928229,-3.020636482210261,24.781020358906968,22.802227875791694,32.50811147999773,612.6661743603358,0.00014564928006937858,-0.0078993005751559,-0.00042752410664057336,-0.013279246697381716,1.1123321142510957e-05,0.0006071111145180958,15.976996350844738,3.863673184565073,16.001986561982196,1.449550695327643,0.6755650484361009,0.0996157859878547,0.7656635692538499,922.4499514143258,0.156990793930349,17.796751321149586,20.775947934539367,0.10216345141138952,0.05509611708762127,0.0167,0.0,0.013071154354195619,461.6343994202848,0.06500358293565124,5.664576107974434,0.033589473237529456,0.029843169569790398,0.008770820503982297,0.0011446318190264644,14.41454417532162,35.52163206068869,17.76761068688868,3.038438392224233,5.3095654124511205,5.323282953462878,3.1390573370988943,3.1599000000000004,49.20040167430119,0.0,3.6093,1.3377251575736224
5.064070865166958,-5251.034463394552,2696.3093855937927,67.10600081509087,19.542761512934625,8.321447230989136,12.199485121994575,23.20356791927258,614.4938166866593,0.00011388392158894614,0.005327155700693378,0.00024038173321059338,-0.00540222341380987,-0.0002267162952371773,0.00012316163120440103,15.684290294099275,3.0398937209432635,15.651916278570834,0.842240483877394,0.520735359126836,-0.9982824128157395,0.8192535204026552,406.9215061205179,0.20573980332831146,18.06646157575533,29.67068912086171,0.118140608381228,0.11882153200701345,0.07910102194916457,0.0,0.012173050140894225,243.5434676980072,0.10364590559017983,5.612987917208058,0.025711565661080342,0.05884585596138751,0.007875102906940438,0.0,33.84659285532197,5.472221331415703,24.56755802526792,8.524913802996023,9.627891694967387,4.901696128487147,3.7221166459838915,3.1599000000000004,81.36368999466558,336.35196601890124,14.822426369364946,1.6704428746883515
11.84410998134934,-5889.4846738111255,2751.159023111214,71.86740246052939,2.899257269938391,21.235783825814686,19.992756552643648,25.66233071876157,628.0712594759841,-5.642968096679459e-05,0.011008613369443759,0.00020281574407586891,-0.011991328766789256,-0.0001663112120570729,4.957125676363546e-05,15.81713917380354,4.751159036351447,15.724151104059967,1.1693667701858586,0.8779021160003679,-1.7277574708909935,0.654181504128607,631.0580864988726,0.059408428065047064,19.408690194284148,17.730306115583325,0.07873141107806933,0.05319557763635251,0.08100343437815107,0.0,0.0078,226.86745725178793,0.0175,6.225921379336901,0.01828084487239835,0.025466424618504326,0.005115766128701227,0.0006619967326528136,11.292911054038182,12.260652269095292,2.5786999999999995,0.3003999999999998,2.024776415186298,5.80038742896366,2.7068124436886016,9.75402001328818,23.16358622545411,196.4053522504419,18.70669210157473,2.8822131505416264
4.229628299577909,-6421.810587666383,2718.337483199157,70.30099494701697,6.771344717465102,14.012896254191824,23.720141201106873,28.01416498039787,613.5030095243643,-8.904162203338421e-05,-0.0033484683212737067,0.00039902212629611334,-0.00949844509050852,2.6164657295297735e-05,0.00012535463945612097,15.848435987989228,4.4880893655682454,15.858814254269232,1.3547124177364482,0.7314141203334167,-2.3865827034113614,0.6721922868701572,728.3665501145397,0.034,18.556220716466438,22.416493892841444,0.11432928632634015,0.05924828428238017,0.04306448796722678,0.0065926255052884495,0.01867708714864541,189.3796153073621,0.0175,5.050549315932889,0.03166636339074586,0.026246252301860815,0.00736115075671331,0.0020844405618849603,1.328800000000001,10.737583677481663,9.472970463941953,9.614443984499074,12.978394763575945,5.138160356148602,3.6726900790987766,13.141205884696351,18.0064,160.101049780434,13.185139181579242,3.1525045264103273
3.045914456275656,-6228.079692035106,2708.0856490736483,69.0561238050289,6.720353482940679,18.564352485283887,22.493431369676664,30.575619761285473,614.8203002679618,0.00018642799010014607,0.011403241368801982,-0.000225858355830437,-0.006906473199014976,-0.0003226481833897358,0.0007149985286378395,15.729713562252895,3.53211244453462,15.709664716765182,0.9747702262035276,0.5292647495035401,-0.05926139219776644,0.7871835785922204,148.27931503162785,0.06172512875732572,18.531507597852556,26.25582873566688,0.058407370454111644,0.07752770152032583,0.0167,0.0,0.0179752525345179,37.027000000000015,0.027217868702134794,5.343419484599444,0.011619831059549657,0.021093654619056657,0.004123925158571485,0.0,22.152035661054114,12.133296074666431,2.5786999999999995,4.496862533165114,11.383981512436602,5.122174032895646,3.6830091197003565,6.695785933186917,106.76731981982918,521.3169885524132,5.03091657205725,0.7010772348909275
10.978094648795766,-5893.124447201379,2937.836530606602,73.78341437732753,-2.4083321706549143,20.15179830075059,21.53460072573818,31.395090853811105,614.4447207486968,5.008434133544986e-05,0.015721718197518608,-0.0004317836811765588,-0.011053836401948522,-0.000580777672571878,0.00013706241258270674,15.904436061988322,2.832429875466006,15.963376336921613,0.8353187632299336,0.530687140647759,0.14714641038284426,0.8507319439461383,428.8066674136847,0.14999142027516552,16.783934334813903,31.46630541779616,0.08956310186240767,0.12288920743088666,0.06709504299141084,0.00030168594515011366,0.016635801378551765,349.35638180663216,0.06169009911689583,5.859386639333402,0.021559994809775128,0.06021773761111207,0.0037476063831885726,0.0,3.274928098793552,21.34071407023171,5.106729733207551,9.389155705580073,5.478238101950443,4.638886172772066,4.604595931820644,4.004246928258676,109.63547666966468,556.4316154229958,11.847537660799654,1.6512977458317608
10.088646348139484,-4835.889298298218,2651.8072353409893,68.41938083123311,-2.2778843466552083,22.895011220861882,27.800191761737647,33.24573909803195,616.3148317651971,0.00020707268389660608,0.055904996500379445,-0.0005011760810002938,-0.013177117102655572,-0.0007420376952758512,0.0003804893484502694,15.881561076904726,3.187104530395527,15.895615815324783,1.1543988033240178,0.568903096655867,-0.792358547074518,0.8303466356829545,150.82569423035812,0.12399716000569593,20.38090605409607,24.27897571918365,0.04072881657493857,0.04345260657997396,0.06693242134707697,0.0,0.01483494535179463,37.027000000000015,0.0677986922859856,7.436005885803741,0.01969828602257697,0.029385099410484,0.005356291617489161,0.003131138284007271,29.474718040648984,3.3354999999999997,2.5786999999999995,0.3003999999999998,6.290550216923175,5.795316333923225,3.2672187519414697,7.867218940263259,81.23292032442217,0.0,16.03490586568951,1.7877516362596042
4.059994518363229,-5781.770813949245,2856.407242892808,70.98501641229029,7.025648989273147,10.710262388019487,14.85865852970869,16.756990785147586,617.0778115843802,-1.759650830295333e-05,-0.05878915140824346,0.0005971172853850943,-0.01197493012291554,1.9138570712552262e-05,0.0011179713204097416,15.739091992877814,3.9123789082389653,15.672255321514315,0.6417019366421571,0.6778096011647347,-0.5779061299018883,0.748880751774848,711.9269418175172,0.06303324872429623,16.559067984816743,20.103207327666553,0.08654299031888947,0.07325547513650885,0.07466962058411789,0.0007847463671952046,0.027601123177656353,325.3805124339856,0.060966513352113005,5.630047895115126,0.025158527386737472,0.032812281344318045,0.006687981843725993,0.0031945071043227983,39.626666921895016,41.703248785120465,4.567458306400688,0.3003999999999998,11.586514166567955,4.7555060010550685,3.1321763064163166,3.1599000000000004,31.01033090342917,0.0,11.940120688176258,1.0485292640934338
11.35668210392844,-5671.352854078892,2776.5922166081295,68.39367024855207,6.430160835765959,12.712130785183493,14.159726026529766,20.91532367138589,615.4320015616864,-6.831066614798413e-05,-0.09313835084469588,-1.935743741432182e-05,-0.009623145385245276,0.0006773658192175189,0.0,15.878790624042395,3.416641563864416,15.926292829632985,1.1112369571088214,0.5782442775278299,-0.45807102649546894,0.7896315171662471,368.0256432816108,0.034,13.355165858140417,38.325273605115534,0.1274487075388825,0.06221549764026965,0.11184447319250827,0.0,0.012454178842515824,252.68667737241722,0.0175,4.7280614631386895,0.03738326594037926,0.033827086181160836,0.007751027839160537,0.003137319647602469,7.590870075603718,3.3354999999999997,14.314297727818898,2.448419592975008,0.6279000000000003,4.364806528866758,5.62908528863033,14.141695669009623,65.16759362720063,14.173457186988514,20.795770512985335,1.9880722417527463
8.09023631568403,-5102.803333272773,2602.0655465630994,71.00748514330633,7.76115578856929,15.740715386633893,14.086533322900156,21.233628587895314,616.506096945926,-2.9758713390079237e-05,0.035251599999830976,0.0001292338649276029,-0.011267202241751432,-0.00012837913901340265,0.00036712620773745935,15.896891228223573,3.781393059825007,15.8944345415639,1.2038557871708553,0.5626312657541696,-1.1661983715773951,0.7098684140002856,1103.8215768839643,0.16811894304719688,22.579539384621874,16.062,0.07829017642579666,0.09563534005779906,0.0682245179258525,0.0,0.014597925977712943,372.7937280780977,0.07410281963787275,6.041196829323887,0.014931309968068263,0.049514943030493835,0.008985524177446023,0.0,23.800346300833027,38.116641347448535,21.900741032640642,1.4371779519917585,4.723365422972325,5.9215683687091145,2.219291711831919,3.1599000000000004,58.39378159047118,443.8505468859414,15.052754559827987,1.0544888019586272
4.3471140821241985,-5477.309931408375,2863.1784122451763,70.54197997628539,0.7238595832919348,17.325727026212284,23.651750823575814,31.76147085413885,619.758762204503,4.8292256898840794e-05,0.011646217020739631,0.0005005348686118538,-0.00900517606098363,-0.00051286812483219,2.3070116076515242e-05,15.69198796115629,3.629108443911247,15.656255649684896,1.05242792580473,0.6405224671065838,-0.06224127480406605,0.740401710412949,1102.8839909286426,0.07937999469131429,21.871150734260596,26.24700943284231,0.10961100733679915,0.029471073307337812,0.035506061449842016,0.0021415306258049096,0.013807263574389711,556.8527149810632,0.020179827111902346,6.649078212970036,0.03150065319906039,0.019283106884713696,0.003003677877626508,0.00451026185553944,22.688366876603475,30.248395299411033,10.503731374746067,0.3003999999999998,15.917245465384639,6.575049028448745,3.4246247739841897,11.919465828296687,26.54428510669273,0.0,4.130441492095482,1.8504103982965545
10.685729980042229,-6272.667684126429,2802.7283358261475,75.74583864986238,1.0762869889593896,14.790574541073829,23.994656534967543,25.596047704991307,616.6768171721261,8.630881964866391e-05,0.026498053312434752,0.0003083706685215259,-0.006483356699386858,-0.00044505020218821187,0.0006905822481165819,15.95803107951416,3.4890897270650365,15.985449903748416,1.1293575698506912,0.58763072470253,0.7885761384284524,0.7532969657852518,103.19016525944204,0.1606719869104807,18.28950679986351,24.910709218642474,0.14470109706123652,0.0172,0.12926435538860168,0.0,0.013486042054493493,37.027000000000015,0.04263321947205208,5.926259273862999,0.03371167011933224,0.008,0.004913274382446837,0.0,1.328800000000001,10.935841666645068,10.31062256694399,13.029377993515126,6.9269404971949475,5.791921032414528,3.5187145152708257,4.509041860789902,85.80242552045823,312.28948006283844,27.13819494718725,1.3006298732732071
9.253408482985655,-4698.959811907046,2451.0661980418786,67.77871089650623,5.389352646555993,12.619068390476572,25.18902145336341,33.52859599720734,616.7019728462534,0.0001273532608813009,-0.09918971607087271,0.0005638464367055077,-0.005723299414551349,0.001059488766691912,0.0,15.797459869156656,5.086935174286051,15.845122700938349,1.6384309620885311,0.8855180271407377,-1.9993504877323394,0.6029,892.2216090617237,0.15936211987116725,18.27486542947976,34.575704654563516,0.08019955004513658,0.05667821321417431,0.0669607335235912,0.002871045581283409,0.0196769214167989,471.652171575908,0.06477116801898046,6.047732174954302,0.01904893146427463,0.025613843570548297,0.007262980990088897,0.0014592164093407208,32.10781600407719,27.626924805502036,23.17487124879115,0.3003999999999998,0.6279000000000003,5.5052858127627315,4.3412858727328505,7.439487996253966,78.84488022129943,759.7653976508766,12.428365052005965,3.5230424452231057
9.66800355953398,-5173.638596326194,2504.128433175969,64.98696072852528,13.243120349595447,11.420403799232973,28.215615947608647,31.03717039069729,623.1752180194894,0.00028552790389690637,-0.010511362861516235,-0.0001876975352473886,-0.008761088437116236,0.000615494443015829,7.954054369643127e-05,15.821698608801796,3.5282590361120727,15.781723420702841,0.9632653755508367,0.5328933835134921,0.8386528212552378,0.8085415875172212,76.0,0.20149342075010676,18.945665869685218,25.413767042687375,0.10325574004912377,0.0552659116835099,0.04701165811561663,0.0,0.01853829106660005,37.027000000000015,0.11196265802822589,5.804504305371612,0.027206481350291998,0.028521644801393926,0.004803696635179697,0.0,33.29052454043905,9.694662629224483,11.12536730684844,6.670839534162724,9.698165415943055,5.436967004689037,3.401312524810573,3.1599000000000004,18.0064,507.6620892038469,14.116396528575333,0.9072140916222067
7.813255529962374,-5541.41596793037,2813.735711157271,69.05296430809517,13.242280174178035,21.93479479672022,27.462283766510467,35.4013605093192,615.2922156446576,0.0002065475169016168,0.007639555202939023,-0.0003029649906940758,-0.007885456136618063,-8.041004927172194e-05,0.0001829722365460096,15.939640270392779,3.774466455996786,15.998719949671132,1.357973719453494,0.6514291911563972,0.11469110321368226,0.6839934078083125,76.0,0.0824399730078583,14.179783744251786,22.727737021712485,0.10771015563150099,0.05851166152947333,0.018065478047582205,0.0011507343921933555,0.01975542220368677,110.77303785547394,0.06694011004679751,4.117480131067479,0.036250257516218846,0.021767714971266873,0.007361381519022371,0.0,18.223629302235977,3.3354999999999997,16.477362290567388,10.148321430215661,1.627153200786986,3.9935349737760664,2.926999415352594,8.731072341764467,78.49544952062715,246.32607255712804,3.956457776029903,0.3275000000000001
7.230056315724196,-4820.633374534672,3108.7272599764365,72.53336335364298,7.719144075907995,18.980355514820488,16.845433049412467,22.752859883553334,604.2740667133318,-4.007339712706327e-05,-0.024076265452731525,-0.00012782687364985582,-0.010337888758687588,0.00047939323357527267,0.0006938497670973203,15.789436806531741,4.85062723515117,15.862088652051831,1.3080208818383519,0.7347095636798862,-0.047760098577470544,0.6733718523026356,1654.474959873642,0.06707197619102365,19.52104256527448,37.0258961156117,0.05123492916640714,0.02440162708571505,0.03279853167733388,0.0060388123164420715,0.013324950366360626,688.058505575903,0.0175,6.295658354887898,0.01495903350351964,0.012642432651094373,0.0050373299583776005,0.0034275059852883136,11.112372202413587,48.72573337159949,2.5786999999999995,0.3003999999999998,0.6279000000000003,5.796523006187757,5.102688681055114,10.992314759522625,70.70324059888948,291.40643048467336,3.6093,2.6284337020676585
9.253952261766072,-5482.270693384184,2599.311001967497,70.93740511533794,-12.1527,19.002112834523253,25.319982905200465,32.09368354724011,615.3561225358159,0.0001535547958158869,-0.008338537731570086,8.577678461371668e-06,-0.012592823366844356,-0.0003030902334463788,0.0010390857822832555,15.852466277258712,4.487464366343237,15.79614508209036,1.275736544952551,0.7046157425918449,-0.14912294213863636,0.7357048023320392,566.1162209874631,0.08066766437584408,17.98873354953521,19.712248721643782,0.033900000000000007,0.03610855036475616,0.057907250244516296,0.0,0.015810137799577507,37.027000000000015,0.06434491969284059,4.9566295535038885,0.010499999999999999,0.021638444935233533,0.005368023686771517,0.0005574244564285913,39.53363469240253,20.05522014566141,2.5786999999999995,4.482833067985051,0.6279000000000003,4.61677055775142,2.30260832156027,3.1599000000000004,95.7477404772869,692.7516098823221,12.519746390918815,0.9619696856363497
10.383344965143166,-5215.877725975622,2861.933986945882,72.65852181540137,1.461277811080597,20.972111997413386,18.565296585358226,26.019120744260075,603.9390105983266,-6.271336516291769e-06,-0.016950721744150927,-0.0001349543351449936,-0.012356611511046861,-0.00022209828839182737,0.0,15.820169769694381,4.225106854540913,15.825884104705736,1.4554932707483932,0.6209531330480046,-0.3039000776233224,0.729429052193488,684.2506406621186,0.09697060218899384,19.243056983131414,29.837368270774657,0.04712789372698996,0.07675397255046071,0.05980554399052958,0.004392465493675992,0.022238856671343746,252.26264667195213,0.06386895675029228,5.470349966417003,0.01854151422877105,0.03959591702051629,0.011568090345240253,0.0037991330800360495,5.127787112332266,23.881998934544402,2.5786999999999995,5.764731479384162,3.503177481917559,5.423452001082582,4.610227809272166,22.75837277572289,98.1749283218586,345.7643460085408,14.763292982335368,3.082885351772057
9.055438558771886,-5290.734099827105,2462.532285478368,67.86008024444818,3.6036907065311734,18.426895561209978,11.041863320334105,19.165467646799442,613.8871672996027,0.00013692749712765681,-0.010387790173609801,-0.00014501187052342666,-0.011653818340712413,0.00015374170862371214,0.0005072399325443309,15.896412377417615,4.317117149043174,15.850584694161434,1.4863765769328325,0.7271857915639378,-0.5282924861866434,0.8045480234321876,207.62467668205443,0.24459002857791745,17.975281187673545,26.548138953007363,0.033900000000000007,0.07594501293610531,0.0167,0.0,0.008333876417390524,76.59794129908249,0.08045886757194375,6.173284952407589,0.017139053042711173,0.03951710436331325,0.009120958198335447,0.00224371529761619,15.791070971392383,4.90361217675877,17.87771794289095,5.525069403044252,0.6279000000000003,5.356881801670088,3.5770765095012544,26.50511882199921,18.0064,479.4656537531015,3.6093,1.7958360512779563
12.048616159681444,-6381.943950178869,2792.0952327905443,71.89772542127577,15.337883590551847,10.550856961036448,18.654105521280716,27.169682446545032,626.982707347104,0.00013066710658907486,-0.02493500849978177,4.0546451680583155e-05,-0.010323665225140685,0.0005476417358710404,0.0002859046209714623,15.875682344605435,3.7242661097583767,15.946139896754135,1.1131607948086413,0.5952421193031973,-0.08259888937025328,0.6904523253942086,76.0,0.2184685010153789,17.31200555826353,19.017453708865283,0.11223184005102428,0.08714661162683097,0.0167,0.0,0.01592211185348135,37.027000000000015,0.08945608912658867,5.614370296387183,0.024894827687606317,0.038411684985379384,0.005071377806911783,0.0008106006957235589,12.801478236324112,3.3354999999999997,27.424641168454905,17.30257645894815,4.165163664924208,4.851018553540659,2.5999279962760213,3.1599000000000004,58.783746945805476,0.6517815278802459,3.6093,0.44752439104134467
6.288552998035286,-5470.9173620115935,2487.329805166968,64.73194737893702,14.69927261004458,8.236706336896162,22.603990125593505,26.087932074437195,614.9239712180611,7.795579589535957e-05,0.051923925568906786,-0.00013656223957167393,-0.012656955554001627,-0.0008074352773746238,0.00025097923869209796,15.744356084550654,3.5919699652487895,15.83304364082236,0.9516214616716779,0.7227604060461542,-1.4490609109639405,0.8039906120790955,700.1142281491577,0.08912505626524794,22.45517604324503,27.161804926176632,0.0672905992220959,0.1286104388050466,0.050156687147586664,0.0,0.014623039369688841,158.1913378768817,0.0175,6.5526637993422705,0.02042730461019502,0.06612663793960738,0.00801895332102987,0.0015668757539387722,9.946666392493567,11.69116461743381,11.54380958899101,5.961563578226077,11.347736796630835,6.28688274737603,3.7512258328060124,15.133508632143442,145.43571340019489,227.1241408792579,19.273500996206575,2.1416925591835962
5.764402834114835,-5260.660558952554,2580.2683835423045,69.29984302420368,8.160702738050887,14.014648959078333,21.687933228276385,28.37265342967239,611.5039239629405,0.0002493827770875316,-0.010286340013424952,-0.00030759687457243833,-0.015211661746453605,0.0003802501190102731,0.0013031911556206878,15.804818463590417,3.7326976792137865,15.812916669504947,1.113258128914098,0.6041575628281766,-0.6868384282158564,0.7408392545696212,243.4628553861997,0.22839113782908083,19.518522882070464,24.89516432029962,0.039960260597791696,0.11266512680398261,0.052618721102846114,0.009829075239395071,0.02177514359477469,285.73947668959795,0.05375419137122803,6.39952533406937,0.014773124532450138,0.049871892065960696,0.008758479487013226,0.0042764266538724924,30.289380543252705,21.98119364412132,11.713300103616653,0.3003999999999998,0.8383871531502303,5.769827795679515,3.941992860234642,11.27832619898223,52.604572824002794,986.6667,13.091908425366835,1.3879537976549567
4.882872419509451,-5056.925757745452,2795.3198762488123,70.26140961891373,12.923517738483415,9.913184494522017,20.239168461144082,20.730311186486468,624.6833381929035,-1.1015083145359943e-05,-0.11350000000000002,0.00040420714143754366,-0.006263244891165618,0.0012033493974801133,2.73135503879319e-05,15.842612401070928,5.508892370861451,15.866905259375168,1.248138586341182,0.8451469430647445,0.10024146591716743,0.6775875371690161,385.82513892837574,0.14333313528127734,19.0723953637196,34.11145471852564,0.14753367027750192,0.034061016665913185,0.05138614341271711,0.0007121912593343642,0.024040980119563488,479.5999287447365,0.06910255310203642,6.483109657621527,0.0343927596069426,0.01627442990789609,0.0025,0.0017575091932852227,36.74258753246043,33.253445031506885,3.3599094162587875,3.4692047449380308,15.790276221474652,5.689381643391393,4.679603639874738,12.432519719487793,62.20316383300575,0.0,13.449105993408217,1.7327527443761008
11.524002347495948,-5895.966935632327,2945.3842624386334,73.56563049741429,-12.1527,12.899745909182638,14.078727208093541,17.510271387480525,617.274588456226,-5.4656786441207065e-05,-0.005312298678179074,5.0404457764083896e-05,-0.011374441339747392,-0.00045126832036168635,0.0006173472635035967,15.79260022092401,3.559219882074772,15.714832376278238,1.0870083204269774,0.5295688712492952,-1.361061031955935,0.8251249949234153,621.7342268079528,0.09043088038843926,16.30174182063315,25.152837477867426,0.0789765183615925,0.0172,0.0167,0.0,0.010574259386558689,343.9702248320698,0.043134618164246366,5.441410950053421,0.03447460846173503,0.008,0.007857131894908451,0.0017614261446514702,24.034661710127757,13.67676638128645,3.6472782506270693,12.865185152642578,10.632512138056441,4.554322196532489,3.8251107360395276,8.208391666793148,42.156401144497735,418.83453812811837,3.6093,0.9310342863746438
6.477310422309538,-5814.529115821844,2887.666495906159,67.81164355297409,9.999632564405225,11.018983911629473,19.36224166745453,26.769546952453705,620.9575010900465,2.9996266595947126e-05,-0.07521478247917923,0.0007939498970916644,-0.006057085348285153,0.0008145938327248255,0.0,15.856213758788359,4.390983602485479,15.905743169890957,1.1316403820601828,0.7317387945547437,-0.8456614512178402,0.7335886658975836,1133.1955467248692,0.1867718622911706,21.144334821136507,28.568360078087856,0.12879613228736306,0.041070435189668644,0.0167,0.00893964864501849,0.018849541965904236,502.6672434646074,0.10965261778433333,6.668360731424301,0.031972058471904236,0.02091168431479071,0.003967847671131817,0.00046794349401878407,9.85597050485412,11.750906913087531,8.92643399614991,0.3003999999999998,19.867960704471937,6.570894675236918,3.9549493308818615,3.8066344274752693,76.38257718017611,119.89470046042229,3.6093,3.3716064088987796
4.959133487730201,-5568.924323482753,2939.00579253161,67.9269782497962,-3.089201974240362,16.86568500099071,20.15958564622768,22.021424035226907,622.7136593804936,3.124575534208847e-05,-0.11020049952427904,-0.0002232618299948176,-0.01031634415918,0.0011894959356336715,0.0007588191499890283,15.900914304359878,4.73035608272722,15.834768505442696,1.13834555885959,0.6938977476679955,-0.2569053418965442,0.8188945659311808,658.1542761998404,0.08286485164556034,15.493127175759243,27.798867458442132,0.1194352271681855,0.0172,0.05037651054450197,0.0044305396121421935,0.019989099490751366,334.48416574247494,0.039395118119220536,4.514151406524397,0.03570708276201633,0.008,0.007842208458551546,0.0016034379539166448,25.575641106209808,15.754694693325138,2.5786999999999995,0.3003999999999998,0.6279000000000003,4.559185524548467,4.1330151572375255,4.292493237123363,64.5316025276532,0.0,5.619341793655492,0.6617199135488331
8.994800064245554,-5718.571781283157,2681.2174076087626,66.94225621132408,-11.247784789194695,19.711584545499235,30.244326393783574,33.3028739736058,611.4958521279221,0.00013062386312659145,-0.06307976775409246,-0.0002792983936005999,-0.010380895883975104,0.0007373305092414152,0.0,15.949840181401635,4.412198862926445,15.899500923968452,1.3204796642585857,0.7419430663863248,-1.4558508128650587,0.7093123049291832,76.0,0.14611206502977836,19.43605086585364,24.69134863125746,0.09934279619111178,0.0172,0.1091282711199257,0.0005987105308174626,0.021154984517326423,138.02081344984697,0.11233513067681944,5.232231927494006,0.029920206087611662,0.008,0.0075164875349707765,0.0,38.90575355062654,24.366955433494567,2.5786999999999995,20.044910612672602,4.5518058443509055,5.5494402682811925,3.1712554225577403,3.1599000000000004,25.511554075106442,319.1468423921826,30.23546401283018,1.0958943738714506
6.84562420463593,-4994.084622411778,2845.4359944738417,65.8593700013554,2.3867054397814123,22.14158213042353,23.982782511654904,29.904812754512843,612.648871930487,0.00013862069352719712,-0.07432100695262811,-3.220004448778707e-05,-0.005474811118169405,0.001055959014330361,0.0004685669601399785,15.936870036110241,4.049254162602829,15.876216267663935,1.1957455110384838,0.6769608630336972,-0.7350985451500835,0.8288405836991785,449.8226222715525,0.0792959265057819,15.986631658762194,25.598396684165078,0.07327625736101628,0.0172,0.0167,0.0,0.021179873517734232,212.64313311664944,0.021422121954282725,4.464445739414524,0.021017782871520275,0.008,0.005091019259065963,0.00043109395416741686,26.51896686333083,5.20786459772188,6.091054020102661,7.932153147894669,0.6279000000000003,5.070407806459409,3.709582645525252,11.559911566673833,96.34504028415972,375.58432521056,6.325069048424371,0.7174564068727693
14.1879,-4907.350654109816,2739.0445864658345,70.55971821048755,-5.326120777733646,23.556885245241403,28.94714212294994,36.48098659856601,616.6984645221008,5.318024793963639e-05,0.06514334403790639,0.0001245909094470042,-0.008522863426832715,-0.0007886380926413762,0.0,15.652933550223569,4.1957278007268615,15.6609050805017,1.112098242105263,0.6978993735907654,1.1997234580133083,0.6629543193247984,381.679821608768,0.05728099414300479,16.45432506105142,23.956864740600945,0.13769044355815793,0.05673014943623148,0.0167,0.0,0.01979167449955973,140.59498990186097,0.048498754791125975,5.813343090130932,0.03617596395076906,0.02330858592721545,0.0025,0.0,39.50727990895123,19.047799768769515,2.5786999999999995,2.692753957376625,19.275360341862743,4.7504838310900865,3.159080133365784,35.103822116226674,81.90675486014214,379.9425241366524,3.6093,1.8327506109084624
11.226776091499515,-5620.264504513503,2792.4057823496323,69.46402373283195,20.15128856526043,14.229101649277247,17.85413530285154,22.499349040442898,623.8676456745759,5.9069097944216634e-05,0.01548119732402198,0.0001961948404436588,-0.007688420150828849,-0.000813835868432237,0.0003325535042942509,15.950640942722016,5.015811414205093,15.994795095535501,1.6123168916971893,0.759610405457067,-2.080866458015367,0.6778561093090909,923.5272170785888,0.211733107112414,22.817020834667694,30.036467641255893,0.12336708598663287,0.05341355365561149,0.052055889958692494,0.017169329729786034,0.014140964026702283,318.2784875540957,0.09261522647342038,6.6903946516229515,0.03147721178583995,0.022872214464890794,0.005539787166509878,0.005356449612812818,1.328800000000001,17.727291664452963,30.353023555691493,20.991133800804278,8.748134291094518,6.41065474156587,4.5764164728348495,24.043501349739685,43.155299217310834,296.41329799318856,8.667040083134806,3.310852540220956
6.117572285012951,-6777.189742918952,2918.0835419636187,67.13364183372224,14.025617842274068,11.006183804652586,18.11915761480319,20.937842197539645,629.4721909333998,3.339750637960151e-05,0.021144988460464306,3.873288369286675e-05,-0.009510467460351849,-0.0004244222159004466,0.0,15.787974447318016,4.7720522981389015,15.789716015881604,1.2308203665546347,0.7619587397112586,-0.5722013119614173,0.7295262467471209,76.0,0.13857083985619267,19.32295721557568,24.360617696414536,0.12567199057054687,0.07311827891298042,0.0167,0.0,0.008327553532078272,37.027000000000015,0.07023466001469993,5.894561737286962,0.04231249412351688,0.03490811986138584,0.0025,0.0016452508324342064,6.60190900071278,7.07252342024608,2.5786999999999995,11.961357341736443,5.1807476328106405,5.54493423866518,3.5389088142491514,15.842539717920996,18.0064,87.92830096705063,3.6093,1.902378679199447
13.066314358121383,-5685.690689258319,2866.130096811592,65.25746107774856,21.870992322332363,19.01474121202354,21.416425241061244,24.041845525437076,634.3218,9.75769549071438e-05,0.04562384047345636,0.0001524649505014579,-0.008462771324510229,-0.0004382931671607036,0.0006748887376148343,15.84808749702153,3.776320625746206,15.850341893015312,0.9362794778912,0.5780885033247233,1.3432503548598125,0.7574000156386292,315.2859977564176,0.21342248828378302,20.392780146342773,20.06028653457152,0.09146626688307621,0.06139342632484546,0.05558872269173171,0.0,0.013676943721648231,174.21493811674208,0.1106178599882271,6.472901136932343,0.03170386300242973,0.024147316595948584,0.0025,0.0,19.76264711327976,15.08883052105139,10.957939685408594,0.3003999999999998,8.522495411759799,5.29492350022459,2.8649295804122534,3.1599000000000004,60.32877233016604,67.7443244354101,14.745669420369637,1.8408768260945698
6.119860624384849,-5280.5964568631825,2798.845801810701,69.65877884710773,4.9924496314455435,14.320847716862499,19.041106975434573,25.99058338185728,606.9969291036377,8.009946844952161e-05,-0.007660544744612675,0.00020717566836571285,-0.009246444150399913,-0.00017458188297773047,0.00017884908730151971,15.65788955942996,4.154290158360608,15.641333526702823,1.162600121830781,0.6365611590703982,0.5587566894124862,0.6577741683781556,306.0441302937654,0.034,21.609830275423768,26.57453395208706,0.04317099338602215,0.07323986568420211,0.09612331555698614,0.0,0.023321419403252837,170.46857699846598,0.0175,7.04478289456627,0.019613975846537082,0.03264443553288005,0.01026234126397659,0.0,1.328800000000001,12.062963447005256,2.5786999999999995,0.6012445699536055,0.6279000000000003,6.1421481135143035,3.81267386233341,25.273300019755595,82.5451606085495,52.25384864575088,14.009435435777213,1.3740438142384817
7.792113673041842,-4512.466855026001,2461.4200112204117,70.40979750258613,1.707600710602293,9.715954979500491,25.811417384681597,31.14847855193551,621.0828418500329,9.315738435601676e-05,-0.10697654524375602,0.00034337860456971404,-0.010119055846995921,0.000976115273583631,0.0,15.86329139550139,3.8828486638607953,15.864614555920795,1.0471307895559858,0.6923993624133943,-0.8132914375524296,0.7401422675543415,139.90488623099566,0.12110252022551714,17.44891055047445,28.716178087433924,0.16607601937416605,0.02969588663381088,0.018337972947322548,0.0,0.018993965302766848,190.3121692311144,0.0742217919983861,6.150341932499757,0.049718300692518674,0.014064756979592651,0.003787910949790416,0.0,29.83066147797918,3.3354999999999997,4.080787732380875,1.9791874967144656,6.279340472123223,4.913814271825558,4.591553504280943,14.61057339630648,50.39769642642077,64.73337504105874,3.6093,0.8370108722219077
9.945921805090087,-5197.991772652208,2727.2989016041065,68.45187087591778,-8.396409460086614,19.495668716805632,18.368685257325478,29.47448663953311,611.2998248735352,0.0001013435579183945,-0.05109026485192949,0.00011226457193389141,-0.013502154469016207,0.0003373723433753166,0.0,15.773630858771941,3.652742192483949,15.77224941400063,1.2305131896278565,0.6021019883364852,0.4598567230864603,0.8330603932838002,441.3738188936906,0.14556064824531728,19.81803757418357,29.274011986334465,0.12195875867283287,0.017731226354246392,0.0167,0.0,0.017808688952371775,212.1092819184471,0.0845579220955581,6.8712270539996565,0.043481934851760266,0.01867091115524127,0.00864833308088874,0.000484097611291134,38.30498088692971,3.3354999999999997,5.9571700730447095,1.2991219875908637,3.97015903920857,5.948760015156732,4.2362000562855275,9.580668719763302,22.683961932380882,188.54569808276733,3.6093,0.3275000000000001
8.521377839691137,-5924.235647594813,2496.621919968546,66.91411911447338,10.096022689376689,16.670758181476973,15.752689051516953,23.139921723034558,626.5393910209159,0.0001410396606211732,0.05030862767880085,0.00024205504131071497,-0.005850682491465476,-0.000855185312208269,0.0,15.72824475205922,3.2736072647762597,15.793100545509478,0.976404396793263,0.5865865523870488,-0.7618862410294023,0.7992808176579362,76.0,0.11187258769991616,16.301792958661583,22.799772127343818,0.12586101217455328,0.06210911015835412,0.10887035593579074,0.001136312562117515,0.010400242311621954,37.027000000000015,0.07017834463235594,5.562799135303486,0.024870752666516158,0.021584151972408965,0.00834755067787815,0.0,22.943355650118946,7.310695094056584,18.745993458702408,0.3003999999999998,6.877069834446889,4.705681625672714,3.2986956159805416,6.715176389564913,55.48257286680234,120.65189361456021,22.03590363065902,1.109411427240882
8.007392366036406,-5029.600963964729,2288.6988695948103,68.58466308249666,8.053851017073114,9.534237466107095,18.986032327128004,19.64157100270722,612.0782007480908,0.00014484477929289978,0.008749272954926335,0.00043880200840307616,-0.005588819442533769,1.5234802985663993e-05,0.00010212798440811369,15.777761995293524,3.76318779791208,15.74362454442288,1.2768635527337606,0.6825628697055105,-1.254364540140537,0.7364887055289359,76.0,0.26968216168408377,18.115561882093385,34.809478959631235,0.06728826961577221,0.047786918755730025,0.0455240401785525,0.0,0.011276678516601892,37.027000000000015,0.12596210442831174,5.1057349588642,0.01790248873824267,0.03134896732150834,0.0042863874986339085,0.0,46.63988685852017,11.287867002179444,26.05399455326365,15.848307965276245,2.337484438850682,5.398541685104632,4.350578289088508,3.1599000000000004,18.0064,986.6667,13.315594510056478,2.2354957495548464
10.212975226301978,-5762.598624417429,2970.070608581993,71.2614460969204,-2.7976669879796296,27.146741479032617,30.280900211994414,38.22709489611891,618.5863334254318,5.363516187340469e-05,0.006788578613263315,-0.0006651707906969593,-0.011438258650042152,8.472161954303686e-05,0.000557472573235775,15.891766998857896,4.739281037216236,15.848633071084835,1.4146979784246039,0.7483936295588925,-1.363760341909416,0.7532586543079149,615.1844261201304,0.05054593130215228,19.132645537253044,27.993595052324892,0.033900000000000007,0.042009944186835214,0.037075041089582,0.0019089547158751357,0.022147306242276645,242.10439110401674,0.0175,5.892036540422966,0.012518765967154486,0.01862586283184629,0.009749039031203506,0.002219511837602484,1.328800000000001,7.107846648714483,2.5786999999999995,3.587186520073291,7.047400939581719,5.618161542691664,4.365653971354083,19.70988334055111,58.09662080760693,58.26037245706098,3.6093,3.3558553264352633
7.669057895740449,-5371.398036824753,2413.76086426557,71.9325264269495,-5.664604978128308,9.203689975724926,15.658709987710072,23.583468893335155,610.9576811540684,5.3305687706242314e-05,0.07806924829867509,0.0006342996584639612,-0.013681278255103953,-0.001197484524353482,0.0,15.774501124152494,3.4239633600898847,15.787236982778047,1.014284116382723,0.6465296240896022,-0.582013679487307,0.7840559255700266,211.47097557852265,0.13370430642132383,19.829492393830368,18.50309038207603,0.07516121258679996,0.09929541969289482,0.033172575781222804,0.0,0.008778020686223215,37.027000000000015,0.08725796437327366,6.232644855909204,0.02364249233989162,0.055771088095564844,0.008079023549490241,0.00023121498344424963,26.059833043025417,3.3354999999999997,13.401089171994165,9.093814373629852,4.515766401676387,5.554022126279284,2.1869,14.73834741389664,28.007706335264643,855.3256415338495,4.5322713998223145,0.9629795528435539
11.80234132025488,-5623.716807674945,2748.7553846104274,71.99969812708672,-0.888255092968985,16.08278149749507,21.084072891067947,30.278884116618197,615.4969356004315,0.00019633272906041877,0.008173048605240141,-0.0001452668700417245,-0.014386147286935966,-0.0005859651298728808,0.0001992956447368088,15.905278480015612,3.9594879425374407,15.876668781702163,1.1413273507678028,0.5984818061890326,-0.6172445194846331,0.7187857849731556,392.55692205430546,0.034,21.112263774432634,36.34258115008102,0.13090548492227133,0.0172,0.0167,0.001016023543910743,0.01745569922533261,302.18838635291775,0.058464950005930674,7.80051649927681,0.04082632019583707,0.008,0.007656014598284994,0.0,13.937858524130254,8.980731397735816,4.045901928317418,3.97571701879542,7.8888669912242415,6.24046233960318,5.376908518212329,11.715690713971174,48.77858086933999,0.0,3.6093,0.3275000000000001
11.665607751146169,-5335.580084463477,2581.404464025498,69.35561274386463,-2.8392333135323944,13.284406352687231,23.0824980252608,29.677074844747242,612.9139149192935,0.000158540035074049,-0.01378067955108042,0.00030159018847561876,-0.011580941164328139,-0.00039878392549911506,0.0001313542756632391,15.785791402484541,4.633863640161822,15.737884649453202,1.469138997911159,0.7190656343958408,0.0691963058296694,0.6697321078357558,368.01240633193737,0.15159812947947598,20.818241829800098,23.278278908029304,0.13876620502375658,0.06256379894561993,0.0167,0.0,0.008428334455508928,260.9906015104956,0.06707674573020225,7.265754592931183,0.04237881646856277,0.03055398175961553,0.010151391956336115,0.0015240168100067143,33.328961851526444,15.929762498757091,7.284608617073811,7.977208675584908,1.7332309199270526,6.066786274812786,3.1583371392239035,8.330515954152899,18.0064,219.48339896931228,3.6093,1.4766575369629888
10.23783937244601,-4570.119958267734,2433.8182421241813,64.27012708585517,-12.1527,13.600143237841941,20.095140687792913,24.17717953260174,600.411386371142,6.708502786766251e-05,-0.030264239456990666,-0.00012026406093821835,-0.009515318442561252,0.0009714262645763619,0.00015566061892226875,15.83438902947886,4.880750658575236,15.80735744036091,1.6286106412567714,0.7456956771911835,0.4925860474726276,0.6820844604771052,76.0,0.15852926295674905,17.01839607440858,33.13915482029653,0.12110921571221125,0.07332931453424815,0.030174947206676316,0.0,0.013898973855418956,42.42028571835681,0.11148873864469479,5.971211777911609,0.03979703262933933,0.03624424305808834,0.006696634598058297,0.0,48.931687142948675,8.836234950611304,17.586177610011426,13.04553380956553,7.989413549067401,4.776848577944064,3.9654425638915045,14.573423046885186,41.6603040448924,346.7882754344821,12.486369962684076,1.7295779291693436
9.00641311462655,-5423.246061264881,2529.7370887003844,74.10116427842185,5.990183091933003,27.943717408153354,28.4273138199936,37.15910630967578,600.5494498846969,8.098841076766808e-05,-0.04551973919347197,0.00017647490619362579,-0.007758128342062184,0.0006440011187371183,0.0,15.90152600566332,3.191091113758425,15.901804803343715,1.071788774219523,0.49660404853241646,-0.1883993623672065,0.8395363395684134,515.9677964292629,0.19674941223350986,17.16628389608496,28.292796367269098,0.09443151129583993,0.06558400764186632,0.025304782484190772,0.0005380068148274417,0.017493097431889457,125.09391886109256,0.099959599005083,4.5019869311583935,0.02216765957324717,0.03211422032280405,0.00542332269642766,0.0008147563822602396,22.46689605156929,21.054060835098507,14.351740421809856,0.3003999999999998,17.89979222410632,4.609446057105711,3.6695779796138046,3.1599000000000004,46.173236306191654,628.8397678711331,10.441128746108847,2.464017167853819
9.934119940882677,-5821.343104017493,2551.562682694057,73.07000956491481,-4.463784262791702,17.98356384264918,24.311248926818962,33.36378748702466,618.8680200497932,0.00023521803245524635,-0.001410471063255652,-7.142220064347131e-05,-0.007536551282986418,-0.0003149429306432126,0.0,15.784541607805654,3.419690621480335,15.73390529041898,1.089554685202352,0.5406935646302475,-0.17583455854343044,0.8188984975353626,93.91842499036551,0.15653672065223842,18.603977514254417,22.85272907437554,0.09479089205319371,0.0953659789435492,0.01801102610383793,0.005449815634139453,0.0078,37.027000000000015,0.10405138799798294,6.162857094869578,0.0321551319194746,0.04003514114189801,0.004801482451909307,0.0,2.0865902663133333,7.426321497495142,6.957311291794955,22.364330174065145,13.069922874029928,5.440802796423027,2.884359410200527,14.318788912197771,137.22562852912503,67.24376609499873,4.230358353478821,3.8236562641617096
11.025383076083282,-4873.421865624427,2694.633670024115,70.54933587009661,3.6754815778597716,18.180131036434148,27.664894073610455,31.882141649542245,611.0161885106149,8.348751941429972e-05,-0.033249844054715455,-0.00015672345625369023,-0.00906786817849001,0.0002022358451426371,0.00038762970467481417,16.006283362658394,3.741573470110962,15.99777182439124,0.9988703673134341,0.5820309783186822,-2.2107526583447443,0.831370179810438,415.2008509226571,0.1381955964703679,19.4420583995297,25.56296993710805,0.09649472736914734,0.09833419122906822,0.06406142644446502,0.0,0.01915404115746286,148.9219709070636,0.06619102419602962,5.574576390291157,0.021313595349241234,0.03828137802997023,0.0025,0.0,45.02560452774902,24.572350085983814,6.549928423996706,0.5046206769306778,2.9481881675573085,5.408024312239365,3.091313272906995,3.1599000000000004,96.20096042828152,248.65956078599515,14.143523599757266,1.4002411835429698
3.41445905480356,-5985.164615159837,2547.812317680133,68.18932378734782,14.57377934990344,13.395908926663415,24.11437401491873,28.29429212074979,614.5376478494846,0.0001226804125460097,-0.003083928371114179,-3.301719432350801e-05,-0.010509975270532355,-0.00011951648787137883,0.0,15.701723838768329,4.04426925155767,15.751078955273828,1.073421954884855,0.7370653891741918,-0.21229680301543163,0.7279222500358662,755.1982741009995,0.07962702460315524,14.977012181312412,28.16729142865535,0.07466517633122342,0.059651819850328414,0.09993373048687151,0.0,0.014258842622854075,275.93152138031405,0.03091934548978409,4.641330776698961,0.02575628800385009,0.04026515631955446,0.009127155339060243,0.002874503292093484,1.328800000000001,18.327672939968366,32.02351204093718,13.064097488075458,0.6279000000000003,4.494525003976213,3.937524661069972,18.753913986513183,43.051278838983144,748.9825049073328,21.851240323120244,1.3629112197461812
8.739019752932288,-5136.823909755665,2518.001454807195,66.52950681811421,-11.415032649491943,23.88413812350357,22.84524704597471,29.935740274526648,609.3901726805367,-6.790101929963094e-06,-0.012861524263460853,-0.0001106556895618933,-0.011971210461069824,0.0003188506412005111,0.0,15.660500357009639,3.4808180805577984,15.54,1.0001513633351957,0.6931667261414459,-1.0815649637932474,0.8089745096250539,408.59762846794285,0.10803866713094937,19.023831741364546,23.576081386739656,0.13744618631330582,0.0172,0.024380799980213714,0.0,0.016402289432642603,284.9171944073671,0.07274949000378668,6.77664765698135,0.03295564383193919,0.008,0.0025,0.0,34.312292515366146,21.788940522246925,10.277265993412751,0.3003999999999998,0.6279000000000003,5.350258929525511,3.081725507307972,3.1599000000000004,64.68020680134468,201.8892786215814,9.629050259043712,1.5604430580864388
5.515542315668138,-5513.372999444802,2754.471231451521,69.03893842506487,9.594524453827423,22.410173292789807,26.34177006667074,31.668767659694453,624.4580850132561,4.1474865550464435e-05,-0.02030072675058391,0.00031292090467683427,-0.0063880903468196,0.000378951602907051,0.0006751559907097864,15.79125467966754,3.5871826369475213,15.751249846373982,1.0894287363590083,0.5713078250947973,-0.33268645304400807,0.7929670376667179,928.0320157914574,0.15133157320038287,21.50218433068531,23.51282910423501,0.09356077438677844,0.0172,0.0167,0.0,0.012440781717767479,463.71889309739186,0.07159108525362531,6.249650739530117,0.03463794384311972,0.008,0.0025,0.0027779388198123697,30.912497576826325,18.74934897127018,2.5786999999999995,4.940528015001814,0.6279000000000003,6.405408679047078,3.452446216275817,3.1599000000000004,74.04871046174469,344.7160908221899,3.6093,3.3239362044819503
10.87023477539271,-5009.243372270529,2814.700738838385,70.57998907074986,3.8063694937447887,21.46560705883947,25.494912755287743,33.05529006973733,603.0520494876137,4.754147085438418e-05,-0.00041012010956052074,-0.0003904784400634485,-0.008442916638709495,-0.00033372211585474203,0.0,15.847783337487158,3.758358019930391,15.9058346293879,1.3569007090871856,0.5464280605028945,0.25937270365965026,0.770474911960351,821.7032200108665,0.15998708057452632,17.468416351771285,32.17000395706432,0.07387922743413636,0.13156331068004318,0.034821393723512555,0.0,0.014193421003351758,420.2029031574715,0.09793407055255537,5.795329434815906,0.020482558303687563,0.0547239329572798,0.005875503237953617,0.0011366791301792444,29.094960751904274,19.26578878940671,25.080480124322563,25.165590333638576,16.60775841772684,4.8615625654856185,4.709014845253865,21.191701356227835,83.57021911951594,0.0,3.6093,0.5817583525203429
5.428388201034869,-5448.823431560903,2748.365630635425,64.67168690837346,5.746085951237687,18.183862127640495,27.766202785097917,34.02068358435294,608.9978606695823,-2.7575093407131875e-05,-0.0693121496307322,4.9745040188236696e-05,-0.007121342128568103,0.0012570516142338317,0.0004632200099189867,15.866896892199039,4.593673547484308,15.894242517527033,1.1655506592026972,0.7955109547631662,0.3522397024064926,0.7412601212847193,944.8302344050524,0.18251107131407576,16.32002139519029,32.066709987365584,0.12260744581550605,0.04620387563981245,0.0167,0.0,0.013842043768426054,520.9156796634844,0.08517995679501406,5.737138508230976,0.03624237314602024,0.022681367022609804,0.002975754578993218,0.003205690775490533,23.55317404301606,31.570687393803404,20.43939462241075,3.2994478945317347,2.0008946912603776,5.5428766841957495,5.155735083477486,12.12372602294825,48.75205283312787,370.0173005141562,6.942070075465924,2.1646961754478107
9.149051085851458,-5300.0917723857965,2844.5194682723595,67.64018469686444,15.401811055400252,13.859509978205612,23.10275099131254,26.776390929840606,630.1877368481388,3.6609929180240936e-05,-0.05678982740628096,0.0004384510086889412,-0.007410360802189052,0.0007454013393183814,0.0008551282347576936,15.84855433744306,4.127749582147178,15.873781955249061,1.0400681781293126,0.617892878718686,-0.31051210869936696,0.7011954041112596,885.4840187578727,0.07397078523145095,20.63749397469546,26.51508324421762,0.09445317128190849,0.0172,0.06841199639480652,0.0003388505893336135,0.014273753766915061,342.03016450867,0.0175,6.76481764336891,0.024411555418777535,0.009267299659909006,0.0030306298560880823,0.0019112972565243623,17.615157817942936,13.600531738538383,2.5786999999999995,0.3003999999999998,0.6279000000000003,6.236528368625849,3.6475700308684833,3.1599000000000004,33.97476940847852,322.86404675920204,13.958405872211188,1.312818469031551
10.635829835516796,-5810.881984220221,2625.318045825861,68.78980425402995,9.416660259334245,12.808181339865008,13.35700374346845,17.713205041898483,605.2855455784509,6.986337739478649e-05,0.03510972740383798,-0.0004905180608167966,-0.010375431473332558,-0.0004871276428143021,0.00101177320466128,15.870104245803327,4.719685457450088,15.823995365806411,1.4294321655430873,0.6429298100125314,0.7490971188141566,0.7433449532415729,297.16104394703643,0.19094178031692358,16.541292682555415,25.913414428347856,0.033900000000000007,0.06456818632551334,0.0174227313378838,0.0,0.009127698932656355,71.57088951563503,0.10343381600743151,5.0242053985755275,0.010499999999999999,0.03367561170966066,0.008522670671061588,0.0,36.419859060600984,11.017797225865774,2.5786999999999995,18.85965888332983,7.039637736043195,4.326351748653259,3.876608808751169,6.810364653789093,35.74983248957153,85.2170559090836,10.719365518282205,0.7149447828787393
6.939667863706161,-5281.932806663197,2960.0703596056574,64.53158637361318,15.612588003990101,13.229401323071476,26.542338710653194,33.81209325143651,614.2173812291601,0.00015464338940308865,0.008712166795969806,-0.0002659085089997087,-0.010236607855504929,-0.0004136552712296024,0.0,15.780826157562876,3.7521440459986786,15.860741316822287,1.0752129988794297,0.6632847606335406,-0.2090304114449933,0.8049901209336587,1108.0971628682937,0.034,18.971064610710133,33.43910226390567,0.1421042679030779,0.08833526840269751,0.018055503960264944,0.0,0.017646530198331352,583.8786719891476,0.0175,5.816890014832732,0.043077624076568684,0.03201662042790265,0.007243944234487912,0.0024504576293291613,8.905098324525119,41.95826937907326,10.372571020752797,0.3003999999999998,12.051094944140202,5.1756378689496785,4.774636922485782,11.611482016374342,83.66911867686076,986.6667,4.738527592025528,1.3596345439820323
13.768448843693871,-4932.38632350487,2838.696578728579,64.99302039478408,-7.722096907920678,11.642973250720303,25.510468650891045,27.267311947138573,612.7105374082207,-6.826867177453836e-05,0.07109934505788318,0.00028337045632858285,-0.012446090033285092,-0.0010955136630647925,0.00030577062874898064,15.906145666584734,3.1351730848440873,15.919652640549414,0.9490706041624716,0.5506997383665684,-0.24302300473151395,0.7429398537555684,421.91415355884914,0.06938861930728275,18.725778968745484,25.52515072125301,0.09482983266798854,0.07556167113846039,0.05774717187184268,0.0,0.01584688661793434,304.3927206548093,0.0175,6.632348689832373,0.02851459793864463,0.037949423613786795,0.004306512847055477,0.0,24.413067142753732,19.911329422783947,11.89301870948881,0.3003999999999998,0.6279000000000003,5.229407322179072,3.506999033083874,3.1599000000000004,97.20495260879045,755.3205602375278,13.780486734622052,0.5183829173606553
9.1703672518412,-6082.182214856461,2935.8426088264623,69.31529592744062,1.7958458997257527,7.234259666726015,32.781577586294986,34.13762795611988,620.2660875643809,0.00013539282886332977,0.023280940921677363,-0.00022476117714783505,-0.006567866786767825,-0.00014245011329874494,0.0,15.870247260261195,4.486223140378681,15.871146612722198,1.2686971502144535,0.7663023835292619,-0.8114753633175571,0.6795391528040459,225.90177855297247,0.21474747802447905,22.67043831610316,28.966658233977707,0.08572715021339028,0.10868684868476688,0.0167,0.0049757071828849305,0.01912535130655034,187.34925677990486,0.11320461074212243,6.272580129620619,0.028953152121339087,0.04948896463819301,0.0030695236705539377,0.0,34.65517674385612,14.768492381248922,22.291764801346055,21.10425320052856,11.624161312716618,6.015403646747005,4.230256726848251,16.126748379081867,91.09484569065702,651.2204075740706,3.6093,1.541124117433849
4.811714170020222,-4397.68338498121,2465.8992274825073,70.62120491990977,-7.491622905672472,20.832143082532085,27.81807276947683,35.65780829723268,601.9925722160481,9.90986919772086e-05,0.010050849891890085,-0.0002868757938962647,-0.012867645745556083,0.0006367484531547688,0.0,15.909022326218173,4.426174078095424,15.907282555548798,1.5164787735366256,0.7176722798795212,-0.6352620346656045,0.7213232492444215,333.2139345148526,0.21603497857945142,19.717274729094466,29.82040428118156,0.10907878421935736,0.07591908937726471,0.0167,0.0,0.0078,116.55322565260764,0.1301795410468135,5.739492398933164,0.026969387583921735,0.03746002141464983,0.0029159745814238513,0.0,40.21643073832058,8.310683397538359,16.38360669214685,9.401219365278846,1.4014966092365446,5.37890055038909,3.8561059069518944,12.31740505545053,29.589992399633523,358.29719027927166,3.6093,1.5280470881201176
6.356399186222477,-6064.066336392195,2692.012802243693,62.35332312691866,-2.083057787117213,8.42954780602092,15.088675629131071,19.681983964704727,630.5992688218463,3.207714588282524e-05,-0.006926227832492455,-0.0004224330077544048,-0.014108005462027066,0.0001314145893475199,0.0007674878806774104,15.981371006826347,4.116974023412802,15.920256674378964,1.200695604750976,0.6932920510366748,-0.4411419230692972,0.7505138963299521,479.5390362704934,0.1818194141898302,17.83570359178362,19.231123463380474,0.09001188097152332,0.04887924600077774,0.05096358794716881,0.0,0.01562345765474045,309.436208277114,0.06062760477666679,5.7842653926527055,0.0243551140365356,0.02875835557213,0.011105231693991222,0.0005887263213032523,18.961384152778315,33.93796517313906,11.322433669717475,3.8131926032747954,0.6641291218310039,4.713518468392195,2.9410050023465177,5.157245901663272,18.0064,660.6226077617996,10.560239803689505,0.36670836174068877
3.925590613797864,-4651.549035461098,2775.1830155914186,75.9444,-4.55640124704057,14.253020638922342,12.721646838940892,20.150755192589784,614.6853705559438,-1.33548267671231e-05,-0.045063003689278486,0.00017651925672381883,-0.01023539423777945,0.000537123456657455,0.0006363885188995611,15.914658003539497,4.424034614202219,15.838542839362376,1.1454017653907635,0.6672303455415662,-0.566319301501384,0.7663540089597726,1023.8140029107497,0.10724029645298565,19.908475276188337,31.24278469806555,0.04358894477509262,0.04066531357954292,0.09240171462831517,0.002367136372094533,0.015355926246290657,491.5411780726462,0.0326661144210596,5.781081084839379,0.012779891965622165,0.019270466532213707,0.006336980720038084,0.0,16.871271184969245,36.05482462547981,9.105855207346094,8.794222937218496,0.6279000000000003,6.137360751002251,4.73666472813426,11.454743175431263,84.95934024377483,201.49669767017062,14.281327548924015,1.2120625597744237
9.049970491040268,-5849.434403435218,2544.1435817071006,69.20235271195776,5.187670832202887,18.373373654883142,24.29367479118647,32.09458372019567,618.2241489907757,4.8984278768840555e-05,-0.044161140991770056,0.0007166825102581067,-0.006387066281387207,0.0003456553783399074,0.0,15.830626975004314,4.013727002499062,15.875371537404721,1.1729559209048872,0.7238632731966247,-1.4803618787245174,0.7189159438491306,76.0,0.04792927394206957,19.15880801914863,25.674279312832955,0.16919304659894274,0.04512504700054899,0.017896321084548167,0.0,0.011490667231712909,101.64646275993812,0.0175,6.223206465433121,0.039627112916766405,0.023639107935962356,0.004224093175472825,0.0,2.571569345743235,3.3354999999999997,5.358068896948129,10.263121990339952,6.080278065336699,5.185151944980305,3.563543642891137,13.152372872107915,85.91742738265823,986.6667,3.6093,1.6029877233920895
14.07845180117382,-5200.296561683732,2683.6540692772332,67.84058079915786,-4.490955818202723,18.83026350506361,26.01362445886845,30.680727798542538,612.5012344858609,0.00033037552146781646,0.05180013817734661,-0.0004716906515979928,-0.012512212206431969,-0.0008580520214594028,0.0007929081375489274,15.787323566305652,4.604280989338538,15.782147403956934,1.5280057917272423,0.7489232150292043,0.0033326039622350034,0.6930342158024009,266.19023681726674,0.10791976905209584,20.746707230899926,21.353499058474963,0.03852588404964493,0.0687436683009937,0.0167,0.0,0.014965689702150465,158.49981815896314,0.06291593360806956,6.801411790477844,0.01931134121733919,0.03826252011892293,0.009408841517887904,0.0,45.3132148437091,3.3354999999999997,5.593572525055809,2.3420259072758567,12.607298656500024,5.588305646157068,3.3274633637116877,5.141545719215482,72.97885260694716,96.70406385933353,3.6093,1.7882744418700882
8.78025364362974,-4480.882225795858,2609.815986023298,75.54615946987765,3.749882332332427,8.277151311907538,19.67333800952467,31.084979808622464,625.8680628083865,0.00017542633861968086,-0.043256100680186364,-0.00015212367574706257,-0.015125223396104377,0.0003469817803418238,0.00013492403376272457,15.821203919588978,4.352023864348817,15.750636658017523,1.1781010900087365,0.6613297245577994,0.4779139623875073,0.7653931402478202,1554.928042668519,0.20653951984573193,19.486741535259323,30.31570639744613,0.03463672149255068,0.08200548211335695,0.036849666440698134,0.0,0.010052671250055057,593.7325655732608,0.10067597093438935,5.506866311250171,0.011046038893914954,0.025664461801920807,0.007648952968988614,0.0002992608512760415,28.177592862128755,55.133618754089994,14.376550884930658,0.3003999999999998,4.727723840282678,5.583604313892603,3.826700513301976,3.1599000000000004,44.91114034620006,764.4657534783196,11.61066203539807,1.3758473623073977
11.312648789840841,-5500.547096539539,2782.337239769779,74.15783418532426,-6.953159893547742,19.255581517068997,30.981358477357887,35.83255797501137,599.2913766314371,1.4847502110692131e-05,0.09435934410979724,-0.0004937861498614112,-0.010153982444799255,-0.0011985181487099612,0.0,15.815917134444316,3.2652465479411656,15.814952319592317,1.2398809669415785,0.5529728211764235,0.6462095537209414,0.7868703772978748,1312.6632376732189,0.10473365247224103,17.357365483093382,35.63146390103479,0.1326799979573517,0.07458819373022138,0.05280022356180533,0.0012529356867458789,0.015365805193196283,599.6975166108956,0.043470798875977726,5.464603222589546,0.032747784828518145,0.029061096735484435,0.0025070710331048297,0.0006430936876726372,5.925121328092763,28.331033968048686,16.999946793140385,3.358250571494022,2.87210780308546,5.526855655403003,5.216472813383535,15.465463851196535,47.2830433010497,507.8546583474445,11.430331225913038,2.089564291350218
9.956713470441754,-5204.993034913011,2688.642517400118,71.08757817250317,5.86219695837199,21.856008532785765,24.59281372078454,31.277494848721346,613.6399583395911,3.1526550557752026e-05,-0.013538163722801184,1.3083417141959304e-05,-0.00924580679311429,0.00021692911463329202,0.0,15.78499921323092,3.9598763672043398,15.842650899498684,1.1671891110039556,0.7004189730930841,1.604047442974397,0.7127928144750556,230.62520043464116,0.15136312665834198,21.675322491759783,24.75681222417375,0.08903965258696421,0.06939224758180228,0.12664373329424072,0.0,0.012105458876159604,263.1904969784422,0.0846286092240067,7.301237651902161,0.02373852029643618,0.02046932286210236,0.0038920361241634093,0.0,7.097555757952227,3.3354999999999997,3.9867078966907314,14.412875546090094,3.793072441120155,5.848495367898457,3.7237429450031803,4.92186091876798,94.14091303224939,410.53662365741025,20.463689027268174,2.251021808487793
7.883847658200443,-5713.140890287078,2971.0380159876213,68.70895484408929,8.9458660814412,8.040788495194573,20.511747878606833,25.925918277553436,634.3218,0.00010095115659721697,0.015899711104858077,2.944053923307262e-05,-0.0077296164210691395,0.0003131216436334022,0.0010173406997783763,15.892485833020517,4.4894135803216555,15.938720078468654,1.3601578142016315,0.7190400447070887,-0.3466115097990898,0.6970030414812726,1092.2873600967666,0.16173806448830302,19.427045883551564,28.563111135269452,0.11027378615408769,0.11681890062764433,0.09149124447993433,0.0,0.013339559105773141,415.22667831129434,0.0619886310092582,4.772694652573783,0.021794439475254862,0.04669339155470806,0.007577383968157361,0.0,8.540712615416716,33.73445082481784,23.47584210238761,0.3003999999999998,15.538665240024754,5.1369182378863,3.6740417526505595,14.608574525185446,95.21305196947159,376.17228589060767,18.024955337985006,2.230283447920526
7.020882408880306,-5011.770159297667,2359.7118965667755,67.84645122912448,-2.0074143467177357,9.825917746044112,15.21406564738673,22.388091004844895,615.1685536558315,-4.283193532136948e-05,0.05230743281360016,-0.00027693896676808,-0.013900362777561254,-0.00041871818932972936,0.00023772155937178097,15.898263633224236,4.744296799962571,15.883482151342347,1.44437428755167,0.7305872989231874,-0.32237937773349656,0.6840233454391481,501.7854168403136,0.23263778669637591,20.527164566851116,24.64661191393804,0.033900000000000007,0.1178685809782696,0.0167,0.0,0.012846675957048371,272.48226382902817,0.10238830143806125,6.079228451644141,0.010499999999999999,0.06724446642684347,0.0105954113239929,0.0,35.632025187923176,22.43215952903728,20.890030741974293,19.134685517928723,22.04916713594967,5.328733510079012,3.111193128985265,11.686795070988424,18.0064,260.7550126564767,3.6093,0.9708539082549502
5.090114458582322,-6030.740921239154,2800.648959485708,64.07290264128756,-5.169457480293014,13.134408425192433,15.8918912795214,20.816678500007452,608.6328129894999,0.00010753697854822287,-0.004966490263986387,-0.00012456963178310765,-0.009494113297307644,-9.913210239812169e-05,0.0001615119149004953,15.706432881568873,4.493754507514525,15.665701089314757,1.4234347635399867,0.7976549347679075,-0.3999181651084608,0.6765968768996833,440.55641590143625,0.03544396448360711,19.33597909988333,26.49934975978787,0.07581547705370364,0.08830424813641075,0.0167,0.0,0.020650538299768623,189.8987100264265,0.0175,5.610590465731105,0.021553679001780186,0.05125685902759025,0.010037136619234409,0.0,38.816815354674674,16.893929271372237,16.639072306679658,0.3003999999999998,5.573574675518653,5.030728857233543,4.3260240450332255,8.770386581203956,59.36526703980043,514.0167925987346,3.6093,3.6249735306926425
9.068768141912761,-5144.339829594205,2659.504050178781,67.99506267638829,15.029296808809711,14.698267264130532,22.181228583177415,26.41660568848231,617.8379251181807,3.643764389063927e-05,0.0022869254613418445,0.00035205557740792376,-0.0032727097613908813,0.0006456038291864626,0.0,15.789799854985569,3.8719190686236313,15.842285470578057,1.2271268739960706,0.6038804151975522,2.458,0.7150333856867024,514.6876424863759,0.20249958328259415,20.4819473941238,28.864466715885268,0.16086236042173913,0.11237971118699781,0.06281997217844063,0.0,0.018898866526086338,386.7953707980192,0.09985832145456051,5.727488460959039,0.04480104426736593,0.051186509079884,0.0051370055046312865,0.0,13.530729075679933,10.0515765025076,17.223128607698314,14.751950088823552,4.493970004927638,5.440811819040641,3.746875484169723,16.456616084553808,70.62697416436008,135.0329423731023,16.654106501956882,1.477388199942614
7.90030456778775,-6171.121674265376,2799.186443659781,70.23647881495621,13.04025446449476,15.831673089025115,29.995680526763977,35.50783405255851,623.9598434719659,4.159352900904112e-05,0.0347258480061448,0.00037641058022499347,-0.003305150665780289,-0.0005342705034983291,0.0011567085790687504,15.696091750757294,3.5212196278082106,15.74262048250938,0.8904319329256063,0.5679523791753014,0.280000547857706,0.6927267683166942,76.0,0.10539385509731108,21.226761227760402,28.72023239765309,0.08681678138936541,0.028282559852795625,0.06068819946070554,0.0,0.016982743844317468,162.05532993610103,0.0180773272698192,5.876544120521687,0.02239362311262557,0.017166934797072493,0.0031325880588893265,1.845019571473011e-05,7.231118027550547,3.3354999999999997,7.77217801932789,0.3003999999999998,0.6279000000000003,5.812073336812041,3.4818010337066756,3.1599000000000004,53.75575637760766,396.68464060182083,11.301001308255476,1.9281539246889354
10.490467705000201,-4751.482876382533,2825.490005682691,67.78454469016248,-5.931622492527003,26.289611934188066,29.946625463912486,35.39835881889755,602.297037072009,7.702404729589286e-05,0.05747506348743215,0.000344850486454636,-0.003588889069105701,-0.000530643733471809,0.0,15.809609373151673,3.7221300499124443,15.83353506902254,1.210408506093612,0.5635285274243516,0.17814968851931146,0.7171075247649006,821.5390989148509,0.1363427981373795,19.20178563252459,30.878310559390016,0.10441239075247731,0.053686950396625584,0.08584943877364955,0.002145698322064957,0.018379179646531015,547.5479678162554,0.06201311434390428,6.1551497822623285,0.02637799383322553,0.029884570582992712,0.006936575345558289,0.0,37.166171717841365,37.60309404537756,13.292751401025527,0.3003999999999998,0.6279000000000003,5.416678140642859,4.628209356141784,3.1599000000000004,84.74860028368009,485.7667699656374,21.399809389643995,2.4493468759486725
10.107196310465314,-5863.24775744544,2874.8850224793823,67.95147706342185,3.6668832752960268,18.182948473159545,26.980765555249754,31.31335347859148,616.6892081770521,0.00017713210710038513,-0.11350000000000002,0.00014039996051024166,-0.011679183639968048,0.0015,0.000811223416463041,15.823520520271176,3.873298397324244,15.809855130142887,1.0476426058552977,0.6477423588936947,-0.04493463290366728,0.7505538876520229,810.8600061564931,0.0754584272273505,15.575072805938225,30.630834769154646,0.033900000000000007,0.0172,0.09250293292070949,0.007623550150043627,0.013992647188405809,443.4746031103539,0.05732029101953812,5.844657936952771,0.01645600874696465,0.008,0.011113303078624239,0.001982451966723216,6.966071723244896,27.64739851001968,6.851560509008557,0.3003999999999998,0.6279000000000003,5.141530386100667,4.454589530980205,3.1599000000000004,25.800886848598513,783.2137462934073,19.93738626652532,1.555192541979267
6.987860237122012,-5520.222925296498,2951.9547446836486,67.35362019783949,6.533430338236087,21.143320471821045,16.192016350787917,23.95054146292523,612.8994633246963,-8.059738043038293e-05,0.08116873171434025,-0.0003381819833860317,-0.01504014975070244,-0.0012756888268818558,0.001016131118490978,15.87116561751033,4.996375676658721,15.800200180092665,1.5068848661838317,0.7601757196221474,-1.049329081628399,0.6637945239353585,663.799596116476,0.08347376123422176,19.23433182851581,27.411791821734585,0.06714166034507549,0.06462521941216724,0.0167,0.0,0.012142693238613734,232.75770413990216,0.031226182104632676,5.73613252753736,0.026247138562695383,0.029860313510778943,0.004480285869291955,0.003547949124779935,1.328800000000001,18.957209686333492,8.84692676535073,3.6301709267859277,2.9037979876182103,5.803031247895249,4.556546595920879,30.528774755063182,18.0064,57.401195217211836,3.6093,1.4442771732396442
11.294492928540299,-5894.996941314909,2746.4385342136784,68.0516442251304,4.601703637132968,4.4283,18.800919215262752,21.16770626987778,627.4211414319496,0.0002644859498229124,0.01092258877218112,-0.00015060400215827953,-0.009061704821720978,2.88183964969526e-05,0.0,15.900937243733967,4.445593939057677,15.871712834231953,1.279083783953074,0.7227749364687894,-0.9214959345385525,0.6665724003555378,615.7225636341451,0.15157709174171086,17.386816841143816,25.811349452436886,0.05041042540102689,0.035618695679036916,0.0167,0.004414568574186349,0.01526060002155943,253.6557653933222,0.0175,5.7112236569160695,0.011986979446120084,0.022958986920039493,0.008381588799402708,0.0,8.482495280079839,13.612623726757194,8.229152711743954,5.908199705166915,0.6279000000000003,5.643256486382178,4.114758106053545,21.543350901937345,99.18009588699775,238.8758775405688,3.9784816383996766,2.7126311263639415
10.329615606712819,-5700.838539292367,2806.1229724355794,65.59219832261664,-9.500705904796877,21.441453129071405,19.455299003085894,29.182857753319766,628.800521101311,0.00016947344257494225,-0.003288124964793291,0.00011971690373441187,-0.010254446747936843,-0.00021123971862527347,0.0007009610764871477,15.824912761388074,3.6838026303751668,15.817382724426247,0.8975790179013823,0.6281724100670605,-0.052588504825919646,0.7779508028440716,327.6496332701861,0.09231503043841201,19.879663538381557,19.69599758461726,0.10361503935171099,0.0592523415566361,0.0167,0.001968370660917627,0.012710609501120396,248.15602856485896,0.04972884203804468,6.602527560190805,0.02941761684144958,0.031242970584671376,0.011106902261789283,0.0,11.471639254663334,21.759230718100074,5.965142057584929,0.3003999999999998,0.6279000000000003,6.045651574645726,2.9610120927695966,3.1599000000000004,68.2420490627969,374.2015173712314,3.6093,1.128267552088079
9.43378735473987,-5652.616190535334,2861.891888272208,69.89855923959963,-10.1688877651915,29.500410230944055,31.46003508256016,42.451379758045206,615.3052690024145,1.9285590406802328e-05,-0.002720269584609928,0.00033239373700900623,-0.01237204852813876,-0.00033928617853323247,7.208922527765617e-05,15.8332778733479,4.843901268291074,15.846783213358176,1.2403990146880972,0.8432645591021793,-2.3343406872971943,0.7091245188372531,434.951063032847,0.07235595061138275,17.293015382299714,28.622096636566695,0.10483499437235803,0.061929756721594745,0.017455368734548154,0.0011483076778383507,0.023252345390973404,366.109531263519,0.04981214374446457,5.374541973414666,0.031124879501477506,0.026650056990275388,0.00726153225674663,0.0025570961609454974,16.30088378709009,12.884739465700132,13.931505067701135,0.3003999999999998,21.195549864527436,4.989415031635453,3.915405021254703,14.219311792117107,49.34551057245446,284.01316572875095,3.6093,3.1837979869536754
4.147553485285904,-5347.854282713912,2882.3309739429355,67.29955854994049,4.672562549175025,22.76902976129174,29.85499790027771,33.1373382239263,608.9530060786462,2.247596990864984e-05,-0.013313087198796468,0.00028513353417656504,-0.006464473033001623,0.00029483879341143704,0.0,15.718477094095666,4.413633191209035,15.707663091827554,1.324597199819347,0.7714391058871529,-1.6770845347578804,0.6618891170285719,76.0,0.034,17.83880800576448,36.92176548972582,0.12491394691284466,0.043808982596165336,0.10221045762867581,0.0,0.018817848694566642,37.027000000000015,0.0175,5.4108958228977855,0.03207720828685075,0.015209551024467709,0.0025,0.002374918797757618,25.387361833055866,3.3354999999999997,2.5786999999999995,4.165822063080826,0.6279000000000003,5.281709941861265,4.868121847036197,12.06964480009686,81.00757168065255,669.5400946495129,17.41732510066546,2.0310212718017873
11.5830951588184,-4958.519352546108,2491.119745448572,66.31341375010452,-12.1527,19.448877800979428,26.65021656068727,34.752418933379666,622.791819017343,3.902758629208876e-05,-0.020067787599859752,0.00010894953544852062,-0.011039500112070598,0.0005614505511305484,0.0007392158133487867,16.015845354292825,3.926189523521243,16.000228892815706,1.194735823048045,0.6560992673516401,0.012344798604136842,0.8519273100699823,992.2130828166537,0.15003940808820238,19.271798480190647,24.88130492867767,0.07646839868059856,0.05348050514365158,0.0167,0.0,0.011426095023287279,615.9753020441667,0.10072922642860388,6.417060898497867,0.021835699090162104,0.021861352070145886,0.0025,0.0,58.37942100269145,53.10680130778903,19.121926905958507,16.392443592763016,0.6279000000000003,5.20049631858853,3.070227015244721,3.1599000000000004,76.50964183365033,526.510244610509,9.266456250549542,1.5338399899906534
8.92445770603668,-5783.572608547343,2683.118942197187,68.83361255829467,14.227810645667807,10.856868602449996,11.805817723745474,16.406564940673533,633.6228228028281,0.00020807404110541837,-0.058703592002230576,-0.0007152181945842258,-0.013536955876430595,0.0007085259305048067,0.0,15.980780404225053,3.819021472382235,15.901855441897968,1.0409693646940203,0.6134242107044778,-1.809395517956504,0.7764074278546019,516.1618970812971,0.075318733409939,21.11327034458301,19.740349456625292,0.057251943899535584,0.04362868562735408,0.05641431359825396,0.00011797837606454856,0.01851549960338543,275.38511707343264,0.05069372801475336,6.467114839314281,0.013935682284256633,0.02226624392668737,0.00680976986787366,0.0020949954142495714,20.410584085826777,9.118700420894399,7.585007537388149,9.139256510569243,0.90098791533668,5.687832166506255,2.8495094468789803,3.1599000000000004,72.70577893369078,0.0,10.697525227169349,0.8848241091614305
10.496626499454212,-5498.416970205743,2981.9152428380357,69.37930258901733,10.90700495282464,10.79275984221834,24.319242722827056,31.396671064618943,602.6456606907915,6.077607996859276e-05,0.04407202687536525,-0.00013732654347970894,-0.007890059063844585,-0.0005887225302876696,0.0,15.714141328060952,3.2753566490704924,15.703644719663522,1.1792574158395088,0.5976582581601246,0.9688059006604017,0.679700794223331,1013.089853283697,0.1083232761910445,17.26551279776522,33.19648561076514,0.08952639514458582,0.11366672662190666,0.10157649402549349,0.0,0.018003599061341063,494.03600793461214,0.052343232825797524,5.458962997757666,0.02340012411984331,0.04775297841776699,0.005705983656861673,0.0,17.33206820640054,27.767601871603574,16.044410789262383,0.3003999999999998,10.626144899565341,5.241193294696209,5.036246951555566,16.68322677227291,35.277453304525324,108.87697207492002,16.01696637362346,1.7848176484631202
7.784950475335404,-5468.996982630771,2871.1103303948557,68.94161886419403,21.468696563641977,22.419631830367933,18.647083042201615,29.464110840865057,625.2151660297109,2.0786077349614107e-05,-0.04773614290293616,0.0006431781857598673,-0.004295542164615529,0.0009830136813728124,0.0005440234444505918,15.725172693594837,4.400682634633438,15.72245198427855,0.8187828629316372,0.6975690769031242,1.1382323046716682,0.6933138400086392,291.60654658509577,0.11012287225781997,16.875668652389,25.45776755216622,0.09126528539205934,0.03254295216971802,0.0167,0.0,0.017117841374460326,129.18066388719612,0.05327107681473715,5.301282889143312,0.028724407339839855,0.019652774861444584,0.002650347643472319,0.0,18.934928920842726,16.7449154824164,2.5786999999999995,0.3003999999999998,3.215643433111648,4.5286687281297135,3.521232794236487,6.648332451472806,99.68486551331642,340.68489905857774,3.6093,1.8147635794512273
3.180394627620851,-4463.5677475792145,2425.982213402295,66.7142917472837,9.958807570103119,5.737030858479672,10.692765611767458,16.835784949859146,620.1703070533194,-1.2554133859198156e-06,-0.10348342414933548,0.00013333046462372244,-0.005946433325023461,0.0010789400069201435,8.807141299766774e-05,15.878742680290381,3.8293922522225956,15.887317901416067,0.7700897168113494,0.5591204815442461,0.9464967328525293,0.7693828767131655,334.9750636990837,0.08577573685950277,17.22851808691069,23.671130944716722,0.13243899890316208,0.07750247319562874,0.06746722901449285,0.0,0.012109998272670479,158.38845009336424,0.081124893978975,5.141796298503667,0.03192826968402666,0.042817774783270215,0.004633007202670471,0.0,47.67001571512512,7.519617654410924,2.5786999999999995,0.3003999999999998,13.602483270234377,4.954447918207626,3.43871882683662,3.1599000000000004,64.52514139652877,446.7972151646207,12.98392921536188,1.271044106986193
6.0396472906815974,-4375.279679521178,2629.7254168578515,72.24115111594969,8.408891615399138,15.957971063014684,21.54111464213033,27.60495329928953,620.3403154290475,6.362392666289976e-05,-0.027100194652647784,0.0004070546378396819,-0.010797605086719397,0.0003817998511102688,0.0005416254144199825,15.680295702361287,3.4648755682501826,15.620237432424878,0.8580717949053491,0.5300758376950382,-0.2925768733426272,0.7818579979039895,1042.0151332305097,0.18188013170093745,19.76643071467583,25.454642182469083,0.07485989162341257,0.0172,0.071574297663535,0.001966693499753931,0.021756874894151887,490.7237886617781,0.0715809609762527,5.777775459509433,0.02359708902026812,0.00814465181566125,0.004074729736330249,0.0,28.085529509310234,37.08227017848914,2.5786999999999995,0.3003999999999998,0.6279000000000003,5.780331905166636,3.2647351307268178,8.802387817683458,18.0064,816.8743311937352,16.479074734668114,1.8212027675358793
4.960025170697902,-5752.913321808146,2636.4460327794504,64.54670228949954,3.782512527434552,12.366865877411588,16.090357775449355,23.728084080499638,609.4002267101179,0.000212167268409124,0.047997657745049646,-0.0004993838066105075,-0.0058833956927780325,-0.00046092655765090853,0.00011200800767566218,15.770472700001378,4.690144731572665,15.791573436195932,1.3271944399403504,0.6710856299272568,-0.006295401036171433,0.6962903763277803,76.0,0.129149659585433,16.063550953845407,28.368862221161752,0.036741917607085235,0.053830524419087006,0.0167,0.0,0.012522423154912655,80.45625973198185,0.08449070700727238,4.5852884891238315,0.010499999999999999,0.04140180879463036,0.007004282671551999,0.0,18.49486074025344,5.116526780479489,2.5786999999999995,9.590942119339632,12.51817617473641,4.334833338303176,3.432959729215239,5.662198166383865,148.26996063573785,575.1222213797901,3.6093,1.3413516785783344
7.970133188285012,-5068.403012396903,2484.3044479216223,66.33332296790823,6.732970234797115,8.876547111658702,19.892443618905276,26.97613963501842,624.4863089689209,0.00017127625278298144,0.04744820962477972,-0.0007940287233835072,-0.012435535217727884,-0.0008446386126972339,0.0,15.80670388183689,4.274982013354255,15.739401628787885,1.4521836573360973,0.6642930044609419,-1.7300048928023959,0.687571435002494,664.3499287041253,0.19271721604649913,18.22970512066051,28.68686143141758,0.043185157206287884,0.10833626963898355,0.04311657359041402,0.0,0.018898445687934178,268.32455112355655,0.1149061510397657,4.949869224819694,0.01297093256249305,0.04401815313440187,0.006449883865668462,0.0,17.54790339413561,16.3164406604363,29.894821013942995,14.859745970343138,13.585492473732824,5.011860616671709,3.8261895347300414,12.931530159081708,81.77352524459555,295.86919517062677,8.60393435295608,3.2148519117839296
9.228198238530734,-4978.420317917192,2543.0598102627623,72.04913744251672,-7.997310839504225,14.37367309022111,23.963454312850274,26.55624632356894,607.544785020614,0.0001001557960297712,-0.022943916593742845,-0.00017880513638806296,-0.01173633754756723,0.00017388113299471992,0.0008881119985874293,15.822211152532459,3.7209084813117856,15.777964661025157,0.9907305319960682,0.6520438956406948,1.2108720691868367,0.8631650034093518,227.35811629601295,0.11624912446879467,18.89632516355572,37.63146571436021,0.09214568894554266,0.027613890442487875,0.061889783006161686,0.0011684603610463077,0.012653296833989164,115.46376313151868,0.07417165419697619,6.518146848536927,0.030813656540456133,0.014023136596315192,0.005319422326156569,0.00176222425443488,20.24851340055006,10.469618469536123,9.19911275605906,9.486343635558232,4.234083445273027,5.613292318436211,4.98825318145701,5.850607224730274,102.14197688517383,265.51016081477815,12.139235453574237,1.1055506220132505
7.575548020134777,-5272.445834400585,2972.9599713064076,64.28148947320402,4.885502302270763,17.726675104967324,25.10237678115373,30.853701357802876,626.6434985802679,-3.4686382134496084e-05,-0.09401165079946927,0.0004718827162071942,-0.010247241077189977,0.0014470522335688727,0.0003154227864016844,15.776919383132865,4.989630334984106,15.8259918675079,1.026601128090941,0.7734641382377108,1.1679231845582685,0.7020192732530591,92.15762032490062,0.07570944427854465,23.400006995221087,26.335885137813843,0.09530776851079532,0.07972473444690742,0.03372899447368296,0.0,0.014704534012498332,50.605291380068024,0.05427127251878711,7.377898544301262,0.030902482587912276,0.033392576254847546,0.0025,0.0016395615590093793,19.56562411836979,3.3354999999999997,2.5786999999999995,3.826194685207457,5.747142671239852,6.613136212411476,3.9939549640861762,9.383600687301023,18.0064,731.8329613342394,10.736248483831275,0.3275000000000001
2.7524761730069365,-4858.339049472701,2573.04788628124,69.73519392939896,13.878268254117497,5.202174037076009,15.479159266335149,17.056286805745774,614.3423018314219,6.17110754188767e-05,-0.06156558454971243,-0.0001528453817723628,-0.010518331851993159,0.0009335219438316969,0.0,15.86335652652767,3.871398336846616,15.898218914123357,1.1829474441914665,0.6561152634297529,-0.3648829297557996,0.7375316786638609,368.4151170408414,0.17273671074319816,23.15636212936235,26.252219312414823,0.1441213206510754,0.08531164608166246,0.07540917443453432,0.001771032103964046,0.022188224352445315,202.87277820850036,0.07174561735844891,6.648036518512299,0.03253763040131208,0.03892973081015281,0.004654759047072058,0.0,42.06333935507109,33.30411102456176,20.296889153200354,10.50248157577462,4.775563255356319,6.315573464717371,3.9943686741560964,5.212972897717982,41.25042465996644,986.6667,21.506497109136134,0.3275000000000001
6.75255941456585,-5543.866399291197,2759.421821749418,72.94635945186717,-7.110318588538416,10.015799564970667,16.98222536777136,25.031424661457315,621.8377868859003,0.00011554922583027575,0.05328319650872373,0.0007183637693930388,-0.0072781518795423305,-0.0009811401839690433,0.00013835720613373538,15.730510348872299,3.8086933171338146,15.752618736803104,1.0111543984633184,0.6159208642477184,0.21552652554456242,0.6885030766443161,461.41302350513837,0.06347253216238721,19.99229346645092,30.63649955986054,0.04993884884820961,0.018938585305734293,0.07736543728658196,0.0,0.008237328493681698,171.48906371233517,0.0175,6.59306634204739,0.020112549627739146,0.017142047601279475,0.008860138985028838,0.001438755127276912,11.849789367659461,7.704461972922298,16.052030963076668,6.74347354576754,11.89679231668395,5.804533609713331,4.668388760196843,21.02410103362136,123.70329758307577,822.2524003558776,14.49354710209607,2.67477940160794
11.964553369458809,-5417.162110045243,2596.355491881673,70.16008954227858,-12.1527,20.932087401849927,26.80120593903116,32.53969856989405,631.7546364720703,7.766492053116218e-05,-0.012752780441238959,0.0004542424050350994,-0.01130148544414749,-0.00018905953471598156,0.0006402117599227123,15.899630907351858,4.295976185633994,15.888592277540345,1.2114874411997802,0.7331253843520809,-2.2608507555951878,0.7431868494227248,76.57053990658858,0.12271408020947394,18.428706438336725,26.91597201412002,0.0773314119323306,0.0172,0.021502999903758032,0.007191299177757486,0.017295011907772037,37.027000000000015,0.0175,6.746806188859578,0.029693578619124885,0.008,0.007119228631065873,0.002288398148346159,19.969992017439413,5.714390672773153,2.5786999999999995,0.3003999999999998,0.6279000000000003,5.160274174873036,3.9244382911874776,10.349773614411104,34.82973861355764,177.53573552979523,8.949738004264274,1.5854147020563665
6.825577128781811,-6072.478099500582,3021.3640348949166,68.5817352050377,9.244450774880807,13.267378022265921,22.531997929364834,29.152795318313373,619.9409682439364,-6.104912450028109e-05,-0.026760125535498967,0.00032164881116008014,-0.008423455280625937,0.0004760401728749607,0.0002568568420931306,15.781520446077531,4.272131655225009,15.806639467310095,1.1347615925523415,0.6814627794802548,-2.098641449385554,0.7414127504050922,1190.5696447499904,0.12154352194794131,16.118788712093913,26.800225640127163,0.13178225006587824,0.06815996392052806,0.0167,0.00751124822623035,0.020460032020869885,541.728443437826,0.04752798777616632,5.277295442743089,0.03667736104216014,0.02853286999075452,0.006600589811831362,0.001529555067238136,31.221294962332266,32.76713788559358,2.5786999999999995,12.707301656749435,0.6279000000000003,4.794533840896741,4.222638939001479,13.766437136264617,18.0064,164.29975045379177,3.6093,1.8754525385811487
5.7044168279281635,-5306.911222346585,2357.16539377429,72.07303478439152,11.215948867954989,9.319907004586753,21.390391886725514,23.249165125609515,624.5486170576518,0.00023146821720066165,0.029888699931322413,0.00021974638264362663,-0.004069364683015557,-0.0005067946343946264,0.0,15.764454349859164,3.8257548326177324,15.782289090466787,0.9683280520120017,0.6391563389696769,-0.07988421056169842,0.7424886518082121,76.0,0.035234877168643736,19.62455866996774,30.09118801481646,0.0749822948647659,0.0172,0.0167,0.0013054172801340261,0.01261416803449354,37.027000000000015,0.02024156814444672,6.335962726481107,0.02326093258664018,0.009278444564345192,0.0031290066278526893,0.0007913575943397778,3.898165545118367,3.3354999999999997,2.5786999999999995,5.286836333152319,0.6279000000000003,5.81319444504327,4.293264659932472,5.004057992628216,106.83248630286545,0.0,3.6093,2.724022116759852
11.80568765121129,-6088.855202274954,2786.31348105054,66.97595053360573,-2.402668046885006,16.229595218376467,23.731156279015583,38.93075863348319,621.6227410926881,1.2364022690644074e-05,-0.05966920021453255,-0.0005369406050329509,-0.010788315861460713,5.3481063024912266e-05,0.0,15.79011950600328,4.822342589262767,15.78217826378467,1.2643640311169193,0.7770122494888927,0.4408247633181186,0.6751194899746085,814.7285431284128,0.2794254779849251,18.179493105175396,20.257508389043842,0.08564474518970264,0.07058692259608636,0.036823548910134944,0.0008887708278319071,0.015059552542420723,337.0384845023689,0.1547532088915911,6.179163699042758,0.030149024488230224,0.031080779206536263,0.004674511619789775,0.004049940906951273,56.6367273922342,48.13132722551835,40.235809551585206,11.391912213743955,24.842967856285096,5.073517867099391,2.7319876072224973,3.1599000000000004,141.85002836860278,103.21972466086135,10.789267036556243,2.7545872577304804
2.4847172840816194,-5589.882735418565,2452.777552231183,64.17718333202875,20.746917630541056,4.4283,17.021948850126478,17.963078852097517,629.6257171667805,0.00010622360202052837,0.07026492793480094,-0.0002165037496383767,-0.011049324270180934,-0.0009325790775697176,0.0008999887661150924,15.77180621074107,4.319496699179621,15.810709493273661,1.0584861785455255,0.76124935640575,-0.17798736366459078,0.7937867474287785,159.24207135150385,0.21187693920623002,18.329695564331743,24.593009079904135,0.033900000000000007,0.10447009393949128,0.028487901795809817,0.0,0.014603687052409017,48.260181277341815,0.0711903494085787,5.628288555865592,0.010499999999999999,0.05682751105413793,0.0040368323610809,0.0011107020190315494,50.264165728206244,9.189530226117686,35.07092458752826,21.23814761932242,0.6279000000000003,5.3869388148195005,3.1454326622906725,14.253528435911738,87.8088047613585,0.0,10.948630690513879,1.5108509635519625
10.998231934475367,-6329.425057885087,3024.0485437490543,64.17095043862177,14.225576061469395,15.041990184310507,26.68885398263003,32.27316884487829,608.2898715855007,7.555650819917168e-05,0.060776407699943504,-7.709748685071747e-05,-0.008097424084168003,-0.000744533094555347,0.0005037081873376501,15.7542320919425,3.8570474184601315,15.755010737159552,1.3447155519251635,0.6170955217765781,-1.1687549915446682,0.7766463272767173,76.0,0.10549443680494809,16.843189686122415,34.368714921779734,0.13703075769471976,0.1260252489872042,0.07214951123909435,0.0,0.02651358158109488,143.1208984409389,0.08034077121073516,5.665560793975718,0.03316810861030931,0.053618400501987615,0.006831055383261508,0.0,11.128598935569954,3.3354999999999997,25.45125235209036,9.965131818658529,7.203250894080958,5.053963880174499,4.768165661237222,11.324585624236295,23.79344139911074,155.60505384358274,16.779843075374163,2.7651072913044317
7.635145300928217,-5596.75080670484,3052.9167393712214,68.80942284429598,-9.194092476241016,24.21698830939353,19.981710898709817,26.195004044720797,614.8531729963254,-2.7042275741787005e-05,-0.081234285683142,0.0003718883650552672,-0.011404502419122529,0.0015,0.0,15.761656350190789,5.067232279575041,15.72776224987781,1.2568135181031277,0.7541711193376257,2.2167985960993644,0.7491250478683837,347.8040078837604,0.18334669367668255,20.35217882237489,25.902290394015644,0.07497450429816394,0.02757159053653489,0.0167,0.0029812242387561405,0.013059165789713088,250.59622425690767,0.08766308585432459,7.59000545804373,0.02355170614097614,0.01048561321084407,0.004739237307600974,0.002326299391799111,29.47429436615404,25.39514619042901,5.164745879933511,10.21639381462395,15.667845076211691,5.612224002116555,4.316726128797243,11.119291485612619,18.0064,0.0,3.6093,0.6607163707168922
8.65775046450511,-5505.701722731149,2441.194597870803,68.57471581111915,8.198901889994511,9.249244349877204,16.170443389935244,18.39121781830912,634.2129079329533,0.0001591581342934394,-0.011622157262867165,0.0004906343341103042,-0.007873697811598293,1.2919890813113258e-05,0.00033460018147948606,15.930361282069578,3.5453313961102273,15.912625473943498,1.1078374128718649,0.6059675570324187,-0.5894850986079954,0.8087171678102744,76.0,0.11892640397970228,19.269090904220967,27.229062793184994,0.09526612476139014,0.02802098837824393,0.051026161173920656,0.0,0.008289365380705366,37.027000000000015,0.0175,7.047994067387029,0.03077824133369913,0.025921857531121268,0.007561685927039744,0.0009373574833472307,6.7696974799053145,3.3354999999999997,17.36729566003131,2.6314198209618427,0.6279000000000003,5.676131531771372,4.264714270873708,25.640903899911105,64.82481279283304,95.93811578176314,11.05125369517086,0.3275000000000001
12.745421713998951,-5302.594341794585,3034.47292249451,72.4145785836608,-2.187619618231841,19.00360473435118,25.5208667231437,29.438282351602314,615.6868789366335,-5.5021320585954634e-05,0.02435747219828662,-0.0001846992577294688,-0.01254612677031939,-0.0004033106473206906,0.0,15.733624023778892,4.243658212532909,15.679750355372237,1.4646844903912513,0.6564314938610375,0.834302197020331,0.7091248431698399,1243.4836934921072,0.1162020812623284,20.661587883852132,29.129653657797867,0.12960686786991515,0.08138498375448161,0.04415963071294152,0.0,0.008040862614262935,647.2244909880767,0.09592649820594859,6.625611674510561,0.044162598909068165,0.022232601716426298,0.007382522524242905,0.0,1.328800000000001,38.15621870609773,29.391037090526133,0.3003999999999998,22.328784699836902,5.696150334337436,3.8363443833502813,16.221612166108848,18.0064,424.50267533508185,9.441928259761061,2.312037743465585
6.323974549565185,-4754.9272778822315,2365.658513825122,65.89140881394854,4.3341087963138705,6.855734806607724,23.108803339441806,26.67168032103199,629.4564340888611,0.00011484483954016456,-0.002602858891565651,-0.00012588257846681743,-0.007905358322309135,0.00029586415887805905,0.0005900213010113214,15.955449456584777,4.106521391708466,15.96364779915955,1.3009212032423456,0.6217268074193313,-1.3855168136400329,0.6656961725454524,76.0,0.1396893890920268,19.119857142963728,26.857239597185714,0.053279239006575566,0.05942244546414383,0.035332916208694644,0.0,0.011726914126593551,37.027000000000015,0.07512026369304045,5.522903172535152,0.017196702580538598,0.03278737605614769,0.0046068623626721985,0.0,39.91757520931837,3.3354999999999997,7.634153934412638,17.029470001493795,0.6279000000000003,5.438893271844867,3.641914663421898,12.676238565557234,41.19686103508824,388.22140105573556,14.168772762226487,0.45083554029744155
6.287579672655696,-5313.930292237483,2781.0008852634874,69.9318575408121,-12.1527,6.325352790263482,16.243194019834355,21.680063830499737,629.9980664642479,-5.063152207203995e-05,-0.003503549217664841,0.0003831409602020945,-0.009541511255207758,-0.00013280176238649884,0.0002580118841994726,15.719329561041345,3.7769101986610574,15.76996682426119,0.7228753316103325,0.7170530699551496,0.34209727779216403,0.78906396484922,157.31805082658155,0.06626409107583078,16.920189340964598,32.657743924965374,0.10527411701889768,0.10115508679403327,0.0167,0.0,0.011442163056418734,170.77840413546016,0.0175,6.193896787856805,0.032230367945355186,0.05515136537173573,0.0057513470628965625,0.0007077462702329295,38.14679420971207,5.274435773419917,2.5786999999999995,0.3003999999999998,0.6279000000000003,4.775417300092111,4.239365492560934,5.650120222324933,130.6454258312646,531.6228065197415,3.6093,0.958031406811744
14.1879,-5946.814262290583,2998.5821508501394,71.5103626308259,9.297982539834074,19.611502932042548,17.378275101650633,23.857692695267367,605.1480840477714,0.00011997923876575754,-0.019882489400701992,-0.0002356702747665986,-0.00996700163118215,-7.085168989535352e-05,0.0009223829315211985,15.771055554524212,4.58122130037434,15.784224767347188,1.109534828631827,0.7934438729839934,-0.32491656811740033,0.6643397195862886,792.756658464966,0.03661164214491208,15.0402551141739,36.09862477228508,0.11234125009347133,0.04163744703606513,0.0167,0.0,0.01705271625456521,383.0061881113605,0.02345486142254656,5.256908818017207,0.029267658087971993,0.016932577448856487,0.005979877559960623,0.0012012847382305318,1.328800000000001,27.146579853407687,2.5786999999999995,9.488549295616169,0.6279000000000003,4.394754489010263,5.386006227464567,15.32349722716854,40.301687171550746,225.8887467562929,3.6093,3.3222564052379386
9.055034735412056,-5706.136555783383,2929.243569887274,75.00883553817543,8.490202709717337,17.45607372385808,20.73560043441867,30.990096148828634,603.8748044324119,9.879805810490457e-05,-0.005708173747926066,-0.00043369252799606707,-0.011110093447211474,-4.6702908497904654e-05,0.0,15.788179662107305,3.0715601868869404,15.856314068847757,0.8210795213914399,0.5117359499401676,2.183780759699226,0.8241787013712982,249.41753562665508,0.141062999096406,18.08731601914949,35.30259188065512,0.1613773407287391,0.10352141740638555,0.06193090651792714,0.0,0.013720895692313856,210.8839722437198,0.08925604735402111,5.904579838955234,0.047791094637224835,0.03734919090343801,0.004253317141271714,0.0,19.14273178368343,5.902355286663038,11.718506237939843,7.332845940786733,15.236982161464734,4.852797627248494,4.802453616169398,11.174334691767392,98.85114150157335,0.0,15.803479132891354,0.7989057207142883
12.24699781321391,-5864.711719112232,2848.334184629191,75.9444,-8.865257937625751,18.52467850406848,25.067016219619763,31.302667109810915,606.8802417044275,0.0002803492556921547,0.06322582570641065,-0.00015535658360001567,-0.011493300199052888,-0.0010031697524472778,0.0,15.863592949334542,3.85299393144085,15.7979005783969,1.4824525842843035,0.6521855325750494,-0.47055294047529184,0.74104253156578,793.4818041879802,0.1453329233929034,19.738489458656126,31.42711609476112,0.0984427012387218,0.045822720120965985,0.0167,0.0,0.0078,545.5709531611867,0.04970795904174291,6.148825455953017,0.02084906108111479,0.026935045829950998,0.011308660850652609,0.0019432679993656614,20.452952650254094,34.04301924194798,4.847392008101375,9.216020565293734,12.259448519295233,5.59074337095075,4.53915478364144,3.1599000000000004,18.0064,248.1292464781905,4.468373094430456,1.115423762345996
6.138444856365052,-6463.147653702331,2806.601404824092,66.47345490522024,-12.1527,12.267911462251151,23.449693182762655,30.979054305716197,618.3423871968681,-8.896470313044576e-05,-0.01440782355604523,0.00026290801939499517,-0.010456537714993686,0.00018181083321853835,0.000830043765960175,15.856684257545377,4.454169662514997,15.802406841278719,1.540995190549563,0.736844736634019,-1.021206298407481,0.7250619560013233,300.1546612453787,0.06727748659577304,16.111856646301508,24.397689543501613,0.0844180345143538,0.11206279002275088,0.023517565034950227,0.0005239776734941264,0.015473506741820534,145.32036302053646,0.0175,5.017612270412175,0.02512892452819164,0.04893969815478698,0.012071282313805044,0.0,2.7787261049791514,3.3354999999999997,6.7751803074832875,6.928342206387761,0.6279000000000003,4.576244085805938,3.904986518577706,20.412840291699702,18.0064,369.4269699331346,5.262048292501456,1.4640589155807178
6.080668402942923,-5542.514835251307,2901.225699224625,69.08413128938662,3.837775683290892,16.453794087436652,18.90519895278408,24.610541381667105,618.9440872131945,-2.4083439874848534e-05,-0.009784533739319978,0.0001914306103084503,-0.01006561079971372,0.00016154689393750726,0.0005478382435638443,15.904602723328557,4.660981653121565,15.92751623071229,1.2856975365803227,0.7935931650041134,-0.9226066438798901,0.6898472297233946,746.6991446944758,0.034,18.484793601211933,28.93311902709587,0.0719760147042474,0.024668360642352075,0.1087082920925916,0.0,0.012585274251733374,434.21388126550704,0.01810265605658399,5.810663556075925,0.020892046504593476,0.015363298916256943,0.005698810807698302,0.003486324549804962,8.71687535548169,24.383352450728307,3.0438099705844675,0.3003999999999998,0.6279000000000003,5.162867162735482,4.198536365530309,3.1599000000000004,84.73259089460595,632.5808817969448,19.88582546433171,1.8738496764915662
5.783721175848025,-5830.764212702557,2711.6791644243044,63.291965512506195,-12.1527,17.52508862529545,24.788918042727982,31.757183858759305,614.7735049689253,1.0785344627086403e-06,0.05633633971912469,-0.0006825883019043638,-0.013504737174918027,-0.0008516828627649519,1.7003930982848131e-06,15.945639123792645,3.470312921578546,15.914962118277773,1.1494939690398647,0.58930597749043,-0.0028991754175374806,0.7861294679752978,770.2493861570497,0.049910666290545955,17.57926158239277,23.175251353801237,0.08596455173054168,0.06670499789457682,0.05784644238297734,0.0,0.01288123907844101,491.83652651932823,0.01940812435955644,5.555276751086391,0.03033574632293982,0.03328502555241385,0.00837638310434937,0.0,28.822041906522827,21.57565718318779,12.639789231966626,0.3003999999999998,0.6279000000000003,4.510273338549359,3.3140402253840087,3.1599000000000004,25.07241783362378,597.3298974835504,12.058646409509414,0.7513371015751239
14.1879,-5955.021816068988,2764.6101106059377,70.51477274388346,-11.592022543795853,23.56747970175326,25.54454301803003,39.42027143357632,622.7507994922152,0.00014656549936938471,-0.029357474359388645,0.0002911158542952439,-0.015231537274955749,0.00015955900343973538,0.0,15.80113718729169,3.8179551983018345,15.784709717276298,1.1394293145591676,0.6619427368532942,-0.4178583261468326,0.76871226585982,214.71735883585512,0.24159749337126335,17.27676000491434,25.42776325901187,0.0661039848010425,0.12696710141374415,0.030285483793161934,0.0,0.009254153312117588,266.10184908779223,0.12108829243374582,5.985000610568452,0.015894931315680358,0.05670714246775167,0.004787057878268729,0.0,26.980463226412006,16.957764283224485,9.772306311241193,8.037779379380439,7.2738256890504775,4.70949822034795,3.205092018754687,10.466995335892959,98.10995231617349,553.6621217245631,5.58348084206337,1.036418141932064
12.419980613201028,-5786.946538105158,2676.144947352937,73.47681094538318,1.3038353803791052,14.290871028627084,26.362811708861397,34.5346138369367,616.571433546413,0.0002058980780382718,0.07091372659244191,-0.0002313325578024754,-0.009601885158904144,-0.0009837868180963356,0.0002653631215548429,15.954496115064526,3.898556297747492,15.92202736771563,1.3906198694783454,0.6338813788124973,-1.1827095477609109,0.7278232580359889,296.46040793083694,0.128214094249156,15.174506062453595,28.177775156449073,0.12447748434625305,0.05362460970645397,0.0167,0.0021530914847868636,0.019847100713930615,170.69744131951683,0.07820106113638128,4.655453574505154,0.03663334155842478,0.03484830872347518,0.004742018220404487,0.0021195296479058186,28.70363714944758,5.296043875157906,6.465764401854889,7.703121351321938,0.6279000000000003,4.213679384137455,4.052729009917458,3.4594876570647477,100.34629114647778,350.35877607613213,3.6093,1.6110773440206612
5.695859493645057,-5398.843179083194,2426.9657490540667,75.04473050202418,-3.226962501505486,15.387076654423138,12.4856950998205,18.6227255939327,609.2712822071154,0.00016982313754192253,0.02520467134555445,0.00015326553634925326,-0.010980405686352538,-0.0006110305690992065,0.000538023884609435,15.830251273728408,4.494134469154805,15.792720140690033,1.0907962450049262,0.6969639735973944,0.24224393258432508,0.7280247019959727,76.0,0.09866730271184698,18.487047031013088,24.94445800293878,0.12394164230989684,0.01810625551507976,0.0167,0.0031489259138162756,0.01270865318590001,37.027000000000015,0.09353892826393072,6.202102803034252,0.03736541686615855,0.010699664127052668,0.009511308154366818,0.0,12.933958463561002,3.3354999999999997,5.7680238699064095,0.9173659982359936,14.271741024936333,5.523733006977352,3.605609792939965,4.3485695695153765,18.0064,432.8690721095521,6.528689063609033,0.3275000000000001
6.858885216970215,-5499.399926733139,2670.4896779708747,73.08743367097685,-3.8371281312384986,18.690263732541982,25.5881574015021,32.63878526462007,613.4218499871121,0.00015341965062745845,-0.11350000000000002,0.000333302313726103,-0.006349183016680993,0.0014121348132136162,0.0005361495306869517,15.885035356701241,3.825053571970021,15.929368381194339,1.3141789054215975,0.5962403633744655,-0.17473444715665803,0.7785488894648611,159.9898309085408,0.12174249927372338,20.0486880498291,26.16024629507753,0.10958437162813314,0.0172,0.035708999301866606,0.006687823667347808,0.010743574385256163,37.027000000000015,0.05489474904542495,6.6928992595702335,0.03518110638401211,0.008,0.006055673294036378,0.000625187428482789,4.2572608977043735,3.3354999999999997,10.2821981206663,0.3003999999999998,9.130398253243477,5.837626925660556,3.769561221847233,12.11754983500727,68.08705044119861,85.53178267560824,8.957049511732457,2.079935204141468
9.58075129761852,-5777.235898974249,2827.2305810930143,64.75628620374512,-12.1527,16.774710416339744,21.20910637433975,31.080593815103487,620.5281149165401,-3.75607714840333e-06,-0.0958740117623208,0.00025788446155721703,-0.008634426177747028,0.0010805651621172173,5.5852093267174847e-05,15.746284159650394,4.672894849836484,15.734223538062546,1.3160948237261891,0.7256761855940794,-0.6403793535379906,0.7211828379925541,633.5254880778738,0.09078465624050933,17.04265326985681,31.028728858135928,0.12996431465838282,0.02218667899359135,0.022758188138261918,0.0006563093652793894,0.017143136076153954,365.6950450819601,0.05679865411164621,5.743748241093839,0.044281264787212296,0.008,0.006430146803204305,0.0007702069790081064,7.414825518424175,22.012703326654083,14.538478498800705,4.213403419991776,0.6279000000000003,5.0153971262597254,4.611671839706034,9.98402535867043,25.52599783326996,297.65503551845046,3.6633485763516864,2.1685555125168987
8.503171875819923,-5046.91665590696,2604.1120827052396,74.18650204687302,-12.1527,12.18864835833123,23.69828508773064,26.358058157495886,621.428130672521,9.553545315217759e-05,0.027390928872837315,0.0004196651072916482,-0.010349827377547242,-0.00010172902529572964,0.0005487093986804008,15.972562080100577,4.1071663981204125,15.987110505239317,1.3960480395667285,0.7323406365878377,-0.7719408956420053,0.7841197497666286,563.2191805806879,0.16998756556439962,20.0972994845131,25.212593083155117,0.033900000000000007,0.06614349951895121,0.0167,6.958988054740875e-05,0.0078,196.44250563419308,0.05547667575954518,6.133288754323383,0.010499999999999999,0.029859067398290237,0.00398415628662128,0.0,30.61905727682923,21.249610640714444,12.788458132750307,12.496254831291143,0.6279000000000003,5.835526877130357,3.4680733891183912,3.1599000000000004,128.20495103000337,491.9128633169472,3.6093,2.389501910344387
8.679328293585009,-5134.089992871352,2889.4981833350616,72.77497253428291,-4.040126985277794,10.490340879841852,12.586117291888645,12.973346224102977,621.531572159566,-9.876120042714997e-06,-0.01432059482912457,-0.00010379458238947023,-0.012837899900858072,0.00010789004035087222,4.6237750650012565e-05,15.997857571797551,4.199672620600686,16.014158539721578,1.259740830325576,0.7314671644484922,-1.5382969266518494,0.819565508544577,932.0282765177745,0.06082525155691111,17.658175359306913,29.643381431776962,0.10133116638852349,0.10691826354244915,0.03219225310128187,0.003314271161030839,0.013212096710817007,445.63270240844327,0.05018700189331078,5.102740527459346,0.031402154209990533,0.049858141859188784,0.008547517643305878,0.0,14.910318871109212,15.78010699079857,2.5786999999999995,0.3003999999999998,4.681048447781386,4.94529857258114,4.034890771785142,7.236964179829534,19.479164239134,450.42332034234414,12.369524513425539,1.5538280509577793
5.698255681635128,-5763.105553976781,2953.6493060999646,69.39540247076665,8.247080772631518,15.775720808113489,21.72246731058582,27.878724090748282,595.3218,4.162694994760473e-05,0.041901025831877284,-0.00025593583809362813,-0.006950067721722287,-0.0007437222658981916,0.0,15.629797799446655,3.876636260769079,15.692085135238806,1.1850728615275277,0.6759755550748028,-0.27976004943090915,0.7034655737662275,289.9208082342306,0.09899933282103662,18.285844458145803,27.625400501174852,0.13557312231980076,0.11187220283429314,0.07255751412530868,0.0,0.01536487167686636,69.83848054841008,0.03889891150874247,5.688608268675166,0.03773642465872637,0.05025106306388494,0.0048535413885117335,0.0020627645048968608,42.818030732915446,13.731150520114097,9.976825613250824,8.650986221204567,1.3599129063071054,5.073231309860935,4.119889891294185,16.15832014120661,93.85029337518984,574.1876577858211,15.407898582217324,1.5104942857274095
6.595686375927013,-5185.499350334156,2680.2787443567386,75.19756117972024,-1.7279415847707846,18.497928507603437,17.73827344113741,22.698193278046496,608.8365029365518,-7.380679531343516e-05,-0.07119559449238039,0.00021044929321144558,-0.011205555077105682,0.0010200943478901906,0.000167583509537991,15.89844805704872,2.8226313859368517,15.9428298837382,0.936492912361319,0.5045636364579373,-0.09810777583696956,0.8194552552716385,542.7265122332979,0.08104581647518733,19.027307492213787,28.20476021205849,0.08799147417805767,0.0172,0.0167,0.0,0.01748178886201801,167.69711155526215,0.019116273724230554,6.018268342322618,0.024527692192863236,0.008,0.006437810381658356,0.0,7.16113257565015,20.569667176018573,2.5786999999999995,0.3003999999999998,6.0762368515854615,5.35561454725898,4.073523858972269,5.205823932373311,64.56427461988696,529.3991343117256,3.6093,0.3275000000000001
3.094622386403617,-5924.009742919965,2594.380598917556,70.09867933809271,17.637363691303037,9.042403350712458,20.974441348480223,27.90160252944164,625.6348917228021,-4.003900970585678e-05,-0.07108571631918792,0.00018855778601316566,-0.008197648137154031,0.0011344415928652171,0.0,15.775615412301805,3.005003824053001,15.74782986687157,0.9414838573772424,0.5522638899285081,-1.5416943905194702,0.8481288951693453,958.9706443235693,0.22084813949401835,19.060610688981107,28.48610383648241,0.12818667841482456,0.04454115215358654,0.0727100260009682,0.0,0.016104606737944276,490.44118482970805,0.13079946282090776,5.699797073754246,0.030632154538787662,0.02585309306932539,0.005519542880924425,0.0,37.55069088492268,7.955444405228061,19.793736163617954,10.90840439668938,0.6279000000000003,5.804165684370127,4.218678231371218,13.717704063022854,40.07225371775691,773.0715494230699,9.576576334107257,3.1866040896708974
5.787826814832696,-5085.450774415843,2605.5827255148856,69.26851397598465,1.3003627435741878,14.258679787609212,14.95092474311912,23.490193848878615,617.487172814706,7.599317879720479e-05,0.039579578359823876,-0.0001193038024948533,-0.013488116328167472,-0.0008171903865837002,0.0003498653483621941,15.884286220476762,3.2320491487369516,15.95296039208013,0.9176912358602537,0.4935485105361116,0.11963084261369761,0.7962151468213171,245.35965049463238,0.06672935569273968,21.941615580890314,19.672570384641645,0.04533503242392161,0.09946301763804707,0.02912004349988046,0.00024705053302615334,0.012587997390622326,144.29770450312043,0.017942265471431434,6.3765565419679655,0.010499999999999999,0.04542784559120204,0.004499437476429057,0.0,27.738565741407093,4.911768363416872,2.5786999999999995,3.1430663299934825,0.6279000000000003,6.095212017894584,2.540712769323099,3.1599000000000004,135.86542511882203,282.3813132466609,6.4835162887006135,1.9916605906353344
13.457870693583665,-5064.782734473889,2377.236726696658,70.50527234313195,9.852696003659734,20.780575940638062,21.939233687266217,31.447427034761528,612.1129932982668,0.00014108781300357456,0.0629416296367518,0.00017348747585357245,-0.007324006180460082,-0.0012935045154281346,0.00022700532535731023,15.974978330160086,3.170994964131619,16.002103700339486,1.2357023014336748,0.5595729266152788,0.3230742042812583,0.7531668087661428,465.8661041746376,0.16870588378590212,18.550879606074037,23.644020225332163,0.11258686646928552,0.062187534581267606,0.13230840583190823,0.0,0.01432559503905061,192.39214252642049,0.11585864049841586,6.364352664591059,0.04183674634040874,0.0323186133018384,0.0034124897263000933,0.001851918652857032,1.328800000000001,25.04882855454294,15.174156745075184,11.274144923629029,5.043185810431007,5.116980488044732,3.2090973491253063,3.1599000000000004,102.51575848916363,0.0,29.819362431667667,0.3275000000000001
10.46322114592325,-5272.750214020405,2674.9095111262427,73.59411322757957,-0.5215344089381495,16.6925477004566,21.473508196821573,28.00862379972873,625.6547708911372,-1.1309025023144767e-05,-0.021969702343320383,0.0005649893765857691,-0.0056110590522070606,0.000344660012076149,0.0003538162177336827,15.869389104488793,3.4732447615666286,15.87013772777506,1.2376152118910404,0.608478531114412,0.010353220784901307,0.8199942910792408,76.0,0.10070144908822787,21.22349747637049,38.713713561855535,0.09349059935992537,0.06709869465790508,0.019038212370734834,0.005649085486481593,0.008580054427305438,63.00691255284573,0.038141424006917224,6.888650878210793,0.03416495219699495,0.02649910433544719,0.005483214084098508,0.0026336181760512243,1.328800000000001,3.3354999999999997,7.045059996143684,11.276223417529206,9.256582637221841,6.300778346384465,5.162494719894361,16.009182309445425,18.0064,210.85052543698833,3.6093,1.3704796899718572
11.438779092702687,-6311.1427093708035,2476.4819611792373,75.46897856555253,12.225965628325621,10.934607719068175,19.431716622924004,22.522653286007053,610.0747639720435,0.0002218331066000559,0.10564768213317358,0.0001495732638722478,-0.00790901214626542,-0.00121537978973262,0.0005357810302120958,15.728128410088226,3.6532379993693707,15.672521597836466,0.9344739742316197,0.592483082653221,-0.48373750612660454,0.7524730174171717,76.0,0.18045877409753455,17.31612601971278,25.105417074218447,0.06775708368836349,0.05704289385249791,0.026654733593632438,0.0,0.021023641096375723,37.027000000000015,0.09460458705765687,5.097572549995428,0.01629423191965451,0.023324750900974325,0.006225643883037933,0.0,10.60768278203928,3.3354999999999997,4.000555485785398,9.410052277332268,4.711108569693149,4.533226548667808,3.1970551060073675,3.1599000000000004,75.5373037368491,330.61636497801567,7.1614718089835465,0.3275000000000001
6.1212636643521146,-6398.33212819922,3072.762815653136,69.16785667534657,5.963436036916704,21.471820177637245,20.579737367386684,27.934608174956097,626.702711492789,-1.0622338324697069e-05,0.034161449354786544,7.7875181509087e-05,-0.011057097524363207,-0.0008319356627896028,0.0,15.852615210627295,3.6321669198397792,15.869301317413814,1.158353363061341,0.6783718094519767,-0.8251584152338565,0.7715248112052878,571.5694871755321,0.034,23.915455813189418,29.65864958045712,0.07480982719660408,0.03596489462399577,0.10912499064622522,0.002750680680559798,0.010828482890443481,211.6141233365354,0.0175,7.787644487647229,0.021806317767491472,0.01724204869388483,0.003722845663086029,0.004857307700588318,1.328800000000001,9.775510224873512,2.5786999999999995,0.3003999999999998,0.6279000000000003,6.935979621627355,4.437938785049543,16.585636330088843,44.311754580042766,0.0,13.566661924741664,2.098804655350827
7.930429777832024,-5954.159767470948,2852.547994257233,66.0608586251058,8.62358173394782,30.479611706493124,26.084038413334905,33.80055808848161,605.0668003372454,0.00014191282382205154,-0.030488579726382782,-0.00012770052272974202,-0.007729760262544969,0.0003258508519526085,0.0006007971490720919,15.878974944329082,4.558759055343392,15.89045761054114,1.1983192764136954,0.7377144873706784,-0.2791078017770077,0.7313739992039183,557.8034861132096,0.13831369365779334,13.87067904289357,25.398447326388965,0.13021463213786721,0.11899565484403683,0.039670679723389494,0.001130221759347781,0.011123785520833426,284.7415182286055,0.08543461505642415,4.834854269299253,0.036802289634326066,0.052841072817676915,0.00864200671327087,0.002502420822883565,24.567512105221283,6.660870522341545,13.709635749664468,10.385768479534638,4.266185253617522,4.405795211138296,3.307628612322053,5.755398353587321,37.98671371574767,437.3094537173507,3.695856557461358,2.0423596625945044
9.34815689581818,-5499.44226489521,2587.2294010303704,73.41731645078757,-0.28500561311810246,17.849637211513414,23.023307881034558,35.92862042277763,613.5851538644002,6.060165366231249e-05,-0.055064493893636504,0.00047629934505443675,-0.008189970330020706,0.0004419779848552683,6.762248301080965e-05,15.819423565602785,2.4249301654843083,15.863629891707555,1.0502060362505183,0.4225350415553124,-0.7874451386750204,0.8764,311.44999806079204,0.2747546809756759,17.263206452938505,28.70021279415909,0.09920224831868683,0.051752327500063526,0.0167,0.0,0.016983684825118566,215.751560614418,0.1301233191858545,6.454801984110609,0.02870501803150978,0.014452242555674287,0.007665321507018659,0.0006344191032100215,14.114643396743066,13.741243674559435,16.542868451105345,7.159252489579208,4.36978137684542,5.415416119144284,3.7332240724587096,23.80395344215819,84.0449932088186,0.0,3.6093,0.38847663552603895
9.873479199510134,-5144.561258655951,2892.80849687585,72.04649737047069,-12.1527,15.353620375930333,28.945029301083032,32.40904149381845,610.1594575836663,4.04185812125828e-05,-0.017040798872877787,-2.3823109832612367e-05,-0.01245029381830692,-0.00022537167509587006,0.0,15.762585604793037,4.208505463992346,15.71691338003622,1.1589594104338445,0.7500512843904898,-0.1292938049562825,0.7825523073185621,1007.648630051091,0.18025663908693076,19.125653362064764,33.85165643770777,0.13042063822434147,0.018924079679065876,0.05895353743135118,0.00026378472854321554,0.017116177649876163,471.163347421008,0.10562542716076583,6.755836959765242,0.03000231685005441,0.013057916181096455,0.010516422520497693,0.0008466930260105636,25.156021064688797,30.930659019799773,14.120881027494823,20.70914391002023,5.072774504547906,5.714202425658532,4.144772086976195,7.802374527480081,109.86730618916224,443.574541559296,10.215962280050178,1.4146548018074125
14.1879,-5963.223832224403,2791.6262833797196,75.10861765944566,-2.804533715778383,12.373419883692526,25.970689048463345,29.091654568658857,605.5162755433641,3.9775949884492993e-05,0.021234838361157634,-0.0001361232227571366,-0.007309618812545654,-0.000983447912121961,0.0,15.819705001466811,3.922790839640867,15.78966170273324,1.5037313900787417,0.5941782703737308,-1.092066844804684,0.7450567306926928,255.59053159707958,0.08591854338047072,16.669489993955814,29.565523835669286,0.12416201236263467,0.053536827595405644,0.0167,0.010068918081873844,0.013483838226557526,37.027000000000015,0.07612177245613413,4.5235787474381,0.03740574250210035,0.03696964788100489,0.009646069711189705,0.0,14.428661734199538,3.3732748941804935,15.011650732279714,13.917545180661556,9.18365949203903,4.883929003791069,4.436624483751558,22.71035015053789,76.21490136170142,0.0,6.136341747352036,2.288256398446907
7.920021966207033,-5733.62216820436,2682.295985192097,72.79186751761037,18.223396635394593,20.659867112654027,22.65362483575763,31.60176095699356,607.0788216637638,0.00019293588138609303,0.05056339145592704,0.0002347226696792106,-0.0053221931654273535,-0.0005351828193373178,0.00013374898203894376,15.623306462764251,3.43780946364767,15.572492685158611,1.091804216491832,0.5047617668430255,1.1069579228452242,0.7404571335290157,76.0,0.06147291700372609,18.841541705728964,32.428003675100435,0.12402574086545429,0.08505384873531831,0.0167,0.0,0.016564230947700133,37.027000000000015,0.030699702762815723,6.145887107148427,0.03709227704163781,0.03615436578137352,0.006644608819351591,0.0016984572929669925,7.035226550148627,5.767489686341264,2.5786999999999995,3.755855395213942,7.2520041382615315,5.412491385538293,4.778847109223512,8.177898987605449,21.547876031748643,78.89625580829346,3.6093,1.0344323445670591
8.47078516256692,-5558.464113979671,2930.33062804547,75.9444,6.967353876855337,16.56533640739521,20.06401803746466,25.324089477568478,620.7472561388764,3.9251576061042625e-05,-0.030355370422817933,0.0006383033892185439,-0.0065896008043880155,-8.844480743269428e-05,0.0017327331926324295,15.710325131946833,3.903103910651578,15.695886827173496,0.980253899745648,0.6904416341732371,-0.09219167711070592,0.7408345734105488,841.2045774671956,0.07656012996726386,17.41972890109907,22.79266096312071,0.10306329385400316,0.09015744566268044,0.022846188051333732,0.0032874490544516732,0.01700601918823748,499.94580526356947,0.04759602434877862,5.459820097740595,0.03297860960458225,0.043974973414353156,0.0065024201965264965,0.002202393180193589,22.757038380103104,38.647810332071685,2.5786999999999995,0.3003999999999998,1.932939048098886,5.385467991026514,3.443872158000177,3.1599000000000004,22.78758625719186,130.91961689268007,3.6093,1.6786443153536634
5.364737021715319,-6715.809288400093,2856.5854618087083,67.40441844330266,8.074637415819241,8.741435815461731,17.540168668852118,21.150440075391412,611.2785958215471,-8.312331326409809e-05,0.017839060324945737,5.729399736676686e-05,-0.008077150307997705,-0.00019287747375184298,0.00024521349753958363,15.935990010854317,4.307526884951165,15.977647832006365,1.2330716619401672,0.7450417435929423,-2.6880007680589575,0.7237487296436789,76.0,0.1686815525198942,16.044582694179493,34.969641574730765,0.10953695331759841,0.08049834272513098,0.02068703182059522,0.0,0.018426572343353747,37.027000000000015,0.040549185168961846,5.149190702075179,0.02849952094656217,0.04828603413108403,0.00776164260273828,0.0,8.6596135176242,3.3354999999999997,19.32457918598537,17.644426437844732,4.945481995864297,4.784589215974819,4.707070382410332,11.864742847117776,47.164321323266094,0.0,4.317262212716546,1.3758340359452361
7.729610695132287,-5195.4416593364485,2762.941218784054,69.84493053129265,0.7107943554467577,13.609088683297367,28.52994193329242,32.881858278582676,616.9178905704601,0.00013386721024908049,-0.018930824401512912,4.55394183394029e-05,-0.0065070873225670615,0.00018624646434315965,0.00033168876391843975,15.727579205349349,4.846020011896529,15.72594995045344,1.0051392116645232,0.7604983595843056,0.07337466777903212,0.6569367168808512,127.80313736154073,0.06710945098274244,16.450651415657546,26.31236009887514,0.08920396256025477,0.06150131899496768,0.09331770248521795,0.0,0.01359277110104003,97.34654427251735,0.06747689201455798,5.074687934917316,0.02782520068608489,0.023850864512570607,0.0025,0.0,31.812046609290785,4.791846210861326,2.5786999999999995,18.233732074401345,0.6279000000000003,4.790413822995715,3.234151685391471,3.1599000000000004,140.69095974952893,440.19377009726657,18.114238771197478,2.044263045444361
4.997179859601159,-5209.167188921787,2715.459263647032,72.38797487546407,14.866607547345874,9.902157583833418,14.656595551989327,22.490193592257288,613.8718350475482,-4.285584913099526e-05,-0.09263120650099993,0.0001096796947917444,-0.01164049350330165,0.0009205602477630109,0.001354858754378274,15.817777229790337,3.805668565491804,15.736323042212204,1.2676197148014523,0.5936915536864216,-1.1587403979287032,0.7004255573896414,628.9076031149564,0.16265097725939187,14.758280420285889,23.795047828040456,0.10381416949224784,0.0500684930342037,0.07366947711926103,0.004574861594938095,0.021308390503158633,300.079110545416,0.0999445528711016,5.497576513103341,0.033584598769757786,0.028791359743396742,0.010278571193301651,0.0,28.146830748997154,24.8879947064987,10.419076744407782,11.281250410193291,5.139613806691157,4.3666356246248315,3.663895276109743,3.1599000000000004,18.0064,171.5130728887125,11.511791602309323,0.8205075279078896
3.170515559805363,-5912.872862437768,2901.94983592423,73.83084085076457,-12.1527,20.486264711454133,25.79689922084004,32.93976926615255,603.6102032029019,7.633350901077495e-06,0.01936049872362487,0.00015384038334180348,-0.010788635121552276,-8.006440865848563e-05,0.00037508320766694485,15.852998720378707,4.3690705796272,15.790504132402113,1.184302601520988,0.6731674419223761,-0.49799300237054756,0.8106101708524822,511.9057651430037,0.10926673483975047,19.315892911580406,40.90504260651653,0.033900000000000007,0.06424257787748422,0.0167,0.0,0.011130613744606653,222.64489032557563,0.06185167657771587,5.965191313737689,0.010499999999999999,0.029664613070972182,0.005292056952150265,0.0013108153379379581,27.4424624242227,9.981106644840594,2.5786999999999995,0.3003999999999998,0.7870198418471315,5.470551299126079,5.375075640569592,13.863911460096865,94.6961312818867,0.0,3.6093,1.309918347699925
11.28388025493733,-5979.7506783930485,2963.4158930692593,71.38143360515879,13.281289495274164,9.2823313429135,18.206060089231965,23.687826090273138,621.9670781585058,0.00012198218426485413,-0.02032593117033513,8.379097583247633e-05,-0.0063593213360246086,0.00045844645413902,0.0,15.965064540100562,4.283328360535248,15.961077208003555,1.4322992742861043,0.5818626595173672,0.10104385126074245,0.6714151562823533,937.6372930324347,0.21239532489816798,20.077973554814346,25.880400146750436,0.1203905333249912,0.03539097569552993,0.0167,0.0,0.012867128192225893,366.43156427316006,0.09961963232210744,5.614807270152165,0.028377181236882723,0.012181029536651442,0.004184049937728522,0.0,26.726220064260993,34.56985198335406,15.322527304383486,9.308770104800525,9.771627335748569,5.761636246163,3.24428544168717,3.1599000000000004,22.28872375165316,171.773605308173,3.6093,1.997754465007234
9.577776431236776,-5377.406130195215,2656.3562134517283,68.02741028074021,7.9885762120945465,14.34192298209132,22.327935242540594,28.65013873992805,615.9287135400245,0.0002974131109990432,0.013243040556040336,4.066947363921379e-05,-0.006550904942687754,-0.0005372002718026078,0.00030891301863102274,15.80437981061505,4.403248290627121,15.778741398716136,1.355619459238654,0.718167226436762,-1.866926314008669,0.7067620035246158,76.0,0.08371350058258831,18.613312178884584,28.179239098092747,0.08901362095266523,0.02941408422284489,0.09683037824508978,0.0033542632166743726,0.017443751081273388,37.027000000000015,0.08742265224256933,6.16555699776073,0.01982676529540118,0.01712328806753391,0.007218472161195271,0.0011571736391282907,21.549219604118836,3.3354999999999997,3.9278232193114366,8.758553944283774,5.305841671646311,5.642931452753105,3.4178124067559628,12.44440991162012,129.7304701979425,23.99432682279962,19.85879396561163,2.767128155071566
10.721594181274444,-5460.571773718617,2829.9564612333334,71.86302231767513,9.074269360920242,16.701030868273122,24.026531207266423,32.97192068721498,610.752897108863,0.0001659882218512028,0.003177765474552263,0.00038656995083287453,-0.003914210182457211,-0.00040304432241364886,0.0,15.676176681199955,2.8783323631096533,15.747384950265943,0.9571253229029169,0.47247222937320477,0.9378738582597748,0.8668861033632691,788.5245067555004,0.20358623709039997,21.37974843885888,30.99234175461309,0.12464794589987839,0.13967025373266045,0.0167,0.0010481401299184657,0.01662356763010232,180.66857020594256,0.09598446078655609,6.624470048296359,0.044723933498382176,0.04883169344675961,0.008334604382721378,0.0005986092222143406,57.5311399289139,28.47943359648662,9.834484388821261,8.458219954029364,19.059364518071984,6.192426252516862,3.4006912934830766,5.698854603942491,160.50060426842703,501.54897860658696,3.6093,1.9687607054189635
5.622158906169167,-5984.204254789265,2780.1840740092066,66.72975658041162,12.138397345236989,19.08487034260398,19.363919012599993,27.63354125726042,613.1282648843911,0.00017709136181597702,0.021498471188380136,-0.0006306928381411406,-0.011584587295270166,-0.00044536972406227486,0.0003996192161307301,15.720456731018208,3.709563921948252,15.741672129603414,1.1155989743841361,0.655977464065786,1.1826155186562348,0.7914397233298477,1618.83166322856,0.08840027133875894,21.848818619033278,25.036884019583926,0.04414348882585164,0.12630358402788494,0.0167,0.0026073207515413966,0.01716284760291583,652.0124591888227,0.04299247129852028,6.5452187620618325,0.016378007763376723,0.0443109771307381,0.007652680272068487,0.0015251291630572596,23.563132623513013,38.49384726421699,6.852952071585321,7.373834698438296,2.9123020062629497,5.275690841210822,3.2928997060158602,13.441960266162624,44.446758887007334,0.0,3.6093,0.9811506687950566
13.536291086006909,-5604.565145988285,2700.4636029070143,63.40330746723491,-7.5498468267558945,12.757595381490912,21.19478782561493,27.592449510551642,634.3218,2.7380221356333354e-05,0.05093911569317256,-0.00037584669786965333,-0.009662291333006254,-0.0007839245984547656,0.0006241841830522748,15.890047655956486,4.594346822288825,15.8209973588611,1.3510035855800753,0.7001004460477774,-0.919650907128837,0.7206026144222508,253.8256619070698,0.2129318686272687,15.533986263032606,23.73657593608735,0.0613201440335347,0.0172,0.05885513678847257,0.00979914917028023,0.012726551449145395,91.63291636160366,0.09390733860673542,5.10413441153996,0.028194963738796486,0.008,0.0061896274097568696,0.0,21.753374964037935,3.3354999999999997,2.5786999999999995,4.111084413466425,4.46505693418761,4.611372893317212,3.6983576130399287,7.614836029678367,50.53872748323341,0.0,11.196989978346025,0.3275000000000001
11.276650197807163,-5493.659772768198,2935.460990815271,68.46215079883603,13.300276989021175,17.624762157639132,14.56074175163116,21.09930315038318,612.937950172822,-2.1271453160621312e-05,0.03568055642962555,0.00018263969401170608,-0.006747249988452527,-0.00026582099704087895,0.0,15.891111391776517,3.957168783966943,15.851021360146591,1.2502867096055446,0.6310901330590131,0.12534543452687108,0.6974652575064099,682.8671317621846,0.16270648054222944,15.105669537524578,29.466322619384087,0.10352938384647267,0.02478098857359811,0.03205300181692264,0.0,0.017359239627733978,327.0002148985421,0.07543674757920245,4.639375004157785,0.03101714046478591,0.008,0.0034858147904734188,0.0,17.42458791518409,33.94157027288244,5.438933671987591,8.219329956736088,0.788414729345309,3.824491707750386,3.9609898154215584,14.188364779434545,37.94830930054704,620.5289364608193,3.6093,0.6336365251926439
2.2493,-6050.121501764887,2676.784065026729,65.46951984146403,-0.1866906745065391,14.979472325502819,21.25891179137868,28.270776303212553,612.00737620391,6.56570606923347e-05,-0.09567986240503787,0.00031248599162219916,-0.006497088908738494,0.0012296752404620556,0.0005243022543050534,15.886086662233557,4.1755326780892235,15.862830719652523,1.2798367526058043,0.6907168726677763,0.13461343684185167,0.8437202101314333,1017.5956426327991,0.06654235597827274,18.23137381968482,36.81080602974322,0.11392604334083185,0.0443676315175663,0.03347323963826711,0.0,0.020163208052242917,508.69773582943446,0.07654281137090416,4.856456649446289,0.031191323979624583,0.02257282123942287,0.004714545627041715,0.00036339805888779283,27.288574928195864,40.8342780176166,17.476642287291277,8.407912425483396,2.4989896748505354,4.914608618692426,5.23138406623737,21.01918808251059,18.0064,368.5580584719299,6.539252164874009,1.6331697111575112
9.254658317439254,-5836.110844592665,2716.596700124194,68.96757651106893,14.199560041436385,20.74097440779559,15.590348073678763,25.026708256426577,610.8768769698253,-2.123213808316131e-05,-0.11350000000000002,0.0005064980592247387,-0.008073465533077095,0.0011989110700708623,0.00028525326097611785,15.797739605634693,3.5223161077626344,15.848724253471776,0.9841943403688822,0.6146749612313183,0.10308732628016837,0.7993904569271988,76.0,0.034,19.555699883213602,31.983485431966464,0.09820966846070202,0.06036544139684225,0.06464633369920364,0.005691772684319217,0.017750424159713674,54.970481823698464,0.0175,6.81384916574987,0.031849693996345935,0.030364207986851806,0.008259941199794587,0.0030247124044564568,1.328800000000001,3.3354999999999997,2.5786999999999995,0.3003999999999998,0.6279000000000003,6.076940202523866,5.100061892852653,24.706303593547382,70.65471649368573,306.153365757365,9.749939189821589,1.890462200980329
10.061730978393884,-5632.859510349221,2711.458669477903,65.95128383358289,-3.205985768902543,17.37382469602446,26.116393110697288,33.056909545630006,605.0543521096126,0.00016373365361091696,0.05463811612115834,-0.00028516302985458344,-0.007628354347880674,-0.0005799687386012193,0.0,15.707413447777581,3.7749928185792707,15.742599851009818,1.2056638005426255,0.716564197921816,-0.02653472640501242,0.7227499709629615,322.54160541077965,0.14812707772535283,20.917377735297375,35.2654888243081,0.11381974719774654,0.11791640504123256,0.11518233709189639,0.0,0.016444819785415954,60.57481245844161,0.10286361189344971,6.2821973772987345,0.029613736139778003,0.06168513118231662,0.007381593422224782,0.0,30.069749914939322,3.3354999999999997,10.212109716780887,13.749102587217358,5.875906438724407,5.504207911625884,4.859258307946197,4.772100627222255,67.00487543817623,425.01689488152044,22.16067293863219,2.9547517019754945
9.625769066323954,-5767.8284257375735,2837.1143223491595,65.09621985256729,7.761275225270785,13.37110659513785,22.783100107464477,24.51907566396556,619.2418738037502,0.00016698008598332897,0.051112249141149195,-0.00017770607681550583,-0.007482114261770241,-0.0007998576487672466,0.0012428930369247876,15.762469909933271,4.043885078586179,15.782591221194599,1.282415353380987,0.6493675332484827,-0.6875188278246681,0.7046275781984151,932.2192301917735,0.15951367254935359,19.130112131682324,16.062,0.07046713729932333,0.05262143178245647,0.088902079354431,0.0,0.017500970265779518,292.80711257553565,0.09132718228537466,6.226647189876721,0.016978374734794452,0.027903739513406443,0.0061011231791923345,0.00012470427150206248,26.062494945279838,15.325892544036046,13.146020748116623,0.3003999999999998,9.390809848767912,6.184839465199834,2.4195979202208866,4.519079719890255,86.65355962667469,46.16665027153607,19.502173799500156,2.2337383073109516
6.113723836424578,-5154.340207780042,2771.1002704135212,68.38718274818147,-3.7329399075398766,4.4283,13.316032907535718,17.59380660232926,624.9334443385594,-9.43070738277964e-06,-0.013526855102439318,-0.0001174065616213185,-0.009074611642206026,6.02405757193777e-05,0.0007826001212515253,15.924106195631053,4.494349475777031,15.891407325904625,1.146935691328078,0.6230599777323416,0.044613567205316396,0.7460042814978002,1496.9532774871195,0.2864883426960322,17.50789757521679,27.676946934335717,0.10495283265586527,0.056145327715178085,0.019144785554022586,0.011293501211264025,0.012745382875249924,814.191266127711,0.09413267532918476,6.036564543143793,0.028862554126139948,0.027616615534683163,0.004574290868026331,0.004662823763646095,18.46508855686435,62.71547084171844,21.305806039690232,19.043474690606484,13.670488480661156,5.328490488813119,3.442192143010561,8.494458875771022,83.9192107931228,528.3689716545039,3.6093,1.366291485389083
8.549692427665585,-4744.037807775123,2722.7413475050234,71.52191897511197,-12.033784189495472,4.911576457823466,23.763389117019656,27.66269991653086,629.0670141135073,5.979410764579395e-05,-0.0011848593456640771,-0.000222365543183678,-0.00822811766191389,0.0003342067837656152,3.7310215718937295e-05,15.930862957207628,3.6646634351287863,15.951330497016786,0.9180833305329824,0.5528075134015769,2.458,0.8473536065925686,450.7976986843365,0.13230023106984895,19.47310046617498,26.520414705559425,0.10730166463174702,0.10181686420872685,0.0167,0.0,0.013818219588346729,234.9918460245817,0.04459374727230474,5.955513237853454,0.032113753224793706,0.040709345667740086,0.002859071319761089,0.0,16.704210896314898,9.485244016144144,2.5786999999999995,7.950370701203034,0.6279000000000003,5.332428074558049,3.9431168486634864,9.044946706837017,113.10270337200191,0.0,3.6093,1.558493188255016
7.8830987654592946,-5793.618653158384,2797.705374962734,69.92104767417754,-6.188500242819474,9.417323680670954,22.376029514028108,30.273417080125213,624.5492413573827,0.00013895010953365118,-0.007057629152373155,0.0002253692817908713,-0.00730093286273037,-0.00021938157515501147,0.0,15.794675937326911,3.5357116123355414,15.807041686707379,1.0669580531218048,0.5644553100698542,1.146826335346843,0.741166250211668,195.70756191062526,0.09774692125147331,17.426891877795924,22.755375198258513,0.05784634027665518,0.09366016602688185,0.0167,0.0005527420049073992,0.01627639578259281,37.027000000000015,0.025731816714156183,5.633508017004773,0.017858146958823623,0.04831294428081742,0.00673667193434027,0.0,33.69366754637181,3.3354999999999997,17.061495132843135,13.48289182316675,0.6279000000000003,5.254386946395216,3.2910410866652153,3.786238157204755,120.82646239929065,0.0,3.6093,0.9395865922271995
7.006442117263189,-4936.909499477705,2883.9677754042445,65.23856166749103,13.340053529125923,13.05495234921743,25.15005373622563,33.39080771338356,631.7282659598781,-6.558788937282583e-05,-0.01639070125813173,0.00010824314371473038,-0.007428909017371328,0.0008059435686518201,0.0,15.644837228136312,4.2839361377029075,15.660358606378637,1.2430915836830732,0.6066176965758607,-0.10512140019476801,0.6674768277699248,395.68126917561625,0.09727590263111155,15.829596843096674,16.062,0.07569220690090618,0.10579300005130512,0.0167,0.0,0.017366772297979303,190.32988879106045,0.039764513491286395,4.855965490327331,0.01666398920496966,0.046364089933350845,0.004144033180904931,0.0,35.73382747946101,22.141351711719317,28.508571676109145,11.717153947250369,23.647280421810425,4.6908576569029385,2.1869,27.565816462371615,34.22618557462046,707.6529204554882,3.899555735496498,1.2923109763952083
11.372964893433604,-5585.84140613314,2804.5540245532557,73.65469675445974,-12.1527,18.586701019486803,22.385613263342584,20.673824602526086,602.154261840778,-3.235194714114294e-05,0.04079415335060122,-7.361624274587023e-05,-0.013131368357049684,-0.0008104865485232132,0.0015264158027291658,15.89878678670302,4.234602370408035,15.85986317501405,1.25734417257923,0.7531322667713204,-0.17048386615608302,0.7221906061868848,76.0,0.06864747919274286,18.62014683068171,16.062,0.12282144843277773,0.06560484077928375,0.0167,0.0,0.012423159910256833,37.027000000000015,0.045205074478112756,6.384903909582832,0.03403225051145594,0.032671051116095015,0.0062642896847663766,0.0007582975288327634,20.339338481037142,3.3354999999999997,2.5786999999999995,5.201764603324595,0.6279000000000003,5.496969345242468,3.01777250200482,3.1599000000000004,50.41683940021067,0.0,3.6093,1.6908461774773058
7.090677767654205,-4863.091619581446,2618.9055368781887,65.04965048407188,-0.20356861015891958,4.4283,23.139404270126846,26.189441508440357,611.9053584178096,3.059010538350376e-05,-0.005943498793002338,-0.0005522016759067479,-0.013039397477100294,0.00012008889434155835,0.0004676258260334719,15.93933924000071,3.580222477016933,15.883717813606944,1.0804045262700104,0.6083174977055571,-1.4865650691203254,0.7295485477072392,119.69194452009202,0.1315184152967539,19.97492647864055,34.564718995062655,0.10861857409739416,0.04768954448788908,0.0167,0.0,0.027029685514485154,69.55634811555953,0.059265928711436607,6.141017483046728,0.027611115947831024,0.029955732708825105,0.005058599140711852,0.0,23.393922047430213,17.265090318867397,13.493683761798092,19.817382758251828,6.232141660075975,5.726298848896181,4.742649051524877,5.0328919784016195,57.64489665550623,957.324534229678,3.6093,0.3275000000000001
12.93295836583042,-6532.221307853255,2815.138473447654,71.91993708238294,16.247271105585153,6.81163700252126,22.755824069344058,25.917075696905513,620.8995881343667,-0.00012171097123214419,0.1275709863344608,-0.00010039371961301985,-0.011920336915619265,-0.002139462894989806,0.0,15.794490983680108,4.630970711259564,15.800992913051404,1.3047086032449697,0.7689050889765972,0.27385664773692253,0.6157672257408,398.8256169008852,0.20398702376242533,20.9371108935044,32.85611866190112,0.11538966680473273,0.08198191204152654,0.03789069672873083,0.006215567642239645,0.019528625038222867,231.8793379773196,0.10175919107040116,6.955719050531786,0.03632960060688534,0.03865005657981581,0.005686662874471108,0.0,4.939772635737665,30.97168179285466,10.502417948035914,20.720170584915614,6.0595959892013544,5.3209214521336,4.513858566040625,18.484177924210307,18.0064,0.0,8.206362108242107,0.8575907281341413
10.106372074881095,-5278.842926821623,2751.166368826885,72.15387583058066,10.668453970093076,15.25123226566234,15.97433402758039,20.928667534525285,609.1652691316277,0.0001250197751956164,0.06201947028717708,-0.0002637510854736246,-0.008978424677357367,-0.0006040201804799028,0.00023771819926948578,16.005083106501196,4.440933004511677,15.988957153108432,1.503647018060347,0.6584426647938356,-0.9195203446988844,0.7311455601266822,366.80336896866703,0.3052707486087032,21.929381942891585,21.79139308451451,0.10060925839254757,0.11266599176074704,0.0167,0.0,0.0078,157.5037516082309,0.15376088590232304,6.868228251339356,0.025262309819838655,0.052241127323818276,0.006568960394854768,0.0,35.44138615932569,26.380750652110965,15.867814827487948,13.543821655318201,0.6279000000000003,5.962883017038293,2.6474554672427995,3.1599000000000004,40.0860284822969,207.83717186623574,3.6093,0.996829359748864
8.438214207924535,-5715.575500545236,2943.08553835861,65.6503579008951,2.533890214115293,15.402480095294901,24.047426381031283,28.73263008831927,619.4010667839012,-7.888521661380591e-05,-0.026590744033871332,-0.0003776050734927476,-0.010109104843604038,5.421017725418655e-05,0.0002531068221421027,15.900732307921519,3.6970425040595076,15.91248631193877,1.1277600814596873,0.5326526628451687,0.5848998402749845,0.7427114156841347,76.0,0.03950732009269321,18.67660207876736,30.649894739576276,0.13981527725327123,0.04368422766935304,0.03946063066068239,0.0,0.01651003131852057,37.027000000000015,0.0175,6.042768455025717,0.04015609716164588,0.02150186275182432,0.0025,0.0021176870509849615,1.328800000000001,3.3354999999999997,2.5786999999999995,6.985839473895039,0.6279000000000003,5.454585667560023,4.182973348508212,4.483854645451516,95.2716121404755,149.6353418412018,4.104912103955093,1.6062410250840464
3.6644756701198347,-5674.007779236636,2740.326130977508,69.67482208753059,-5.78890269453823,10.850516400664667,19.8899149630967,25.143321798968085,632.6145999097248,7.50020594344173e-05,0.031668142343101995,-0.0003325803938670292,-0.011200028093632075,-0.00029912521329850193,1.2907208990217835e-05,15.733856788250277,3.490693288970553,15.708706905830875,0.9736058043563993,0.600241605855527,0.43741928725116996,0.8353836247402956,178.98804763779827,0.16446451391989872,22.636750399457846,28.91720953845802,0.056203981782125254,0.0397538993335602,0.07044292620523525,0.0,0.014723080624323795,46.982066472191065,0.06287307167642164,7.474624349167734,0.01910161764857341,0.028644274228213126,0.005406078963968084,0.0003096697441638445,24.902874439026675,3.3354999999999997,13.90463815627469,9.911695858524565,4.1491434709054555,6.252577383987821,4.159276688884854,8.653341572227934,133.29009235295138,632.2428281538921,18.2030966364666,3.6281271352435227
9.015027612247044,-5578.129270485474,2906.559640691567,73.43116394987811,8.293596955177764,19.001305616540815,19.324108064282097,25.404347728688034,619.1900107723909,-3.216911173325703e-05,-0.021840339813551598,0.00029337063525025777,-0.010009699000828853,0.0003050795982166735,0.0008898551974426372,15.793759569046042,3.7541814153831568,15.787651086565669,0.6994246485962927,0.6721773207609837,-0.3772971770703918,0.7172886707041759,240.68330091399594,0.08735868156174767,14.925175200676726,29.506861587898896,0.1538765576042993,0.048173099321360484,0.08938050689526118,0.0,0.019936132434973983,146.21441372947027,0.046376003574557366,5.194479944098588,0.04531667936428607,0.013455250795087907,0.0025,0.0005599673514894398,10.423083344860508,15.763061224336443,2.5786999999999995,1.8952294803548275,0.6279000000000003,4.899249490773331,3.9724282340497266,8.02165978266914,28.97528946697089,0.0,14.816110291914246,0.4791086599115264
6.436518614353207,-5184.560988739844,2602.7893330390966,71.35212886702148,-5.069695474847329,14.74627599462068,24.727008744791185,30.608824238506127,599.4071198559855,8.712977092776853e-05,-0.028684607422164127,-0.0001452325331131678,-0.006572339469473944,0.0005467219870311803,0.0,15.870825070192485,4.022568456919396,15.807387525765154,1.2618226159635622,0.6852892310675857,-0.074123548502391,0.7510120464250487,676.2338230018579,0.08499701039970622,14.914803855667085,33.437569496543034,0.09252619703297366,0.0436847657529216,0.0167,0.0,0.014966029356381427,142.47266558927038,0.06326460729647386,4.287357438751807,0.02167268871853001,0.022477570809334,0.003933131108418619,0.0,53.605305162786784,9.764556570801439,17.092816851739347,6.933554460488159,12.32317478166851,4.155578333995197,4.809205087815483,12.26606831437643,149.12645830541516,45.46794078936546,3.6093,3.087351490060594
9.37132712990403,-5633.615054527017,2735.2548661964975,73.75684330315515,-0.20344564330861203,13.6205133612681,20.619272927638306,22.8252993702264,605.4345821182576,7.954204529149635e-05,-0.015064208409451458,-7.966990309691145e-05,-0.01314247993215015,-0.0002354253917549888,0.0004554378741560549,15.849569473771696,4.135535808822334,15.830449218206049,1.283709979900305,0.6167192282288395,-0.5015905663639902,0.7258862522222924,190.2182757407533,0.09230952113304217,20.33226263346378,30.790503823242585,0.03914487511170838,0.030429198990212982,0.07756977341036997,0.0,0.011457831210136042,147.68344521850483,0.02965985775117759,6.5629161540096845,0.01441842557999366,0.02284197757927558,0.013313092228432542,0.0013175992710969416,15.271005232917021,3.3354999999999997,14.786242680875636,13.146029425311765,10.402671692173403,5.435641852291531,4.388376244963383,10.085270544204514,37.23155812700941,396.4982802070556,11.14695076187528,0.9286368964088051
2.6653801823952996,-5816.454217353778,2750.5576173359063,69.61177896348202,9.684397924090721,22.063030205670678,25.782971081628727,32.409446258363204,617.428977608025,6.656917127008762e-05,-0.004393707882249114,6.142200044432548e-05,-0.007752261971424838,7.783499889004147e-05,0.0003040711112236108,15.824838967699462,4.711931818136573,15.843952696317617,1.074852996371339,0.7489302461392684,-0.6250630102363666,0.7817146354731644,515.7676537502002,0.19036396177881434,22.705295891746285,26.10583796244546,0.04761413213778853,0.0622147012011559,0.0167,0.012398872644131134,0.017657241776847812,217.76914927373363,0.04297563932904634,6.131143894628189,0.0220685617927229,0.018375931904455432,0.007568624230905379,0.0035307930871251478,4.53504419524751,12.077092513425395,13.64254149092608,0.3003999999999998,0.6279000000000003,6.315426031306141,3.770033304358321,3.1599000000000004,41.65237484442743,725.8487851015343,3.6093,3.0449461021798236
10.10557648133644,-5824.411743661298,2579.5142084332624,72.26854563481217,2.0717590949532747,12.641460751472996,16.41207003931842,26.072240556052556,603.5615284240612,2.0195669164476806e-06,0.06450007042095482,0.0002610594892965495,-0.007983360298538082,-0.00040247509057566867,0.0,15.768930314698883,3.0110802502563643,15.736550298806689,1.1119480612662629,0.4922893525452853,0.6206625833265951,0.749664939072236,837.5750400266058,0.21427020161049343,18.652220690964366,31.936077946057527,0.08583397363063415,0.06295051822342125,0.08044153868157611,0.0,0.015555842437162385,310.04739840976004,0.1071138702884776,4.911306555674529,0.014630154167170534,0.027839967558327162,0.0076655643748914735,0.0,14.19702272128669,46.77681982483883,31.85843062164165,13.378608938173961,0.6400863042928959,4.706237901586663,4.514629399782907,13.188818334069573,98.56635463266895,711.7732968809568,29.2114883944077,1.4117417493870787
8.009700360063018,-6078.572101885236,2455.3949079535514,70.93874629164088,0.07267377144538267,20.445794692560757,21.362186040946575,28.87109130886296,612.023447773336,0.00014054746333133267,-0.013577364136980172,0.0003132322774594136,-0.007804615617036506,-2.882989587983786e-07,0.0007015621737952661,15.611591276099361,4.082955912447478,15.54,1.0185382530502818,0.6781500166772498,-0.8362848289733384,0.7962881785972341,225.4549332918669,0.16026842579401374,15.334296803218958,29.10119639319115,0.12665497272975154,0.02884265707389515,0.04358610919697297,0.0029420742427371817,0.017852052082302755,97.29261956894769,0.05624016601840892,4.9059031982471755,0.03706633189984311,0.01405026272380298,0.009263767533942032,0.0013273450488060147,31.873566375822467,3.3354999999999997,2.5786999999999995,15.362792166271927,12.207066695377586,4.5771432760379716,4.020535488792283,7.816506785084364,18.0064,226.60687081978892,3.6093,1.5140054292342957
8.427202645623975,-5292.150290013377,2790.278389454556,72.14244591748329,9.566247373479905,16.335912087633766,16.480833407294128,23.709226396936387,607.8359043968998,-3.2088020872932826e-05,0.010921618132746532,2.024005380515179e-05,-0.00676242884229863,2.752699761351915e-05,0.0,15.971073149061725,3.9469282963905363,16.081652072427673,1.247152515874093,0.6575305154947952,-0.22474601265436261,0.7474613922203416,626.4056829871938,0.15426239141221548,19.50101358640684,20.885749551646366,0.0843642324773996,0.08690313384087452,0.04042749978028184,0.002322145588475399,0.020301392338745332,97.37124222448008,0.03410691145783028,5.5540518888830555,0.017608212423527704,0.04453667953794817,0.006448596438963219,0.0,4.372674289858738,13.696186676783917,9.841171118086226,11.689398379140878,0.9106335974069264,5.609550098651461,2.457304419322955,5.177613387666293,46.856972760552935,757.9629802374598,3.6093,1.57281847701941
4.836645007599479,-5819.2869011577195,3130.733515471172,69.25446157780956,6.07409973025401,17.05530564800494,21.75964545930048,32.597163021552326,616.9234038352015,-5.123797978159944e-05,-0.10174149046586317,0.00022861313300356358,-0.0079485959249365,0.001241645189604009,0.0,15.75381072474611,4.100603475706383,15.805840512159621,1.0746768321319689,0.5905722109898339,0.44819788049211295,0.6991576942672754,763.12010170241,0.12872688697057072,17.275586002145772,23.246842502542744,0.09249925354165399,0.05892861979947814,0.0167,0.0004486181946260294,0.016749130597841246,455.51380246179406,0.0175,5.211194349977831,0.029350562376313817,0.027584543544889085,0.008322950356495348,0.0,19.12802627191882,20.154844630551054,2.5786999999999995,10.560085750659223,6.602443613358033,4.688916066380567,3.1444367870534937,21.871316229003146,63.477112943040595,799.2795987848025,3.6093,0.3275000000000001
5.846042558187105,-5455.052043698921,2853.288277163166,67.9472495205494,8.543344981584939,14.18485186292695,22.349008016684106,30.686550309367394,619.3780704801427,0.0001692643075973686,-0.06640980710992533,-5.2411196259980534e-05,-0.008553305131506142,0.0009003491896679182,0.0005043287787929689,15.79481901757442,4.223289792943189,15.866412722734973,1.045247834887943,0.6913638155182386,0.6370328176401203,0.7143876345547611,1087.4104920784962,0.08099683007806155,17.127769062910353,28.013119441336574,0.036216813636241026,0.048824886988306865,0.0167,0.0,0.017529202850257136,501.00382714028865,0.0175,4.21248001857502,0.010499999999999999,0.032861887250640175,0.004253251014629708,0.002129942787604891,21.331558226007285,35.05352701276207,3.1153165138720205,13.44336786415093,2.9841141981737476,4.5196520890279555,3.6466148736161013,19.496131370146692,94.0867199029546,588.7622158139669,3.6093,1.0348093789744903
4.912128289056766,-6668.37325129037,2948.916276503242,69.59989525272518,22.673710507409886,17.3736710786411,21.68538374370888,27.781469853671656,622.0747804482976,8.565877185441307e-05,-0.04641438426982072,-0.0006818397504497034,-0.01396912902181668,0.0006876242834725383,0.0,15.73119526865437,3.7582504224361517,15.785359426421998,1.0002773460221088,0.6453214126363478,-0.5438642758157088,0.7105055170885195,360.1437656483115,0.034,19.5264798803169,31.7709173023222,0.07694757612677565,0.05816542814889475,0.0752451266283803,0.0020916569728972175,0.019166420785382436,141.29160009842724,0.0175,6.12564013492729,0.020455258502245572,0.0240403844266649,0.008129896575888468,0.0029433977434240423,1.328800000000001,3.3354999999999997,2.5786999999999995,0.3003999999999998,0.6279000000000003,5.909704312155497,4.452506834031215,16.62030894284808,55.75175144518588,40.125283040122184,13.487597892582299,1.77095326266294
9.008631455289592,-5460.400496177408,2704.6153001817756,69.56006165461115,5.894623434469718,13.16519205190267,20.329164951351412,24.89874961064932,604.9468981663682,8.946209496064805e-05,0.03521223408491891,-0.0003844403558323486,-0.00981548265851239,-0.0004845259953458788,0.0010758057577097521,15.741189772178593,3.1174171975353984,15.689588110190945,1.0061217920135228,0.5250346286486028,0.8543050168326554,0.7873363268614921,461.05150959960514,0.12387506465850727,19.528144778541797,33.68072559450779,0.06843602313133806,0.050630762704851076,0.07615164392655771,0.00023371674074203685,0.021801480411497293,154.35194275550666,0.06962726681649929,6.958990874521871,0.02467897992835174,0.018604478207227285,0.010219367117927883,0.0,7.366709474993076,3.3354999999999997,19.039804515542183,0.6130380287966837,8.19651396812344,5.70676809041238,4.7305139341392035,3.1599000000000004,62.974664469077176,0.0,15.514390828976163,1.8589661486749232
4.239961944279343,-5029.163871037776,2506.955384257458,67.78745743077053,-4.4421668081792625,16.42339841729138,22.980219479318293,31.51264717610236,621.1368301863682,0.0001818036876103031,0.00028181620233459965,0.0004593317940213087,-0.007262545616136831,-0.00015604747668705648,0.00023735365593989486,15.64339418734984,3.4472513489518257,15.647597189269902,0.9281141583661121,0.6720089777422976,0.6536708050875399,0.7820246800953867,1087.5736054583433,0.07822594815263567,17.798894972017116,36.329006982159235,0.05434486749921383,0.0734858025623551,0.06578519476841513,0.0,0.011018673790236879,328.05516426249153,0.03552922791699337,5.805855691135382,0.018537048906888343,0.03627068959065261,0.009470919756735977,0.0,36.50555949146518,17.53141776543186,2.5786999999999995,6.498964912286903,0.6279000000000003,5.2959106129857165,4.95242355904027,3.1599000000000004,134.7882989270522,231.3689371058558,11.589032725002891,2.222280798039505
8.120986526949354,-5264.597695111578,2554.7210351094363,72.02263984621051,-12.1527,12.341267228700442,20.06544695703873,22.677364403681718,629.3484605634391,0.00014368517499390771,-0.11350000000000002,9.416405765133054e-06,-0.0076030706303575986,0.0009666191048624298,0.0,15.824873287603047,3.5644385152747935,15.781832929462974,1.1116346021269239,0.6751415935763396,-1.4642186810046671,0.774214214152269,223.61969426939953,0.048340395509602535,18.08967774705333,26.997524497247884,0.04486056539053088,0.03406967126237577,0.06519661507161109,0.003267117003616327,0.013833166578503284,214.43085994049443,0.0175,6.320380232915073,0.019551729354484564,0.02070680453772879,0.009699459786931494,0.002272478649225493,15.462375657484735,12.54339894840673,2.6320105659449933,0.3003999999999998,0.6279000000000003,5.975644069874373,3.8345240363627138,4.6383273795174045,107.82827401990804,551.9277851027598,10.747718802182257,3.1140780740522835
11.708835896344507,-5554.665683897866,2513.227296386789,74.99920870623521,19.159011979389668,8.776187779439086,13.653079288905861,19.65147917092342,612.4334044059259,0.00018320937494060248,0.028253128648712673,-0.0003571234215583679,-0.00925617697632939,-0.0003861590949731921,0.0,15.701077003639178,3.718988733197113,15.660271831360326,1.3261401450678938,0.6615004661052775,0.20564828499351873,0.6808343341383405,76.0,0.07948594896127474,16.954179939453876,27.141422385858366,0.1025564566963804,0.0997215718215601,0.03221756596601894,0.0,0.02271121140154171,37.027000000000015,0.07315982424464901,5.046842491313962,0.018171300301360924,0.04229070990839705,0.006141902435212884,0.0,22.640500856871036,36.88386371095877,2.5786999999999995,28.69651888056321,19.659635953759217,4.978386321381327,3.8674625361226704,27.05245690188537,26.37656283032752,0.0,10.899294382451254,1.0116616008348571
10.128490364968501,-6153.355917703982,2943.8443382152936,70.65120502958499,19.806501284160767,20.06657710077776,25.647105902475253,32.44077102407572,611.5086682975596,0.00020257621317887616,0.023507936359587322,0.0005656545704174162,-0.005523996315352058,-0.0007084002571033433,0.0,15.844833321324693,4.005060325051363,15.908388673117958,1.0954934024561962,0.6445606925404233,-0.10733965041680005,0.719388627646611,473.55030717949086,0.061077376946481424,18.46682638326089,26.425633126099566,0.10017383262877035,0.06287418138874515,0.10180467388643533,0.0021335159616388596,0.015856087337582783,172.86868087084883,0.024442308141006584,6.4102626855998,0.03556628161631719,0.03782398803097414,0.007446330042873246,0.002649841368902963,1.328800000000001,8.316768760911733,2.5786999999999995,0.3003999999999998,6.655129238816057,5.627534259808937,3.7979276909389847,15.772748990444274,79.02332962458635,658.4820191895791,20.195625222357492,1.1853901282459247
13.441723302810974,-6070.231758941848,2684.8837256918873,67.31414760079208,9.382812604160355,15.021073064488354,17.36428884946066,21.629581045096334,634.3218,0.0001012063611012217,-0.07479424958939948,-0.0006268034569463325,-0.013739961999095936,0.0007453230256098533,0.0,15.75580720669298,4.40754998382059,15.65161147076245,1.3232308249330025,0.63750324709441,0.38977386989126805,0.7585534363984626,590.1662197487223,0.17274849943319917,19.71496369496978,16.062,0.08783670295793268,0.06132468819191898,0.08651027934610214,0.004834890237173048,0.0078,157.43622367004238,0.09240209170695221,6.597309313289249,0.02387336015939243,0.025311875432284688,0.005013199871944341,0.0018081193050055338,7.210441597264383,14.763093730322765,11.386195991858292,7.294750720112615,5.760847616011197,5.885324321781717,2.1869,14.869569328800956,18.0064,323.0975554524747,21.291413627965678,1.7999217812177941
10.55256011901129,-5341.233352744416,2633.262859388381,75.9444,3.08087553407679,5.130870527314475,13.519981592113561,19.853036876517425,617.5066963439185,-3.79582147324887e-05,0.019113927680085737,0.0003095054650032313,-0.006346546638586699,-0.00034412392043048855,0.0007859093499318292,15.73016672993315,3.774032648517824,15.695832342068476,1.0922902186086205,0.6479952394571967,-0.14368768462929454,0.7444876573703405,652.2201687411678,0.2079580490271749,13.486391567533465,32.95607882124937,0.11745266935018778,0.06299161089865762,0.08902203373466977,0.002574469135704692,0.020969169668958752,398.9238413766458,0.1074153681951169,5.611740561252736,0.03611664933166217,0.008,0.005832192254593454,0.0025485550239607176,1.328800000000001,12.65230220639563,23.167385620155336,8.275952527519815,10.061123062955742,4.326433912064726,4.98080997228567,23.142199207362403,31.624775994799403,257.5179727506202,14.60782507831335,0.9905831356942848
8.034387950291627,-5228.8797233955165,2596.8504207001215,72.18133048635595,3.3851763152606904,12.815507346169316,16.947727013084005,24.658589940667476,611.9359536824434,0.0001304710183464995,-0.010930310522652587,-0.00021518509616355296,-0.012073788039695813,9.656100513994706e-06,0.0,15.862442477601302,4.682126303127397,15.789484120993485,1.7554569145291143,0.8127377394920656,-0.9549633281591465,0.6780134031862203,76.0,0.25025030546799204,21.82331258949302,27.233866694023416,0.08906597905842716,0.09238040969133021,0.07428742429202338,0.00013359284496202882,0.011835056224564048,63.056527320694585,0.15406567350592226,5.9242675636826405,0.033193736884558164,0.02842012098081207,0.005708097401782792,0.0,36.99661829989753,17.38675146805423,23.43338774999316,9.95187815249967,6.418947078889668,5.6074082279575475,3.547844907817082,5.553313824336109,18.0064,7.121082365728682,18.946693667780515,1.6512417652288454
7.186870335639817,-5151.199275605973,2810.5673189984686,69.24335844110233,-8.222706134327288,11.179493281875471,16.74757553726977,20.072218339498008,613.3788345339719,6.345519268956825e-05,0.014698088111992219,0.00019951696232698574,-0.01065965064532205,-6.511446987466617e-05,3.7626767090564214e-06,15.900069677526258,4.10744878604202,15.842613450061037,1.1393416850972227,0.6806496812469588,-1.8400611183103992,0.7742684024524756,147.65702467756012,0.034,16.800481732060476,24.706589497670645,0.05476232783240588,0.04194295781136749,0.042811371380421154,0.0004418949773771824,0.014336429708568101,166.18673162040582,0.02654124383141198,6.131439060616644,0.02108723555580122,0.02468638675260806,0.011280261803363785,0.0015794305325258413,31.426392440536176,3.3354999999999997,2.5786999999999995,3.8165364247418063,0.6279000000000003,5.465877967143025,3.821171531807337,3.1599000000000004,117.44761718788388,486.1662843463437,12.701579310983538,0.4238930240646228
4.193326992263937,-6577.047986667011,2767.7089205179473,70.06336260194914,7.573539852160215,10.504117251004697,24.244078328850136,27.532098135302125,630.2403485492058,3.247010929406971e-05,0.02501077247586754,5.3796947374171324e-05,-0.00800951440011577,-0.0005340292953327942,0.0,15.71195975216997,3.413503274463853,15.62658552117309,0.83828437368155,0.5750584420027721,-0.3096465544479111,0.7516411284713129,169.7898877289711,0.11010675816935092,14.282936847920823,19.819409746002002,0.09522512625010007,0.05238677957278813,0.07690670163337843,0.0,0.012752355315101384,90.24272639202482,0.06630881602529105,4.594211192880948,0.030315117363632734,0.024674503311675335,0.002777444562604327,0.0,22.41319753920086,3.3354999999999997,2.5786999999999995,13.993704521681842,0.6279000000000003,4.201515908316016,2.4610833474035463,3.1599000000000004,33.46032957224755,0.0,16.763336809585116,0.581025515536721
8.974655589183039,-5649.575179742534,2754.47903515191,68.1745152265022,-7.013921991627464,22.125465497929888,26.652679839394857,31.449417022678137,619.4092061774777,0.00010406954797510217,0.09101735291723986,-0.0004207741055614399,-0.010088369777302845,-0.0013183126659445565,0.0004468702520003745,15.870553852933792,4.845927550976133,15.801027200053607,1.4133197159845243,0.6995547842793112,-1.6925523040744108,0.6801840695842181,756.8992135940703,0.034,19.46021585489539,30.420900205008575,0.04765134067515438,0.0172,0.0167,0.0008825466891086012,0.013945604968257625,339.44380743753874,0.0175,5.434641757434571,0.020769330896369276,0.008,0.003088430896622755,0.0,12.365624214583006,8.44101253381488,2.5786999999999995,11.824380505094107,0.6279000000000003,5.537854678776985,4.193844797514759,21.417876354807156,54.883502941710155,182.09403440051386,3.6093,2.2923010058306255
6.492798458212553,-5936.262056180913,2833.179398474025,69.4204116744721,4.09906817885266,7.841765212124544,12.181921363679697,19.591849709321444,625.3492657263671,-4.3790692348552756e-05,-0.0380531047361902,0.00037525738094497656,-0.005388084727053903,0.0005966012608334178,0.00019903698975485808,15.740126185913159,3.9115709334842825,15.802063173740706,0.845514984586487,0.6204272730166074,1.972272099673939,0.7724609786483974,1113.9355970707138,0.1276621579310811,18.192797926914487,25.84457170964901,0.10036673729786276,0.0631165314621759,0.03772472337798401,0.007164742397417993,0.017954715300013992,656.8573656810057,0.07158489075424973,6.385542871776586,0.026977247697129416,0.027588009224574946,0.0077362533012378075,0.0036755061404009502,32.79039129328473,58.03566443119357,15.94834121309829,1.7415927878643025,0.6279000000000003,5.565738077524616,4.154236757315601,3.1599000000000004,68.736948710274,0.0,5.3685380147047,1.3043399946134295
9.807219914705458,-5646.09957222013,2762.3518059222897,69.63654051692168,4.550010491352962,4.564767885413957,23.161885394518436,27.977791414002922,614.6761948949118,-9.351590083134928e-06,0.041164574407599526,0.00012924853800662823,-0.007440155309674902,-0.000588410295669363,0.0004418172968454941,15.882052726132788,3.5935822727303037,15.878141218902677,1.0533126643947324,0.5833806366251549,0.7668946900188123,0.6887178194782688,726.6991897738018,0.14818015201986603,20.533433516548968,28.963398416442196,0.17216558703151144,0.04849957272615402,0.14021920182750153,0.0015898495486011037,0.02156591816872507,257.55351773882944,0.08582444790583206,6.314805880474301,0.04287503647349815,0.02339635770351832,0.0025,0.001184315851006846,6.436408363792944,19.033570591935288,11.64624066051951,6.165320057843207,0.6279000000000003,5.701874431043571,3.896527277391299,7.24336426357846,59.79505740551899,169.87998587917815,21.30132142672806,0.9666646307870868
4.723499040009409,-5795.40231773053,2760.686806970508,61.50312920961357,13.97753603872941,7.39792143561921,13.599267856648122,20.745027239026797,620.1165893803872,0.00011872730180510241,-0.02372195611574882,-0.00029505841328250593,-0.007041636596950051,0.00019916494698521056,0.00022968302836511563,15.729721793507741,3.7204238014899804,15.749815785610057,0.8493869596689219,0.5676670420370307,0.5147925862909306,0.7311523698730942,1309.3165951970695,0.10388994427738996,17.527238609391127,22.28556257333205,0.06159368077604755,0.036808519140771725,0.07510090337606878,0.003333654155267175,0.02056425317144008,498.5883270326843,0.019895097260624633,5.440750344074017,0.013543984465831138,0.01339896201688896,0.00892856477623135,0.0011169022388841194,23.63392863161821,35.10035169048976,13.230847463399227,0.3003999999999998,0.6279000000000003,4.632728469357421,3.135378994458451,8.94005242032353,64.19425668575315,789.2996519943636,13.509580280110136,1.4391828466144185
9.525096874951478,-6969.842660584511,3133.561849486907,67.64494700672094,-5.3339435875024925,23.062803441436948,26.553761468896873,32.55571580051168,618.2093010574058,8.157140775402759e-06,-0.005325313745288844,-0.0003845307667926939,-0.009799548525799976,0.00017393815577101328,0.0002989990090395357,15.66304620187813,4.01200573186798,15.612437445605712,1.3448792025047656,0.6732345522938082,0.318619931322322,0.7467489539139736,326.6994081629181,0.034,20.919744498026407,23.300833695513326,0.08347595893891692,0.02403574031672886,0.0167,0.005197032328131667,0.01782116222925565,166.10252793482866,0.0175,7.179137559133072,0.0312134192146631,0.008,0.0072334140585369,0.002957335258840279,1.328800000000001,10.704390888611997,2.5786999999999995,6.078009104403193,0.6279000000000003,6.0417205655003166,3.681785711720944,19.40887186324109,48.661054020790075,9.742956695233943,3.6093,1.5891224623435471
12.035377657806404,-5469.4411587843915,2609.245777089361,71.05367357627213,-0.32972053723268946,19.27500975574543,26.00090305344865,30.74152644070257,615.597519957727,-5.813570365774054e-06,0.0008610705293779033,0.0007022055567581226,-0.006577637988314921,-4.0178540364913474e-05,2.9492951613828232e-05,15.79168339157639,2.928437678573796,15.824861730439489,0.9075082304175324,0.5223168018917116,0.7628145867684768,0.7885926675116526,366.7842052815269,0.17153640187281827,20.85101242103963,31.786354518384048,0.15868157428383436,0.0603941460494074,0.06846577746961849,0.008914879961356065,0.012615196343369694,95.1787812904289,0.08077203732339694,7.071094452490948,0.04727004768688782,0.020413697282609968,0.005053891391000089,0.0,6.3566204219989935,12.846528782928688,10.511397991562701,8.438754030876083,7.836241944237858,5.718870382465134,4.5982338743814,12.302358406712415,18.0064,568.9821800896451,12.581330039479829,1.391764290218664
6.611000207753633,-5539.795283947181,2877.099118167617,71.64625912331618,1.2227803689393584,11.39847944578149,13.8926536013591,19.0034423627898,603.1096841978817,-0.00010085069715867629,0.028147693051955393,0.00029059050890651396,-0.007801816433291708,-0.00012103313583024074,0.0,16.00170043464644,4.904613003049792,15.98756007003536,1.4068086193640128,0.6818198161817732,-0.44005650678447344,0.7017599755394738,683.9299136415146,0.12924739038047744,18.635666432534443,34.65487944678797,0.2115578941070036,0.06124023987316724,0.0167,0.004003606455127807,0.008504046066849187,442.48584324752335,0.07312196077255338,5.538258087614484,0.06089047226243065,0.03234140234724776,0.006591956577720611,0.0,25.9663280819912,22.185472529488347,3.0056626585106905,9.697159948267911,15.48937005592057,5.3506924505328675,4.563596421899579,4.922613561944137,37.970045786075374,431.017631042105,3.6093,0.5721445115733883
6.888442289901307,-4789.296345324241,2765.5528452074022,65.42952407379971,9.937140105049165,15.233938458911489,23.677782769561297,30.13302351615116,617.1983020046831,-9.200437818688998e-06,-0.06315714695089811,0.00012629034695587805,-0.008452870862432925,0.0007839356190323293,0.0,15.791546218735398,5.239436492118307,15.831420402996963,1.1354981555348282,0.8792488117151145,-0.9145241192936091,0.6461141395427177,312.66076049750365,0.034,16.708728262405234,37.61777084307546,0.047434196231172426,0.07466002914382916,0.10004255296554582,0.0035776046312872177,0.012372645692183715,160.25407142930442,0.03552470317380331,5.378556607271309,0.01310935211271912,0.03280329960974655,0.0025,8.62541822053931e-05,25.397085162714838,7.6988231694859355,8.945426858637653,3.5637063086847505,3.768608032439782,4.89677888416044,4.928139716317604,8.262736527367263,70.79630272229011,387.32055468925864,17.622816713173847,2.1597848463148543
7.512956176307753,-6165.218226797852,2700.77174117095,75.9444,6.703475841467366,16.055816615578195,14.807181104430503,24.598967997911533,613.4418928123886,0.00010324995508032598,0.03300565306761303,0.00045440403332874747,-0.00653967493094923,2.175210855328466e-05,0.0006535893546292799,15.917619207536115,3.4491444836059997,15.969871069644656,1.127957287938302,0.5649613481830399,-0.8532361480431004,0.845362046057117,986.3388149104726,0.2688918588458583,18.28242981008319,24.50057696608569,0.07171452861262774,0.04681956141948111,0.0167,0.0,0.02148778931626733,343.89913614620565,0.11814740110254462,4.949954889284076,0.01628471503700342,0.03600945149281638,0.009715151926586781,0.0,34.544234232556306,22.24674737919542,19.017476793006082,12.29428956970008,2.314130175280388,4.732502933432599,3.0110469421660335,12.499810140819994,135.62177206618642,294.0161150032809,3.6093,1.4109938073107524
7.5203041613662025,-4646.805644152104,2453.5497683460726,70.84689577763046,14.910437875003822,11.421028554646526,17.636637399402815,23.128519810739895,626.9914149263946,4.843050919625041e-05,0.020549813829540443,0.000773542839543007,-0.0067138462049301465,-0.0005555047894650219,0.0001986145020165749,15.893639819286749,4.841238953500516,15.886196991450994,1.1437906084281875,0.7478957042650115,0.8642045989691807,0.682852445381126,526.8359662037545,0.323577706146009,18.03269774184387,29.198977898174583,0.09614238313998505,0.0291072810412143,0.05660128250833356,0.0,0.02184114033202843,185.30409547517206,0.16966882273623562,4.406506691246749,0.019977594925741925,0.008,0.0025,0.0,4.72202958879255,42.11976659921537,11.8375021131896,22.346447485494775,15.26042047387617,4.351398754545629,3.534647810318224,6.6037989374395085,19.335918302390695,652.7228464476846,12.884997291311828,0.37884156274784364
14.011445555495769,-5681.110126822582,2794.042969954919,69.09567203501955,-2.9135517714108548,18.418684745610243,25.64881845637692,29.48587351413571,616.0753158258849,0.00018942415499297467,0.057204869674390965,4.6253419128011776e-05,-0.009352141335759765,-0.0010535455798567524,0.0006529904788763981,15.851199693638469,4.441883016250234,15.838043477238875,1.5269547796810128,0.6966440701981659,0.8279517278332458,0.7538442392691854,267.77405919561386,0.13561912649720587,14.120467975040956,27.328128269857814,0.11607068683517321,0.06512807925086546,0.046087341307851394,0.0012618931181565757,0.014154928617599285,127.67796102534253,0.08494490512748527,5.92326694081254,0.040587210724409364,0.031041470407156296,0.0031111080978836786,0.0008273676050186061,22.337098352845125,20.25974769011175,4.300843846506165,17.402786541511066,1.0014014968682732,4.58836757689643,3.6402448079949594,6.2616007713801745,72.89400772293274,0.0,9.139329089359542,0.757973460528751
10.918447475417283,-4684.07968792832,2476.892980013297,70.72596711644431,-11.024402855911118,14.311283860816303,19.652918561648875,20.680711030064547,621.8144371603989,7.873867025651274e-05,-0.11350000000000002,0.00010900964911896298,-0.01194277690147779,0.00133858318057714,0.0005253783201227375,15.786726520633545,3.6022923820538817,15.66610928554596,1.2298806152426502,0.7057604533232763,-0.11209587403312465,0.7567282052498768,328.5477474955784,0.12086919340632699,17.478119940749426,24.28314763250817,0.11925719032126983,0.04228831065763092,0.019968128672728933,0.006202231749401429,0.01600943560371586,157.28942490239467,0.059669849923053866,5.350738544726379,0.034680742674360485,0.01909380351376059,0.008726799226668865,0.0019843390876702915,32.9653231474486,21.31491272006756,9.322347900724775,8.935153201971575,6.8188885057968145,4.857015440451687,3.3748683347667185,7.7638906160295855,26.61107761589728,0.0,4.765300504122408,3.0871157941467673
11.024442172484544,-5425.0148197696635,2649.265155244064,66.66324679680619,3.885390918834144,11.391107376622784,24.478822741189436,28.646261521657276,621.9283309470643,0.00017826762896273134,-0.030784910130871812,-2.462662772468357e-05,-0.012322855816849162,0.00037513295943646644,0.0,15.904533157433313,3.938372650757497,15.977090181113153,1.2660371979594407,0.6112384315172893,0.5665674183461211,0.7325569577494516,153.0044107469327,0.10973062842769403,20.490850643340355,27.701087296903662,0.15171306780425436,0.09154187685318202,0.0167,0.002400017001834734,0.017314059907502698,196.8716641164579,0.041367731326190635,6.288248196583212,0.05129213768912447,0.0448407004543054,0.00749144687370642,0.0,7.368859065588477,7.266316934875489,7.664120368098729,27.562427190695658,4.318008098864116,5.175815921669621,4.384447686118108,29.19891673773777,20.917200876324287,0.0,3.6093,0.6412152725281225
3.9143377360144287,-5699.961262231105,2713.84960002528,67.95266061122977,-7.593382975346122,10.125854457223088,22.3143618593444,27.49589771122276,620.7167252497878,1.800151438520848e-05,-0.04801947657958584,0.00014449242438583474,-0.009678115047063219,0.0003068739149107045,0.0,15.834270176716293,3.55361100781899,15.813877614421438,0.9551427835320556,0.607280974043102,-0.07942398254850142,0.8009232230225127,76.0,0.03496727822382176,23.233437602748616,30.23714834980232,0.09130291167601372,0.10713120382868505,0.02553765239737627,0.0,0.01193254063791583,37.027000000000015,0.025840609812362032,7.658814604270193,0.034347896047774606,0.04834250948692421,0.0087816537729858,0.0003950653675830604,26.230542646367304,3.3354999999999997,9.037761128437005,0.6453593127234019,9.031309114428142,6.735925426890594,4.4994493898905725,6.200410652192836,55.96744301791536,0.0,3.6093,0.6734680052765688
6.183328528248904,-5453.485086037411,2956.8357302845216,71.33696061354888,5.96704767333112,18.58684681065704,20.19749361686563,23.716783254912748,612.6342704123981,9.749200123897069e-05,-0.04548622037472991,0.0005055400022775711,-0.011098513313870715,0.000246143990159835,0.0,15.856849101222066,4.048179116036967,15.903628747986097,1.1458303645834846,0.6600681841830952,-1.5549887415111154,0.7930052148307508,963.0081360131273,0.22604279911406439,23.366613270322354,27.252858303764736,0.033900000000000007,0.10107529453251558,0.0167,0.0,0.018748274334001946,465.7562636882386,0.0713531287836809,7.6161907352555,0.010499999999999999,0.04338842193358771,0.00435654219131982,0.0028573372863731255,16.21034677738625,36.00848812662532,20.04985330902489,9.364407317995521,0.6279000000000003,6.51219292170188,3.7934469752940934,16.417654615938083,98.7468528289279,0.0,3.6093,1.3704598698315233
7.024208749204997,-5540.564510984522,2610.4725565068784,67.13972448746989,-4.357183770737766,16.952539196233822,17.875270340900755,31.416491995901694,607.64247905899,5.59902189364291e-05,0.04404503146930247,-0.0003961730481402342,-0.010570745789367706,-0.00019017186143462921,1.7339614343940063e-05,15.76229088733052,4.080932657077187,15.769749736614163,1.4172507142519093,0.6975046748410221,-0.17196131571209927,0.688275608089019,620.5631197104726,0.23902389567679494,18.835376858446136,33.30381156882824,0.0773943241031051,0.08072110680810696,0.11941923169369144,0.0,0.012334962213915023,303.5201186103612,0.10359191696349994,6.095617457018088,0.018446447179844443,0.027241743313882218,0.010747613366516254,0.0,23.99613799174206,3.3354999999999997,8.008169597949498,17.331114763328724,0.6279000000000003,5.412324741356124,4.791811404442738,5.1755317617762175,40.7379836744752,26.7430398193043,27.98282613606119,1.3550745564820008
6.829167547031376,-5589.5805604174875,2879.7925532337067,69.11203173824937,-6.915284926936746,21.06075392334059,20.83995727911608,30.482152986255105,607.0592251756002,1.0485202291941294e-05,-0.04017810552186573,2.4181132756540195e-05,-0.008414757254567347,0.00046067305084451706,0.001293988251975687,15.874592200895124,3.8647560146935738,15.853441784071993,1.2997952953771401,0.670902966369818,-0.8543605327519268,0.7746460221405288,530.2295827713097,0.19729130693392669,17.070516979696336,31.30536856502937,0.08021452434032961,0.048449563012994926,0.061804061032318475,0.0,0.02042218885697824,308.6294000951543,0.13433819923986168,5.194238917930199,0.022176743222647677,0.028717503690849036,0.005359038521224504,0.0,51.04541257742055,14.90056445108312,5.853085657209478,4.796871310507441,0.6279000000000003,4.956560280279799,4.432975625005634,3.1599000000000004,117.06596561723953,0.0,13.763766602908934,1.1137755849783
9.214531596960223,-6476.829830526865,2787.203830282363,70.29807450970507,36.99267423355103,19.23643010273114,19.342054374998572,22.67532763183424,623.1405001449458,0.00019161319602234545,-0.057065546260011556,0.00026236927266533463,-0.004502930085074402,0.0005789781501659265,0.0,15.777003793759723,3.348848172942399,15.837480538163092,1.012069274751829,0.5829918590226355,-1.0864294977768467,0.7970741280604132,216.38477041639823,0.14060594424918385,16.758394937216487,18.990043297911708,0.09143596803719392,0.037437558947695716,0.08167816570642912,0.007701187154693938,0.015198699501231868,93.140131187415,0.026203202091114708,5.440072192360943,0.02847848996579702,0.026080172052026323,0.0050811075923055385,0.0,2.9891763759468173,3.3354999999999997,13.168043634465647,3.2528279667244338,0.6279000000000003,5.075318825454206,2.7017507960970395,8.436411475243622,77.31362350388073,571.7892788283248,20.3180221693719,3.525405389930815
10.165697214301575,-4817.720129694905,2817.269485320011,68.10773256908931,1.0050559403966655,18.79036994266849,24.211866838470872,30.701498192993732,605.3571277512693,0.00011694447077622039,0.03487941479447783,0.00033478383517204525,-0.008097249291727848,-0.0008793911467455768,0.0014278693896818122,15.857115285393416,4.770376807234485,15.885176329328699,1.3524168253490803,0.7761879951199957,-1.6764560869778908,0.7353341502240041,831.0253631683127,0.11143118474460582,17.803532638352387,34.28063453622722,0.10221680777440667,0.04861681836989382,0.04119929109714028,0.001843007163503047,0.022123179075361682,413.76759671292774,0.07101243084806681,5.834190593925021,0.03733226315732512,0.020868085077742623,0.00856479198014382,0.0037093154929368787,27.160562237014872,22.489439101474147,3.611876856151291,0.3003999999999998,8.725704901510921,5.133296740176743,4.371185093266065,3.1599000000000004,123.62864439879479,799.6390402944957,10.84243129220419,1.5895748457531376
7.109495167674946,-5905.946680483188,2853.494298445469,70.29382100328496,11.043351655490294,6.965220397756742,18.120675816370618,20.1064412026424,610.3461804259309,-8.1598592140945e-06,-0.06912883565117436,-0.0005681714575661549,-0.008882749163776153,0.000645741023921502,0.0,15.916241487595217,3.6540799157885933,15.951914776861784,1.1958888057687322,0.6314867167274705,-1.0452560072620192,0.8028500358800276,669.2611615517415,0.12148704886902457,16.675780761229504,33.508591851354936,0.13279675754702172,0.06032850928307718,0.0167,0.0,0.022775641223620205,298.4261197199063,0.07956663032298522,5.526364781865887,0.04047406119133534,0.03530027835930012,0.009247865968033798,0.0,1.328800000000001,20.186106638232104,22.166128174739235,8.098514298269661,0.6279000000000003,5.023238685970787,4.742001313042212,13.391448456027362,86.56524549968547,111.83193500700796,3.6093,4.115610658141738
9.518033588406501,-6350.975665973283,2839.4521188116823,70.00147407327417,18.707907206499215,21.608952425669465,23.412966966230236,28.294499306729353,618.3326805806456,0.00012570308310821723,0.01537961565784922,1.685324159727281e-05,-0.007731710888926761,-0.00018289120064474915,0.000395281990534172,15.96330068169863,3.935204781127963,15.901793778324281,1.2560995499336296,0.7082272307030875,-0.5629814773044116,0.674708147124993,416.84507649135276,0.15963729366106008,20.176730170147074,24.119688203465643,0.08193311751452512,0.0172,0.09283954932224323,0.00028036610874955037,0.014427760736242828,152.0131544530272,0.047674928200319766,6.2984578707981385,0.030166611654800612,0.008,0.0043239875309735495,0.003173720364918086,1.328800000000001,8.74995102202632,4.170417544429819,11.056683923637642,5.048241940877761,6.022283214419539,3.513408534078386,18.36059855941938,31.55633887627035,540.9770211092389,19.47316737700231,0.7875718190986553
7.9665540252650695,-6002.3340152399305,2797.594039775828,68.27433624178258,18.395020703503263,11.043303980721902,20.272195608688072,23.140272602516077,618.2216979276592,-5.629298505494841e-06,-0.04247271861559665,0.00018244754400378543,-0.005185412445425745,0.0007100119962803444,0.0,15.978228726727341,4.567076770854041,16.03860303334883,1.3140077754131687,0.7791089006781282,-1.2033517410795804,0.6684876115145663,76.0,0.16900045349737786,18.07987178329626,28.53475907273765,0.08632085742500278,0.08645782945734128,0.10775779895900843,0.0027928210779084367,0.01865879682392783,37.027000000000015,0.06380997386796972,5.477349348133447,0.018150250661371985,0.05148288031295078,0.0028705047220877,0.0003243794316262021,25.713302426546715,3.3354999999999997,11.4017785161136,14.7476818369189,2.0350185207638765,5.383434751688824,4.039959365101855,13.874881209857307,96.22503026136135,320.59750578460256,23.848018096730208,1.414526535571606
10.094022484163478,-4483.663174546662,2485.360273318078,67.06891563295751,-9.320657724904935,12.214477097708285,15.52047818715025,21.72900942960316,626.4078640571565,0.00015524406383040382,0.05664137993516685,-0.00032324158287584247,-0.013677651803965832,-0.0003712755552347391,7.124879010460444e-05,15.746218332620035,4.450536992430637,15.650701507488787,1.240282495509264,0.7777885211732655,-0.43686827968133934,0.6611806657228867,548.5814189655897,0.13581769989122586,22.39632703194622,17.345664181100016,0.033900000000000007,0.07214272460274312,0.0167,0.0,0.013032681762806825,253.76489707473345,0.06382053579252717,6.470916769095118,0.010499999999999999,0.03720653363895296,0.0046254602915871,0.0,28.76992771377891,8.327918136467535,11.908970917385119,0.3003999999999998,3.913754723957824,5.714625391711619,2.423327746277144,6.481030111453675,75.0261008541403,269.4485616519321,3.6093,1.9415015751495313
6.240557171166573,-5694.567532098891,2725.8869077786258,64.5838328308743,15.962943506483596,8.870100100891502,21.188902626422998,27.340808902070485,634.3218,0.0001582874692706363,-0.060031841842477236,-4.425116849369718e-06,-0.008920379721909472,0.0008931188716698883,0.0,15.818330154699774,3.4972302975701646,15.810418024683136,1.0283674070536424,0.6389486396958491,-0.20389714101212764,0.7937370626474678,563.6809771899487,0.18279419059466528,22.240073502684204,21.105179998169536,0.07908718746200272,0.11547569820477702,0.07679031718040194,0.0,0.009939568584743142,272.47939755341696,0.06990118437378307,6.896685670705269,0.01925252530839547,0.053399815183710314,0.003807694921314121,0.0,38.31593621742267,8.115123890210947,10.754653548096474,0.3003999999999998,3.672461545919994,5.873150150456114,2.761329525449504,19.02271848524991,47.5444879835846,0.0,18.799464470621047,1.8102229462335302
11.350366744190726,-5560.593002882302,2744.443669523825,63.700320190435825,5.589400590366976,10.085958211554896,17.978052038500316,22.17068064781864,619.4121251792789,0.00022968017122504744,0.057990348677998814,-0.000517147700802157,-0.01222742791098256,-0.0005295221276474982,0.0008056429252478111,15.962344981817452,3.905253793553111,15.87938478963154,1.522201958019051,0.6364038551366864,-1.8633177651078525,0.7541819580026443,408.0281663530235,0.13769399193906287,17.80346965367644,24.3386077275346,0.10682478188270794,0.0455154417159968,0.0182964815883223,0.0,0.02051717219426049,158.88857099384512,0.09439019656686343,5.379889172351905,0.03190499722159618,0.019026960660322688,0.004000705575850127,0.0,30.286839611215918,16.714654578876253,8.218232825732867,8.41092433138144,13.977046930782013,5.242003787660707,3.1405055066179552,7.993307115641375,30.108885224671106,719.1768283514805,7.49200664374728,1.2306219471929771
8.796474403380603,-4923.904809104165,2789.546134751324,75.9444,3.357621481296812,15.42935005642686,23.656738458917538,29.916912248633857,604.6480754692958,-6.798733135213248e-06,-0.06504587352242813,0.00014115764924280938,-0.014091220736182158,0.0009492901078372645,0.0,15.894994381273765,4.239974253009005,15.972315826467527,1.176654779784417,0.7150769324767593,-0.3212352720885978,0.7970499888029995,929.9181871802812,0.2271123024650494,19.210463449911174,30.400859313078982,0.047169021402266996,0.13682662790853742,0.049785845123725234,0.0005405643707280252,0.012417142423698482,368.1386523680251,0.10151563694610102,6.071906811262254,0.010499999999999999,0.05554808823721867,0.004719704148226298,0.0002878783068167572,17.434209089117804,39.87330915407179,14.620430232777073,18.853394848310966,12.261345005967147,5.398830539134048,4.352087694388493,9.637157977600602,53.06553904751846,480.0975555309585,10.45232515017765,1.8996224656388767
9.713722722231672,-5893.145687399148,3013.2165406445065,74.17765966299001,14.093391992611998,21.197181364979286,20.347025000615194,26.897691728830925,595.3218,9.227804753256981e-05,-0.015709782933892195,-0.00013687284289927158,-0.007619443511578927,-0.00035387919967553265,0.0,15.796223417102441,3.491234061571336,15.852475079226139,1.0974898515340612,0.6456826303660739,-0.22845893866096528,0.746060340899934,204.2102268637068,0.07936121051493902,20.675828343939614,36.112761946988925,0.12453138645620618,0.07970129009553693,0.09201542980466015,0.0016775985058116094,0.017053163374309486,149.01397793329159,0.03440883796498778,6.289356036635523,0.032132145791314674,0.039009081715581456,0.005759750291295987,0.0011132160067022412,17.79146229385046,13.613665324998182,9.41608064307549,0.35697133378278423,15.069169490956902,5.852626958883476,5.053051524035902,7.664228687867857,140.4424657847009,514.4919283650624,19.362185749091964,2.14235435988078
7.787741100327767,-4496.757073750834,2420.533147149409,65.56742848239249,4.714420553273435,10.925496441746759,14.526301509922463,22.684095441735504,625.7178017026547,0.00018164952504127641,-0.0912575826219309,0.00020025781923182958,-0.009641932050324323,0.0015,0.00013108460142019726,15.819925675024372,5.014855805297897,15.801202177289218,1.3381785818958822,0.8039275406254789,0.7156294338408598,0.6947852899143009,597.3969889075196,0.3203879658754243,21.10195482176656,29.058828892737672,0.08358277726523787,0.0735055343885434,0.06319043655585813,0.0,0.009053610791816137,486.63337345603725,0.16193517002425434,6.593025665086982,0.024198725730661223,0.02910678465268742,0.00548258697806616,0.0,25.023092634433574,24.872103021888897,18.31038972310886,6.619641423596388,0.6279000000000003,5.467731237482943,3.7957624390853413,3.1599000000000004,85.35596983832372,553.8942545042537,15.440582200266325,2.005130465294655
11.518609412621771,-6609.540634351795,2849.4091286425946,70.87791924105066,-3.3744185824845734,17.257487814298756,23.970694122609764,30.376145402612984,614.36938934413,0.00013706450345875136,0.07294385699032097,0.00027149466676785756,-0.007604699044677242,-0.0006881335729559772,9.576209357963652e-05,15.935262013596681,3.983154823388443,15.9775272495676,1.0058857161955073,0.6037019008830216,-0.5770370657608407,0.7845265371051013,122.8202029465321,0.0665682435960589,15.464757614070898,33.55770737252342,0.09231671602797585,0.0172,0.06008825418888869,0.0,0.013585566119000142,37.027000000000015,0.027873834275949104,4.751284243395121,0.02989095012099905,0.01581797279710615,0.008882481013493322,0.0002513983226130448,2.607006372446685,8.296175261348012,2.5786999999999995,3.744796011352957,4.676031378494779,4.974685375272898,4.617400787210279,19.03211327764695,78.75866366806733,478.23118996316344,14.94331723864087,1.1091245151809512
2.345675888934796,-5791.807091862205,2851.0152181875287,68.561749533309,-5.385432573009501,14.349278196941043,17.533547940212202,23.677698622380987,613.5099443441989,8.234168476058641e-05,0.009029299748009242,-0.00012350532592722227,-0.010609623152532182,-0.0003808462725823277,0.0007066709732949043,15.811601303749558,4.46466822867542,15.81941318694837,1.1161336604754375,0.7823734265142127,0.3014657397236755,0.7845727582124508,626.1563927949888,0.05664048971362022,21.362609104124893,25.520818834635786,0.08026781088497542,0.0172,0.03301264288911541,0.0019439316986064833,0.015378718333277244,326.1716718454277,0.0175,6.345957177077157,0.02636257809141659,0.008,0.005414702910841642,0.0021301431457228744,27.059746661077106,20.0068386947528,2.5786999999999995,0.3003999999999998,0.6279000000000003,6.2737593089194155,3.762816965250335,6.491662300258971,62.77300702657963,986.6667,4.281186673898754,0.7384057869968091
5.360649525488846,-5343.251968039923,2890.800458390288,70.70140293214723,-5.755724002564339,19.480150454207003,25.549030763157383,35.14479826786056,616.7558932306246,4.6660683526292265e-05,-0.03380944407941276,-0.0002580018033456419,-0.01284327892798776,0.00019984919600987835,0.0003819749440910837,15.69903589402584,3.316852765703341,15.688452203296386,0.8446803344791256,0.5702899528442859,0.2026598803206615,0.7747691992005133,961.7228708996731,0.034,19.542411054448653,34.27835191989053,0.08043823985669413,0.04240552864286953,0.025805280859108732,0.0,0.01147508790312337,454.1341179605348,0.0175,6.373151030415465,0.026005887690893598,0.010586609384202656,0.006011818089925697,0.0019990127447289696,31.8716787944542,15.35127053400802,2.5786999999999995,0.3003999999999998,1.758875514418456,5.743434692027321,5.015308283465279,3.1599000000000004,75.61763988258829,298.9066223325738,5.304152470082789,1.1877498260645476
8.159077415773297,-5871.2121488883095,2786.6574275736625,69.86851520740106,-1.3875958192355804,18.860085401983696,30.220874248957784,35.37117568420794,612.2764963105744,0.00012983993484656277,-0.06580402790770415,0.0005016500653652764,-0.0067622749820135395,0.0008355880279051994,0.0010388494643449717,15.977102592128444,3.799339842875632,15.996674943822207,1.092099848531015,0.6300021999540288,-0.21535848289304887,0.6922344066917343,199.9648382045678,0.1173188149418432,16.797955039590015,24.01886162545718,0.06150336838544089,0.021470937328671114,0.07225691358623103,0.001971651004355332,0.010058325451821185,166.3704594661928,0.0327994824954697,6.0589408783524465,0.02312776662568737,0.008,0.006703826816123675,0.0017757646255053127,25.85641186640874,18.925146514130688,8.468098038738013,6.940234596446469,0.6279000000000003,5.576695292447068,3.498133268526836,3.1599000000000004,35.03383509530764,84.593693609116,14.742734804814543,0.7270744264248086
11.058650847031249,-6590.921476987169,2800.2673863749797,69.18911297025952,11.595345139655803,20.83238368268419,24.033021478199146,29.639433621796893,605.1152370696259,0.00028815643690417405,0.047382016488333616,-0.00033166384474137245,-0.005968262879146255,-0.0008563771185963658,0.0,15.782443179236607,3.5955841216214983,15.783516367787216,1.0380876016854739,0.5937731016472332,-0.16404264060206852,0.7713960907814726,203.48296322874484,0.12453851133242833,14.327751530798878,21.200645197350248,0.04881288331905977,0.048090534923701016,0.09312602392447644,0.0,0.015207875405152315,186.44884218150827,0.053535752673347,4.328501273526454,0.015935847261611215,0.02164278427885913,0.004061076854549106,0.002177109348006379,5.415920331813741,10.441630297363055,9.808515109671939,8.076716855918779,2.4715498833162863,4.352608059549647,2.7847672370992687,3.961834618483258,83.42368860991269,482.6340938394452,22.757861614006174,0.3275000000000001
6.950189151564136,-6036.227491896529,2634.1507795051807,71.15891820220449,8.884193204967811,29.25398200972656,31.602663307852303,42.79213051853007,609.6411537613792,0.00018783693755283372,-0.02360415001014225,0.00024972050145428114,-0.005826176126196724,0.00022529850357859546,0.0,15.848773642000863,4.591987938621198,15.841614973233684,0.9475699972191842,0.7394047226388066,-0.0603791668421475,0.6890993534397549,749.1816961758775,0.20503227321517867,15.147683672930487,22.184970374798944,0.0599354339474798,0.028702551678923605,0.07007681870695118,0.003112807279931934,0.014911720421561253,440.5048385347756,0.08279041303482021,4.0902,0.020844928232674195,0.008638123668924205,0.005462732869932456,0.0001930548610216891,17.87438647215658,33.89781864741649,11.135898108136002,0.3003999999999998,5.58002299959047,3.994330499890829,2.77307159984132,8.539711669397699,68.09412713937249,688.1003756387016,19.27564542586008,1.2542133633170323
6.775569807592212,-5683.213418442231,2655.6099947046473,70.70927973887558,8.788322600229945,17.427825566594613,19.967819117172017,27.29581631016156,617.8927632832402,2.8553665561862607e-05,-0.019442033801052867,0.00038382714305574135,-0.008726308498578837,0.00045308522007908103,0.0015706303058237877,15.77605812410261,4.462781229379177,15.766415558946116,1.0719025224561154,0.7280945726302868,-0.3999128479216343,0.6029,917.0497883456101,0.10333011104838487,16.861704416632698,21.706206686099467,0.0814152839634164,0.06126776573926983,0.11789388981664245,0.007078573467154667,0.01865077095798244,456.6724007291237,0.04273467748595065,4.836580065234421,0.02145789492977205,0.028487397344572434,0.007666508760183837,0.00337275572060017,2.168466477394208,24.517097151863098,8.382039088946783,6.559078360829707,0.6279000000000003,4.886005028573457,3.474293356865973,16.795429155337153,25.59935251951085,448.557757798846,18.250628247928795,1.7065610924197858
6.849053017946737,-5138.099724992037,2564.5834845662466,68.52303798633908,11.016582537043917,8.47569160582464,19.38486577645815,24.432025388596617,610.9924296427602,0.0001919331501793393,0.04470845860255116,0.0002928990662152463,-0.005180106054663206,-0.0009533782657860519,9.056547669573522e-05,15.77309142685066,3.637911606163443,15.803023255162632,0.9681180865077412,0.5571313796998822,0.6472520865298184,0.7523745775254383,359.0356365413905,0.05403400891499141,18.804876492098657,34.04893368344939,0.09851761053297145,0.02307778812808841,0.05008501196312956,0.0,0.02132370169297296,186.47765224987654,0.04626164430909528,5.488577190952142,0.03150431379950974,0.013427328602997536,0.003460747496968804,0.0,9.462619396952542,13.28944481335039,11.093056265627553,12.220446130686852,0.6279000000000003,5.475767359384475,5.090738405008156,9.009554650937424,46.68274986385633,670.964894783784,8.933996566117477,1.5112587304704383
7.060579435770224,-5453.733653244699,2957.586088854248,71.09934540647497,12.896628006619272,6.594260578852237,13.495479855734466,17.051335227919687,618.4887314440851,7.94978603281508e-05,0.026534470630502217,-0.00021795834015996078,-0.009190352773304395,0.00012724966762882038,0.00029585323128575796,15.836507907481787,4.04654215948587,15.831069707091533,1.0552193434048909,0.5097196277707339,-0.15373789611317956,0.7531486077660529,1368.1903115206796,0.22072498438822002,18.310542250159465,25.530346856350114,0.05394445913958193,0.11311191217453401,0.02850152420406235,0.0,0.016934771788093952,761.2078457852078,0.08539035829326522,5.574571320849076,0.010499999999999999,0.04563210740050073,0.0063166408004989745,0.0,47.17255273222182,59.38856331623094,16.114899705906232,22.502620463350752,9.893346086266664,4.992042889583907,3.4926814838060194,3.1599000000000004,18.0064,18.831389828402962,3.6093,0.3275000000000001
9.691334810598834,-6157.884289939487,3051.8392360314533,69.10938309720638,2.020140082298334,11.331398066198448,26.366020968458283,33.01727060706018,622.2783095995434,9.072968612966752e-05,0.04606343546929344,0.000612702681533662,-0.010095767102503669,-0.0008704381214867481,0.0,15.662207407673728,3.9561430153581454,15.726607275175851,0.9937203405997713,0.6584674891127565,-1.3911805645065638,0.7761244513863597,1470.6087074085126,0.06371971321127944,17.080860485084322,28.521566649869637,0.10383954963386925,0.06511193360079706,0.0167,0.0,0.01547846784976432,747.8982928800517,0.0175,5.80411004241506,0.023227335636427038,0.0343291813137694,0.008836556438918657,0.0,13.838709772850226,53.52642366955685,2.5786999999999995,0.3003999999999998,8.957594105243615,4.614434330549808,3.738628647510922,11.149455598928762,86.30626831186098,370.4312987111451,3.6093,1.9167031350662058
6.880225300322904,-5258.617403642839,2715.3381985298943,71.45148961941115,0.8524174538710643,12.364142467046745,28.701040181220556,36.93420008086876,632.885135133928,-5.495233779083942e-06,-0.06858148446992257,0.0006155562480806555,-0.009041140902623535,0.00037047545566491714,0.0,15.772736149843197,4.191597224818841,15.731987880531056,0.9915827807594928,0.7242566520996453,0.4827148722246275,0.800441274701828,666.5017614029115,0.22345646272527248,15.7939177024485,28.147423427758504,0.10456661255292908,0.06442450166904716,0.038029173498676634,0.0,0.014507170109374436,436.1419882515561,0.13362600052612736,4.936916769947514,0.031223643790783823,0.024847869701093286,0.0025,0.0,40.28718883870782,40.12749399479233,36.03741954535066,31.049157881905117,15.522105463221363,4.3796690014515205,3.9426989144586786,14.417184005495852,60.15489583511564,0.0,7.547022660924982,3.2541357687312256
4.477865580682824,-6112.122966566029,2488.2631421016235,66.31976671209166,7.121312197768271,12.173619569462119,19.39499789288501,25.429694698519445,626.7112474039593,7.379703365935629e-07,-0.0705189559276386,0.0005581369097515775,-0.010026323626996295,0.0009314741278007554,0.0002347814212669427,15.898353538544448,3.703515387404956,15.920484062930592,1.0341434044260416,0.6744267694347998,-0.08744255521651267,0.8338108048084237,593.5628210349295,0.14773452352449656,21.49692264219228,23.232862820925508,0.1455987751343386,0.046911828922239114,0.03672837183016536,0.010258964663735022,0.011739601814694082,153.0040271945021,0.11442387770578316,7.00898522662688,0.04551927918066673,0.025869286241750496,0.007980100514161231,0.002062765501703418,3.778052710868767,26.590091370290455,18.602614940778363,0.3003999999999998,0.6279000000000003,6.156219667278403,3.171455459442093,10.955334989595622,18.0064,671.9757261000038,6.768033163407425,2.0063670218276988
8.002590414711658,-5302.992386893675,2486.952048595555,71.90780789808439,17.27408431400641,16.440433623599937,16.94845194284328,25.0819799201822,615.4590507351811,4.0656855876043484e-05,-0.03959334580734506,0.0001830680239514981,-0.008881287222706832,0.0005186541984332427,0.0003771154447431427,15.878094309350578,4.2533490103846985,15.92722866970271,1.10137389184897,0.6525986541852971,1.6329068022471402,0.765930430601425,1269.7660926070862,0.19918582786441927,16.135629906198815,27.969714181318945,0.07343516397418492,0.052805942272482774,0.10528936310504995,0.0,0.0078,517.6182589590044,0.12040938545324623,5.101611893587722,0.022963832283218962,0.022293764411462306,0.006351929048460458,0.0,21.114077188289308,32.03850842061141,12.561208735068357,11.415905982703059,11.10775445725004,4.756669397664296,3.907703856356219,10.10924397522907,18.0064,522.078921508499,20.649160192597712,1.2700352844302598
11.247710482620288,-5359.752396712593,2820.3534825694296,74.35578643020868,-6.558656938361295,20.970721614750012,25.910663678416295,31.791439721283506,605.4802172269142,0.0001226616075105479,-0.06960500541442496,-4.799594869129881e-05,-0.008505844242960353,0.0007571676339527975,0.0,15.89762081306076,4.9495227467250835,15.886580815197584,1.2434270369120448,0.7939245716545947,1.2980603852411283,0.7175676660518109,713.7350066633,0.07803768896274128,18.971722966550235,27.994689546603315,0.05020405625902166,0.0172,0.07505668331422025,0.00322920292111557,0.009940762900131492,473.5804132474484,0.03239486856766401,5.660240915385023,0.0330299943928362,0.008,0.009667891805690953,0.0004936685532834468,1.328800000000001,20.18382125245875,15.195473551615992,17.45376373250646,1.301176774489302,5.250678143204882,4.452050854262518,13.018709200875907,66.37399006079725,574.9765997786258,14.532356013322863,1.5797273558441716
4.495735861530259,-6126.0714423700965,2727.491980328083,66.93559148151931,2.581755722500409,18.347936226162393,23.362296896262684,31.277826095660444,611.8879655760841,5.740982824231882e-05,-0.027113672674510918,-0.00019686660660699561,-0.011052335369632349,0.0004154784622778,0.0008421671261190905,15.758231886454778,4.733251702575939,15.673578996827828,1.0644179578676525,0.7956153962120854,-2.130800378017769,0.6962339325543938,76.0,0.10306229619348961,19.67475202698302,24.025797728467218,0.09262081139889435,0.07580382760238283,0.06839909159017597,0.001427313177097705,0.010917462048302625,149.04339829529218,0.049386914695680996,5.737894856847044,0.030039292307179034,0.027908187623316073,0.008506319686098985,0.0003568264766756832,1.328800000000001,3.3354999999999997,24.514709476468354,5.846744920928195,1.252844919410511,5.839285661234374,3.3475398546864805,12.74956681409008,45.11676296965372,785.2167239214743,18.51749252828052,3.345551676843531
9.869676695777011,-6158.24541123049,2727.1435257985218,66.7241712363559,7.053334181336409,17.075214192561226,27.355948875358706,28.855348307268684,628.5073623077556,0.0002665271361828966,-0.025422371480180367,-0.00017281108208091372,-0.008155598121238797,0.00013092369550892036,0.0,15.815929537409556,3.602182322343631,15.81908094195069,1.0592362197295069,0.6334074428427642,-0.19093824623869543,0.8069532788474642,778.3256505312954,0.07326996272459468,16.14563301791492,24.084309510401578,0.15171116408999585,0.04468859082298666,0.0167,0.0032808474067713258,0.015783099613657835,376.7990136355088,0.032108268288686216,5.681227464565044,0.046064938664961086,0.02833034632179993,0.009119155982531563,0.0007288036841515092,30.548946952446116,17.652240911714223,12.36817753159638,6.195974793161929,4.838049258548133,4.915309969521815,3.452826360065823,3.1599000000000004,36.03880521441205,0.0,3.6093,2.195002017032648
10.047112114999326,-5626.697314128714,2923.0003401734107,69.70445893843937,16.56935599967062,17.71247276420433,19.84174082332538,25.203707113453163,607.7483547999815,0.00014650265769990058,-0.006859708167572967,-0.00028714691990855325,-0.008699686733297397,-6.010626691984303e-05,1.0039556067330762e-05,15.900971537753104,3.3947475390881516,15.884565242389769,1.4444725015899298,0.5536617892381297,-0.21002552660148582,0.7442334466570927,543.8475825935166,0.09097000424291568,21.814377453050245,26.41343573091164,0.04807128886964515,0.03166018835935208,0.08797502291393036,0.0,0.021403906458529114,223.27942524188924,0.0175,7.275666900351961,0.01358001712326635,0.014670763419857341,0.006303835913458802,0.0,15.10098437936264,6.529784371360723,3.145877736910059,0.3003999999999998,5.412881911649836,6.618636114895734,3.4808926462565024,9.664463964435623,109.10234450118188,0.0,15.864747933304452,1.4643551730344526
8.63163440504977,-6343.017343158348,3133.3006365560536,71.5041352790457,5.005764911498284,12.527020720202973,20.044338158778345,24.763785280081255,619.4414626172892,3.3520121643621057e-05,-0.01636606938145713,0.0002049803064342829,-0.008342059611666895,-0.0001806062208752176,0.0,15.853160314119,4.467619120564445,15.916407273338633,1.432060575591464,0.751258810946219,-1.736420187965859,0.7501608033653421,149.86047294010524,0.034,18.44848831588165,28.56532616599023,0.15397017007659125,0.05883292975363636,0.0167,0.001979619456331197,0.020874617150180103,87.9830910691997,0.0175,6.262137200358098,0.05210486291170739,0.02573425194603001,0.008621451163377392,0.005345354159025388,4.681408124190439,3.3354999999999997,11.194871552112057,0.3003999999999998,0.6648365329106127,5.55706019794894,4.508028239299072,17.950799559870447,28.347204338943175,495.9133540906703,3.6093,1.3148634444793759
13.151527533604536,-4706.3846264687245,2454.7152406720425,69.77578113744342,6.869055118092498,16.395799164899113,17.261453782799073,22.453275640523906,619.4934273083636,0.00013061311471542245,-0.04415194451860179,-0.0002031618277313424,-0.012001770334020346,0.0010078228035233351,7.234550944362796e-05,15.763673991236852,3.4770246533318643,15.775634339087572,1.020771894783951,0.6130445711233045,1.2798286985092662,0.7720839581090924,116.35503760692825,0.22844498580135664,18.793241282562956,22.408428676009667,0.14016021258959488,0.0172,0.05468093451150949,0.0,0.017351041101708767,116.65909686659384,0.11200977400799973,5.8343029867951035,0.03986140084476629,0.008,0.003951358985381513,0.0,28.953198150963015,16.823728249536327,9.884509947229237,27.97811202920466,17.662187227748202,5.324552629788632,2.6772454272669015,3.1599000000000004,26.10224292415787,66.45599925970174,12.456761614001952,0.4734072356117618
5.971547103879642,-5603.0748112734755,2653.7329173981666,66.86303475687211,2.6763312406650157,14.10302658610181,18.25623501290177,21.971829726796344,614.4978217039068,3.0894183618829105e-05,-0.06059390022400979,-0.0001317167571277768,-0.00774366923231715,0.0005803463081433267,4.976224803273422e-05,15.858804930203446,3.7368391938191703,15.879407684196133,1.0159367655613247,0.5482830223289641,-1.0476545683880107,0.7792737975545493,612.5175778694204,0.10687183871593262,17.617993406660997,33.06333161323286,0.07953513224158086,0.05330983993357783,0.04134625511286516,0.0,0.011138161219039941,280.94393032550687,0.04758364568907503,6.089629095081402,0.026570522927267085,0.0277703092906871,0.012173077394134701,0.0011698092421137006,32.30911936568559,30.308001489895037,16.80534582947749,17.438089703432983,11.230223855511214,5.016031259959107,4.3926620125307165,3.1599000000000004,81.87760485673365,681.746142306817,11.933747086923045,1.2551228875345695
7.960059253807404,-5180.889696413258,2896.287636155775,72.58704201355799,-0.30099983485104786,12.039288211304687,16.486888127381707,20.550798737459836,612.4996105054425,9.418652003531477e-06,-0.10028864809535484,9.932391011291926e-05,-0.008796255173254061,0.000989462902717173,0.0007527655230473029,15.936627723153151,3.6482469126020827,15.955950065931757,1.0979470104688693,0.6271967386037332,0.8861058729931008,0.7647631081051425,162.17623339589352,0.15627577533617465,23.21939142768035,33.7335738258393,0.12243832710188948,0.09223128259615304,0.08974472993025223,0.0,0.012803235479393774,177.50313286506977,0.0968093851962335,6.931418209400776,0.031682482246033136,0.03284812403997205,0.005658130741640763,0.0012266006343619963,29.596046151739344,6.769012266281688,21.18378917669982,0.41265271748665633,0.9420409252627575,6.679659176775296,4.573766154216571,3.1599000000000004,94.1709271524216,317.6115382802694,30.091127235082265,1.2980095490793409
8.773786495781344,-5287.479494666045,2462.708852057247,67.39100770650039,6.304634039211097,9.146729902168746,22.16064191224058,28.82542476205706,615.7515557593116,0.0001880131465433749,0.11874236493614235,0.00047411721347394146,-0.005352944469197698,-0.0009381102018521894,0.0,15.692087599029401,4.370723251305628,15.725124868613062,1.146073945213004,0.7152525487792201,1.2469220131652552,0.6029,76.0,0.24391575581307207,20.433143155251518,28.729204543177858,0.1165615030038526,0.07942596228825809,0.028380635130030238,0.0,0.016172681384366717,37.027000000000015,0.1118126365678911,6.8702200867379695,0.019387098683710108,0.03576891559774168,0.008843833698569408,0.0,6.97975752436448,24.90967170444863,9.061102491093006,18.715238612163066,16.28620263720843,5.871168136412881,3.8960472569086098,25.85117820745203,99.8332102035446,730.0346961440165,11.379367481117914,0.3275000000000001
8.981760812482605,-5224.187953352886,2935.06744724123,67.30153526873667,30.648130754031126,4.4283,10.674811073320585,13.013866120799614,612.3905594764519,3.7080295516425936e-05,0.012451536431149587,-0.0003119987555325324,-0.006047048648292622,-0.00016159517947637395,0.0001335562326171461,15.836297696993801,3.5180225143180124,15.890394746157439,1.3337396424178765,0.544775265290423,0.7599941469287972,0.7039180028698719,1249.4665214655456,0.11757391809117415,20.443044287076944,25.780492381755806,0.12394921760318717,0.07899674258037018,0.06472780130871654,0.0,0.02422534182876227,517.6267609806412,0.055280570344368556,5.729972290264978,0.02342467694428452,0.028678429244294187,0.0048895108581585335,0.0,13.476509332189433,49.165906489158715,16.80266010838897,13.6558273415744,9.62584610241864,5.587615840987301,3.534943882484003,3.952792433363012,50.31923485656418,474.9256481675863,16.13855762675191,0.5993289351600242
11.051141257034041,-5564.0194877062495,2876.8609481541375,60.2667,0.5196838658922194,19.8814804521626,16.756100651939875,26.08884843379741,622.3313361652346,7.575989424444952e-05,0.0210760578524331,-0.0004048753702453398,-0.009427739558121963,-0.0002499585602366769,0.0,15.793904587211932,4.048987382170695,15.667743997045084,1.3016745187916616,0.7202237090798681,-0.6774088617223885,0.7886475020012116,166.81808150770365,0.07561732984428139,16.57435213455015,27.9021778595062,0.058419304741052606,0.01965954436974223,0.06354265631345801,0.0,0.00831847939655386,134.59858138416996,0.025227120805694607,5.6698882154443355,0.026605283873786224,0.012734334012523147,0.003522230293399725,0.002839802296092202,20.311467946333533,3.3354999999999997,2.5786999999999995,0.3003999999999998,0.6279000000000003,4.899612013515713,4.381161195775782,15.003375285900685,76.17984191461844,309.54320551816227,17.52740438027559,2.6332763665548997
5.587839527199758,-5873.5543927328645,2699.680091519518,66.39883997933869,8.665401053498824,18.168011586393142,18.30540081655698,31.95065337459065,617.9017180646241,-0.00011797119865342219,-0.03676292543214476,0.0003292197565833988,-0.010111568061787366,0.00023628676220675967,0.0010554929674047313,15.715525381063754,4.055404468741277,15.712494247426086,0.911208043262673,0.7302353478695912,-1.1783905352942603,0.6763593367034468,729.9011651999716,0.034,19.32190200012895,25.947690463121788,0.08096149596797689,0.05278403296792822,0.05142057255708046,0.0,0.016946804099783604,339.1702275333842,0.0175,6.26691127913675,0.019645090950356593,0.023544595901023327,0.00950808656121277,0.001853327306656685,24.983724911856633,12.854451003675209,8.898318372583105,0.3003999999999998,5.310539247581655,5.298538433225662,3.1602940760228098,15.644392091437375,92.12411328650485,93.88396004423515,11.589057068931853,1.233175470173126
8.537644796280002,-4610.836203666023,2634.1184826024783,65.08080838325279,-9.944299697730266,15.907418198341805,20.257051451692163,25.96498609711004,620.3956420614377,4.464360926881857e-05,-0.0777989270283643,0.0003785292317695016,-0.01256424847047881,0.0005092703991958043,0.0001225289600424837,15.713670535946845,5.136982472944497,15.751380460854667,1.192650154918087,0.7197384898333359,0.48538927152201694,0.7054107052253428,733.1926224059341,0.11445244138875785,17.637432471843503,26.382357224330732,0.06012152317988996,0.06904928531008471,0.045137247680486346,0.0030916914598482694,0.021179911443069684,303.7478170601282,0.06410261488970559,6.461738984369113,0.021720839693671518,0.031091811316307522,0.00894558035664405,0.0005981408892669151,32.876855453172695,22.743945785927636,16.279600013525844,11.165426354362593,0.6279000000000003,5.125979219033109,3.901955063922971,21.91667500106923,65.04325895551824,0.0,3.6093,1.9748804984359154
4.403985581486982,-4509.814940476646,2358.6838555765376,71.41456062905475,5.0206152179263945,18.25828181186276,22.425518052261218,26.84543013587743,606.6605912000008,0.00021327715896441764,0.035467899617390775,-0.00033348869272538254,-0.011433493096072436,-0.0006567242375218227,0.00016333020405828708,15.86820999305054,4.746392509066322,15.87474000370623,1.220708388187868,0.8021927534670595,-0.4831256108220441,0.6752466382519152,507.91225001624787,0.13465592152286057,21.679854426765992,27.44229014093917,0.07030470020384394,0.07015579445161647,0.07233667914849769,0.0,0.011569771497184198,349.64100592107127,0.08764016136608081,6.69357656131697,0.022933612228438885,0.040562031877639355,0.007325575985189722,0.0,26.79139569571089,20.883746024663637,13.880490452736739,10.234971233580495,1.9674507953307305,6.582369689682704,3.876945137772926,10.851177809295725,18.0064,0.0,21.832528317041785,0.4392867793257689
10.783321388282559,-5525.8728558320745,2841.75659015091,70.78500011667658,-4.059172138122079,14.656485516015694,21.55764993414563,28.17521438084954,610.4079975438376,-0.00011455086810518864,0.07024554735165725,5.2792974269660586e-05,-0.011482114735234117,-0.0009986093877949606,0.000136537967608198,15.846271254246524,4.804411951890907,15.8922947179087,0.9646371907909546,0.7317658534306732,-0.37082062500116,0.6809237608027287,153.22716726001806,0.10583360993906205,15.225439143884017,29.773150568050102,0.05393064906573098,0.07726444539161088,0.018973560204078137,0.0,0.014325233168141507,172.68733527468882,0.036299430567525534,4.375258407413667,0.013321441671061713,0.048804102571329125,0.0025,0.0,24.55455212540751,5.744639765534107,2.5786999999999995,23.229660336777755,10.536303423067732,4.675223846497444,4.011687967394979,9.261846997385245,33.68406380432151,896.1072108679294,8.466051601589653,0.3275000000000001
8.286270413897704,-6032.0861464075215,2843.334616906759,69.99904022158017,-3.5073763422900783,27.192067327761613,23.24128165861974,30.534213893898006,599.3666038906774,5.5912573219806876e-05,-0.07511719966855726,-5.319099613639629e-05,-0.011939496099259197,0.0012149997761662986,0.00035756407861071515,15.798628794524891,4.162326239414659,15.731080173724566,1.3089018384094793,0.6976772599358719,0.7061380368409895,0.7701107805465943,106.07424893422842,0.1921854655210252,18.122477263857206,33.79619902957126,0.033900000000000007,0.017661519388025473,0.0167,0.0024797954557470125,0.01677324096449796,68.76835381316243,0.09454940662076407,5.33254155470808,0.012888450651126152,0.008,0.007648092566044794,0.0,16.71005746497852,3.3354999999999997,16.379671993149717,0.3003999999999998,6.382218678166369,5.004166216128182,4.856834164818758,13.170699291870509,37.611308408484106,0.0,3.6093,2.073419093019296
7.173405217275811,-4708.429905798216,2465.514807682454,73.6379130141587,-10.396078729043934,13.945117527574638,14.675955475736385,18.648492679286175,608.7441798214339,-7.826460672544986e-05,-0.025731235210456106,0.0009716793782110018,-0.007314614262406464,0.00031992055609065693,0.0005009230790765195,15.890918397323299,3.3989414867853265,15.842266508336373,0.9900157050459979,0.5552197088632502,0.2325836966931688,0.8764,76.0,0.1589635120916314,18.091563239727133,35.31950936638406,0.11506705938356344,0.0172,0.05661817785243339,0.0,0.012876957341336339,74.68916168103155,0.10355767779754077,6.01250755507814,0.0336905356646897,0.008,0.00390244327732277,0.0007019907091720532,24.457569688716106,3.3354999999999997,8.14400109477111,8.794138081582327,10.508186122445434,5.7180737319512165,4.747261806822387,16.64669822844826,48.700749384623606,53.84489439544669,15.840975996509762,1.6196465619302822
4.831875478055585,-5614.967044362767,2787.956236313181,68.84328182472883,0.1455925253196244,14.215643190071887,24.944974517017062,29.595638849939423,620.7338454253156,9.815315841049983e-06,0.028215711169458233,0.00027610451431049534,-0.009821024309589846,-0.00042868657222394136,0.0009128211911666207,15.848261532553735,4.93407972789954,15.840172094433568,1.2218718899129544,0.809964091694884,-1.225392063180923,0.6933024759889952,733.3950025564898,0.14896240366142152,18.933353566399173,26.28608027436567,0.12063114139630131,0.10019868851027774,0.04643356847217949,0.0,0.011021035474064706,342.0489699703894,0.07366234519346335,5.3742271215987305,0.031035089959556478,0.05621066049521019,0.005844623533672266,0.003896086805277724,51.08138031217556,44.49317754745921,19.161307382729795,11.718113231503814,13.961291005715694,5.030067299164513,3.4536148557949184,3.1599000000000004,19.293938952514345,25.21605973973743,14.986825429784446,2.75182497389901
7.234132724709549,-4888.865613422533,2556.02917416507,73.27309622963159,14.099100243242065,13.124168216627575,11.398371026669171,15.97349110518258,622.7445533476567,-4.601573027097756e-06,0.027295863462555373,-4.442084176556353e-05,-0.015620141481379602,6.271448973981863e-05,0.0,15.859995390534648,3.777577015194069,15.825912587655404,1.0599848225617905,0.64044489987614,-0.5559667751692321,0.7080819901122466,1073.510157727218,0.1995716771578749,19.065909620372256,16.98856245502224,0.09269404097949352,0.04114185321134942,0.12419279128992396,0.0,0.013274481725225726,323.51878435052765,0.08243225526756956,5.455603323675476,0.016701777186475766,0.014473101935963887,0.005362253796787468,0.0,15.400839724426273,33.446493904629236,13.142226108989231,4.133362972528543,23.84967218637794,5.603905806861004,2.4743531411298276,8.134799944084556,18.0064,749.4842579912104,23.13410118360751,0.6079024163761844
6.823186316423797,-5892.029078823735,2840.617501336727,69.6695171600521,6.634104592970776,15.020278703856054,15.790733483881574,18.98643723934623,611.961813195864,1.197415077476779e-05,0.01704614720732736,0.0002965016758131386,-0.00791584032259189,-0.0007103304568263774,0.0012860012055116278,15.82213310804208,3.6230963313282993,15.79808192524512,0.8987894670028295,0.6374827026912951,-1.6156271783297678,0.7305247566078004,123.04541897026644,0.09077849920491965,19.97086485554062,26.374249688982573,0.1044224969617287,0.03715917110442182,0.12368206857096342,0.0019460099343185228,0.01290309272129915,154.8921915145446,0.028850562221800193,6.102896401769517,0.03438692707284387,0.02220907144893314,0.00599448685693811,0.0019845145256243467,16.336541570504064,9.96633304732749,9.278751807912112,7.277795947361469,7.046039658150632,5.92834240740724,3.8244917585289677,6.6695382792665665,33.60911793533022,964.1100503668941,20.130571752455005,1.0981044042201176
12.041118496867867,-5267.17253808617,2872.1797336911823,68.98826894545724,22.79066669100575,13.382851449077725,12.769104980858456,16.53327504029572,602.9374118057601,0.00015238734723773838,0.05011882964890025,-0.0008683608959470171,-0.009112622467823019,-0.00042934028764699005,0.0006621317343635856,15.791964310470446,3.242910131566729,15.789025943519558,1.2071555066271733,0.48214580980786237,2.458,0.7491491846499763,603.4003128030331,0.12299639162653928,21.190051626222697,30.72904183616608,0.07860400069585144,0.12281069248924201,0.08273563605223005,0.0,0.012644097445054247,278.23462854990936,0.06592560674573365,6.984466247706696,0.02078916090163945,0.04610388536256967,0.007045518307326075,0.0,9.258267808846313,22.441868534374336,11.700469343860929,5.198671997437651,20.73109058063261,5.778474123517911,4.211970872167317,3.1599000000000004,60.987388422398034,0.0,20.00989006064276,0.6029823912272412
3.7353906722584167,-5375.381920383332,2807.1035087364535,68.69425824462913,4.914374212693213,21.638763589497263,26.9025288822685,30.19576181173075,606.6501423337428,0.00028388570155732807,-0.07611887809468651,-0.0005657211709245503,-0.01102823333488023,0.0009007071396706697,0.0,15.827882536013426,4.25543123784668,15.832136692769453,1.298568626745081,0.7396364909522954,-0.9444179991759014,0.7810338960349902,700.3915550547678,0.10846340182860256,20.568841665135274,33.32861859012436,0.07891305055294612,0.06935748964624137,0.034036480087847966,0.0,0.01566275179539151,376.9533716263544,0.04783395591101748,6.260665028306669,0.017163907128801968,0.0321670523261591,0.009189922081846828,0.0,24.947115533228356,35.398651478740874,21.920033681718643,0.3003999999999998,1.1497843381575787,5.91861448985428,4.935864836880385,3.1599000000000004,41.824428157636625,302.78463231505526,6.95372107986743,2.251772884517933
10.712987290383298,-6495.721848574979,3110.489477409703,66.0388848434592,4.853094800722903,12.81699991681551,16.08096630300559,21.12521685323429,612.6531785113992,-4.1694040189851715e-05,-0.052738169070249113,-0.000125127059169823,-0.01176851545821352,0.0008158177030382502,0.0,15.810486405877665,4.609277484908212,15.851793065321967,1.084151339372089,0.7512118776811072,-0.44926438118540885,0.6978302876432888,424.1070720414282,0.054265622847600226,17.90210839486641,26.62145579555905,0.07896849564890585,0.10738444003674241,0.0167,0.0002543815324751826,0.010757208876029462,293.71458974438104,0.033228137528658705,5.589094938494992,0.025201961818992313,0.050816185254474844,0.00855479581087391,0.0,20.035132389136937,3.4996299844684486,13.202048150999588,0.3003999999999998,4.712283367757953,4.842409659966834,3.9694792775998473,3.1599000000000004,62.247662361995694,681.461166611196,3.6093,0.9521630641791403
10.16001021555495,-5697.399068552864,2760.5080357789184,72.88550171708422,15.704799021125513,14.916379240030365,17.433048066509322,20.25601151819916,614.1624296916128,2.5752258216311106e-08,0.07053690736656235,6.142349660678981e-05,-0.008630017096588989,-0.0010835232124433113,0.00010039362664851122,15.887724543897292,4.8334431739654224,15.876261885248836,1.2779324172628233,0.8023644223380377,-2.5941630549444836,0.642278527903272,672.337923973968,0.1754796826931515,18.529059488143933,28.726654271267464,0.0865331788013471,0.06878401199658994,0.0167,0.006571554321979395,0.016450674841754706,205.6094064076013,0.09543098901122601,5.5240390614765795,0.022642147349861436,0.03636788636477159,0.0030365402462714528,9.93863065781186e-06,8.037048375826888,14.794213446235474,14.00460090514626,22.53675789918715,2.6305535887429308,5.166390549762622,3.8234406009895654,12.783982658099522,52.836986261111846,0.0,4.129503800016923,0.9595020499309805
8.011222335889578,-5525.479020843613,2971.18388861031,69.55649856818277,1.8817719281688305,18.23702089767828,18.476298337512915,24.519121612469092,613.8397216645036,-6.278623262493996e-05,-0.022558271258497707,0.0002371948857877926,-0.007804121653958442,-8.456048149689261e-05,0.0,15.818661199548714,3.972326993019064,15.880866938877897,0.8813340707688058,0.6628753124957654,0.769026372069018,0.7484022689849905,882.5695669585452,0.17002710409656885,16.932424755960454,27.668290188351857,0.11870552511468903,0.10234640381483223,0.07124017478383059,0.0,0.011168339805708132,500.12187287204006,0.08260064827555555,5.488302014350575,0.04474919876591363,0.03390936635555681,0.004832032922686434,0.0019626035545576167,16.3004690320582,13.583794739589377,9.740089883518648,6.579874828401316,2.9793234142286753,5.46666511511286,3.885866212982086,14.952111813871113,74.0402226051462,153.754856484498,13.500663189093832,1.589083037345743
7.33654002732028,-5713.833140571967,2564.881821199525,65.49515869086513,11.456627942062449,5.490147375264323,20.262135299592938,20.072032456915537,617.390568296667,0.00020124779449644573,0.024208224531787864,0.00012602065298480543,-0.00587163647322172,-0.0005767678843828047,0.0011936382693095737,15.774263638645179,3.736900776128928,15.787803634797989,1.045682107108977,0.6109544505517979,1.0979777041624572,0.6959897621087878,76.0,0.09000198942187543,18.73410116458203,21.56350017481774,0.12155409604710735,0.05770129779437474,0.017801844648030928,0.0,0.016337377143741838,38.23099452633292,0.06127258088280803,6.446013666102542,0.04241394330549754,0.02506170011645316,0.0037827918095179203,0.001439385856625937,21.946658055963745,3.3354999999999997,2.7253122321880863,13.940713048239235,0.6279000000000003,5.80775948346634,3.2535314209089603,5.91473530176561,78.8969293189466,0.0,4.8877677780427105,0.3275000000000001
7.431258664190854,-5139.818246636201,2504.371865523657,66.82086646626546,10.923000057094788,14.807502528262559,18.923379568507617,26.8438423409558,624.2715315502036,0.00012840333256258156,-0.023456621762070477,-0.00014486248938823672,-0.007911622224985402,0.00025204091039042253,0.0,15.644369743479603,3.837018441584356,15.697158386012735,1.1056593592008566,0.5673769905838606,0.6341277398402705,0.7131777997313965,76.0,0.05796577453141642,18.460161607453003,24.321358720925183,0.15172425736190104,0.08099967317443398,0.0167,0.0,0.01612320254458535,37.027000000000015,0.02447652098939008,6.557972871218111,0.03387670450785783,0.031818641196632316,0.007201510147902183,0.0006455202678683506,28.489976986714268,8.588999347399202,2.5786999999999995,6.073390705702845,12.334532150715082,5.441755361334488,2.9992733426870006,4.100163957800751,65.45355820362981,551.2116637035165,3.6093,2.5474899429737405
8.878343993469421,-5106.62410349116,2662.9633165139876,67.67336590555556,8.37818108580343,6.5502396952604975,25.013918153824527,22.267824138558915,618.4489031884201,0.00026827458676478724,0.07566017310874451,-0.00010545459601740866,-0.002310811756095936,-0.0007369168434924612,0.0004902843287432822,15.741921013620528,4.215460564943587,15.781980785794069,1.3371692312835253,0.6716813348749017,-0.10136655581804666,0.7008686254130517,449.0275085945548,0.19542434692428817,18.989525883223514,28.019418958117257,0.1024257985962557,0.12220949222096816,0.0167,0.0,0.023000791963775767,200.16706874749048,0.08403240522508028,6.224658177580584,0.029057286535252712,0.06390203993077906,0.0066122688057826335,0.0,31.88137536572402,11.83304582059472,25.43795862403656,9.038368923448347,0.6279000000000003,5.705253305354848,3.3926829290836227,3.1599000000000004,43.048317148462324,310.84593371807455,9.638364967566405,1.9575838120660027
8.784731891610747,-5174.836771053933,2678.0720482647303,66.73869768734944,11.518067240356066,15.0794823291094,26.0690956689554,27.481763455501298,613.8488149248379,0.00010237487452777483,-0.048261003876459346,1.5181122411966633e-05,-0.00674149883412169,0.0008988828966463326,0.0,15.821816639014088,3.2282260134620895,15.725859896300086,1.0331617716969839,0.6106270639849123,0.20066338592456578,0.7247066645074225,467.86974281685383,0.12528377353011724,16.892920135386113,23.99668816965925,0.0441432886798538,0.08149758151281726,0.1115653615652535,0.008069527193091936,0.014533528508607015,289.4645680225565,0.06522270636045666,5.316887846105392,0.013970063430756954,0.04868069898864551,0.008570597808520264,0.0,19.61621775171335,20.832640361292942,9.54014764237552,0.3003999999999998,1.965479418986261,4.657144879294093,3.121323058044656,4.029511664862925,56.90579691373263,184.84049501179544,24.177390373641927,3.2681735101747806
7.412261516473158,-6107.0701510902445,2813.7713531444324,66.4815126358006,5.478663940620876,6.704943804215638,18.193613830976417,20.190928804655254,607.6089270970971,0.00024383038895182482,0.025050113342020015,0.00026904856938115315,-0.0074269467620144995,-0.0005304209863541901,8.219894057826427e-06,15.88890998839745,4.184952928183833,15.86343895631713,1.4593949943282885,0.6391264658334189,-0.47818648599413627,0.7073290334433543,374.37741493233466,0.10973146327997738,15.911943087405731,25.305840771408967,0.11273662454852966,0.11795331153945393,0.042565412927434036,0.0,0.01365986434623806,37.027000000000015,0.08588564190876766,5.584490610136193,0.03084194935186247,0.061634786880844644,0.01043095905622863,0.0,36.315838052629104,8.110670664038086,9.667420869889085,13.63191816014519,8.232633991277467,4.7263187380768725,3.8163672729449467,4.02887971935387,50.117261500411075,534.6317189744128,4.096909262715384,1.3186171023671691
10.870203697519873,-5874.304361358746,2725.1298276096572,70.58026594684333,0.009048428499527805,22.355965810193126,26.33554545506902,35.27549836844401,603.2616139177434,7.826401486084471e-05,0.005618003557924464,1.7698378354162696e-05,-0.01114342879868845,-0.00014855634780550707,0.0,15.767113122827407,4.212247386503018,15.757676706939684,1.167151352156674,0.7854316445662481,0.09732378711292056,0.6970037644210844,529.1536813668597,0.24828221318002966,19.527053011251382,16.062,0.0641931444140847,0.06343565273447187,0.03188830650918114,0.004457988077696858,0.021433791622865125,303.4540385412039,0.11083419046031351,6.5339232558515326,0.025929570278179617,0.03644386756492226,0.006920814506828697,0.0019224513557642355,32.46370703956196,4.072893710962539,23.652612541020645,32.96745184796895,14.336945684874305,5.936740462427208,2.8794777277651256,20.035136404593572,89.45805755202139,104.10814373669416,10.473561170876033,1.4911605999632966
5.801829664391052,-5085.681913282283,2492.1140931317223,75.9444,2.8976348907660996,13.956921168952933,19.164089456002987,25.231746352306306,619.6556433462316,2.169525803289309e-05,0.0300052822261027,0.0007079274804867572,-0.007434356923814689,-0.000989442603033946,0.0,15.91367448650358,4.006495157886414,15.851717744183812,1.279182327966135,0.6841820814786663,-2.1785300691469627,0.7310419544338623,733.4881736022559,0.23882026368968307,22.38507469124984,24.1923749832467,0.10156628673584632,0.04348176869786273,0.0167,0.0,0.020971195014943232,395.9987587127984,0.1213980916556852,6.339036994009746,0.013681105334081291,0.028492013727725918,0.0025,0.0,28.758294504094042,42.46480332797732,15.847017199230887,7.633938805853712,16.757786137939256,6.470035961283319,2.839680083444292,3.8608509036744847,51.525477398398436,0.0,3.8949235366284123,2.1107630325560636
10.872807855275207,-5657.893732518745,2672.323994321859,75.9444,-10.463272758260317,9.941929504515947,15.880766795035523,21.307816623984607,615.0711752006832,8.979325969175482e-05,0.018212691201567363,0.0007721408925664183,-0.008746762792223153,-0.0004389338141050959,0.000594689149565953,15.708358747862281,3.6894034990652274,15.717004503042444,1.0307128679404507,0.6026307625248665,0.7048546281850534,0.7932427352204171,1117.0462290041694,0.09728794321619806,19.58607365085604,26.85611298940554,0.10767753881569023,0.08501550399503519,0.03330523747433903,0.0,0.01107332353326615,492.4040743438792,0.024453647256470833,6.5392464735956946,0.035928071752331814,0.03492247955511911,0.0092951914589739,0.0016404815283943984,16.545673433339438,28.39891164089241,2.5786999999999995,11.063114050494125,0.6279000000000003,5.803384364078843,3.5592122178121466,13.665413843088041,32.13190103616758,290.6163977988068,9.552799889177574,1.3799993993691355
7.080217795599397,-5239.729330202883,2489.0564793940903,63.216392500928386,-0.46481286035358105,16.7941297107726,31.36711954556167,34.47850403070529,632.2810533297245,8.604754769465882e-05,-0.009662975687364411,0.00025414865075249914,-0.007958765910873675,-0.00010308593053569945,0.00010285689403711262,15.79689745310276,3.7371650001619243,15.811951571237326,1.2574732096482772,0.7640498370500646,-2.188665792649126,0.7794008715572178,514.7392324302323,0.16741356123929318,17.965126932479585,25.719669771140502,0.1635060004706018,0.08250877380183508,0.04863176512895936,0.002079889603190372,0.017825460267600998,357.8166256876092,0.11801297092597318,6.278292601591135,0.05125302795605667,0.03522547429444958,0.005486185848680581,0.0021522689286026663,38.54960831044481,21.712145781416652,10.87175236955079,9.366626785526641,10.083604781024569,5.3474318918083465,3.4306562999559365,7.089582515479382,23.969347232891536,699.0128490834295,15.462131085533228,2.0896848497536724
7.5036475974444725,-5712.303296363166,2517.214313778559,68.82146238765027,-8.970338700615839,12.646055297593247,22.362475699487995,28.60549778460667,614.2596396258896,0.00018448334583188176,-0.002283866963724305,6.639195291838119e-05,-0.007319196794199846,5.148614639804867e-05,0.00040758374157857924,15.942394835955401,3.458207645105248,15.931212112810558,1.3876875103336177,0.4986167542411055,-1.2128406615814769,0.8535601439095166,98.82794984447543,0.1292499857994833,18.956409607812187,31.41644666153653,0.10515150897698841,0.05172265558570968,0.0167,0.0,0.0078,37.027000000000015,0.07009532912957156,6.260928062531995,0.029886161146398207,0.02492254400967515,0.009372221884892794,0.0,29.392574245676563,3.3354999999999997,2.8510014809091544,0.3003999999999998,0.6279000000000003,5.665587437553304,4.309041888788209,3.37830686410339,111.93296802126406,616.0152348175184,3.6093,0.9608705430961892
8.423915656605836,-5838.155839455222,2767.259628529621,69.22716287008228,12.310449149710127,12.472271663657963,14.191233934774568,23.428781167625925,615.402379083068,-1.845989738211208e-05,-0.018798910476658926,-0.0001814967540351661,-0.009395746950720188,0.0002680027210722885,0.0003831280978754747,15.686347820205503,3.1505171844777276,15.732910907562038,0.9224743305950011,0.5981558444108108,2.0873435977701646,0.8443592295053327,865.6106944757522,0.12064621407739873,18.846140747057234,31.790128978682905,0.07865969422884918,0.0861610084802303,0.0167,0.013859464579630257,0.010731078985259941,418.2652671729146,0.07916092233596199,6.402712131069825,0.024473118606874244,0.04330784413882127,0.009791697222038232,0.003404490386421856,12.266007748959218,22.74069500077219,18.890564213012887,1.0326313205887203,23.082559490827606,5.508619944214927,4.464622333287075,24.676192632997918,18.0064,219.6269101834524,3.6093,1.3219469988785104
11.917630485151271,-5602.251974071787,2990.4557238967514,69.06803217089376,3.5401649064273593,20.315070547836193,17.632240974670495,18.979503192449567,622.1690848996377,-2.0055864690961774e-05,0.04985235020906866,-0.0004041240829507445,-0.013199851569943468,-0.0010805452510876308,0.0008286724554515589,15.845792196364972,4.2464324706962415,15.838614812087986,1.1699393420378266,0.7434696971680375,0.7663453444976394,0.7648683032752197,472.21053999325204,0.10479766261196581,15.89616414269452,19.00752709736416,0.10404152370939866,0.06199709857166296,0.0167,0.008207220614858093,0.014287185407045452,211.0594379764013,0.08330962684592277,5.806804192855466,0.04358786360448544,0.034633890871238825,0.004455568275260285,0.0,32.90482688930207,3.3354999999999997,11.67964879309198,5.349783396920015,0.6279000000000003,4.115253102074195,3.1680795818695575,3.1599000000000004,18.0064,0.0,3.6093,1.1782054967778517
7.345250735105555,-5526.260271350048,2642.5641518445013,70.56123712933825,15.200526676967636,7.141996216576224,15.968583214651606,19.540673101514706,606.9300895487571,0.00012578709059144435,-0.0018278719634865635,0.0003549066645999764,-0.0065962311092315675,5.265504043950492e-05,0.0,15.93604893536489,3.181527651493166,15.88559529986076,1.0996577690560485,0.546658876266455,-1.8043258352510296,0.8271403481013024,894.131419080674,0.1247309879657541,18.036910409699598,24.5907353509726,0.0997595676497066,0.0902316031331834,0.07374554310319084,0.0013701632376110398,0.014192691772340263,248.13562739573703,0.10228603509862395,4.814295526390151,0.02118128482888463,0.03827711953665584,0.0034356808087423764,0.0,30.69326163475297,23.927343609155916,26.149644547797095,9.662267667591395,10.57947381726103,5.227828418945302,3.3749465237869916,17.733106761571054,46.852112103756994,723.8945373381207,15.711308329378518,1.50545980067973
12.8559830104999,-4871.896667708887,2470.640033839341,69.89385958091255,-12.1527,17.134452812167552,23.04312262778805,33.22226150129537,597.3748897583408,4.750064828259185e-05,0.004490072450260995,-2.0778864935492637e-05,-0.014036646493060558,-0.00020672487503058077,0.0005870416400503536,15.784750511128953,3.707586264665741,15.654319640437436,1.5375199974742122,0.6497513209058418,-1.0702570191103626,0.7644817099729619,380.4157526947263,0.08728672593132622,20.0213494426406,30.013027420198316,0.12914434908713965,0.06120893107842492,0.029974187040433132,0.0,0.01837857317384217,206.31478378786534,0.07292252524413986,7.250570430017743,0.03600911520717367,0.011849384952429801,0.009314549465973009,0.0,25.635572650851888,22.672260134208255,19.78747360048601,0.3003999999999998,13.800336936154867,5.030953243426006,4.210293238569182,3.5515305858773987,66.11810232269251,553.3246164883471,8.790439391424252,2.010775393724323
11.246874571835193,-6058.159361534685,3027.197826271001,70.60916553048955,1.4463723460772886,18.96528983094664,16.608879722365057,24.275266638519096,606.9808472341244,-8.226794958200622e-05,0.002154141986690234,-0.000399486364038771,-0.011537097244833133,-9.07474931691883e-06,0.0008121362535097226,15.797625695363898,3.490389238929936,15.788054507597701,1.0342307039131853,0.5722495094959581,1.074882175409665,0.8050069763248867,76.0,0.1351852223686281,17.09238273189988,28.408752409100604,0.07471486024790812,0.13238535653707423,0.09790159763507654,0.0005537033366194275,0.015490497541611723,123.31855363999375,0.07294736151627408,5.958758552569783,0.01628496269579193,0.05534617504465232,0.009844198749400474,0.0007545858365500718,13.379221403888517,10.230948493327393,17.1815971355651,16.42960633981123,8.891802046273241,5.0080014045260395,4.032780887283418,3.1599000000000004,72.23284689974736,212.75526479389993,25.272978257405626,1.6896747351873453
10.056987655056275,-5272.503979441979,2799.401651576719,70.024871385955,-0.7951371217677874,13.201366821426351,22.155578522480255,28.506822015702014,616.6876078010004,-6.453237166334104e-05,-0.030850791947020006,0.000587464301650145,-0.007967455259927814,0.000626937815056829,0.0,15.806500595439067,4.108404098945105,15.827272874478695,1.0635640507693298,0.6132812797804893,-0.30502968847125567,0.6664689853009559,513.6897600902997,0.14026505308375634,18.171517300376035,26.201333595821716,0.06341220033058316,0.06461352363777859,0.050317942179140436,0.0,0.019780228367177674,240.0591445686215,0.07062898330045816,6.089344917943445,0.012057173410473488,0.028545521085603546,0.006490109140827717,0.0,23.999783822264344,8.549850551309202,9.861101610973286,4.203948384082891,13.5051671040087,4.956927081223847,3.1168593098140622,3.1599000000000004,122.8206208920889,141.6213552173369,18.813454836433156,1.9862175904729982
10.77989610273029,-5658.710275889511,2560.034457064999,70.62072146428476,4.070303937968996,11.50560219138469,13.482055164674993,15.588281408107372,621.64515494082,0.0001076865475923136,-0.012017672703994153,0.0005620296679988051,-0.009457941102097484,-0.00014721005159537586,0.00019230388278814606,15.839562321379965,3.2369102358807136,15.792227104880704,0.8082149038093203,0.5575831224671544,-1.5969805325109097,0.8114075388033734,76.0,0.11562249226161829,22.491315031260847,26.125456754301382,0.10431946250022446,0.019047693064101874,0.1012622318813268,0.0,0.017733279246662417,37.027000000000015,0.07920124650138366,7.061038500759237,0.028177928206733104,0.01439781729234048,0.007013771466381067,0.0006994601495923492,11.185266514201642,3.3354999999999997,4.730214785012196,0.3003999999999998,7.791070743136324,6.374517430285144,3.638704350918174,3.1599000000000004,63.048813004522366,570.4838942827961,20.944169661338208,1.4303348621013996
8.916089614738112,-5734.699416038281,2815.287345421241,67.52734486094222,16.2585052158233,11.331818445646364,21.537520606420934,24.83419885546222,628.055879729083,7.352456665942736e-05,0.01063795166543356,-0.0001505795078413633,-0.009052999281555441,-0.00033981547620966793,0.0,15.778232219387773,3.4159590322040723,15.812234371892915,1.0227856379257547,0.5413291414612262,-1.1595106980558798,0.7286955319595009,1113.0621633514868,0.034,17.80988994429627,20.297430199610325,0.11713372506623478,0.055892200098168004,0.05078232820708173,0.0,0.020774384480721587,518.3066365049164,0.0175,5.910287765123645,0.036915990123389864,0.033621471966656616,0.009751046738952118,0.000813474904363834,12.307477120017658,28.14198557456356,2.5786999999999995,0.3003999999999998,0.6279000000000003,5.039790719120851,3.217488550555131,8.425391516562039,39.20528211666125,78.54823291238355,5.283041775537212,1.4334559130599651
6.665590423261595,-5964.70040525862,2649.765849281902,64.1292581121817,0.2464891794295112,16.480376826546884,23.497646470977966,26.54422603840231,599.2216038406068,0.00011863052863191054,0.024091910616574744,-0.00033641651167810654,-0.01068274498466048,-0.00018228645558038308,0.0004321626677125897,15.834938340631584,4.004475851480055,15.86226678100137,1.3072294415081607,0.7375478153505953,-1.1920216171721933,0.7266767670998993,76.0,0.034,16.84199376705595,30.777054492360584,0.03971706924674202,0.0603831745820186,0.07079961440219552,0.0,0.010820316634221243,37.027000000000015,0.0175,5.4577974814182095,0.010499999999999999,0.03223087657951661,0.007818256087468679,0.0003119669160249586,15.772180942315494,3.3354999999999997,2.5786999999999995,3.5758472332607703,0.6279000000000003,5.374206629560522,4.583497880600563,10.000467001770003,29.057777774488546,399.47123284199085,15.483556628226722,1.9278209915054376
10.960785113567432,-5565.709534210279,2540.9666584604165,72.93580244761002,-5.460520603329121,11.536663536857862,16.931211956838066,24.68714442933068,634.3218,-5.714618342057098e-05,-0.034268000986268754,0.0007680503843889036,-0.009642999187691176,0.000281076495134507,0.0005123271274192939,15.89773403739365,4.070196520708463,15.900800266384495,1.243967645627983,0.6989030907878929,-0.8671965677324873,0.6815016521493926,315.18114403506877,0.05601355163384003,18.872912751307638,16.468081286548284,0.10319000605250765,0.0172,0.021896570816289155,0.0010707872539405527,0.014676349167368409,216.98683280657815,0.0175,7.043544129342138,0.03538250658193225,0.009796406711873457,0.005469111064495147,0.003396244470312413,11.773750945145768,9.695370151139798,2.5786999999999995,7.311025709402441,0.6279000000000003,5.521184199774409,2.6153511348985443,11.83499626922726,108.57032732207162,317.7312231759406,3.6093,1.8027066521037758
4.2965361039938905,-5677.097398316853,2793.701564797976,66.36168768194769,11.96343552142595,12.75375315805817,16.625806906367803,17.57663940598232,625.205367785629,0.00013512847165940168,0.0038544655429448463,0.0002756408321890458,-0.006051591104848956,-0.00036414482973204577,0.0,15.861776735320037,4.418741199600049,15.89861462061082,1.3629466427687371,0.7372038075947064,-0.7531490105007898,0.7442113083274842,783.7304422624131,0.10104711032004385,23.23281052020691,28.619721012501696,0.14702015150174197,0.0760668222325411,0.0167,0.0,0.012279385462576663,433.06395337667834,0.033065767485849676,6.8490894986197866,0.045548171801303314,0.036244898906766604,0.004994505741627482,0.0006830521321914758,22.689246837380146,32.73638486625383,19.089720045893095,7.082717799773338,4.172123286112971,6.888538972454843,3.7601259787025487,15.430594982068026,100.28564966197845,166.47515306717827,3.6093,3.58527023214307
4.853806040992198,-5331.414919609829,2577.0498465469414,70.51048752704345,5.687168650091646,17.06474115415587,18.763353770229873,26.13215928436995,620.0110424553745,0.0001252052087087006,-0.03682676756358248,0.00012468854473467734,-0.009160618781215558,0.0007397126159847525,0.0,15.738540452786408,4.1438591349563545,15.746306382049655,0.9949497928654096,0.6829658588686128,0.7611365408765667,0.7144517484224521,1270.74798391396,0.14185539793508312,14.259172473009148,19.153192081141665,0.033900000000000007,0.04079378731756039,0.08472552978999012,0.0011211040745314701,0.01444960751760936,521.1577599983668,0.049941757804686654,4.422008984417708,0.010499999999999999,0.011491316451115549,0.005956786802377952,0.0,29.56208306630515,39.90121746288081,27.278227311304498,0.3003999999999998,0.6279000000000003,4.4882913350576406,2.7667873912235645,13.017826701402083,57.72113361831133,0.0,12.909852262457253,1.9640698541718566
11.174463968064838,-5117.0149220267085,2668.7318877232146,71.71839304236477,-0.20449586258037744,16.742194960467742,24.340952960767066,28.20109832160177,611.9841495072283,6.0989403493015904e-05,-0.03967533397591751,0.00044286494444374793,-0.008273598941093951,0.0004820330176821541,0.0,15.752566177420285,4.074035290382263,15.699433056674035,1.3109788859477562,0.7342846941220322,0.5765229402015886,0.6908231241946541,429.0406966839113,0.1481894384020803,20.764441069894957,29.81042765219099,0.2018253248516746,0.06948322142102745,0.04360576264154846,0.0,0.015738666174205083,208.38870044498557,0.11326691572271708,6.237821666951836,0.05386472490582882,0.03499815205408156,0.0039739432764406245,0.0,20.896880876555922,35.77343674819333,6.788074851619919,15.233334906336232,18.601369452100343,5.91281747174925,4.054858796047983,3.1599000000000004,18.0064,346.63386953094755,8.716099591708856,1.8997575644586728
9.61762242193069,-5912.730401397015,2580.3603666298573,72.3307249449589,-3.341151636790365,21.294215227438574,24.49650005700853,30.985360528969146,629.8055624119174,5.164412721896274e-05,-0.04698575363313686,3.490005743921096e-05,-0.009441847472820912,0.00045688994489117093,0.00042547559206461416,15.697581705669913,4.967634969164124,15.665618365380787,1.2739839980181145,0.7809375140044859,-0.4503869813589304,0.7529866667723938,1113.844663496441,0.20883211057982776,18.560675796346906,21.773298327628947,0.07774346599630194,0.06892127673776903,0.0167,0.014344090767829462,0.009293670846301592,595.387614561434,0.13994048172923923,5.716230626471028,0.019263064716510358,0.02643308302435417,0.007036199595667751,0.0021667075054482873,14.115834702526879,55.316915298109365,20.683870586765856,13.054677037876102,5.266148259480623,5.093262425968971,2.5986204989536947,3.1599000000000004,18.0064,0.0,3.6093,2.386433063715561
8.752667621787719,-5224.036579014855,2980.59481003576,75.80021227082443,-7.64122590548779,17.792849538252096,21.62570845988402,28.090454011811172,615.9913715456073,-3.248309524465093e-05,0.04089097396325244,0.00010863191084421528,-0.011092971212729561,-0.0010342742862639973,0.0,15.754997943769062,3.8269872120957977,15.835541035350227,0.9760741512435253,0.6853361643326975,-0.76412534117923,0.7175373446686779,419.8738784559238,0.05086793958544056,21.986585059962543,40.280000083032675,0.07257158053908694,0.08513198148676474,0.05047842608831471,0.005934741939005603,0.017392940779441042,241.50137890604412,0.0175,6.917765200131358,0.028303338546131467,0.03821167149243283,0.009476371194733522,0.002361629372737943,1.328800000000001,4.3036830853609445,6.6560943367954994,9.08972112809648,0.6279000000000003,6.84970387108306,5.553415780543878,18.098697051377833,83.60268157051871,606.6148757098848,9.758790822717794,2.5356875858475414
11.948922375340738,-5682.392456351752,2996.590366332016,73.89629936724572,-12.1527,13.110547643007461,21.62742383048618,28.24107519052939,615.8397196419871,1.1840798029108353e-05,-0.015434645569223793,0.00063574230105958,-0.010800841072657275,-0.0001107515709744738,0.0007018790786497541,15.713875914670979,3.8416027917940783,15.691702024060797,1.0450244927128964,0.6451284496328091,-1.3498122682908111,0.7446492474163341,164.69644613410804,0.12658706430844877,12.985224278030662,23.24576919335799,0.11095140602984394,0.058328028705764194,0.0167,0.004702750943014821,0.02100705840978862,144.87474765480636,0.061824906668704264,5.10146381730946,0.032393998481734396,0.03057043479794473,0.007903381201230816,0.0005639170936380563,22.706672402117274,11.958994845045746,10.850979657067523,18.738672173059683,6.38269024065489,4.606921150240917,2.916560472398724,14.240241552618093,101.10213779633756,682.7139628582545,3.7555283961345083,2.2117249075165164
9.451672040601338,-5939.731680415463,2682.5168819976384,74.91430277418183,14.178046137855782,17.636555813608,19.403948106958943,27.540565661289968,602.4418425648765,0.00014017067562312576,0.05831046109053308,0.00029478880490270984,-0.007749995036922069,-0.00017337179772311152,0.0,15.850508043899605,4.5033361605778595,15.928465807520773,1.526898362450903,0.7149761236334989,-0.8124995409061563,0.641680310063955,139.0993964934474,0.16510429505053778,19.6011560620545,20.598205205317615,0.13189502069926576,0.06732049446495326,0.07248264816760386,0.0,0.019504108304923568,56.4410790315691,0.09401966577938967,6.252188890791765,0.030122035108420403,0.02938967480309509,0.007778507771521335,0.0,30.488750611244694,18.665606609883373,19.63853441338824,13.397325705367155,12.557383881579732,5.420359917116904,2.7103783506312924,14.35426225094364,162.56651232734862,816.3401829345617,14.317242237485253,2.1345160872889655
9.444955860298263,-4683.745609960547,2735.998431326242,70.29810929880651,-3.366656961961811,4.4283,22.188367288213833,24.73321574068133,618.1632807684042,0.00013247912258332155,-0.011530256047682123,8.181659709702988e-05,-0.010256109244098708,0.0009805296987940013,0.0,15.805681139794265,4.163206367273626,15.790536390563215,1.1914069886035803,0.6801623692159442,0.38962513433647683,0.6029,189.6952198093988,0.12274855924892598,23.74130812030269,23.62862124578084,0.11111449010889773,0.04885504858385219,0.03629518120757661,0.004467779810630955,0.014321552248193207,344.8681477488778,0.06953129131756283,7.047488823111631,0.02839718731737377,0.023235901497446653,0.007182834440740162,0.0,48.1219336898219,13.376987995964301,15.225330339286884,28.03305451201348,24.7815453941985,6.687899431972307,3.7252071534773603,17.880562022059685,36.333215835338265,85.81309579699683,5.41298101272044,1.5163181177457168
3.882896672035338,-5677.744186044509,2739.389157105387,66.17211335052413,10.959664182663042,13.841092397126753,21.8106934118767,25.75337611208421,609.7055859569857,0.00015746551247485639,-0.03684999134212801,0.0001398137533698372,-0.007288313635743325,0.0005105310944416511,0.0002511845728771924,15.852274559771653,4.080993889563905,15.865048450805915,1.4339186383142482,0.6695053778497917,-0.6701246071227551,0.7092639669946451,76.0,0.059994422397931124,24.5822633231114,30.911364265930054,0.11808125345647327,0.057467375942003386,0.12196212344614217,0.0,0.017804902407037457,37.027000000000015,0.027667745100455735,6.945579255692128,0.033721201250845136,0.027637923549391905,0.004920915111649302,0.00048077265918580606,9.120025051011737,3.3354999999999997,8.595470663578489,1.8012952294868914,5.134142011622989,6.394933337723718,4.750277442233717,8.242484505528163,88.23305357182315,0.0,22.822412336694228,1.565681504236356
8.061528172646923,-5644.856676919742,2771.9327429491345,69.5632033849868,-4.142495417263492,17.78555573122465,23.63242677569823,33.63824583518172,619.4328229184346,-6.443750335093158e-05,-0.0236823862323657,0.00032564542445608254,-0.010517111659424103,0.0006666896980442512,0.0,15.784114469815117,3.8077191137865745,15.805573731101392,1.222335665265571,0.5862525827314637,-0.8369265150917625,0.7873616049966915,767.209208955727,0.26033609113006606,17.558617515714033,22.325891551064707,0.08467578823220559,0.10597067826293574,0.022985467979535018,0.002673711126974553,0.0078,379.51514017748457,0.15185169617291397,5.533915943514674,0.021422864442283772,0.04189246841399186,0.004971762886598136,0.0,37.60472499208842,21.614733708557505,34.66181156839794,5.9538292483928235,22.403721784559373,4.691365062590174,2.486149193728532,19.39253286631132,120.08507344496152,538.4175868153102,3.848825512094014,1.4423158404780567
9.33359775233602,-5668.172376259824,2715.1136962172113,66.0523489440749,-12.1527,16.124368652410677,18.463437431294857,27.48222179182403,627.5824802814869,9.59252032818727e-05,-0.003162845382839674,0.00010495505952746727,-0.015026426844530833,0.00047794588741865355,2.194581474075844e-05,15.792080814219247,4.2542840335514684,15.823913417120666,1.0918408690774404,0.6934696854533904,-0.6798183121556481,0.73920642691964,930.0692079661039,0.10550307680638048,16.63128791227556,24.50657761803272,0.033900000000000007,0.10391246335381588,0.03020591496886306,0.0,0.013632512195096171,402.1296086043126,0.035348112240993115,5.224132173286639,0.010499999999999999,0.05225337812481884,0.011929460186922605,0.0,11.21378482490936,14.535345912774934,29.996789914478178,0.3003999999999998,0.6279000000000003,4.946511086236407,3.420478927341278,9.750814860570767,50.2562704775387,670.729784938407,4.069645865531258,2.1548052478096373
4.433178959311617,-4629.1390337995845,2339.6941927568614,66.97418254941817,-10.691982862818463,16.75029061893148,24.187594885553303,26.38342303680083,620.3733008861433,0.00011948181403829447,-0.1132467078066644,0.0002851341326415508,-0.009452297627602796,0.0014954881934960095,3.288866821643351e-05,16.005890287164977,4.053537866819208,15.91714475542855,1.2775308548515683,0.7532233725212433,-1.465999064533444,0.8219012478501445,368.7308738003421,0.18550172090608988,19.67632545921691,20.260498690851083,0.05337042412682397,0.0172,0.0167,0.0,0.01432019600160283,126.79864995986026,0.09043333402481918,6.07089639860131,0.01676937107280842,0.009395974909037572,0.005734428100014575,0.0,41.48662025335828,23.127073718775122,4.421549408932455,9.35570753746449,0.6279000000000003,6.08593062392824,2.499824504404045,3.1599000000000004,82.43938760630184,744.1450865425733,3.6093,0.6847360091606649
7.993093184760825,-6390.2434815994,2608.6119442000095,69.70533359186581,-1.3868347779873855,11.004850441541988,22.243379820862092,28.595659479001522,612.2760488290074,0.0001450079540393331,0.005750840261190229,0.00011862766539974567,-0.006102230460633022,-6.95962536190776e-05,0.000925726816463192,15.85161968320695,3.56815675745661,15.83945630609823,0.9237617061295855,0.6522075915729125,0.23121499453348127,0.7937434948311356,76.0,0.161438921081775,19.293800246715954,30.09394703740596,0.11059417567832741,0.05054139054428561,0.039980827518848544,0.00609361262206283,0.01831210769274938,37.027000000000015,0.07254203043453114,5.548544076664086,0.03059866021430538,0.027100855816064934,0.006838116407279701,0.0,5.177586704414329,3.3354999999999997,12.995518577918405,11.923642563867144,0.6279000000000003,4.935620046317916,4.36989188429262,4.876681721279779,148.10337193190136,872.99922701155,3.6093,1.5082110874390349
9.14648800128482,-5780.846751559504,2869.3578294216827,74.39155742581396,-9.394328400476272,22.874003875982687,28.592928100303112,34.65775582640279,621.6171836234057,8.297795822547458e-05,-0.06135448791736144,6.187232974903448e-06,-0.010165493363375137,0.00013735384853405175,3.863297136091548e-05,15.741270387857595,3.2051285974285095,15.699777029362945,1.0580164805682726,0.6204647211447212,-1.3566994819946723,0.8647640868532898,1009.1063341889366,0.034,12.719998769285201,31.477717259376547,0.0805897532861577,0.08471002339264322,0.05654209830036787,0.0012082652458321845,0.01841317738101488,499.71458394642127,0.018694654882882175,4.776193963982748,0.02925938221333237,0.04511477283231115,0.005181413343095732,0.002316165025667183,12.967560310741614,22.402551698314333,2.5786999999999995,0.3003999999999998,0.6279000000000003,4.034491295291419,4.062112457797444,3.1599000000000004,115.36298659908161,0.0,8.22625109820456,2.540517940390074
8.890031420759602,-5599.7520170176795,2733.5644535829197,66.5834108375182,9.11794848053738,6.047752091346425,15.38565073975852,18.492540116588806,615.9995083283977,-2.6850977755671013e-05,-0.031693603982963205,0.0005680574928301495,-0.01121367693217807,0.0003709608354799944,2.2441027172416766e-05,15.796201380178887,3.4522242180115734,15.801600455291537,1.3484032318506916,0.5694105474490312,-0.4453779637490469,0.7287961604772397,76.0,0.07502398017490096,20.766802501632608,40.88873111780852,0.14672521077385547,0.05559588954612439,0.038040303138885165,0.0,0.016101424752398112,37.027000000000015,0.06343686546340944,7.097497199661199,0.04087228566698463,0.026078103372429176,0.0032712516928687864,0.0009944898665052784,13.062134492409122,3.95107620955595,5.393709482852307,14.45362126540299,11.753609728052972,6.225454188766846,5.758874753098431,22.755271925088397,18.0064,449.0517940150895,10.719225225121221,0.40006819896601065
9.768385676760927,-6032.051138010127,2836.253373940205,66.87089073118867,0.32476140397814746,18.353048755788546,27.87790363894225,39.5187131783982,625.8851884200715,0.0003006194975769082,0.022271436547369537,2.9062122341778574e-05,-0.012832949893453557,-0.0003387158293160363,0.0,15.802397340783346,4.773761049141575,15.76796741620359,1.3593470068888787,0.7674080437498613,-1.1012253713415787,0.6903929304418644,798.3137861369063,0.13752800522266517,16.40814307760621,17.595804539409688,0.08787307551121108,0.08232618997785743,0.026916571476558133,0.0015253562524994966,0.0078,345.81028117819716,0.05861095192653711,5.327264356569873,0.025489205896333383,0.030665470381052787,0.007857124934209292,0.0,1.328800000000001,15.99594279390573,16.414039947770693,2.6527605442725495,3.7260663882311764,4.709045334307575,2.5472416375655653,23.269619309299976,95.23621587368622,893.0460822479986,7.654822176669113,3.0071009276696303
5.163801606978066,-6341.274964220617,2555.035491008765,67.89814311321695,2.8947346161098175,19.591819782424295,29.35954917784737,33.08297822025212,613.8047093791337,-8.476786389106716e-05,-0.0274887349088241,0.00014124140228018837,-0.008916246426367094,-1.9234892171368622e-05,0.0001947103200168535,15.992359737796354,4.712435294219407,15.999293277073127,1.1154403707268137,0.7250574640533576,-2.042354729374444,0.7281089294356872,331.84916230368225,0.1725156548131727,18.112487479619556,26.739157776528824,0.14076480244893003,0.035670972760691116,0.03379240967863412,0.0038552367045824676,0.012530440703898516,127.95324975166763,0.07112149981086059,5.674159205219372,0.03262444396666761,0.023998722770151654,0.008161589849713864,0.0015492875175742553,10.171377212481195,19.902793322728552,11.954038037482423,3.9235553342752327,2.8147670975404564,5.252712332111372,3.8028212094570417,18.81087085581533,18.0064,0.0,9.808264493653658,1.1783001930038908
10.201980798828606,-6102.353082454913,2767.309584784239,68.04442481953427,3.9376090271604998,18.555211021140412,23.83158410448472,28.664718826669294,617.8303027675241,-3.379503219722954e-05,0.015779988769141932,0.00024412260959394053,-0.0092120859858417,4.476865080573165e-05,0.0,15.82586598786633,4.486578829681883,15.887746953473979,1.2714694631197152,0.7276831598582845,-0.7678674024561151,0.6154677206897379,117.13798183019401,0.11425782004870418,19.033361221645016,24.40270307342546,0.10010584931695758,0.031878054373208606,0.11973378329141993,0.0,0.02341633387611019,37.027000000000015,0.04219158799422619,6.572435776982821,0.021900132103984414,0.015721572087589755,0.010437209764073037,0.0,9.027430990141653,5.918449441773248,5.81010455213605,17.62373721278329,16.17369518172103,5.689545092634497,3.3319354751623615,10.198417635922969,25.483818714464363,0.0,25.19843173716012,1.0360719388540405
5.631756089278587,-5941.309940896501,2571.153517806636,69.1067245274154,-2.6739335070215975,11.465766990178885,23.09023327781283,20.0890668203159,609.5977371770646,0.0001788512533246826,-0.01905817587372506,-0.0006443069761216874,-0.007135229987277912,0.0005122418506030093,0.0002447479081585321,15.86289616297054,4.881480873806867,15.853926502251369,1.5576638930139972,0.8899,-0.31865170199631343,0.7311377476726546,76.0,0.225654434468255,18.019705128627784,27.980580377559882,0.10079486587819547,0.03377890498261572,0.06298444964222544,0.0,0.015624511205588772,37.027000000000015,0.1663318594103636,5.1160477218534135,0.02543478627014434,0.017716363546487722,0.0025,0.0011397531154670112,27.84499277453711,3.3354999999999997,22.701350887968097,3.895827247058971,7.681459403286434,4.833774384149407,3.78979112829817,7.884495551997224,84.97916382566089,453.69956154406225,17.678566113752225,3.3553592017829206
10.602918032204203,-6547.150436002549,2766.3584223659564,70.93883885733263,-8.516289783615631,12.43799463901432,16.417528211890392,24.559147145039088,613.4007891698819,2.9015619283379042e-05,0.05067455069425343,-0.00010243987139925581,-0.012562537400982756,-0.00063672562722288,0.000937915379268299,15.854961290821079,3.9209021257071757,15.88099813067109,1.2984741947256961,0.6963590277045764,-1.5769874001759543,0.7704354349901498,251.2201178132829,0.12858083280225055,15.112120826872069,27.515486551400432,0.13891576528428196,0.10341158298375949,0.0167,0.004718732746310425,0.01512473812125107,118.94758855592488,0.03612070415143163,5.109708612201028,0.0419745246918536,0.03841966033146181,0.008327923624724608,0.0,1.328800000000001,3.3354999999999997,15.728519971667273,24.591233766786708,15.49308760081722,4.830117947792918,3.9410029101262656,22.794065267414446,40.74922183819265,230.09823929276317,3.6093,3.120993439596763
10.83263306908609,-5739.221245534294,2883.1925240180876,74.09653968825305,4.263933777059499,24.11699077182643,18.38458805183199,26.91831921299329,598.8345792077588,6.234776283967876e-05,0.004877867058539865,-0.00013979179174595697,-0.009339228298245756,0.00045707766459945426,9.178976190185516e-05,15.730768802221489,4.024067892651608,15.771555655910587,1.0853507808526042,0.6214332202299866,1.330240728297001,0.7092599338817911,852.3021457145201,0.15579643068361207,16.92478287853788,33.28388228617262,0.08069618557506711,0.044302088412978745,0.044996948634536196,0.0,0.012647043644797764,396.30567327604376,0.09034391630179403,5.909972328955853,0.02094782333486942,0.01660308246521654,0.006386082248500452,0.0006234970314631236,21.430171530771005,35.67052099283595,14.389764483855945,13.578438733281324,7.4664705997756275,4.315327481147016,4.536086247319367,6.822719646422646,143.029928705787,336.40254675662914,6.6288949866081275,0.8974318077162333
13.234927441198959,-5132.435988327911,2769.0618432949145,70.12658584169581,-6.333032772223547,8.115863345258536,19.45131641095542,22.233878219576717,619.7790261955413,6.174160998591253e-05,-0.07921114031079773,0.0003950479340633266,-0.009443850183592816,0.0009263759636736203,0.0,15.82684354860288,3.7823276793498075,15.793993484455838,1.3476845298119304,0.713545070742898,0.26827178061468104,0.7344799826004184,477.57317844463546,0.0734238562278255,17.07065459825162,16.062,0.12634747167686108,0.0816258867854184,0.0167,0.001208384813310058,0.008327081794133794,306.0683470606965,0.05164071428034623,5.175502927830552,0.03884834748148472,0.03802744472948158,0.006238456411715224,0.0,29.64213970692353,14.280229145334452,14.286571122533557,0.3003999999999998,8.333533884252876,4.34229638686435,2.1869,6.498002689362243,30.848130147352588,0.0,3.6093,1.6120686351401434
11.05624474771957,-6261.136153183892,2903.003793461444,69.93397280027774,-1.4351951691091762,13.76821605610834,25.18714226939029,33.51999360191879,625.546297811485,6.299878258133704e-05,0.053419261370883236,2.617934322266869e-05,-0.005287920965830752,-0.0006284922913425473,0.0,15.81811210553776,4.32228904050317,15.870386262459116,1.3876013107624778,0.6641309266779601,-0.03962509408559367,0.731126433169436,290.70653648691155,0.16416131320324365,21.30394035931241,27.99318716176527,0.08503176796214551,0.04732999528728869,0.0167,0.00744181388533798,0.010632273838734971,37.027000000000015,0.07957794312087378,6.684720519205418,0.03275596435371128,0.019292692452378624,0.004776717457029562,0.0016788849962177186,1.328800000000001,3.3354999999999997,2.5786999999999995,11.438744749827665,7.118446185817099,6.456164056930259,4.220496026867914,35.2083220909849,91.78905433426577,19.708723251746335,3.6093,3.2932537237631356
6.8181073520595366,-5717.833371497044,2564.324705240463,68.08082848419667,-3.381084091801005,8.631812930173874,22.860193200044293,30.500495420008296,621.1409947119109,0.0002095269440013409,0.018926911851698106,0.00023656498001655454,-0.008872432384392564,-0.00029000351235976653,0.00016640534676908405,15.75751167466425,3.837098638516257,15.74803394189467,1.1289478553696686,0.7374395233396778,-1.6031057132205366,0.761742830213657,76.0,0.0814090132034548,15.370772236024152,27.67669736359807,0.1203014381013249,0.05633609248378549,0.0167,0.0,0.023097376482106524,37.027000000000015,0.04843724873693589,5.713521115924675,0.0313901057795588,0.04017180982948634,0.007463937434033972,0.000521516992224328,18.63608210660886,3.3354999999999997,3.9046684259695876,0.3003999999999998,0.6279000000000003,5.058388857066016,3.543840612217761,12.08751983021013,104.47364266104174,276.7697545181584,3.6093,1.6775402283661014
8.317665239041666,-5388.986001552139,2779.7225511348856,70.76457388561904,-1.5392460111831716,13.01376902689913,17.49496655578458,20.761039039366736,605.4122149066318,5.880334870740433e-05,-0.05691747946360834,-0.0001093144173166711,-0.009368585422089775,0.0007800483539033726,0.0,15.94552473753559,4.3335578093596325,15.902887722846849,1.2742673448416226,0.6909728744972379,-0.7763993021674129,0.7756239938258365,256.42375914916937,0.20834529813760563,19.5242858318364,42.6364629025297,0.1431536659516588,0.0172,0.02191233246727192,0.00164237782598358,0.020381772425808353,116.16964137345337,0.10995404425755292,6.220218879292874,0.0424880360298476,0.008,0.008550451426681673,0.0,23.384475221125836,8.824633390937926,14.214282821927526,4.8661628411766245,0.6279000000000003,5.818381929108493,5.8606,7.5622252576737425,50.500215634160945,385.5087360157801,7.984262436256529,1.26420299638342
9.436005642906506,-5659.1196569959375,2548.7269580621887,67.97401198609106,-6.665597501417519,13.477615374321307,18.9890242560445,27.996027435199068,633.7189249055016,1.753013316418039e-05,0.046020627139133165,0.0003315880107744584,-0.01142461374745694,-0.0007077118543428944,0.0001983200765241363,15.786450442850501,4.70523792735829,15.757297963543163,1.2480835947714308,0.7463566338270317,-0.35993315689708083,0.7330257656487289,876.4375969921409,0.15836176711890165,18.469312352880525,27.42717741850722,0.05291180120916921,0.0172,0.031520046200031133,0.0,0.015298386754880672,494.5464996179213,0.07141191284861498,6.65080734805867,0.014231135147846331,0.008,0.0073537814947780295,2.9284153915338184e-05,9.076397727361284,19.061566919170176,27.570109953694885,1.3176867385258948,1.1297036691948268,5.601567851924104,3.8980271854752613,11.318094117728684,55.94422481604117,0.0,4.623395955365957,2.0021977621368965
4.725989301560504,-6403.199167802372,2676.917513691434,75.91586766364064,-10.666246901257924,12.835851251781502,23.523584428115313,29.18215307036105,622.9246752645809,9.765855164852824e-05,0.02350695766876572,0.0001597757025853525,-0.009783388801454714,-9.473422533103139e-05,0.00041245541782616044,15.8331278787169,3.908212414344925,15.812302052712397,1.1407178280837715,0.6564341971250819,-0.5255868916643149,0.7651878624785949,76.0,0.135166807038628,20.874361176067715,30.930519310918406,0.033900000000000007,0.02970459403286665,0.040745448594211815,0.0018471498828620066,0.01277233947179662,37.027000000000015,0.07786531090499497,6.278288412471331,0.010499999999999999,0.014661640338587948,0.005315101736963086,0.0017795107076142255,1.328800000000001,3.3354999999999997,9.797219427350015,8.060563586877993,0.6279000000000003,5.866291754396951,4.309807165950371,17.2784167343028,78.77595761781443,0.0,3.6093,1.158541376523146
8.353265320351884,-6261.54434427031,3101.360530888983,73.13961527068011,-2.0974507921845507,15.871490401743776,17.772814787569175,24.105047483188674,600.0304925790983,-4.011215635990152e-05,-0.023585594246868315,-0.00027701943893491216,-0.011555780535033134,0.0005198589275548808,0.0,15.73333756920777,3.468598627226164,15.662575618365588,1.0857089558079498,0.5654684760779232,-0.8457350177753031,0.8215688936024295,1369.4277869758291,0.1249951971224256,19.246607522113212,33.68025848902781,0.05080900219205065,0.08547828603690993,0.06119248033034524,0.0,0.015878270248868676,539.0018030096875,0.07604746478120275,5.349331971862593,0.012300249493620736,0.03469046008128641,0.006074900333967622,0.00028243240994289473,36.389088028006334,21.315660173664902,20.260229080274698,0.3003999999999998,7.368505109109353,5.150345181841813,4.335901092997318,8.143212309806414,37.90344375422197,277.0454842642476,8.947944792137742,3.268561104030196
12.774750490556059,-6159.808841502014,2992.8911788652913,70.91966985719462,10.416342509055825,20.385677301023414,28.389860005248806,34.6321173968592,606.595169623794,5.442525635953581e-05,-0.029344516993885815,-0.00023116475249522456,-0.00904822165134242,0.00022862970251163843,0.0,15.844265525799191,4.21022998394128,15.908476530184853,1.3348038196125838,0.6593609451239824,-0.6279956982571948,0.7197800054734793,141.23264622288553,0.034,18.733710299255634,41.102377723733554,0.0926995287034808,0.07933214968104738,0.11781009904078191,0.0,0.013178792777097045,37.027000000000015,0.04178226698002753,6.07495873681861,0.02142527114289431,0.03617297944532685,0.008814979482083431,0.0,1.328800000000001,3.3354999999999997,2.5786999999999995,11.604515128024772,16.82224190115167,5.6370846045684235,5.304195564348575,18.62565521569092,60.52430400943635,898.3597919506351,23.30431393491408,2.5307868726302054
11.369656023913102,-5788.56674797679,3061.6405400383815,71.34510393147615,14.908525711063634,14.459542440394586,9.883506804586323,15.992629074617378,614.9047129160945,4.3957800055419815e-05,0.03654362933369276,0.000423627885942207,-0.007715709777091966,-0.00046419562058320243,0.0,15.785361765925645,3.915339639163776,15.899967662986871,1.3527555994782947,0.5746744352223513,0.20422655664191736,0.6945245611760197,549.294173195716,0.09521752754600754,23.779154605113423,26.709159268907293,0.08819018984474215,0.11059135775955839,0.035477934704515816,0.00554651726779542,0.011834637382482173,278.9827517379671,0.0175,7.483687297370437,0.03062015835418255,0.04685235118194234,0.009393790670472487,0.0035513565418610624,8.301189354632816,3.3354999999999997,2.685467192509197,0.3003999999999998,1.1425674520864764,6.65589288894551,3.9458743298983827,18.429683418154625,117.20564126509616,154.645488773637,3.935476915772127,2.811236042186131
6.874200896670356,-5158.059859485478,2809.2065925211123,67.05450391416281,4.013560840767716,14.003077578043781,27.423549687266473,32.98067888970188,613.6811558273369,5.449510229579857e-05,-0.06292457995317374,0.00014435832548153062,-0.009819119835702727,0.0008308802663597838,0.0,15.705021885730506,4.706682050685998,15.722850620214624,1.2272430082043022,0.6536171354017848,0.3729066607049023,0.6945271459334289,869.8339133791801,0.07621993485880305,22.38990338477626,30.90039968818094,0.09383940437948052,0.0694026698079317,0.11454503874247074,0.0,0.015622843572033633,404.15827514528564,0.03929575235258849,7.326383905978968,0.030522696139438293,0.03527263207596405,0.008411542201077553,0.0,6.077150231006248,22.782797915280515,15.951236027360466,8.316200641585537,7.58236378233892,6.215180416560402,4.4591455297807645,16.703716591412775,47.886844308977544,230.82536800066205,24.802802137977366,1.2162573993044605
9.138005505879278,-5251.341839399415,2813.3587178937214,65.05983024721726,-1.8146158576726124,12.40840585144235,17.226711116405525,20.47185085411828,634.3218,-0.00011204986708866497,-0.052840546929137804,0.0004095723800346789,-0.009874985834316683,0.0006168782928839578,0.0,15.813826287861845,3.1620680721611505,15.823712617933682,0.819208851939072,0.5229693712447164,0.3860685190549388,0.8139889885153789,918.466329839955,0.045597027724514835,21.397684065749885,16.062,0.10564902538203735,0.10982919004318978,0.08767965967523665,0.0016855996148394873,0.009643458211243752,438.0453636142696,0.0175,7.462074596203595,0.03311530029290935,0.04903220448008277,0.005281004506240511,0.0,20.225502440176783,35.59990265680197,13.959290009118181,0.3003999999999998,0.6279000000000003,5.850037933842444,2.201307670171226,3.1599000000000004,70.69578991469689,0.0,15.977403702225825,3.5074168338474
6.556973929646306,-6272.762582295748,2874.783709075715,70.15884154740368,7.194627210846733,20.478215339450887,17.653016364540573,25.253734173244265,606.6385444355328,0.00015051935331826942,0.02797446298733458,-0.00012081236173390121,-0.008105486720921361,-0.0007161319382974094,0.0002598717424740375,15.85550841905192,3.6379021340319007,15.901102725355704,1.1017817914685861,0.6926062877404054,-0.6913123856917771,0.8215950778882148,629.2489669670996,0.03656539420721572,18.668952180177197,31.809407207240312,0.03669481347922153,0.04508197014215355,0.0167,0.0,0.020584054188686488,174.2296609245072,0.0175,6.01186640346217,0.013427110551688257,0.01784905982647821,0.008508159429150508,0.0038558271175105985,9.399472943346852,16.002915090554502,3.526531228353191,2.219483108183188,0.6279000000000003,5.763873114873377,4.74720499362564,15.824032742298673,133.51102749712135,191.5605352898734,7.684753217654043,1.941941147464141
8.493242915419392,-5368.60502667593,2838.1888353181225,73.30198698772406,5.105209938998499,9.774559452237513,16.661927087551362,21.439464516881827,615.5391444995196,-3.7033158127541195e-05,-0.06081820113106539,0.0005308765731662481,-0.011344008312078414,0.0004344442741092493,0.0,15.742668826862051,3.709156754839253,15.79878655124312,0.9402928683281727,0.6375012864964114,-0.44916139710973285,0.7878203994368292,569.4726486651595,0.1100884381996332,17.408074267997552,33.282553309076924,0.1114652180427635,0.13013943595243854,0.02993496231388172,0.0,0.01353837435991963,219.68614891567404,0.03611126554089682,4.843208588424517,0.027186217093995393,0.06866332945740353,0.003360154801759017,0.002317270816407894,31.491519014939293,7.445906019065163,17.831171822461393,6.638041289172037,1.8760363663221398,4.670937856311305,4.600408311602182,11.579419613326419,18.0064,986.6667,5.411870568908945,4.069742448933827
12.429905037912011,-6381.021291159337,2819.712232123667,70.06923739338127,6.037480614083115,14.354542890510977,18.14323773559223,22.538330915412214,619.0605603381173,0.00020129454789912494,0.051262670520955025,0.00030152916642082306,-0.0021748064203682615,-0.0008717037720665092,0.0005593172971652912,15.84669241724337,3.6372158350465122,15.828601244167627,1.1164956724454584,0.5528237471126431,-0.7316666470348976,0.7793225563787038,76.0,0.079424882395549,12.421653193198562,32.21749246303881,0.0820363759766374,0.074590401381498,0.0167,0.0,0.015041043225498683,37.027000000000015,0.03089107665385052,4.110116994114788,0.022786073406657798,0.03050588204370624,0.005181981997224343,0.0006424768305481991,15.53930184530527,3.3354999999999997,2.5786999999999995,13.140075053041011,0.6279000000000003,4.4196319026007265,4.539360887404087,20.342148093300125,139.55220252019163,264.80093306085223,4.798392018225583,1.8587557926128768
12.283490627419967,-5333.076244435714,2594.4928141535274,65.01163943977575,-3.6544035101884274,16.127759415149086,20.678476525315602,29.698968053539293,628.0676092395187,0.00010947414701859686,0.02694750499517532,-0.0001832127348261457,-0.013472501656118484,-0.0005553009406306645,0.0,15.923800494533928,4.420669478015002,15.962767763766287,1.4045997849666787,0.7474062066162589,-1.1184347014392348,0.7564471673496914,748.3071010210663,0.21056607718132886,21.164325643926947,18.854243747218476,0.0890198538423116,0.06938242001344841,0.0167,0.0,0.02018805480249632,420.4938911613734,0.1104518975963378,6.852055577576117,0.029026586344718608,0.03256380685330237,0.004311444578069106,0.003729077847469712,15.6272770179808,19.54773036727,17.033035472271816,14.608506796924413,12.151338811665644,6.253365779766474,2.881434267665452,3.1599000000000004,63.261790492769414,392.7021297379658,3.6093,1.8477369239400412
5.862386831483937,-6596.4375563478725,2855.1780478304063,73.40501116590474,0.3349691234490124,8.769041328824501,13.793740567767315,18.194795484555335,620.074326763483,-0.00010440659134016591,-0.027931473523991262,0.0001255993229479716,-0.010771955951019232,-0.00016666039306206419,8.845622859629651e-06,15.781812726087747,2.433570579294549,15.692747045471991,0.6083571538151702,0.48781191582463956,-2.0514038529714287,0.8764,705.4810597245989,0.16312416217748887,16.3524770630501,31.274184933879987,0.11126433429746652,0.0628620009619834,0.0849269774084426,0.005191524937852446,0.015713786821470326,348.4826180998218,0.07491994182627458,5.572490390764792,0.02800935772566964,0.0244525856036483,0.005661671505549163,0.0011895166892186787,1.328800000000001,10.821841776226455,19.371706275817683,0.3003999999999998,3.1916404848956192,5.03335098348874,4.5994969190627595,8.582215565478776,60.32531963781475,302.9875061210487,16.518124560628937,2.423849310060583
6.867047946262529,-5245.787034606706,2332.396179337273,70.18087377268824,15.845781397540323,7.684960994778535,13.299194375474903,14.67304235595175,616.9236086924918,0.00010223009886286608,-0.06437439500216444,0.000372456265579233,-0.008077950560387483,0.0006838104252999004,2.8065366334127282e-05,15.704574711738266,4.899994477820016,15.711282102291216,1.334600656665763,0.7678315490624789,-1.8293287044728537,0.6673526801880012,76.0,0.09088132637731877,19.201996971780122,28.025395634738764,0.07686936675084069,0.06711838122472781,0.0167,0.0016287285239095103,0.014587968955349738,37.027000000000015,0.03349477968613719,6.550889676749662,0.021398621700216117,0.03804098235081985,0.008117565546009493,0.0,10.983267991941673,3.3354999999999997,4.3372806740986505,0.3003999999999998,0.6279000000000003,5.438314507947806,3.53428265653709,3.1599000000000004,68.1143514205643,278.12556357279317,3.6093,2.571168291023846
7.832530110690838,-5724.176946205488,2748.341451736349,70.02175611941277,13.141778014197962,10.55903267048016,20.7226151486366,27.7004088090955,625.515100563976,0.0002279717796573641,-0.030315936518415514,-0.00030501385694649703,-0.011171340217301371,-0.00034106851983697054,0.0011301565508819939,15.860767115255129,3.5646162791980007,15.744184131787192,1.1079449592743735,0.5787627391523686,-0.5264951290867343,0.8426929522720399,507.51033352432427,0.1060544067769996,23.77517887020796,36.848263755560886,0.07092022711104944,0.04346737119078986,0.05870357166717147,0.011447152542522904,0.016730970184031507,363.0232469023005,0.05646688629340827,7.314599851260602,0.02407231811936217,0.015598854884471157,0.007025189434113892,0.0029128321655594457,1.328800000000001,20.72335381539841,9.390419655100548,2.548364786537811,7.462902615346899,6.408878519992479,4.891772012825891,13.887995714639942,100.04825448719627,0.0,15.25257782372148,2.4977587263003835
8.211442203603294,-5827.693335252202,2796.965002255876,69.93389973290245,-4.940011928065562,15.641470618966478,23.782496723701218,32.97985808234333,615.8028092794332,-0.00014010052220736103,-0.061671261688080146,0.00048668382399195303,-0.009463718399258737,0.000516902682221354,0.0003819321513833405,15.737438741603356,3.670616185432807,15.81414359219055,1.2158354620439447,0.6362743295366361,-1.5589944769840554,0.7335572755786159,808.4577816096904,0.034,15.892916581722876,28.947493681532684,0.08264479653728005,0.06001577924608836,0.02362826745420563,0.0028850740005512522,0.020907174387273558,292.95655454594964,0.028623249801348054,5.506110964380143,0.026045192328035368,0.028467216004392674,0.008434066720915628,0.002694357752937891,20.206973091887036,18.699530542226736,14.863058019779658,0.3003999999999998,0.6279000000000003,4.805965744233439,4.466760992935853,10.72094437230464,79.59492660352745,0.0,3.6093,0.9490129606217096
9.417893626604942,-5830.139447456741,2833.1019810965195,68.00349395366256,-3.503446698303455,20.64253048533707,25.554132252498103,28.167405328245838,606.833004359981,7.870043720243161e-05,-0.053151069245138634,0.0003731896844192541,-0.0037901325969702153,0.0006559215145399284,0.0,15.821097560387225,3.725902904852685,15.834170238140366,1.3190513302576496,0.6606602777152808,-0.5318625446639852,0.7557475411089346,76.0,0.08575017310682653,18.142219060244713,22.853807137288626,0.14283059772923867,0.027390837202454034,0.0167,0.0030881083084086805,0.015021910012020023,37.027000000000015,0.0175,5.943881419125836,0.038853809545176525,0.013218791338780702,0.00711369835558438,0.0007928942962484155,18.235312370325634,3.3354999999999997,10.88001723070667,3.1755441879850457,0.6279000000000003,5.493920907161085,3.1806229661446253,11.247321454217705,127.86386184357445,675.3532071210116,3.6093,2.008799167623667
4.146779730246485,-5342.356807490718,2654.803119922726,71.12258360263137,-9.406925148156104,12.07323116845089,21.4859034579734,25.311976616610075,619.9605798961173,-8.569342637707489e-05,-0.06066460929397276,0.0002357981753798291,-0.008693874661028105,0.0007600415332962776,0.0,15.914127360826743,4.768389597092038,15.878136092367606,1.4765021063901096,0.7414956262386442,-0.6537024938185836,0.7217862723872939,747.1443844416855,0.1363813268401435,18.398747994411693,22.704433418673613,0.14342114013226032,0.06671436029722891,0.06466033601525603,0.0016652422260703178,0.014719912923155623,418.8883390912441,0.1059367302441726,6.465837218486177,0.04164543297961188,0.025572033924042344,0.0027468642440465684,0.0,36.12487346363023,18.117649727477087,2.5786999999999995,0.3003999999999998,9.556292992500834,5.357460497006225,3.3567143354640625,3.1599000000000004,51.6376186159895,894.5466800415172,11.614736668130211,2.2202520852709284
8.554591014376008,-5677.998594306184,2881.4585759160345,68.7763812025015,3.660118076048021,18.86477486888886,20.50268543778069,23.502923672925355,627.5567306356633,0.000134148236546216,-0.009136309413952746,2.8118065200527422e-05,-0.01069899683508778,0.00023575452533716919,0.0,15.763044142058474,3.9521068311246075,15.67653651272331,0.8868691865363415,0.7402784208069485,-2.0358454729643203,0.7376385877212145,76.0,0.11077322218654605,15.449169005496401,17.112054396369494,0.08849814893523958,0.01907840908687556,0.04947284481617954,0.0026943544536704965,0.013603949593664445,79.00012437873696,0.039328489536907096,5.334629436302762,0.022859610255768173,0.010262566990780979,0.003659773860092841,0.002249808111562229,20.359766002557524,3.3354999999999997,2.5786999999999995,5.896698750270318,0.6279000000000003,4.866468675518249,2.564976086719195,15.33241969590353,31.518642943900197,99.89822030913774,8.98594958732582,1.1313918499357305
8.626610519915545,-5642.478187246628,2535.663033785779,67.27676748096688,7.7654078528141355,18.043241177402745,17.986969119281568,23.37461957794427,602.4483350531876,8.0930588874754e-05,-0.06640011681835348,-0.0002032930411794653,-0.008636030081765441,0.0008919090900509258,0.00012508347434124462,15.81942047960123,3.2818955413326267,15.777077417472869,0.9877184374019469,0.5326362757574189,1.5261087011766323,0.7473007507233733,76.0,0.11133623828988139,18.16493619151621,27.508373423680837,0.0694437512486245,0.0172,0.12295031790615069,0.0,0.013813169780029565,37.027000000000015,0.061221953386507794,5.936285429341763,0.013678100859792182,0.008,0.00358653913368903,0.0,5.474680639463875,3.6488462439246945,9.656469091687544,6.117593387330981,12.38775715691726,4.908406762042645,3.818891519564258,3.1599000000000004,43.982274059008205,359.6590509360253,34.035266409762094,1.2039599621771897
13.549843726380367,-6054.12235851722,3014.4156344368234,66.4815727727134,4.694332682723612,13.950000287968637,19.288466203317004,24.916417854541592,614.8441243697024,0.00010092187170472929,0.041472480917419036,-0.0006435699664917518,-0.011651934088941978,-0.000718936171475859,0.0,15.787888555525454,4.211952001310005,15.734269234821731,1.3151930195163408,0.7356665050248138,-1.3406188522677533,0.7784238827729557,264.8640140195325,0.08046346742404047,17.674548907001228,30.687859254171332,0.04278084832697715,0.021925977504622475,0.09206732340103782,0.011213038436211568,0.023508944883856416,121.48241159095664,0.04390208942638836,6.3941119288256765,0.022441069956512894,0.014888371749758739,0.009822725295135344,0.003500596493821116,1.328800000000001,3.3354999999999997,2.5786999999999995,2.289982725729403,0.6279000000000003,5.571093289034609,4.297551221296965,17.636164619593483,60.34528549699053,336.80197300052237,21.269859693587584,2.3978559018583328
9.472422652301113,-6470.375996434643,3242.9274147428287,69.7458372906734,14.493430809494825,25.36480755919942,29.248934680910182,38.68266010637517,617.9381256541706,2.184927568696878e-06,-0.04459418394777402,7.578819517444922e-05,-0.006672250613577853,7.815932428019049e-05,0.0,15.799236490749077,3.9982594893333583,15.868994451073974,1.0002058514818526,0.588926071518175,0.5270241554608528,0.7085853171496255,874.4533526161881,0.034,18.4461196280724,22.92465298410057,0.0687037893854597,0.12750404344053107,0.04918944415046987,0.0051463128739874095,0.019085765240619817,472.6005594627286,0.0175,6.232380091395263,0.02240915080977726,0.057225665478977214,0.007404395764751014,0.0013513593647755048,7.718635809151472,25.594128011631373,8.829499809414228,0.3003999999999998,0.6764428158328748,5.197154014674179,3.5435809058843803,5.913401412642459,91.19092060825807,0.0,9.820051147837106,2.5502150146329035
4.923628445914892,-4255.457655276246,2416.076848083392,72.2939784177953,8.542926070592504,11.998812378652985,15.501386887682086,21.204488464668913,620.2543211452994,0.00016610205133520378,-0.03222675251752052,0.00021064163558311166,-0.009539261607623648,0.00032932799032759844,0.0,15.906456314487706,3.575285155359934,15.903557893597288,1.130872128805444,0.5786273559756935,-0.641636686127024,0.7385324613284693,340.74726191333116,0.09062411630552272,21.143000691182383,26.288311658945343,0.09499859414427177,0.062154608078506944,0.11499130980166895,0.004949966205243771,0.015326092480764535,93.65410785781091,0.046726531124687776,6.3021634204675605,0.028734221073778547,0.031712701281167904,0.005612242332437814,0.0,37.86312183668922,4.6056970824584305,9.629569092113504,0.3003999999999998,0.6279000000000003,5.758967882420576,3.755197731558736,8.633160856869669,80.12629569506493,162.71509951953374,24.481131919538615,1.7121709262135065
7.100279990418681,-4971.919793318802,2757.046497480307,66.33958397993996,12.18684040067681,17.536005969000286,28.812520442941825,35.72379369001415,614.5620444644064,2.7590261923459272e-05,-0.09256479866090012,-0.00046989025518340006,-0.0106468251382086,0.0008355452760047622,0.0,15.767525508119926,4.457105538922771,15.898770996425066,1.0098231616628537,0.7122271573736547,0.8129345354716315,0.6990257230901284,324.77174961182743,0.09038565442508975,21.11508268420842,25.322454328550158,0.10923857287128394,0.11611627412110552,0.03258114149942251,0.0,0.02230126846636215,207.3976846001762,0.04978257030870802,6.644141426349751,0.017841673239025687,0.041946051251006165,0.0025,0.0,43.05209528231185,29.4270056619211,15.855920302848206,0.3003999999999998,18.94863663516337,5.391372104723068,3.519156631939119,3.1599000000000004,77.23668923717509,609.2502055928535,11.135154415201598,2.3193453332116545
11.710302435965463,-4865.469459721726,2553.493833627571,72.5978894401074,-5.667755047585469,15.25836831859377,14.174566183712255,21.031075052915668,621.9188339805337,-8.486670430661635e-05,-0.01673065586666522,0.0007086323012499598,-0.012761068157332356,-0.00028828918544308765,0.0,15.923217829830387,3.4083916063856523,15.925966697550027,1.058492397301394,0.5759961063203372,-2.3526013636229877,0.8253318943555745,301.5428500475198,0.04503487706072322,17.46947524461485,37.97572162637083,0.10091833152243268,0.0970386972063407,0.0167,0.002107509723400342,0.00947118536905942,118.30437273880636,0.018836153208350442,5.943624566128915,0.025186881349509055,0.03649332986299933,0.008079739593586294,0.002770805007551833,15.909504995455766,3.3354999999999997,5.423651997395558,0.8603322864789131,0.6279000000000003,5.114354645787446,4.71748726914311,10.579448191148487,74.32025567040287,396.275352827842,3.6093,3.5457819623524456
11.014221080079336,-5328.708425337992,2866.3785759712696,70.7598725336571,-5.903366004714226,17.190066106247773,25.63151917141389,32.1930409204233,612.2467324918703,6.641217248826483e-05,-0.06095183984193771,-0.00013387423408823466,-0.013862114541946219,0.0005012703040813796,0.00017690641187756374,15.834013681957094,3.90136121251838,15.832117308264905,1.1179921335515002,0.6721117199390142,0.42576481494736496,0.7773013627384332,1352.424848260575,0.2108721225131994,17.356798423565746,26.409699377945916,0.06061714750707559,0.12382350154337471,0.04545874352544959,0.0,0.012678286136928892,480.6172250960311,0.11221567520080968,5.596199958884735,0.025008079252708617,0.0544494670700671,0.011579838189585377,0.0007842396894505489,2.7596964305588614,42.82938745871756,8.913699976038558,6.542795998617308,0.6279000000000003,5.172501960841301,3.4903031824645776,3.1599000000000004,81.95062272326825,493.42241189348294,9.638514051590626,0.59285458185488
6.102464239101069,-4706.600973054576,2636.71615396207,64.91039679198143,-0.7585082976876589,16.64784504189853,14.674258339563753,16.72088695735406,613.457190730819,-6.180840015514082e-06,-0.015268257394368628,7.968887282911676e-06,-0.00871748818937506,0.0004311638430579755,0.0010582056529651516,15.996100742461604,4.19704558411823,15.937992783470303,1.2744923961169217,0.623127628958394,-1.5556013834069768,0.7260655858603957,182.49011752301664,0.08161520012643379,20.39949818270344,27.36513485652219,0.033900000000000007,0.0172,0.10550271450123173,0.0,0.015966906248977657,44.748459120555054,0.04512733423938202,5.991578327400209,0.010499999999999999,0.008,0.003186053491765484,0.0,11.610921687409842,9.919977426259077,6.674903287651629,1.4924373364181225,0.6279000000000003,6.003617914193104,3.7238653598652314,3.1599000000000004,64.54046320882317,685.8334184624848,21.36458967517329,0.3275000000000001
9.877997670238047,-5619.390363107554,2711.1510631441342,70.05422292005177,-5.8304890242675995,16.605064277678146,15.165690743581363,22.800541063382287,617.6580744368867,-6.763514630553301e-05,-0.029009450471868994,-8.440533701486493e-06,-0.009561072890837588,0.0003979451306012269,0.0,15.873005754507997,5.551009019748184,15.89050434976177,1.363415206986417,0.8778288665253724,-0.36918278578223956,0.68181717081245,605.5366241108312,0.1717424916362643,19.59270041866982,23.40747387659298,0.08697629033144182,0.057660562322395185,0.06563849005483938,0.00134639634286594,0.012360386327498923,296.38074796909336,0.09022894045313032,6.020149029444714,0.026002839961131154,0.02758244171949128,0.003141936580498395,6.959982898408867e-05,13.904209571035402,3.3354999999999997,12.152504999048848,0.3003999999999998,3.750474225576166,6.226647587636467,3.6240430936715238,5.674269895657769,74.80422377623998,184.14148194726863,18.84381802723852,3.480577201647881
8.232616020336298,-6211.5793581847465,2916.860884408562,72.47060874053854,14.326493602293091,16.489981826113514,11.853843356689318,17.348221876078114,607.7632430038313,-3.423963294929043e-05,0.06351407967512507,0.0001222920985680396,-0.00859896254493117,-0.001226450588677651,9.066696705824312e-05,15.946159619801314,4.733262358723924,15.960734647256093,1.5841833416790383,0.7180761206868391,-0.7834912821927269,0.7171475043268203,155.96781364014936,0.23528352714332929,18.37802114928346,26.623602129738277,0.09777700168623224,0.11228877003509223,0.0167,0.0,0.01875803212359964,68.32609716687102,0.09253090120128923,5.231227570843211,0.03018332285562863,0.059871537709327266,0.004430797416748098,0.0007120660145154712,4.530545441070929,3.3354999999999997,12.854768375140061,18.752121456259744,11.759468902074863,5.11066209153613,4.0786378971764,7.361913741171926,45.86174311892024,204.4322753998709,3.6093,2.199972524248424
3.096192070964695,-5868.785987298104,2744.154205221944,75.6827301936259,0.03926414890332941,19.175435280899315,25.114304470023193,34.16983952795057,613.9347359635212,-2.5937194179288296e-05,-0.0676548735979271,-9.7323564414028e-06,-0.010125123108177012,0.00033855120273901967,0.0,15.836839073124821,3.5796028865943104,15.88794549619379,0.9379351899128281,0.6614686061355355,-1.4779470018471677,0.8430317634616356,948.8581954908457,0.08997211466473606,18.146149827250657,32.17352254276839,0.07376087598559977,0.12116988962241204,0.0167,0.004368714003336176,0.008402773444771182,334.85181504444256,0.05350501092521297,4.986996179398093,0.021146980694089778,0.05198460681337122,0.004509752324664793,0.0013850951197606313,43.05786840477191,18.90376591049663,11.011445479099745,5.029815447904207,9.630956379714975,4.958182184925178,4.316672207290152,24.186587943448323,45.1462846361864,245.3213716459068,3.6093,2.2868370279414116
6.828957057438585,-5133.37457749577,2687.4905376631405,67.42948527367302,-1.22740001954975,22.441586370641474,23.36287861903884,30.38311808802398,611.4978732339256,4.4954117189965214e-05,-0.1110486433676233,-0.00011723132893611965,-0.008442317120319566,0.001228080400248928,0.0005184536491422173,15.725172262187352,3.4703811908902593,15.69006479218021,0.9116619362930387,0.6004270786280086,1.8923375918618357,0.7634360976125596,687.1147835127194,0.13349402575339295,16.25363495441115,23.033230206135265,0.05517403047724147,0.0839590146242993,0.11369101806892477,0.00018910589484562182,0.01011821654274557,496.6927129214056,0.05964952100571149,5.304989288779071,0.019221079766685533,0.03171720006386873,0.005967036507548736,0.0012292414241334764,21.47759297101697,39.95067988129436,12.022639467987966,3.2182143741428924,0.6279000000000003,4.86095555448782,3.2425002769237357,3.1599000000000004,27.26752528608913,367.5624258594765,27.698522225651452,1.7474187729747082
4.810890690384262,-5607.284405121163,2928.0354062015244,64.78547744115622,-2.177033878658954,17.394466221341528,26.517538700516294,37.99409922440823,626.5604043432994,0.00014996447049507448,-0.019636043600960874,-2.010411415737657e-05,-0.009068526646838005,0.000390797182884096,0.000282985900047576,15.799045074528248,3.356269103635488,15.825746743916032,1.2347769717126806,0.5793437300289811,-0.881378124123317,0.8295846472180575,1157.0944750617443,0.09457595436176025,22.376026616767437,28.782450434218873,0.06815581058888563,0.09424964411947045,0.07163784779605795,0.003903574130378067,0.016548789680638776,598.3299874752239,0.0516712107110784,6.427267294271209,0.01757859039687016,0.04086864905014366,0.007193135367577581,0.0008911350233561659,30.464568831979307,31.853342398971602,3.150966667433332,0.3003999999999998,0.6279000000000003,6.0463563260969515,4.198149899712921,15.953363727085055,111.60871982014962,663.7992151928219,16.386859210456144,2.3864475194304484
7.554230531235584,-4307.7350920361005,2452.3226207447624,75.9444,-7.501720307992942,10.10956609525285,17.37035691181375,21.689619030666076,621.0883861580927,9.077422552202751e-05,0.04452601059439672,0.0002462833460511957,-0.012562965705078696,-0.0005516188846238063,0.0,15.766237299480403,3.1494340785272144,15.722518246558726,0.9419281049903427,0.5451396479278292,-1.556913271789614,0.860899557621373,345.8277056776117,0.2993808945377111,19.979818058120856,32.565060276912796,0.05387892528896365,0.05706711704211775,0.05302245153388253,0.0,0.02123290245169051,153.27094016683847,0.12896943635914296,5.679034126432707,0.017871047606894723,0.039473274448454186,0.0025,0.0,33.443032864491556,16.720575153759015,25.777230935293986,12.797272492547869,13.317618580296644,5.664147438751803,4.848444522633355,24.109795442903884,32.492781283959204,941.1698790026164,10.27485186713933,1.30744913090074
2.709039722066332,-5831.62851807161,3108.2725799326063,63.72660679443361,18.742795667214704,11.35704076530919,10.409227644980623,14.816467685731588,619.2653509034204,-7.214170966268716e-05,-0.033231884094080635,-0.00017946004944620502,-0.011662826323682537,0.0006569126784862007,0.00012309016654938658,15.746598350846856,3.8879910120923333,15.767829817891025,0.8318927448608513,0.6972489757286987,-0.6446892976517657,0.7673960301414181,261.4901802867635,0.034,16.285986174328713,32.2817748578055,0.08654928451779319,0.11542262405540676,0.03678176508243162,0.0,0.008455017923104694,83.105102453222,0.0175,5.096229846030671,0.020790096237639347,0.05388843827984844,0.005718609986836473,0.00013748933317063222,40.365671194097615,5.717393985195869,2.5786999999999995,0.3003999999999998,8.029254989560677,4.48951457164144,4.976396800274135,3.1599000000000004,88.14462330010764,299.93448363967633,7.100243040809187,1.0938916362155622
7.361102970080534,-6058.995466748306,3077.7805321425253,67.16480219584838,-0.057410153047551926,18.328681953023448,21.497948188160848,25.984191422873877,631.1394031067696,1.3251185056911891e-05,-0.003457550301750231,0.00013847877035040262,-0.010798017020796632,0.00030897560805253786,0.0003467346216451437,15.930866650055714,4.167689268801773,15.92046087806028,0.8622246039262678,0.6785925326261485,0.004209211406854263,0.7723720620031915,1036.4734116599957,0.19303540631999158,17.112465563652673,20.605908312060485,0.11906732624224925,0.0172,0.02074660347421395,0.012415146687015807,0.019395391338710436,417.74039781341173,0.07396183920469732,5.512513669728093,0.04364882430638939,0.009848987683493036,0.0027927561335990957,0.0008319870142723855,1.6897020338454105,36.50302682321633,27.236249747157323,0.3003999999999998,0.6279000000000003,4.579479996878238,3.059034418587106,4.891162497486494,51.712653626058234,525.1507832336669,9.585110594299948,2.429009379131346
4.793564356305746,-5269.098379232133,2898.539178829765,71.68868930709944,11.6166713569912,17.641487669513985,31.080943961131275,36.06987113519939,613.3772219980949,9.301962105634281e-06,-0.02610191749023312,0.00024189104053087346,-0.008816521882585682,-1.536600231325499e-05,0.0007595878081008605,15.730896889980318,3.1522136109456094,15.81097651515368,0.8619707094689883,0.553171411691562,-0.7755486797419767,0.7254347280313235,510.7814229077246,0.10131454013530843,19.960255392915958,29.004408004062277,0.11044876961089677,0.12026849906870071,0.13789760938361717,0.0,0.017923977148308696,154.31104887321794,0.033150857847502366,6.501436571065606,0.029031439099938956,0.056948741289994595,0.0032676676893998516,0.002675126031762304,30.187833571344715,19.87209345189516,2.5786999999999995,2.357392686557704,5.523319799117781,5.599664161880586,3.8799286385742198,3.1599000000000004,123.76407844124668,174.24312046680296,27.477110044252317,2.7834064193873775
6.468492873837099,-5255.950203736876,2623.2406810261427,69.37406956158073,11.632850617357741,20.811854854836138,25.042043353020837,31.8306630347532,597.6102490402326,2.5329529428772626e-05,0.0012219856380195583,2.3886404781376672e-05,-0.010474349726602536,-4.56389327212003e-05,0.0005726198033048649,15.831207626472917,4.871272822226363,15.901714511667501,1.1856007511096052,0.7060996176049534,1.3747445623005365,0.6029,535.0108116931974,0.11076536665837991,17.450901083422874,21.94025381383691,0.09168687082735803,0.0729988155603272,0.03457422299528904,0.0,0.014211542743299686,273.7002036820297,0.07579294750680524,5.602124497456304,0.029613584491177368,0.036569542871734556,0.0025,0.0005918346029666254,28.015308806571852,7.393866601115851,2.5786999999999995,10.430872266354452,7.283686039134457,4.830246238994134,2.979625728977866,13.030182675317484,31.321877517274693,126.8941148500011,9.474488219667203,0.33350776324967213
7.767156713250551,-6106.555872801753,2667.2347940510886,71.46651235386946,0.8438085976332652,12.428296954723669,29.72747134057202,32.291626358747145,616.5674797434881,-7.964009108281888e-05,-0.07715487332147083,-0.0006270057808590107,-0.010877112567947224,-0.00016492510313965956,0.0007932920222937962,15.701820566078931,3.9437426362412125,15.723915619937516,1.077205581329496,0.6168108082356122,1.9985052056834338,0.7074331565828202,304.51798685612437,0.11469951808111466,16.209061153365866,30.833623032824686,0.10585889126080716,0.10640264873448725,0.037121554166365464,0.0,0.009625571092724133,168.01225876916175,0.06834101786308029,5.396351927483547,0.03243587656509569,0.049227294584847994,0.005196115091587654,0.00020468088586595438,18.976042036003896,7.917666784360268,10.846126197217092,0.3003999999999998,0.6279000000000003,4.785915129398583,4.2653653546444055,3.1599000000000004,18.0064,0.0,6.953739833709,1.515762956179645
9.229669922799559,-5382.275805858626,2998.282323521505,70.37856007079868,2.372146002906511,15.455795389595208,22.97897864862604,32.7728947441656,622.9212982665402,4.459568640652785e-05,-0.0922165207073902,8.240612785548013e-05,-0.00886767989065635,0.0014794930557644845,0.0002633324465096708,15.829097517546169,3.1377466522203648,15.815471608894121,0.7745036628133888,0.44344929236092245,-0.11468122866071384,0.8169423660023306,759.4921185359108,0.08574166624993934,15.772458685142913,25.91652956719488,0.033900000000000007,0.07276785576056743,0.03186916488483603,0.0,0.013526786672886391,384.5078471606567,0.0175,4.445969414030795,0.010499999999999999,0.042555661466680564,0.007769697947499321,0.0016601201958469345,22.77527896077656,21.373436115187925,2.5786999999999995,3.024223933714131,9.107736853837979,4.113222382350466,3.2626575934593687,13.838466494726834,144.9203560206261,986.6667,8.106391419726952,1.4213073387388335
11.611778355562983,-4706.035907936061,2401.1639856203738,68.58478053419753,5.44188699738015,17.934860647547133,26.988560403254382,33.72135581751595,621.8761495607522,0.00011855473390910598,-0.006411422146752462,9.75955111734856e-05,-0.010519105044652567,1.967263850515156e-05,0.0,15.821628597118815,3.2925350592686713,15.840561262444515,1.0649636261972086,0.5606904291303257,0.520245543476969,0.7315917080717563,76.0,0.17356231127990357,22.057047339818638,20.345562732432434,0.08770204968787222,0.03621733124992789,0.11847136776329467,0.0,0.015011268464901842,37.027000000000015,0.08317428683316352,7.68617453495954,0.021871230323365236,0.01789687119512378,0.005605472939016433,0.0,7.762194006963275,3.3354999999999997,7.716221045032175,11.450106825673595,7.1779809499928175,5.669215160594771,2.2891212542113024,3.1599000000000004,32.5262774230261,185.20194408223097,26.494415958937626,1.2271246241400702
13.255997231052206,-6011.431078157777,2879.425806255708,71.00840679793765,-4.311727809551588,7.894052812838348,8.946340145400754,13.245408148944007,628.2221076866875,-7.71093867289799e-05,-0.07949183671090074,-0.0002992327493055228,-0.011267975836952281,0.0006503991835460693,0.0007650471134779388,15.988727482330335,4.539614801117665,15.977368993364045,1.1335606619547747,0.7075942612757261,0.607358253504878,0.8137551521477673,732.3270966966411,0.06871501586366453,16.534356667880505,22.304125262432958,0.07770178791953083,0.04086913661802363,0.0167,0.0019887734741691953,0.012135026997998373,414.87176520609546,0.0175,5.824160975971782,0.02268499469508406,0.015774116874454673,0.0038459152124766098,0.003080827795724591,1.328800000000001,26.94861938339627,3.08424395271372,3.5573575520828564,7.267157174525044,4.6529526804521515,2.994170134144126,13.737295027991458,70.10449362872687,318.22254184044755,3.6093,1.572186484175727
5.366314097770479,-5499.398352682769,2738.4790381999087,68.77877118298349,-12.1527,15.719158082578025,22.28914720124499,28.951510170888046,606.5318286652058,-7.825947296950512e-05,-0.06290912129010492,-0.00037359711073576564,-0.01420767973285486,0.0008780471749878067,0.0,15.7275291620809,4.21158549440203,15.761721605788715,1.0889126557699582,0.720289273575781,0.8321887245140518,0.7590037412474545,1005.627697974624,0.12250888287433082,17.897771435933855,31.27564577526605,0.033900000000000007,0.11374740395546235,0.09398461555218596,0.0,0.017683753582398903,581.7921243582987,0.07087805377660343,5.971977220977756,0.010499999999999999,0.05036953647374573,0.004957862483868109,0.0011473820083175896,27.80784822812575,53.074599499535246,28.638865094058602,5.275998405074829,25.519043803837356,4.876781308056484,4.2611773375273625,15.358197970007375,62.28399533600264,537.3613944192925,16.430346483853356,1.8024236927783843
11.059138853629058,-4500.39240945691,2448.971555544176,69.07008729344658,-1.6932799361165096,10.623541238399516,25.8381025086874,33.642596740752545,616.3412274553802,0.00015311991297653894,0.09952854212030149,-4.1207333261991856e-05,-0.009528971776153364,-0.0015310919836495837,0.0004179407709383868,15.756297883816172,4.152320062637652,15.82083545239303,1.1220132953180852,0.675269614672213,0.39935667880164905,0.6931036526858292,982.0778493505566,0.2253780695744579,14.911668048070315,25.36334352283303,0.04795711721427275,0.13695882045776003,0.03743995346124563,0.0,0.018621223462203303,560.9561778437713,0.09383711015603438,4.458159266963143,0.015694925470665394,0.06586554684233697,0.00718123090750139,0.0,22.92476498052072,17.915545923642043,10.183079850421098,11.429618278159303,1.4174960604323248,3.855326681705801,3.6879507728024588,12.082666900838962,56.58948731354695,918.8034195336054,10.20721640800091,0.48712062695253344
9.393045397371457,-5700.423397730518,2822.3477006926223,71.84111544604073,14.254031414331953,19.630503635876206,23.164465788667705,38.77857635435747,623.5650477094238,-9.837763826392484e-05,0.021090360694165994,0.0006052782104156025,-0.011558728211843776,-0.00040971284157457013,0.0,15.876338222035507,5.136389388344514,15.96905775178372,1.1542478060089072,0.7633212170794784,-1.2154444078484317,0.6191314311065423,539.2593131705016,0.12587356158291388,18.659527283581802,18.341861278358493,0.10119150986397266,0.10491004514584008,0.0167,0.0,0.013252019114590879,98.26018330258859,0.05454243096023491,6.527343484302046,0.023525203427648675,0.047428104905761645,0.00534762921653574,0.001955061550011935,1.691885072427258,18.386201256246725,10.78076873401712,6.080277015386953,21.213663467342702,5.398816977783256,2.488987925772748,15.37620056676067,84.26461127179225,468.2154987985316,3.6093,2.3776155293754053
7.646979502922228,-6152.892084885194,2710.058272319384,69.91139020935597,11.92857412518469,15.970113991695065,23.419414838408123,25.679977137114665,608.5548150067973,0.00029058291726871157,0.06659721698595264,-4.2227339350339246e-05,-0.00902848195821406,-0.0008726658841531662,0.0,15.871034274063001,4.195194993327603,15.88099057612456,1.2112102687124557,0.785568577654671,-2.3567390090321307,0.7542526154659603,321.8027103400401,0.12562934479940271,20.285105769650286,25.391808744767616,0.12508472497642006,0.05834390590336296,0.07018475473409244,0.0,0.01323985007208657,109.60844608378255,0.09323755254603565,5.521453919218878,0.03552208843217125,0.024632369698537795,0.009138288826044847,0.0,10.030688849371199,12.38884309192028,18.712871292771,0.3003999999999998,15.072156457465166,5.8929805476026935,3.628742870754581,10.809629354639052,53.071418293564115,582.1733622856669,22.002944475399246,1.9557717938516448
7.51295584033075,-5084.5682062696005,2751.286706556529,73.42747117398973,-1.5775060581938152,16.496978013436078,22.70461230339688,28.852849126390208,615.7064150548416,0.0001785831738354223,-0.07773628365899324,0.00030628108527632495,-0.006636571129094599,0.0005985783904835228,0.0,15.906094610946717,3.885661289875135,15.954130588038721,1.290085025372021,0.6138790654039309,-0.46644350164969073,0.8272252984808286,108.10597552965493,0.16357264878245337,20.87145657554158,23.13026661587298,0.11608883262988434,0.02503400099923677,0.03219860449636464,0.004023488462247369,0.018897115639766315,37.027000000000015,0.08940739409227405,6.562982512095843,0.03388644665822889,0.008,0.0053931971309383,0.0,18.808030152135245,3.3354999999999997,5.929592895960052,0.3003999999999998,0.6279000000000003,5.773674557161365,3.067301362411472,3.1599000000000004,161.6201186395098,462.65140220291784,7.379660313211833,0.5857392079427026
13.825671103048471,-5501.9489401100855,2615.1937054412133,72.54433310647235,-12.1527,16.90996660928259,23.96337603822596,32.90490479481338,608.7440733871994,5.132446191380883e-05,-0.010357943681945144,-0.00015245354750982604,-0.011873787023087057,-0.0003017829483453965,5.3262315250214394e-05,15.797788239099425,4.4154403770332475,15.872119229248133,1.4756133404153542,0.7461416804415146,0.027051918851771606,0.6735365736435845,174.4033148288372,0.18005604423484972,19.30224562300612,29.629353799508685,0.1548904041381941,0.04696123580579277,0.05006874678355491,0.0,0.014166861957470545,144.65664133737118,0.06698542773722603,7.065391785489248,0.0387967136774078,0.014498582787888093,0.008470265382931191,3.3763910116217655e-07,28.750551295232494,3.3354999999999997,10.676946631448363,19.604898883157297,17.50084146903667,5.539057703600354,4.709439753533722,17.175942779463355,76.52425516311428,60.5609587239569,11.13081614673506,1.096311330897731
7.91855206681604,-5336.931492046552,2598.011941785388,73.89458967276204,-9.860459840145934,19.499621178040407,22.629445982203826,29.246015851136175,618.2141056189238,5.189702481165105e-05,0.05221352859224549,-9.271094897083122e-06,-0.010532752630847401,-0.0008651158013725479,0.0,15.833408434509654,3.786550675814028,15.739678603535538,1.2233179241006615,0.7121435751536741,0.3512941900476557,0.8012896544742323,937.7097119570999,0.26596924251793436,22.94007354194132,27.418137790708464,0.11565195580762279,0.0172,0.02307452319205092,0.0,0.015399917431420461,409.48565873859235,0.11261730396360256,6.769108091301873,0.02847346418868333,0.008,0.0026679674428358923,0.0006664555106832719,10.848912447598213,33.72911122778764,22.52465433290961,0.3003999999999998,0.6279000000000003,6.653814341121114,3.7175985297353034,3.1599000000000004,46.1062962931847,103.76989423405675,3.6093,2.5787881467985354
6.690953327267552,-5704.6094614216145,2704.5898000865895,67.02759808468396,9.696520455113385,10.03753049915489,20.032191730878246,26.129503147580543,620.0458700544584,0.00011659538161742335,0.04817453061499547,-0.0003518949963317221,-0.013207061534465731,-0.0008800993708416828,0.0,15.919036478915388,3.47197105587829,15.988057746406339,1.2635377657538647,0.5975001066184258,-1.1694620317162445,0.8325472248568604,1195.3913787378792,0.10267206752404762,18.954047108449416,35.08206270283479,0.1274233820883186,0.11339988243126489,0.09451357987582285,0.0011962120120461706,0.01857618147082182,454.8680360381845,0.049640336970947566,6.350845333480595,0.03313639878613876,0.04155647600534275,0.0063134879820790045,0.00024349240060679694,9.107106323714579,38.611481500117925,16.611104716030205,0.3003999999999998,0.9107025605586321,5.1798768126296855,5.04652356299019,9.61555733718897,106.89129270068912,457.1338026726927,21.83435465269018,3.636055417247565
10.097531176006903,-5983.125366529355,2454.786955690806,70.45304938647328,2.6907423377450184,13.682432906082296,20.403559348361124,31.19701479164383,605.4860287650147,1.8339433565286336e-05,0.029760156853832043,6.762665564864316e-05,-0.00768946890546978,-0.0010357748779693428,0.0006002226826573711,15.65883873642994,3.6905292834266104,15.658157851511902,1.1773360508354747,0.6203959095029721,1.827178307991652,0.6829296018752842,713.0537051335914,0.034,18.135520620213473,20.678840012192772,0.10159822631345508,0.029726238067250724,0.04628844896912581,0.0,0.022488242366209766,306.13527733201755,0.0175,6.655013831459924,0.03639077300616467,0.018955065510514974,0.009525021034348317,0.0023462687498269756,1.328800000000001,22.559188747668433,6.010509761577252,5.10418223036705,3.460809861912087,4.732542973012285,3.4313126284578703,14.053355443697232,63.535616203128626,0.0,13.65342260561201,0.578091908896782
5.3654647479052375,-6159.55039380987,2670.250946701614,63.63288474991306,11.083658894633212,7.411129847315189,19.406926693609932,22.72206227249043,618.1120258892433,2.249554001114721e-05,0.045455702463823265,0.00011730949283428546,-0.010181631741842183,-0.0006975762046382218,0.0,15.83788799153571,4.9605190303429145,15.844130963822156,1.3990330423835835,0.803595488178436,-0.8665488542550235,0.7466148680759817,670.2128811533274,0.10393551929535794,18.514458939333075,24.00697255088862,0.04034629568204384,0.14584718154357268,0.0167,0.0,0.012298543412512297,295.61115086302027,0.04178862455438099,6.163106726947127,0.010499999999999999,0.07292025778115864,0.008235485539898647,0.0,23.422159952518253,39.654761371095276,22.440511572228097,0.3003999999999998,10.901350438067258,5.145714439904824,3.2614418080589354,9.28473061270256,44.29981374073116,58.24828792068999,3.6093,1.6465018480173463
8.337232371746063,-4590.890747666397,2498.573078548166,71.06203373600275,-0.7133594594481831,14.697598961431085,25.006836672282397,32.66754861011751,611.8925702872986,8.751959288008331e-05,0.06629972360333922,-0.00013351966495793476,-0.007107425465781667,-0.0005916054172465826,0.0,15.781043898987551,4.503444820995951,15.752482283218768,1.402994838299079,0.7758208920645737,-0.7326251792176419,0.7265828530094534,588.0815496245857,0.23004500179339543,19.56527286290291,38.24346566076056,0.03847925468670634,0.029296261522193938,0.01742086798057967,0.0,0.021752108943663445,295.8705046121588,0.10922373529209738,5.119417899091053,0.01056691616611078,0.013376494676564026,0.0045170847781202846,0.0,33.97495061822977,31.837901773643267,22.11667136039434,19.35100760246214,12.926322735066353,5.24586292438936,5.168669101005032,10.459615196899982,75.72177640564229,0.0,7.0755150187451665,1.0559993112290764
6.3101744621285345,-5321.4257683856695,2627.0129529757387,68.38339022301109,16.21826387279155,16.38958135037346,21.185393091728486,28.010486384976456,615.4248842014173,0.0001724705817572202,-0.03960164410356187,-0.00020348046758874856,-0.004640108694929547,0.00045993164544386704,0.0002795716334587459,15.78803769021753,3.0970693367766393,15.84726516703537,1.0968265260356524,0.5081638392742664,0.5829144172815961,0.7810850564057797,83.27895768135284,0.06883955999093429,19.548649893917407,20.029370352312,0.06921537535597307,0.04251483503956383,0.03632994201747953,0.0,0.01643414954218835,37.027000000000015,0.04558119587059159,5.974404479616823,0.02320681099914388,0.03049522337191084,0.008287927447359398,0.0,16.188984384644783,3.3354999999999997,7.1002616570621715,18.12700164722027,0.6279000000000003,5.6641429411551805,2.620066403429304,6.461544470736581,80.46135232440949,0.0,5.538952730458961,0.3275000000000001
8.272696858955769,-5624.422448648133,2715.654704135338,68.06863423709484,3.7176811974005735,10.100848141042544,24.32923667268221,29.76366605279453,620.3876058475544,0.00025376966522398857,0.014605616142927668,-0.00040255341159567686,-0.007801192941322475,-0.000505917151638153,2.923420985237606e-05,15.87236773734787,3.900079383535412,15.861887542765556,1.241800366903367,0.6119211716784048,-0.9556424348903395,0.7207379205306528,494.58677930935255,0.2290784515623523,16.112853936578002,19.285033222917818,0.050480832573964664,0.09961517711071811,0.031834097284309,0.0,0.02151581880059325,341.60075349110906,0.08779837323193246,5.410543390427383,0.010499999999999999,0.05505134392520588,0.00828664667871422,0.0,38.996551454624644,17.058115974661426,6.642657093884662,9.112836379817608,1.3945124738024495,4.919711663123501,2.49228422517998,3.5691877714207765,87.2379813062946,835.6356032886601,10.97038172055387,1.3663123784145061
5.803597575384288,-5372.650791274975,3103.734077099777,65.94786444461555,12.983212554905444,27.340745699821827,24.95318712617949,30.9066073001971,610.2017222748935,-4.538790250099491e-05,0.004963160768781251,-3.38894824215477e-05,-0.008977125541938549,-0.00011740596500465403,0.00020559226122488753,15.898591422384676,3.2047457295660524,15.903745925930531,0.9259641102487426,0.5304084390691585,-0.363528849859885,0.7928145914476417,1126.9986046854872,0.06237370822345091,19.354666396559054,25.03493488762421,0.05932046675088455,0.08374278297642206,0.0761666442543701,7.672388740730877e-05,0.019134205541664808,417.3949295282886,0.0175,5.739661147606976,0.01562304539099843,0.029343747585932556,0.0025,0.0020613183047168897,31.1099533050609,43.09167449396277,6.912723883395715,1.7817122109178243,0.6279000000000003,5.380106331361608,3.2942768306890895,11.292902813715939,38.459522636281214,11.999650829216648,14.584967030644457,1.2079846082514833
10.101617244331111,-5900.4610011555405,2742.422205799965,68.61065295290504,-0.6096869316552769,14.662542501861603,13.60731116728599,15.321480169207103,626.1861449518798,6.598737448153457e-05,-0.0012044069950883345,0.00011066484296639128,-0.009221048347448222,-0.00015709238414453173,0.0,15.807752526304025,3.7990364521168978,15.799657538499922,1.1476791076333586,0.6831807375839025,-0.5595966963841356,0.7373773254434489,76.0,0.034,22.08890100054064,16.062,0.13926245073444715,0.08255301483168961,0.034464206520672294,0.0,0.008957253160141333,37.027000000000015,0.0175,7.4738364303734395,0.03062890511977896,0.053782414687138874,0.003702501052640965,0.0012167395593611484,15.708210832043644,3.3354999999999997,3.7211437529351254,0.882910052144398,5.438770436351668,6.211154080306095,2.1869,3.1599000000000004,40.96489330336639,38.59011602991822,4.9195919652366324,2.651256678363418
12.444639645384328,-5751.57787282009,2884.5827680595157,73.93909632462349,-1.4339363768783957,22.310736559294718,17.710313982528188,23.30008525722381,607.3868183051871,5.093963475628335e-05,0.025973908017757345,-0.00029597113650700385,-0.014081564750941572,-0.000781713402149767,0.00047400299472595444,15.859270890553704,3.6286132828529762,15.810971670677008,1.1309542798396002,0.5904074117797795,0.38499481150685966,0.7881746944126675,76.0,0.034,16.502700056395472,29.704961021958827,0.1364497385175488,0.03402713500195809,0.039868233852232274,5.2051566664191055e-05,0.0078,101.82960135670075,0.0175,5.428407497201029,0.048195957725440663,0.022952871131114667,0.008346762908316856,0.0038615238669846043,1.328800000000001,3.3354999999999997,2.5786999999999995,0.3003999999999998,4.525414238845125,5.140237779573843,4.300594015911131,7.898721358470861,18.0064,313.00991037294335,8.53614926881724,1.2374315488547067
12.550778140609156,-5546.814647787243,2612.4485181020036,72.96703054073011,-5.412374080389563,13.83208537614448,21.506110763827618,26.78152353432777,613.8302444398068,9.89473023858455e-05,-0.01594899322050249,-5.2754856762884146e-05,-0.01141650942530076,-0.00032683485756686796,0.0,15.783589470631302,4.001296592419625,15.741935783277317,1.3769865290619623,0.584200140353096,0.6560884498155664,0.7279422583854855,1093.7241242342257,0.08435049287478086,12.655761112920846,24.72781076101447,0.04752895372475436,0.05217688675050129,0.04489656553627333,0.003880509521228736,0.014456478157876184,510.9651829107536,0.0416321722064462,4.0902,0.017429107623228572,0.03461060541622643,0.012762214023127778,0.0,10.870138539794926,30.70190447393047,14.07879469768979,0.3003999999999998,10.094449506017641,4.226445647603768,3.7938460142915003,12.591533335297706,49.31624093997787,41.87366279414263,13.60784644278441,1.6993683507874522
13.012417599148968,-5786.903659455911,2854.110189109991,68.15774215896384,14.824464630820376,18.54124413758947,22.558653848633913,28.46443305919579,609.8514266086189,0.00022585527322840964,-0.017978350685228104,-0.0002435880947704005,-0.007041158198807804,0.00032436196843817824,0.00048488847653764663,15.829697777923064,3.4643771242372297,15.887829994105095,1.3234261784761951,0.5239427238947649,0.7755169819061611,0.8037968493546119,240.4834315138944,0.09034863304452485,16.277590257791914,17.488174342733082,0.11305876418661095,0.08770711366781153,0.0167,0.0,0.015755142985897384,37.027000000000015,0.05052578992486126,5.25924640757929,0.0313602374511472,0.04705242121356805,0.007116882572810337,0.0,25.20275068908184,10.371054705101391,13.564387684959247,5.599636192788555,9.185774990595073,4.278644095817851,2.6879232464661733,3.1599000000000004,46.7392502081392,391.7217154152373,3.6093,0.868053842330724
10.667918831147436,-5723.570595452559,2475.0764330203615,74.83968579584592,-10.628116587216144,18.728804925308907,24.70857744272349,33.595602699908234,623.6409241602726,8.41465372292022e-05,-0.07142842629127766,0.0003104090830104462,-0.013234428269778702,0.0008752975476458247,0.00034423415014869086,15.751783529462243,4.009632774550362,15.616986166729733,0.9669623286143672,0.6938443604734966,-1.371866575321889,0.7952654217809154,725.3594738273681,0.27060198177826694,17.807756757967375,24.454157842302976,0.0797526170501231,0.0172,0.0732877964163235,0.0068131479762999735,0.015361147945368884,262.96044311092345,0.12145851304979191,5.339067474818938,0.021640288672708466,0.008,0.004851634610900923,0.0034076871450505757,27.353695927934574,24.95659480533624,12.285236574958434,13.117883896624678,2.6823734707290994,5.011116758069364,3.2398858209271553,7.352397433372913,18.0064,0.0,16.06522577839894,2.4342212854922125
8.237844074495932,-5998.890030958401,2811.340980908252,68.09918573863445,5.7572947620760075,21.725389482923184,23.31906202612062,25.866221564050836,599.4209265506772,0.0002193734004671169,0.08265671391617632,-0.0003008512551119505,-0.003681970247810057,-0.0012148654066396324,0.001118700545916126,15.77699845581109,3.6599678950112997,15.749788097702185,1.1691832862170046,0.6164019604868278,-0.04056062761435886,0.7777353246912007,155.00980008249286,0.03978598802727197,14.799468449471872,30.183278686930073,0.08819943481529208,0.03906219290617219,0.030487580420772525,0.005971773132361479,0.014772515654520842,207.8840423270173,0.05264510951754393,4.580909583979951,0.032284669000658496,0.0179435879749408,0.007524272320381915,0.0,23.266315191818062,3.3354999999999997,2.5786999999999995,0.3003999999999998,0.6279000000000003,4.499592095058679,4.819833464791639,7.091276044399223,84.66366829112093,0.0,5.143073921573788,1.9886513738304183
8.836324383801436,-5636.796448566669,3053.860834456701,75.56328638054804,1.099690993050102,21.73955895359105,23.28590382787986,35.05474671978364,617.1383506331309,0.00012644254381850563,-0.05018361068454857,0.0002899192449300116,-0.008634673338193368,0.00057432674339836,1.3446755333564758e-05,15.961159128918208,4.0715550988481795,15.976207572555571,1.0161061695477167,0.7622436167194792,-0.7522602572903716,0.7085478975869023,841.7268648014724,0.1800084180711856,14.969679106501681,27.330577628382986,0.033900000000000007,0.08582971243859329,0.06919573412537627,0.0,0.012221302478653863,329.94039075525563,0.07903659998827835,4.871870060423164,0.014885104301821713,0.03788439169424241,0.006193613317942439,0.0037681440255190983,3.184179251842238,20.071610695087493,17.116704235272724,1.2828543712236122,9.63960007568065,4.507003969746088,4.284200120061568,3.207735220066141,18.0064,0.0,8.205391326452698,1.2886785545225052
6.233924985114412,-5711.718299594781,2775.1014673713594,70.39399206465681,-0.9861870104343748,13.429996333343317,17.96886129302875,27.327692014095692,609.1173737260534,-5.476779298398296e-05,0.05397748371380241,0.00042437712135685114,-0.008211934780253918,-0.000517536097961176,0.0,15.939731763292542,3.812821363552162,16.00936536798713,1.2926273035363967,0.6276115357533409,-1.0066080712325265,0.706430884711716,782.4524702812305,0.034,22.32681840721495,27.578496393759938,0.06375438249579699,0.09618483904412525,0.03610918581123418,0.0,0.009523780157728288,307.7152223231179,0.0175,6.702911073764309,0.015070578343347556,0.04426635793591795,0.0075898646530682436,0.0,19.20684812437101,17.14925638316592,12.66238670928031,0.3003999999999998,2.2904639612035496,6.531176618859933,3.797181252284427,17.566979670109912,86.90335208954285,582.1887176771011,7.12118639338382,1.446443624690013
10.86510155074236,-5328.607458540738,3039.901101052224,70.33369249483765,1.9160184166137841,19.95038690464665,23.86107644115343,31.036952761876016,614.5971637562382,0.00015715067958291688,-0.11350000000000002,-0.00038136830681806194,-0.009492089676744088,0.0013292851280491012,5.808015349511083e-05,15.91555285770876,4.413014811712319,15.831123852406904,1.0771367942747878,0.7290989315877474,-1.3110155238683516,0.798321110106161,246.20582463749957,0.21074724732381728,15.126182797470353,28.895275629231463,0.08408258662196555,0.05069447531954184,0.043825225540635816,0.0,0.021933105943715215,185.99223732147436,0.12221764727992399,4.476197373988326,0.030154842773467146,0.023116063809257716,0.005875187207079862,0.0015870451378157675,65.15222796209332,4.061458627033943,11.527795457091573,10.175588173558497,14.966389611282398,4.820837376557663,3.642976880633257,3.3897760863236304,110.75952068507343,176.4096114690893,9.557777997243678,1.1781196942045264
7.505231897005211,-5616.228320079274,2687.3601018194718,73.51755667987142,13.096055526776428,18.355316121534223,16.919713295928386,23.420966580316115,610.9437102302081,8.266006974947673e-05,0.01638620185166338,0.0003774492589552396,-0.009759463070769733,-0.0005405242320615996,0.00011379790778735743,15.815096787224043,3.594287327612525,15.814174864384364,0.8479754459219538,0.5955514114576734,-0.02921386018382277,0.8183149959776935,117.91651943021361,0.11846150640991795,19.759934309345727,28.01248037490113,0.13043342894997087,0.07948512507950345,0.09535570280192206,0.002100207606570179,0.010418674024651527,37.027000000000015,0.04709502605970003,6.472611328767405,0.035774545016006604,0.03372812935795958,0.00304771050390596,0.0,12.715179086502594,3.3354999999999997,2.5786999999999995,0.3003999999999998,4.785048382589,5.625953683688619,4.037536072471373,3.882073413259633,34.87629871143953,949.7016008524638,22.15696112060429,0.9575399689732125
8.673545373403838,-4947.888481846842,2701.462155658795,65.85636561866008,19.294274338011704,14.57566242421365,22.05166881045568,26.392453327528525,605.72232993266,9.03246846228227e-05,-0.0020682747499736367,6.972545632331187e-05,-0.00595894717560595,0.0002863425576342682,0.0,15.876911332501244,4.015720193270019,15.859802468129663,1.0733047799868656,0.6749907213727582,0.8782246367053828,0.7047798065452194,1021.8852000040099,0.09616292938537302,20.816945016785642,32.94413166852157,0.13916696712980328,0.0645219105100146,0.09404611237350483,0.0,0.02022399171926394,369.06036410972973,0.08104537918371273,5.80043179791421,0.038524096311153236,0.03423755868802889,0.0036370480852573545,0.0018587316595405985,8.185497229258095,42.592829924729756,36.527946948269246,13.125723324117896,15.940801230663823,5.9073218474666565,3.937070694144074,3.1599000000000004,18.0064,346.8813821845205,17.90454557687554,2.1108538889828354
12.911567045984675,-5594.6320803834415,2656.5970191223582,68.94122494689057,-10.285900431168368,20.670049686749362,36.12335019224778,41.974248826512984,612.435625219176,0.00011903776913085534,-0.001282053453212933,6.99704315530986e-05,-0.008202589199193136,-0.00040406784177547927,0.0,15.84897121512554,4.028822855594318,15.84117398235311,1.42585048367677,0.6798426313020847,-0.5922353133415227,0.7973272758339559,155.09724935001293,0.18754156011140288,19.441253962802513,29.776339286344417,0.14108390498785806,0.0415523154266136,0.10157128386138095,0.0015088979024031836,0.011566558156700612,83.10887364697774,0.08019787993358271,6.673205235985152,0.03666983085795497,0.01862906574802075,0.0031327959719468024,0.00019377681893749475,17.92467538040698,3.3354999999999997,2.5786999999999995,14.2564344619587,16.79352521376162,5.740860256750942,3.866107609420026,28.433164944489093,124.3693597137113,868.4519550354454,24.937565800904782,3.2989375301603814
11.077033324820757,-5534.189151837273,2813.019117735372,73.0424011803078,4.950286857832974,15.249427876324594,18.03019153664249,20.14937464891548,612.0573516548757,0.00015593354848829582,-0.06386746536212223,-0.0005772456829123972,-0.010571527167036465,0.0010242042629733561,0.0,15.831340189365408,3.4663293789851495,15.815394724063802,1.1109276861111896,0.6503336739465101,0.5309643365756576,0.7868343095335667,145.1122168328556,0.04502886036668119,17.401797420534695,37.57458301445824,0.0365298978315596,0.06494940344738517,0.08082006253160517,0.00014346846877546756,0.016604320023342965,65.81734419224438,0.0175,4.914332921528898,0.013009760710910902,0.03177213134838103,0.00601750240870596,0.0,6.549551752600712,3.3354999999999997,11.770139694283154,0.3003999999999998,2.404843119730219,4.994931690409566,4.952139606456131,5.207911118860515,106.73560766375836,639.5216362409303,16.57892090849476,2.7661726097304613
14.1879,-5293.469685584101,2666.4538425512123,67.42359924505325,-6.274150478386565,24.086629537018908,19.341419653778875,27.959477593636024,603.2564581518625,2.8337132854463508e-05,0.021264646385084327,-8.199754716393885e-05,-0.011885953435676935,-0.00034614849011556733,0.00027104835909947425,15.879153075356362,4.3065815554594495,15.841442402978863,1.3385864476719291,0.6919526770404449,-1.2818822202167792,0.6937183099784002,337.9215232967184,0.10507370004215177,15.797572393206352,29.359971382313727,0.08868736763069009,0.04141580060797807,0.08477582837663661,0.0,0.016395229914224877,193.1509563753483,0.06080089426359932,5.92233779100459,0.025744808594929357,0.014653424137732294,0.003960244015218349,6.168676319751471e-05,15.450108608456773,16.528838964380977,5.305685974129176,1.5456387370743814,1.2795896916814726,4.456194291611004,4.099623711148019,11.750825019839123,107.8140950717205,653.6089152085019,20.095034665280785,0.3322005374698256
10.635222725071191,-5848.599587805033,2986.6075746555152,68.39455762719554,-6.377278480725117,25.080989716574983,22.319784600789085,31.581640525010513,612.4673986993423,-4.200531317803392e-05,0.037934612003166175,-0.0007383046226215282,-0.01072280742983477,6.5215785623764e-05,0.0,15.878978119488185,3.929171559751871,15.919726668507552,1.4080302199215615,0.6358649792774023,0.5377143959946646,0.721651946704116,406.7717834097599,0.13909690407501796,18.213379749332745,21.205300957545848,0.11627339283996216,0.0675058303097991,0.0167,0.0,0.0078,168.44125731240567,0.048047177149520025,5.803955166406102,0.028999737757233766,0.028835625006085348,0.00397422700059111,0.0,21.715135832270228,13.570805694570147,2.6950029574546264,10.571085413847356,6.333684513216753,4.8527399263747535,3.278966014364725,3.1599000000000004,60.50477775804964,149.295505875929,3.6093,2.2356479863022534
2.2493,-5086.681795592276,2628.3327616615857,66.86418577327841,0.9533319058145482,16.00454508093425,22.859398890504377,29.188640581346117,612.4577337841672,0.00013438927950325637,0.018096515054532053,-0.0001829142931620082,-0.009523180501858654,-0.00013763475542208706,0.0,15.83973925309443,4.371030665029322,15.891416470534748,1.2488505746618728,0.741170516104638,-0.19945033396620127,0.7359860587234518,431.4790452933712,0.19642040486534612,26.573388998797157,28.323018711875388,0.11723087034811652,0.08314338805395302,0.05407656451988064,0.0014699551063534304,0.010178638255687895,186.99350189038552,0.11865557845030325,8.196688480222688,0.030217833598919653,0.028755901510761024,0.006329479129159017,0.0,24.094782235893238,29.161251319356403,20.037587041040183,20.002203427848748,14.106475680844637,7.1093251130660065,4.0340451510104165,6.036504201550004,62.80634869316054,148.92650641850636,10.575707755826947,2.4307239624393056
5.293448077171669,-5012.259101064534,2559.9862878487897,66.18346609133748,12.901816737015741,22.72756424808872,34.75620678995412,43.05227590783688,614.7095977916536,0.00018356572755215346,-0.05147733259888061,5.352620117919006e-06,-0.010406714847437623,0.0006734883675929808,0.0,15.875304512176546,3.384149569365463,15.953132767698163,1.0051035913077802,0.5297894995720971,-0.5471704731646463,0.7458145501840435,472.4354485781553,0.10934136415657936,18.766706988699063,22.675651040385475,0.06156164112543987,0.056354650709480224,0.0733992390527604,0.0023472168175704454,0.020737222974832933,159.58427206334528,0.04643867136173102,5.987612071426656,0.015667174794524865,0.020991282859634086,0.005232902935174115,0.002000203596295889,21.785628021165234,32.985666546356164,7.532761750988142,2.861763327487055,0.6279000000000003,5.355461022209641,3.135810536614575,7.737852792877381,80.62078186731638,752.130360151333,18.028844596206234,0.3275000000000001
12.432054618781399,-6153.133388703423,2716.21579827538,68.92273854176206,-5.814573348345736,9.630211882915198,17.892092269253386,21.493747243527338,630.2052160961516,-5.060048220945437e-05,-0.00020293656312365743,0.0007755070016261968,-0.01053179811563109,-0.0002320107537435357,0.00046278619572017734,15.814950299935907,4.8551064769921295,15.787157427465013,1.3985201430900525,0.7832871156344295,-0.41395018472456646,0.7090969530431972,174.4591662164916,0.2196368120128988,16.78046385942488,21.292199111529566,0.08505058808595982,0.024913684004660513,0.0167,0.0,0.0078,100.98000527773127,0.08121619904814174,5.6912614993076405,0.026157701849733327,0.030139182630324692,0.00657880342874319,0.0,22.219251062210596,18.838976193993155,2.5786999999999995,17.412628722881653,5.551499732289967,4.611789414643432,2.929842853479973,6.929437318153642,18.0064,511.9109495168256,3.6093,3.8664989374178202
5.519239742593367,-5329.666434115239,2801.807660821927,70.53764252448185,-8.314046381422244,19.599855290850005,30.3141390568178,34.85113720465009,603.98770826625,-7.322394538668726e-05,0.014820116722788886,0.00016981986868347916,-0.014028485457287663,-0.0002280913032349885,0.0,15.771213610723114,4.096731432479594,15.750009620758735,1.143859073968987,0.7037330638152688,-0.7035321641820068,0.6764182562981066,1086.7790127193648,0.034,17.422401998388384,21.59597723344222,0.08140332582186523,0.09486425121759279,0.08100889781413018,0.0,0.011467313209355751,543.8585954964756,0.01971056593926654,5.270561402303457,0.016959577093487888,0.0524481018589431,0.006148265497820883,0.0,31.477868891671914,34.99605801089348,4.3668745006929495,8.64458029093944,8.541317301163433,4.893896089271734,3.6298068167560436,3.1599000000000004,18.0064,772.6593433412802,12.8249200811401,1.0316819754068436
2.5052589180851195,-5565.815408062152,2542.086691518299,63.990123051953375,7.200751430678556,7.159080616224431,21.983412300321888,24.90747376947223,613.3856543361659,0.00019784403935974178,-0.09587407617341692,-0.0001703510917570404,-0.008184544786990877,0.0012349703548214322,0.0,15.871561643830956,3.6824837167862845,15.926019005362159,1.2677768335721695,0.628138352370895,-0.15071041375905625,0.8012013270744894,317.92382292747254,0.20553544444395289,18.858456478621157,33.97584945064267,0.09745420808273939,0.08573486892361103,0.0167,0.0,0.01913287682421047,111.72563466389681,0.08977273655768525,5.3028556304259595,0.03328854134731723,0.04018387179129851,0.008564976287351976,0.0,44.48285743093345,25.767664915113016,24.07356287817408,0.3003999999999998,0.6279000000000003,5.272088910789009,4.8486374153432665,3.1599000000000004,82.54002701164673,591.195438191567,3.6093,3.052633267376957
10.310894212120875,-4767.335573845548,2707.322292381273,70.45247264679752,11.30409962559771,18.31945686020257,19.902935642944218,29.947004341310713,612.3708222204295,0.0001211417909148785,-0.03987332295020805,0.00017609667632263978,-0.010938705702585884,0.0006558687062265475,0.0,15.814034463544518,3.668313838550324,15.806026879358646,1.062909287693967,0.6760681966096735,0.7831062827856503,0.7416776835521119,884.377034006601,0.2405332654230688,19.664960674091216,22.578411667116196,0.0545954758885788,0.07330024419229515,0.10531786825060539,0.0010015994984067511,0.01685358329256472,438.0736812388104,0.10928557031598346,5.673074557105682,0.022262960540988405,0.03503248064390765,0.004894604520002316,0.0,40.669474795227615,37.191325289353344,15.021787527978425,0.3003999999999998,8.575041090509576,5.691673470538544,2.843929336342259,10.707744414227884,121.43015016611034,797.831334672294,22.037907406500743,1.7210402554930386
8.346186704856116,-5198.114434794326,2690.2290657025,71.03236284000721,-4.901442698854744,13.179263862611027,20.368622644659055,26.811427916924856,616.3244506160931,-1.5076845896207168e-05,-0.060444151582318986,-0.00031155886239426594,-0.01233140973307096,0.0008664049580280685,0.0,15.9378844189138,4.342964846907119,16.025062594041053,1.29454366180739,0.670667268787875,-0.5732797767528471,0.7208770195972453,76.0,0.08023053643998465,19.717197133553256,28.881725643319044,0.10316083244604345,0.08999941253012078,0.06824981496109792,0.0,0.0078,37.027000000000015,0.0567921898571199,6.375514604662705,0.024031818274121874,0.041403411100797774,0.0029217956930745353,0.0004185370943572822,9.366246271080843,3.3354999999999997,5.173164355140072,13.58019134400373,5.359034351371125,5.880381079152583,4.545699924725689,22.074325125753628,82.56865436378683,0.0,8.818635634441822,1.973322471649538
7.114046816131969,-5689.593267425928,2549.3814002638446,69.67206371714624,9.99677490894138,17.92178237459514,25.18992546597528,36.85918037686554,613.6109847664675,0.00022149028162278268,0.007295061848625456,0.0004760107994363134,-0.006599663267032935,-3.561157770978013e-05,0.0004934457129225964,15.66055702669708,3.8566204459851803,15.695891109182838,1.3660105180239672,0.6674865592730246,0.3204369524534787,0.7536649879521394,76.0,0.31988519767878687,17.532092674487636,29.482245749155418,0.09684481530127584,0.11172077505469899,0.047184337517437974,0.003341894366429643,0.011708595524213574,37.027000000000015,0.18510226119995213,5.984629150615031,0.021646038766963898,0.04482772369666441,0.00905693005580569,0.0,23.092623143018344,3.3354999999999997,7.2626545647025145,12.061000647633126,12.50202263399854,4.503041587121801,3.811685102920774,4.939994353100791,116.67618391575371,495.91235520678873,9.934986996193926,1.4953699093251298
9.601650117174032,-5340.108930810538,3001.2596193117515,70.7058834400198,9.518586246002089,14.006851252234766,19.352532056102092,25.533678041724144,634.3218,-8.668438306663783e-06,-0.06026924682919905,0.0001710785901647312,-0.009211722625098654,-2.8745485167326924e-07,0.0012184281598827313,15.858730193170462,4.8586896336616086,15.87553302655832,1.3823558621050267,0.7705723177422197,-0.16436593284493867,0.6819288600617268,973.9925496906626,0.18277536323627536,20.631182870676877,22.19036068936439,0.11473702561496268,0.03374921232438599,0.0167,0.002734341651782675,0.019060854948795614,439.2524486584586,0.06554841643672119,6.361184445426252,0.04073122193511794,0.013571117771839378,0.004065120718121148,0.0019425910015789432,13.054167739504848,32.59611555324339,3.736230885165396,0.3003999999999998,0.6279000000000003,5.830386233888493,3.5179210016096825,4.962513136004979,23.325310788152834,161.89439889508304,3.6093,2.101785525402331
10.015717919812245,-4731.0334966908285,2506.6631540870844,71.80449658153846,-5.938963436982922,11.318714905206274,23.593119275532178,34.79599983583888,614.537477611932,7.36706179565158e-05,0.019681165787264615,0.00014089494448782017,-0.007805881744056954,-0.00014894495286414013,0.0,15.816397194629262,3.9349981652131705,15.915773258845823,0.8991500025471373,0.6443133368169581,0.4953335762984259,0.7043282216966293,769.465109698849,0.16697972053429944,16.627497379959554,34.888825712811155,0.05293987284900577,0.0907456439209868,0.0167,0.0,0.01770488381611722,355.5718226045109,0.08647019850062901,4.8971429594841664,0.016811642017645186,0.03330023445710811,0.004733308494262766,0.0,3.560719959224018,36.44565230758127,13.592329097435702,20.840288630853404,12.365778384958727,4.943352566735255,4.007513671628846,4.286628442621626,151.41744555234132,986.6667,3.6093,0.3275000000000001
2.417129462210238,-5161.033714746737,2817.5807173661296,71.4221189974888,6.403564106253267,10.036386977614121,17.095674651386837,22.953302293652513,613.1736997135739,2.1005570398032436e-05,3.450812140913572e-05,-7.674134140639265e-05,-0.010795344950694341,-2.2971611705469068e-05,0.0,15.916510605337475,4.581630378055326,16.00091006879201,1.1352893322510336,0.7199921425778048,0.6811004966475294,0.7204302947858144,1317.0613892715571,0.21548866132103361,21.132868845896635,38.21232998026222,0.14331849781727513,0.06335468530095484,0.016936839814842643,0.0009029261665169719,0.013611702996015669,601.6213978396559,0.10018642267055822,6.26354407678129,0.04305708128894965,0.03882926383883117,0.0025,0.0,37.904766809676474,51.17070639337643,18.870101386313518,10.623245422703324,0.6279000000000003,6.090985757985539,4.835967618870448,9.039946339868434,60.19205982463931,485.01823380513963,3.6093,1.5238497075464483
8.880079267446536,-3839.128083651798,2600.254809690016,69.69150181970682,-12.1527,7.109911426032248,22.519825632294392,27.770921852543772,626.5276523548472,0.00019681335354032546,-0.05394643893039515,0.0003519314386708822,-0.010933610064632457,0.0004220808131564537,0.0006260657292598362,15.913102325134314,4.112296230087225,15.877332077485368,1.2592629422045396,0.6269726512330984,-0.9414225292000007,0.7076831254018481,435.89504542384964,0.034,17.968315062769538,28.255734234322535,0.12243232272195428,0.06421734578117333,0.0167,0.0,0.012775592900025137,246.47062062516775,0.0175,5.685863514881773,0.034101261141762325,0.03354094222976746,0.00747865492448751,0.0,37.7754412850276,5.48628290766904,2.5786999999999995,0.3003999999999998,0.6279000000000003,5.522612611779734,4.328195930763135,6.129931391953918,23.944854633007942,30.262969516205658,6.714292768107365,1.4537893442074794
4.631182302737968,-6108.351959096701,2693.237485932121,67.5847524199424,24.348130692229326,22.310442293681174,24.727190792591674,31.330708646089235,613.6904785507253,8.72041854071865e-05,-0.008579463858213135,0.000344991766938769,-0.007601467441968417,0.0004890216416975989,0.0006233983634262407,15.708973284950934,4.394511702390368,15.731903935993499,0.9973628055166449,0.6868600181891954,-0.7482275716924205,0.652631392429453,169.42820302408722,0.10498500778254999,16.864021225998048,27.38488918130665,0.06927629304860627,0.0341107416222305,0.0635959519505257,0.0,0.016268955181089468,37.027000000000015,0.06195432087983603,4.949835469013744,0.017581577908228545,0.030099426609992562,0.007245401139085712,0.000608109681676343,18.51812318767478,14.885577697126532,6.29887256921465,0.3003999999999998,6.729128047533093,4.76163134371353,3.805206810897367,3.1599000000000004,24.86590321867208,53.56360086001655,11.299556541152894,0.3275000000000001
9.51323214104726,-4973.7435677286985,2662.4913138717106,67.30160299973062,23.629225300261908,28.069621052804415,25.026110316045838,33.01712023013953,604.436375487749,0.00013750542564359638,0.024739362008788537,-0.0003677865714417429,-0.012524985293704105,-0.0005096501212718956,0.0006152585017313501,15.716203312044541,4.10726189981031,15.680686050289104,1.0257291485265843,0.7410451266297531,1.0641398555802235,0.7412338946004946,543.3072150804803,0.2609942570034448,20.37614844045473,23.46610036805893,0.06634493730965121,0.06816284103325389,0.04016436029855966,0.0015429902072365501,0.019255486439620682,158.6951794640591,0.1111830487242151,6.095383898411088,0.021124606927728842,0.02500942021330011,0.0025,4.5472998474462305e-05,41.32501519192618,44.85287314045071,2.5786999999999995,4.406156818065759,6.788425447814097,6.256359423957299,3.372263149186973,5.874786009424552,33.24921330323957,255.83643987283025,11.442223145048574,1.6540629262765107
3.5706594674810797,-4795.520861138402,2539.583365010589,69.3136171865343,9.923943232071183,13.94582460496751,20.09319431068822,26.873530060694467,613.9263722926984,6.651815300902548e-05,-0.045259271455944924,0.0007068601609321937,-0.0016359569299243,0.00029300915781784034,0.000372227676104817,15.791013454935836,3.1310919954414826,15.820195412407102,0.9958752791129122,0.5182241791971887,-1.0093971542375648,0.8343673595273552,306.25634848691715,0.2266327086162772,19.300094493942346,28.070848304882364,0.10518586776116409,0.09488359456755988,0.028060784421521788,0.0,0.016914154378100187,102.20259598910343,0.0781577781235225,5.490211797641738,0.029845036217160885,0.0435235369382727,0.004236655270299954,0.0005173618248577292,35.525802187510465,14.734056086055919,7.601136481173216,2.255887114471969,7.467031228443964,5.648512915312698,3.7005878818422184,3.1599000000000004,104.37458050108009,525.4720712962762,6.341440430814426,1.2966104222214512
8.228303041543247,-5437.6317058537525,2713.8341059981703,70.73452862194786,-5.737246615320757,25.524702012699798,19.073744825320514,33.461908427749165,626.9703346534442,-2.0329764935137518e-05,-0.07521491845815995,0.00044508571976332225,-0.00958051076733694,0.0007080717887260715,0.0002270647380751666,15.689818280607737,3.551860143504204,15.737908408337093,1.064599816287566,0.6217636521312828,2.105695613168293,0.7583944911485441,1120.3274553290294,0.17297424780881726,16.551187792335025,19.317118822348014,0.033900000000000007,0.054199173895180475,0.03534875323820913,0.0,0.014424842024050553,466.6441104467305,0.04786957862952667,4.741904622020046,0.011139866970381778,0.02905997585617007,0.004928150190976347,0.002376575157986718,17.381739999301065,24.60508562897339,2.5786999999999995,0.3003999999999998,8.277110105768886,4.366711974069933,2.6051618411515345,22.686651539760433,113.15636688134472,752.3280608160476,7.455528438311907,1.6813860979039374
8.477479252382004,-5484.016969518916,2334.42884123649,71.97663285021032,11.716941703865908,6.916455934586223,18.116475374693874,24.171510531550048,621.1822457028875,0.00010513009951340868,0.006274839289003533,0.000475031838962144,-0.010262424135357823,0.00029800029644876737,0.00016359669870039668,15.865437325629777,5.124295090932776,15.854790016610123,1.2409297114686613,0.8147502998965281,-1.2471916551115578,0.6419407664618961,893.0050656830414,0.22123573406056635,19.06215640499592,21.536155075957826,0.0429658949383753,0.05797443225107927,0.10825121476708593,0.0017599385526268808,0.01584256795352936,170.51011905468144,0.10458766123760638,5.1958224659277015,0.010499999999999999,0.030322871993130527,0.009436460966870966,0.0,20.62406599866567,49.13374967434947,14.269221770927157,24.88542571037757,13.786322330669122,5.539437819075866,3.217660407640299,10.707103310088263,28.80872631497422,37.148295697743805,21.008827857964498,0.9177732008004629
12.10379870264685,-6670.840831266226,2867.814402962265,70.5661425978865,3.8442964565060045,15.50516951476825,18.7253459549717,23.204532002419416,622.565587043296,0.00010519488663906895,-0.0022241862811251535,0.00030299004082475736,-0.009209142826440591,-0.00025423724816315917,0.0,15.937831672158435,3.102078425975751,15.94189820031853,1.1267207200622074,0.5162771429263538,-1.0389069948384482,0.8492566515658606,283.1730212091473,0.034,16.794763355305808,26.96547225142248,0.07659532266149612,0.0172,0.061254640482743254,0.0036001958280564095,0.015334768504228697,37.027000000000015,0.0175,6.044162468119079,0.0315345580264661,0.009738561989224005,0.007099863663367606,0.003432815973818152,1.328800000000001,3.3354999999999997,2.5786999999999995,5.866298984019518,0.6279000000000003,5.752645934456105,4.29208190216388,21.21461363315241,41.3890770727843,40.63959072337383,10.018897904609748,0.7170380946232184
9.334512029757217,-5224.146648754009,2542.922899772396,75.9444,-2.9878178654152605,18.858961110566607,27.162551847334257,32.55108419135564,601.5728860066245,0.0001861491184816005,0.0930271222519565,0.00012794579728830024,-0.00963337804464887,-0.0013016299999232734,0.0005648141190564261,15.938263298224857,3.2161864499013664,15.911687575342315,1.131176847842998,0.5385211211420553,0.1849154809842709,0.8552227767338954,277.94997706702986,0.24596004276589462,18.111858916246913,25.439525326360318,0.0867212830210451,0.057845034939132935,0.02315100978818774,0.0,0.009212924480340917,140.6281141148717,0.14381670721940115,5.873150129048645,0.03053465093449245,0.022160842824835363,0.007264235429132911,0.00019004633269784055,21.479138825457078,21.622312151266875,14.514630615074044,15.888323899307455,12.660134128649988,4.723794544245689,3.9754766986436074,3.1599000000000004,74.60398446085064,0.0,3.6093,1.278443089601579
8.390836788728176,-6436.371653531474,2959.7502552281417,70.09498897383821,-3.4142551351191357,18.40028777821774,27.129558500196218,32.103035320849905,608.5048927729489,7.162569603962837e-05,0.01858605727701605,6.602336260841546e-05,-0.009645207038055399,-0.0010130352392902103,0.00110353287753886,15.697034565934871,4.050327312051437,15.756919517050218,1.0569427425652231,0.6693473857391189,1.072241063158573,0.6445961144872644,575.703158114419,0.034,16.399146536040483,22.59824959551422,0.093310805417331,0.10949323983012563,0.09590251073158784,0.0037260715324596515,0.01631877850933452,316.48118964252694,0.0175,5.584419941506469,0.030141521444714197,0.049739213878347545,0.006053822655977477,0.0024809928045937653,15.329522206465784,25.843333202878,4.41711107909442,7.316468803005973,16.572116321336566,4.611971786701594,3.2439266453707916,9.973712229568802,115.05042255743365,428.69372769166023,16.420399013503033,1.4281251140909144
7.707571275646489,-6174.426004246571,2675.727869201458,67.24442162120116,26.25679037136381,16.352763042524728,29.117388244854293,32.9387471208058,619.7096044660171,9.806213231659274e-05,-0.03411539678598329,-0.00031238397461960183,-0.0031089136800296962,-0.0001756258795282362,6.841914660334204e-05,15.742161163788085,3.9646595951759385,15.72132175154121,1.184229711858906,0.6718333876753222,-1.4701364185898842,0.6889305866068456,162.05049091396324,0.07801439226583447,18.69914810002384,22.974248425147156,0.08222633954683713,0.08844474829362653,0.03786559002427801,0.0032872974207026266,0.013622903778091621,188.85795735504183,0.0175,5.551621652990251,0.01970780188745222,0.0450163073302318,0.006436678208808258,0.0010053375307960471,27.048546045350236,12.359779576422824,6.044358006377973,27.022260608510173,9.483689475362942,5.070543995879083,3.5814339597871374,3.1599000000000004,78.52583530392354,0.0,7.538574235622558,4.353344601896634
11.182342964777565,-5725.296105501079,2812.9690357594586,67.39922080787596,-1.4956863282675266,20.592558102072058,26.601628773623354,31.69741112136904,619.2719993772539,-1.088200519928879e-05,-0.0059091748355587755,-1.7064758463707213e-05,-0.011003928061425944,-1.4092281192629934e-05,0.0006632021907542974,15.990597179368985,3.4954691807493625,15.964493578478063,1.1816679832928583,0.594075168952677,-1.7946179631929617,0.8135717532111333,957.1389579275949,0.09327984979036771,22.913723438765743,20.810810538053204,0.08246348869966713,0.03845869069627676,0.08838628818299757,0.0,0.015545016749961185,335.31738069856794,0.04153419563184468,6.522144604490594,0.02559364861151284,0.024624185583382564,0.004035069790998309,0.0013914080618213703,25.05462070645472,27.25652527205563,2.5786999999999995,0.6349364131602595,4.077400511533675,5.950864890375991,2.8302627007357106,3.1599000000000004,50.100635382840245,0.0,14.532320669544518,0.5085279596067915
10.386419490703618,-4803.219825967004,2755.04243268568,72.44546104346631,4.519155814014069,20.906582891302385,23.893387553781817,31.252012644089767,620.0415750611444,-3.115338375506656e-05,-0.09420373900167636,0.00010420166691854719,-0.014289463630672792,0.0009298246817511605,0.00015007648578831275,15.826273181888759,3.3219339722676047,15.81867167191822,0.8117888524200405,0.5254189098925623,1.571319793866271,0.8278010160564148,1052.5177560998015,0.06459751720520249,18.015479528181856,24.01430197324751,0.11152076321172215,0.07619055002319565,0.0167,0.006604167524925824,0.01811423591449185,510.6257754727379,0.03558715290106419,6.302837170569247,0.04417583406613307,0.02566039200644811,0.004847756574637369,0.003739548968083524,1.5311897962263963,35.76775632582078,8.696443996235036,0.3003999999999998,0.6279000000000003,5.409626704445739,3.7289278296038524,12.55875132556245,18.0064,47.36854261255198,3.6093,1.0978588264699423
11.376447799041998,-5174.003245007184,3084.6607557383027,66.06547828938412,-0.6588769077480419,10.590212750786758,20.08023396753028,21.477949730299326,621.8627294054448,-2.443826859777358e-05,-0.006949832710023361,-0.00014002345112981105,-0.010001764305164303,-0.00014274897580273868,0.0,15.955235121841222,4.248242455104773,15.998758613114509,1.2801735215035346,0.6463353740336975,0.040913351460374336,0.7328649103026981,1223.5339877403871,0.1046395336727975,21.65194925366017,21.891076700883904,0.09220898424462987,0.07446355320902763,0.0167,0.0012394136651217664,0.01869910979212118,639.5877562899776,0.0457938719593122,6.661214457311279,0.029178099581167367,0.03172334807984068,0.003974366138914508,0.0,21.432968061170858,30.40122453246345,6.3437799625914355,7.192901971994346,0.6279000000000003,6.049957858865405,3.1466014719091655,9.286866290867675,119.74236752394239,269.2401040115935,3.6093,1.0188158809484305
7.554732312890543,-4857.9063563009995,2053.0587277768655,75.73376898674033,4.275124569429923,13.17683745703432,16.34987462391017,22.578474869807224,606.2245667633376,7.295225592143461e-05,0.05522972130383888,0.00041096094704408647,-0.007633149779370867,-0.0009908377724393497,0.0,15.915059833728842,3.548305107225241,15.916174500935504,1.086309163049517,0.6053375057982698,-1.520307863883263,0.7856689454119115,76.0,0.17787947637713156,17.314642720722052,35.7676106805804,0.13568238341638894,0.049555830142641304,0.0167,0.0,0.010489135971137143,37.027000000000015,0.09781868678146863,5.730088265136052,0.03082494503159161,0.0219272371583588,0.0025,0.0,13.675996468133974,3.3354999999999997,14.690821529419209,20.434185910627843,10.293458035341894,5.378835996850984,4.564073550692614,25.66344198135827,52.43149482394576,588.0294855219479,3.6093,0.8319462334564555
8.196287960853411,-5692.1238283810635,2423.1015434074275,64.27818337971746,-3.6848222141489564,17.351245623943456,21.562551956617007,27.816758304384326,621.4211174575781,-4.076356878392601e-05,0.00924541060527346,0.0004263168746181228,-0.008506369335910051,8.472484415370904e-05,0.0,15.756646150451978,4.186274747994894,15.730961728991543,1.2088908800653868,0.6919936891583329,-0.08577135611311898,0.7521545933778502,616.8794132558319,0.1725038049486509,16.68404616719953,21.736600371609697,0.10124671408655127,0.018669862851420943,0.0167,0.0,0.008983950600229107,328.8443370629373,0.10416141426259207,5.70317359538347,0.03190838641515402,0.008,0.003121093523465758,0.0,25.836713789726033,30.44666172484529,15.846708509404127,0.3003999999999998,6.629443899493812,4.546658675829185,2.5775348649891896,15.501534463492886,18.0064,391.4935292061767,3.6093,2.193568642553355
3.4845253790309076,-4570.057375542164,2397.9304339103383,67.7623914213819,-4.240716512752451,14.951102079314584,24.989948922086597,33.62212041672396,619.1945968504615,9.58096344413868e-05,0.12637528737324089,0.00038878568194756905,-0.008336489332624694,-0.0014494263318003589,8.340876427076169e-05,15.801144403660423,3.4752753766754902,15.842040683476908,0.9039052271025232,0.7013461714701232,-1.3687121724465983,0.8764,492.2069294774818,0.2098740997904746,23.30753601361479,30.631599499365233,0.12247315017823457,0.11323007432042681,0.05821835252063326,0.0,0.011077121722343809,216.78310416533668,0.05778213016587557,7.020149291614368,0.03057909856259919,0.04871959081526667,0.004625103290946015,0.0009243366976947028,56.032710273852395,31.915383297223013,23.787637165423796,9.404704034701984,0.6279000000000003,6.1419292670445085,4.387362509290101,11.951270808406917,63.57831448886082,858.3033339707325,22.372754362548058,2.2812644063199983
7.244480984410642,-6183.742751495632,2722.359496011427,67.96165631345364,2.1977362061160512,19.751681142223454,18.847896739127233,24.19757753531749,617.309503176881,-3.27275419693189e-05,0.053267673434558786,0.00036269577188434584,-0.009156293339224124,-0.000872355349894536,0.00046141602375861994,15.945929420766449,4.594852074396324,16.023211367259016,1.3112738918809062,0.6567035346535398,-0.8800341869433694,0.6718863694419974,364.2782884489597,0.034,18.567441737588453,20.55976490452127,0.120359196512655,0.0654817717638393,0.0167,0.002942515227813413,0.009446053513433366,124.36713911448044,0.0175,6.43313558328484,0.036885350999406354,0.03311935195702922,0.007314474275309972,0.003931130536600233,4.415770905457627,3.3354999999999997,2.5786999999999995,0.3003999999999998,0.6279000000000003,5.546736293994779,3.47441825234415,5.3548253659578515,39.753323783660065,14.025230653348672,3.6093,1.4239077863247296
4.257372944562781,-5371.300597417486,2607.359248235516,72.95524206385568,16.205205852333535,16.68621115109752,18.370129186948244,24.32742194945107,620.6138043463178,-0.00010115597451947777,-0.06988535113189354,0.00041967481097391696,-0.010061374297017898,0.0005208323105971075,0.0,15.834333461318533,4.153449856509262,15.875120211827054,1.005809195885202,0.7031500427157159,-0.7799788432647543,0.730833852990475,673.0132048265672,0.2229341186819911,18.44083163014968,25.447445761161685,0.15063221425210602,0.09777133318666831,0.0167,0.0,0.019011917626249174,281.8171489769697,0.09386648245031966,6.3510526645549135,0.038756857575388326,0.03770296359590962,0.002926931175858099,0.0026600358756971713,24.03552243831222,45.72580895525424,25.92824896167278,13.37435891749604,17.049181315078766,5.321552486022199,3.7622749718893584,8.034512121651824,67.34066726363831,19.892929191080725,3.6093,0.3275000000000001
11.508148600624454,-4253.290851672375,2578.3781189699766,68.30946102213193,8.204912556706196,18.655854333093462,26.875868663824978,34.03131272636092,613.7049364398202,0.00021460430357602965,0.06624933981259637,6.483353940864642e-05,-0.008564400873309829,-0.0008530165277317722,0.0,15.79805794319636,4.638326897780804,15.800620259889474,1.6599787227286105,0.7299421885204685,-2.122780020814453,0.6441553390743531,465.75242012686147,0.2142908426134989,18.657857597336868,29.718517621754152,0.1290569457953388,0.06788677461827287,0.0167,0.0,0.014942262677681045,279.0150425845005,0.1370835585030707,5.402775608786453,0.031140079644436998,0.024449462407011454,0.004370663028799831,0.0,42.18346668344816,26.26656432010656,5.653118433850494,8.036540862441145,13.494724574271476,4.921290840600968,3.4130609070548226,13.937175271121799,77.96433362459302,432.0860352832237,3.6093,2.549200178273707
13.894634078795814,-6023.044383861725,2867.755619276712,67.70777581605057,0.6427980999126981,17.836926099760078,14.961791870128083,16.8984144310281,619.0847346225445,-4.884576192936464e-05,0.00646186585257385,0.0004039969519850529,-0.013369654285271662,-0.0003528469113159421,0.0006712153404923858,15.813711716099572,3.982547597864808,15.738426742599062,1.2072323569122796,0.7728953206262839,0.01248162511720019,0.7508575452743157,731.0731391041563,0.11963599963253611,19.015355711873937,16.062,0.09387006628089377,0.0808875908699841,0.0845528285283946,0.002843008435442403,0.0117866857859791,314.4533354234231,0.07665023031569415,6.490619170919806,0.032215988129725315,0.03161463889987097,0.003533714085135462,0.002525006465855047,11.048874544950245,11.81478073178569,18.271003133667733,6.201768033561157,0.6279000000000003,5.947681963185851,2.1869,20.18192635599037,45.80854186558811,498.87400674369144,21.32009834995042,2.265103312349464
12.21392255708904,-5834.106775039738,2656.2328090204924,73.8376623880826,-12.1527,13.13711517690362,13.760370079257584,18.126952936803825,605.7943229645133,1.581723863051635e-05,0.01364486023320008,0.00018281660453623995,-0.011879118281965443,-0.0005115643861956759,0.0002058491910303499,15.715672444999896,3.806836335345343,15.645619125280447,1.0295020127161714,0.6463794410720387,0.8417938947443744,0.7861235359075273,394.1743919047258,0.05153622444425368,20.50762302816762,34.66307322096867,0.1176945806977629,0.031483216696706354,0.044894196389021354,0.0,0.011882510799565673,250.3032864700734,0.06102717959366489,6.878937948607897,0.03751603819171006,0.018756089502331028,0.006826940248182864,0.0,9.500341478596487,13.442981005900064,16.22511885034334,2.0918661297219616,15.079977309888317,5.78686496592866,4.994968478632512,13.386451441771754,27.156909048754475,0.0,8.380824002186403,1.0350080885865542
5.372823652216304,-4967.65680976864,2596.835154542859,68.3746357867975,0.5611639969781419,17.786260090406003,29.56967503486068,35.17979348357796,610.368650066202,2.8870159742222186e-05,-0.02695479733833932,0.000225693478823145,-0.00662837288060159,4.57835347694908e-05,0.0007112599844080801,15.818383784402462,3.938558837343127,15.782920136748574,1.3763456841544957,0.7234647844283107,-1.1953603734701954,0.7190789370668308,790.0249619708075,0.10021882170292612,16.15935183062357,41.69066938013494,0.11155263762551766,0.0621866469948204,0.10470088592304906,0.0010688918648986297,0.01824491431135862,271.7255228739895,0.06335050357513715,4.655280545643716,0.03614311421765413,0.01901765665527998,0.006141447492995052,0.0,33.627772783213395,16.902012906101028,2.5786999999999995,17.99738888564483,0.6279000000000003,5.155188243248621,5.434291321120892,15.299734505977117,42.23085455984948,399.15352900978,19.682414085634527,1.6414338026652744
9.2455751371483,-6035.483022964712,2729.5258590298345,67.25957899666562,8.108841910202278,16.516151341170687,15.108944605901417,21.89006561790194,622.2631678991024,9.305375056128559e-05,-0.01939914674621956,-8.918247732801955e-05,-0.005595705227013494,0.00030150311025487213,0.0,15.85184944508223,4.560149951750103,15.881485461601928,1.384248868313167,0.6994022148416413,-0.9521603694816363,0.6988663544747722,76.0,0.14489623627344358,18.395354374148415,27.928543793670798,0.056899270360388485,0.0172,0.029519023575847847,0.003915738701736636,0.015959336401923235,37.027000000000015,0.05668970780755337,6.192421322185821,0.018643709779703387,0.008,0.0025,0.001534435349074638,15.727319109232074,3.3354999999999997,5.491303837930365,0.3003999999999998,6.927309221077359,5.123663930337723,3.573141451441731,21.35473152218187,133.7185781230317,0.0,7.081179580526667,2.7633809627281263
5.912792117434366,-6556.072077644175,2816.813161919252,70.10155908549689,12.00799894332066,16.69432492165449,18.341980564663597,25.100593241249396,609.264239236365,9.061121315716908e-05,-0.009280363935826819,-0.0007439025786031173,-0.009536637551770208,-0.00017830616863169667,0.0,15.780439530173359,4.716695116285945,15.801981701750146,1.5821173948315088,0.8440860607632328,-1.4962499971530459,0.7842939386481261,511.91413004120056,0.1302463568101475,22.19043229816511,34.28612819271301,0.04919779200025431,0.09494018134658097,0.0680661446155664,0.005256438886323026,0.019792352498100525,330.5450023434371,0.06287799893753258,6.930727126057006,0.010584981008810246,0.036439995796173325,0.006775735075379135,0.0035283047256896953,1.328800000000001,17.336353185994334,29.75927069993387,0.3003999999999998,4.743164043420093,5.765477961560835,4.631141189252923,10.83531089070754,97.63583560602174,0.0,12.081798567905254,3.5256616400642464
3.9916221901883127,-5940.9943343150035,2771.3607379966957,72.79417734974955,0.7508002081347942,5.811538196288945,19.871039326525736,26.233521578733395,632.3156593338764,4.9614097566126676e-05,-0.0473380608585485,-5.216962479980018e-05,-0.010249828211047677,0.0004065945202035414,0.0,15.740225283088888,3.210497304712656,15.762018172873418,1.0581999719404072,0.5175892562352286,-0.18039299009362597,0.824182350731855,809.2831523916515,0.08035382109182695,15.895989009755448,27.948604423907174,0.06176946016228991,0.13068486662468093,0.0167,0.0,0.0078,292.3098747863524,0.06950083765289115,4.932845674041349,0.018166133392663642,0.05749248733676737,0.002630867672918388,0.0002721483878431757,33.22372891151244,8.299243814265306,16.14114923767916,9.042637543999128,0.6279000000000003,4.504340405268351,3.9245568788132212,12.836803424419267,72.24861122344899,0.0,3.6093,2.2867319981379337
5.766189895797278,-6361.860053604497,3227.5960620087835,64.50555714739241,6.181327117901262,13.226991911557558,17.816132972746967,26.192360595984066,618.1243821313749,-9.791749884423558e-05,-0.048574288712804885,-0.0003413230054899246,-0.009382730057513743,0.0011662527961634813,0.0,15.76265032166813,4.227219893339872,15.754115025257509,1.0401517209802582,0.7037049313025555,0.17789060312832594,0.7145785079958189,464.7130975383398,0.034,16.9334881900189,29.114307589309767,0.06265988876116793,0.049914632563709614,0.017026415139227414,0.0,0.01905139191224363,199.4375658286016,0.02163664027330091,5.728853142624793,0.024253020308245367,0.015511961719242448,0.006666924064256268,0.003332642895665796,1.328800000000001,12.650925406992855,10.628475817324968,0.3003999999999998,4.977558212414214,5.231112651756923,4.171685609590976,9.555726783999763,38.9789752788996,518.548199948485,6.098068582887819,1.404012092293646
12.830422216038787,-6485.042277136541,2785.1508913342645,68.6867794088016,-1.136446029570712,12.676659368613763,24.325671619338443,24.67354304571467,610.6091004523159,0.00022126024938560917,0.07932123540111552,-0.000639652842170105,-0.010212915160674074,-0.0013755410400136522,0.0006160440436629796,15.731640665247765,3.868973787357977,15.677345845478477,1.2004361662939922,0.6464971937503189,0.04026137694963183,0.7574802248204173,76.0,0.07287838101869347,13.930222662624907,28.784617100920926,0.11708981861977844,0.06851109990794893,0.0426185348169861,0.003369723294845551,0.019165597739067456,37.027000000000015,0.0274821197198801,4.5053927462703,0.04082466325676435,0.04638811661044703,0.006511382701971357,0.002245766725510766,19.51022526367387,3.3354999999999997,2.5786999999999995,0.9582548862999634,0.6279000000000003,4.297603220740699,3.9359573085772976,9.403072917166215,31.11473804369546,795.1225966170101,4.707728735054431,2.1156469748854247
8.795270471785129,-4604.339965036112,2390.6722023005577,70.89236246501981,-6.708289356083386,18.458199519290055,20.789786302533155,31.25375367465997,615.2224191064041,8.178903936813015e-05,0.007817289123996178,0.00025832452568547935,-0.01219086498221119,-4.338376390042529e-05,0.00016887852350895327,15.77236523000027,5.010879555169409,15.735415856636434,1.7074617581831444,0.7784849320403436,-1.6642554740326438,0.6660583059714417,404.9491664593037,0.3093770271403572,20.67483598976625,27.01388298069417,0.04503272353057976,0.1131055607768976,0.0167,0.0,0.013073795654202807,72.47230583737297,0.17546649442676596,6.007057400173855,0.010499999999999999,0.05405027007198408,0.006072257916379433,0.0,24.410505026992197,3.3354999999999997,10.576824022972147,1.615803221776324,7.292988656463698,6.210420423569259,3.6013390720813008,14.936294531789656,18.0064,349.8804722810231,3.6093,2.431011665046144
4.412384334624363,-5862.638922347951,2995.0042305526335,66.10779723014096,11.450403701347598,15.210556640969834,17.550190785712232,24.915798802884915,620.2684517205115,-6.13207014388468e-05,-0.04836963676846014,0.00042620508990828685,-0.010648120069305675,0.0006713534931466035,0.0,15.871692883740488,3.5060810088463246,15.925367704483403,0.9239034091544627,0.6376523706019895,-0.10650263052067693,0.7761263429138123,1101.556025977532,0.08883916613871802,21.655824094617646,23.138670380835823,0.10182018938869898,0.05176436900571703,0.11352271891358172,0.0006232726381126803,0.017461006277208,495.981455677663,0.043849008756069424,6.821764234414607,0.026938992895769898,0.02184346153589902,0.0025,0.0018273742850007874,20.33572916456672,30.373271230209895,2.5786999999999995,0.3003999999999998,0.6279000000000003,6.327589287732623,3.2449857408817953,6.18577941276968,58.566120764888,830.101551553327,21.929860754796294,0.9592721701836908
10.921039705988987,-5413.897017536534,2630.8762651031734,70.70720173145662,-12.1527,13.821741526157224,23.168816256707718,25.50789090611458,606.8073697317981,0.00016926783002845479,-0.016881263322970956,-0.00020007738194235115,-0.00753530555139911,6.586790371051748e-06,0.0009618053178151467,15.903228926319738,3.886353051481839,15.806745084159195,1.120751454756577,0.6515192835606999,-0.7732479402859579,0.7602771403061874,624.0479132413751,0.034,15.796849155375666,29.258893270071134,0.07558781098116082,0.021846434169615472,0.0167,0.0055311903122402875,0.020615757440375516,398.60581526037015,0.029257559770031714,4.862094719006387,0.028808369775799987,0.008,0.010667879465571985,0.0015424215140087346,2.351480480015585,27.93885816986534,2.5786999999999995,0.3003999999999998,1.811426513567632,4.7222246087807935,4.339463541252383,3.1599000000000004,44.62522919634498,366.86142482016584,3.6093,0.7970793314864976
7.879027144146244,-4940.847811433392,2558.613168843773,70.59746151211212,-5.267966282910205,18.219905193177567,21.4146037253246,26.097196545890274,596.207992877155,0.0003324824598747425,0.024304189908218372,-0.0005316785588983565,-0.01071239126744145,-0.0001846447815791022,0.0,15.786305636613541,3.894660450576494,15.72817111909045,1.331234913693697,0.7010099899613147,0.22626600468515135,0.7534476256992796,239.23601553653856,0.12409481793109062,17.58717129277121,34.07259319606195,0.08258082487272049,0.0738230250664739,0.048830109413260894,0.001216496915288334,0.01434891263312503,169.72757109683783,0.06403891832323845,5.648449575240912,0.030811745835939843,0.026672179992375894,0.005006270883688312,0.0,52.124457999265466,31.984835178207412,11.446576147201576,21.4718397732276,11.158518610363023,4.750513778501743,5.153245735583321,14.123943626221097,132.03852607384675,429.55520628162867,12.17602706455433,2.033735812246784
7.4743406593926025,-5037.138275716737,2806.0521195056963,69.13532214371361,5.112580154271658,11.27321531454588,22.067251538837397,27.67309075289098,618.1875419085678,-7.333361540419288e-05,-0.04509036051315839,0.00014185292662686447,-0.013476751778133147,0.0003737614979031233,0.0,15.757476374027645,4.85415388194497,15.79930748382374,1.2936998908580881,0.7962864434192081,-1.054277343094972,0.650983980954262,786.8787183727466,0.09689475657875214,23.826159733116686,32.816313421020794,0.1432777937067842,0.1317116155634123,0.026994696801974555,0.0,0.012275473164814268,286.2358074561759,0.04756675920462289,7.193187745529342,0.03689284182961226,0.05878439389404535,0.006062102558946156,0.0,28.531489282688643,33.65314317119844,21.827873755893766,3.7282088123054082,2.2633732956248123,6.5365534407732095,4.58889110860587,8.378467272857064,18.0064,752.0693303047656,3.6093,2.449027438530245
9.611092876853146,-5035.737522602772,2908.335579706184,64.93550980257493,10.539439974869444,21.809046781907327,27.534364021691495,32.355417501628125,595.3218,5.2558937000057954e-05,-0.017724392046803417,3.2189390437874285e-05,-0.008740739251515514,0.0003680615764864822,0.0,15.900036510918685,3.467373654578232,15.969827589765499,1.1806001906530939,0.5459417030399225,0.05104692623635465,0.7580722332999811,76.0,0.10215399490171591,18.342605152293174,38.98136996229681,0.12294160584985296,0.04752215901031413,0.05663837176108133,0.0033602245892083134,0.015949799843449016,67.69494411906493,0.042920943887476776,5.448798978877407,0.043823178807569724,0.025352876575678637,0.006630895182772357,0.0005234688121470025,2.304539575841517,3.3354999999999997,2.5786999999999995,13.752659553173325,6.487596259684234,5.539376923263062,5.526127755768908,27.950769405570746,35.390369207440855,986.6667,13.452300638189712,0.3275000000000001
6.448668718724905,-5796.120141592823,2886.7995577755023,68.0217655181307,-1.4368678712882397,16.841959276883685,20.852015536878284,25.56742126514871,614.9511757512046,-8.751488548444623e-05,-0.04050575045425182,2.9437578968768167e-05,-0.010153231682643619,0.00026691903326876324,0.0003955368584586805,15.847613121349234,4.428818955552916,15.819796047407804,1.0115619596472412,0.7706025975285001,-1.826772958563689,0.6486598681053934,157.62398662342133,0.03905950820670771,18.674630697899087,25.687939357890546,0.11842270951062517,0.10599810040965887,0.07158662959132447,0.0,0.012782101586213264,119.02337439829728,0.057955319082072465,5.197843200181769,0.024982009136521835,0.05557691391740203,0.008955052960281599,0.0018449856971177576,15.933925927824223,3.456215809836518,2.5786999999999995,0.3003999999999998,0.6279000000000003,5.2478562646972575,3.63835184340664,3.21162960062039,18.0064,302.5785684460774,13.547318058462576,2.0937175142323174
12.688566005555339,-5567.0634972546495,2901.9097847116473,71.77808067291585,21.85162004236477,14.18297112608508,22.929257806725694,25.953628149178982,619.9076652008179,0.000166536709338525,0.019864868022596287,0.00013409782497793464,-0.007168783337309986,-0.00022483921960860683,0.0,15.824404543236476,3.4904500812294166,15.762491968300145,1.1391106815841638,0.5509229902379016,0.0383529439079644,0.7664598329884532,480.6849291138376,0.12375832927888777,19.061933083350038,22.127724324705028,0.11327806369098825,0.07549019905698184,0.07712751851934183,0.0,0.014455697029037231,192.59675504119846,0.06903613083071804,6.429310613345085,0.03625245998314352,0.029637412877814694,0.004025150265078917,0.0,9.858278973385127,17.943104689628825,2.5786999999999995,7.045442716195724,4.105074400641488,5.699000192558195,2.8812507871218678,7.572780906495023,44.90288477905416,0.0,20.019419897367325,1.9885394832091325
2.667973252909513,-4655.0730118445845,2328.734420896119,70.39325102600935,-9.889820087820802,12.036411966177797,29.347666259691056,39.92685619129996,619.5931496055815,0.00019711693214003576,0.010514624097531806,-0.0001771801863961639,-0.012466055731070591,-0.0003839246037406257,0.0004315170559914197,15.858687967005672,4.290443088430551,15.865454634690662,1.144192488122905,0.7456665356213428,-0.8699857964138771,0.6571018739663442,530.2984768243762,0.19573659607226424,16.888683971679484,26.855963479482273,0.1452506141892591,0.03056594513449481,0.05836847188169596,0.011409380378708483,0.013252221715725002,329.41180070905625,0.09991923912295148,5.591727162816569,0.05143205879797787,0.026019538912394006,0.007068351519039879,0.001559063780950534,20.817640506173362,15.01469763458117,14.432025190856486,5.7899066586458945,2.5800359250198346,5.231673116743336,3.862436453478872,22.227346216874803,18.0064,378.51524637863594,12.756220431655215,1.7116246865339668
8.14196619097137,-5566.313059258326,2664.8328056423,65.12524443068418,13.246842303160259,17.529257984436864,18.656491266600963,27.88502383943937,606.625657881966,0.00020734713373995838,0.0015403652411046895,-0.0007323966190298282,-0.012464078805314487,8.812009199213711e-05,0.0,15.858486154583426,4.318034707967413,15.884722766231173,1.3867002088066935,0.6892037955413994,-0.4699341619631272,0.7166875041617224,230.2859587644295,0.15113916763745622,19.281786561472718,26.59981564865883,0.04066467210990995,0.061249888289865696,0.08221849409750821,0.0,0.014935542875871474,141.61816190771253,0.09441220745926575,5.628428405683951,0.01200512842495592,0.02138868701620091,0.007298332716600317,0.0004812235895520883,23.494827932931376,3.382527796049139,18.822725271627423,10.511364338838627,0.6279000000000003,5.468470831595808,3.110587178253101,20.78352474266488,69.06139784176496,0.0,18.10207185582736,1.5087046145801088
8.559630207462462,-4910.711915406818,2786.34725517846,74.48456891063432,-12.030982428054493,19.3919857036744,25.81754533898208,32.39348625451815,612.8251676511222,0.00018093302258750005,-0.09477880842462516,0.0002919482763429056,-0.008558893748547437,0.0012663688079536572,8.423854292103829e-05,15.83134015197676,2.7938417032166667,15.763639797522721,1.1482022911415264,0.5599321670975637,-0.8733171960561328,0.8764,652.51039099775,0.22884238988223393,19.94805926930102,26.60917547493892,0.0565950205163234,0.05627418034323171,0.03562107891314576,0.002782578776120031,0.015827517417226673,261.6110617929709,0.0879503290340797,6.228926101405619,0.017063857727864316,0.03076908118562917,0.010629605909928976,0.0,26.789600653771785,8.174250900510652,14.706639026031883,5.676719696140206,0.6279000000000003,5.914626273473783,3.539055376137315,3.1599000000000004,113.06301904191739,553.4260717531799,3.6093,3.635730841274236
6.13632517744899,-5962.929503769598,2620.674947365553,74.26453430926755,4.436084205065092,15.841068681489098,21.838839365708246,25.717598727522592,607.7219854322434,-1.9211180720141817e-05,0.010325910321082564,-9.562757118379457e-05,-0.01175158814324394,-0.00047133348759653703,0.0005143256107406171,15.835589627885998,3.545042684464437,15.777391384756555,1.217863882718732,0.6019143279281512,-1.5651620495119434,0.6806932618421933,258.1219487726951,0.09097696734277891,22.072838723509737,26.9769072674285,0.09995772964216088,0.08645392206544619,0.12419443152677419,0.0018596737802561943,0.01243731737144531,156.28119456823157,0.026233189088774797,5.611710114244311,0.026963478377376154,0.03529664009529612,0.006411122153167073,0.0,2.0424065911550464,21.80990184321972,14.871056215713907,13.728423282088105,9.709548107396897,5.833171836811165,3.537152601819638,13.055911558235058,26.943892652024115,570.0892176338299,32.27222497666993,1.5798814172020756
10.46302745518064,-6239.642059193332,2758.4681673554646,67.99040442596795,3.6336897640515984,13.12689006174979,30.495751009966327,32.92347049652237,620.8803201045399,0.00021309411745684052,0.033967840335032175,2.846809818575167e-06,-0.00991006272544065,-0.0004310354976627348,0.00034044641235516314,15.820112576565855,2.7516352843559986,15.805022716003089,1.1312320593959497,0.44937310349559234,-0.002918950982241597,0.8764,1303.0503769410739,0.1762557354665406,16.37573914010721,18.380717013674644,0.11778816058814824,0.05863775616493692,0.04350183411404612,0.004699477229450993,0.01730320078612419,504.69085929965763,0.12670007180829007,5.143107917985247,0.03631243004989342,0.027326489917483238,0.004063898434480856,0.003584477433334865,15.206392642572247,39.9427115422672,16.82772524393895,0.3003999999999998,0.6279000000000003,4.552110092027905,2.6658069235890376,22.22161553089207,34.55277293052272,658.5798706380549,12.152564926796366,0.7142255545954604
12.431492529254283,-5594.525495364233,2714.178312943976,68.70754147270415,0.14061177952403314,10.327648219739759,18.81443270651155,25.387665184624943,624.5543851064951,-3.338742321701864e-05,-0.0411341164808458,1.2289048383547017e-05,-0.009089150544610538,0.0003245117944165286,0.0,15.772354910733188,3.0184038225064977,15.764929708301851,1.2065347246106632,0.528322540392673,-0.1858266087440144,0.7897445730688668,326.9886056233966,0.1416881137340888,19.050166659852867,27.672089140685834,0.12533068346225382,0.02766748758897149,0.09700601625428115,0.0005461706183345456,0.016584294614528466,309.17629053248083,0.05645755577291643,7.395194630714341,0.03866588605645473,0.01727460705766639,0.004633037239600536,0.0,24.01497422530742,3.3354999999999997,11.924294051824742,12.478243183602299,13.426484458109197,5.787044622974228,4.418647813064495,19.238243304856752,81.39818962416777,0.0,10.750828874351281,2.6155514013976333
9.76729971509086,-5309.867895805006,2757.233988341721,68.79715234851459,-0.687429339702947,17.118392528408418,24.288805160770796,30.720433571299317,628.5330741865928,1.3633040943889063e-05,-0.039022216196442264,0.0006192201789658365,-0.00644070269239899,0.00034331123819906063,0.0005261304276480577,15.765189922632265,3.712717872657217,15.7212094758047,0.9548400528042011,0.6049312392176176,-0.20128909729280609,0.7640705775681547,76.0,0.12243910433714827,21.81948158113135,31.100446084020263,0.08393121428379408,0.0172,0.11022146485947963,0.004475657676211284,0.014887901304431041,37.027000000000015,0.04517371520686367,7.172332971487479,0.02568511934949752,0.008,0.004690258007502635,0.002494797578603477,8.935265063498038,3.3354999999999997,2.5786999999999995,0.3003999999999998,1.6842121272043151,6.566570071538314,4.3100010225568335,3.1599000000000004,81.46587412487037,206.65630505162875,19.310149609144688,1.8380110370858012
7.613954811336407,-4767.759088217499,2572.6191946251256,73.15257857243145,-10.437669765638386,21.07564340561606,19.438888313005705,25.993344364777474,595.3218,-1.1267736385005273e-05,0.0229677026044568,7.021633654098819e-05,-0.009831854759809673,-0.00051927070773971,0.0004702872769762502,15.79388484061275,3.435766927645987,15.870415372205223,1.2264268578380377,0.5797188893965085,0.12081475432161948,0.7863527375377155,386.35480479459943,0.043642717696230085,22.375119953344417,33.38572988235414,0.09401329459695837,0.08719401075463931,0.08318542879643026,0.0,0.013102811363589668,180.39051200920306,0.026898339496501292,6.916544709183469,0.02339634884998229,0.03971535158792281,0.006828994713671474,0.0005640925835091197,24.846631649822815,9.17877904254602,2.5786999999999995,0.3003999999999998,3.1244951587666723,6.219812941081419,5.117010369418161,10.367436769419047,120.76365133130389,747.0132151278203,17.852425044641194,1.7297601855238869
8.3010120768871,-5769.961169167166,2866.425865138413,68.08621237985675,9.225802175419812,21.730868726535817,20.797604721873515,29.141272269054852,616.4105212921547,-5.3501841244325395e-05,-0.08701931102686217,-0.0005308061251916484,-0.011847351500313501,0.0010624548741115622,0.0,15.81646922242323,4.305161569921496,15.788183010351705,0.9470262156686193,0.6653221428342813,0.9090544143073187,0.7587256792844395,1392.6834166385097,0.22902409260290307,15.546292955357671,21.829788328233583,0.06941554695388238,0.05404124699640947,0.05556257237150722,0.006735433251147985,0.009920626210398497,558.0942795110188,0.10686686856176345,4.99379439229616,0.0239204594328293,0.013501102533113762,0.0037121396538214897,0.0027557912733227473,23.413225437872892,42.06751796174896,19.87041402558745,6.712691996180546,18.220190716735164,4.2686291548121496,2.962630531779505,9.703554236515366,105.65743616945178,0.0,12.616101825657623,1.9552574583866025
8.156653845657427,-5810.797876829946,2632.029282040836,72.78135156244048,0.28608421104947457,21.947241606075984,20.432422611109317,26.50905219787743,601.3623419237547,0.00012074451814645414,-0.05647061674909237,-8.861386078344585e-05,-0.011439165531187644,0.0008424291092824308,0.0,15.839940415529396,2.7102139760347628,15.907556168688192,0.9823533855704054,0.5294510456666376,0.03593850405966881,0.8764,810.3356521500739,0.0740684701456048,19.803846771293582,31.4150139291528,0.05441634522051214,0.09442911761926907,0.044465866927943264,0.00040280248402669325,0.009122918344319143,224.61392276082543,0.0175,6.351234435927245,0.014098929458401575,0.04146926396196357,0.006828424692938205,0.0006049753480582632,17.05253293120084,19.683929742013206,4.313873932452221,0.549404076751367,12.230590134179408,5.697633553945503,4.222978343987231,21.93574065315608,22.960293465210164,0.0,5.553676299346347,1.72328041132566
9.975599661753993,-6208.153048782076,2665.4827196323095,66.79501703504681,1.7928539515174922,16.587682258325056,21.20305943724038,26.745966258762333,619.034947894748,0.00014677467806507464,-0.03494430676034724,0.0003254212993189239,-0.008338951723361722,0.0001060181265284625,0.0006965423475828502,15.942302330686069,4.161689050202182,15.87141117360147,1.1547464635054103,0.7155606663912,-0.27068075261963837,0.7948225023067815,76.0,0.11552554324096419,15.700992204465942,30.715910798398756,0.12307262933278768,0.0172,0.04816719065468876,0.006911363059184517,0.012523888436842457,37.027000000000015,0.038861262336905955,5.530815873436522,0.03902586251591678,0.008553731774861573,0.007107938830989295,0.001721489505276069,7.546601665546442,3.3354999999999997,2.5786999999999995,0.3003999999999998,0.6279000000000003,4.899750725977395,4.0349205675285456,23.064821862837533,77.91087917575757,0.0,11.279903236487879,0.9527607176415117
6.110970168902617,-4965.423251257494,2602.690228738186,65.42375339311509,-5.740860899346782,19.055229119404068,32.556476370475366,38.69966606524608,611.8450737239905,1.8971819240544827e-05,0.015601529775954151,7.163388635470503e-05,-0.0077838435840127465,-0.0001309748838046633,0.0001768738174968281,15.882655160803415,3.8133338879424716,15.905791228683032,1.0510583188575122,0.6130825278162105,0.7728717907172296,0.7744324355151107,821.4459620289549,0.20625577082742869,22.6950205045815,26.39169613033082,0.09851349241270194,0.05725647499877837,0.0167,0.0033613432655508458,0.01590321971357226,413.8024465837955,0.10013704713892961,6.850285826238955,0.03308916720184227,0.02057187102220391,0.0025,0.0,23.84512535015,21.81772268811152,19.264244742781738,0.3003999999999998,10.363662254391237,6.56150983654826,3.0999990014331265,5.8538068577373,80.8601631169184,490.07395726291577,3.6093,2.0443501750071387
10.916453955866093,-5233.40908178306,3091.9157365545952,66.66171340815222,19.495426924221977,16.15311321519243,17.729199514612734,25.733119609873658,612.7450318280943,0.0001367726725414402,-0.0388829128875056,-0.0007257383968310075,-0.012089369256078158,0.00019391367761463474,0.0,15.797168020553926,4.598827947792307,15.888301186677145,1.4833344800144805,0.7068761839340074,0.781904889915559,0.6470381358484482,1059.817242107339,0.11973845975781065,20.376298695434024,24.405854588628447,0.1254891851288687,0.09689780983010832,0.05137453511883215,0.00268364517244888,0.011720684391228024,429.73903999629147,0.06429179966364731,6.748975302951314,0.03467504109408691,0.052699864074151975,0.011469194547429692,0.002173282109230273,27.21267252749371,31.748783820470628,13.907297433421958,0.3003999999999998,0.6279000000000003,6.210100984511594,4.091528964607605,11.395267355629514,50.38294488473254,724.0953717561893,5.84028945682494,1.2828564588840135
10.439271529183168,-6137.463129367677,3216.7662859671777,70.29452930528534,21.831400526682145,17.58348715682421,23.103674276085698,29.51042567928443,627.102599790121,8.60442594677672e-05,-0.05808760006288012,-0.000335427740652921,-0.01150426650141906,0.0005085737375454982,0.0,15.770153032805887,3.4364308379568205,15.740337152160464,0.9745087000213593,0.5736911776675397,0.09719588327638118,0.8101998183313761,1441.69435862014,0.13323212053712838,15.693691313047623,29.562672425402994,0.0835168416680745,0.030480178636720548,0.0801037885869253,0.004764593618822897,0.014639802451128128,744.0553454288442,0.04661145000572134,5.734679494906481,0.01966467872497609,0.01399914723474725,0.0025,0.003204607080628505,23.210938426729854,32.282975802148485,2.5786999999999995,0.3003999999999998,7.910785319404791,5.111680550351765,4.0774764868814355,22.907836393057067,90.31263883371464,0.0,14.948927883127853,2.4109488268116763
10.265883624923891,-5122.741924137047,2817.4847022170416,70.21286768784222,18.614838363202328,11.186879661823895,20.414482545314335,25.971301405635277,626.4839822739415,-1.4913159023268414e-05,0.021553018440808296,0.00048123385985183705,-0.010018174376742333,-0.00022144879957711734,0.0002303283276800805,15.892974888051558,3.7187424039580823,15.966524530891085,1.327023749898323,0.6456897674271362,-0.5542532661905253,0.694493336118122,1147.1825105067846,0.20288260055558865,20.579493084636542,26.98607731273074,0.0911637072254173,0.07202601075654888,0.06269475788425838,0.001901606058643209,0.01989520201570521,612.1607732316186,0.11955593655118577,6.886224649302148,0.019890179854863067,0.03412708097817503,0.0025,0.0005466471604507151,40.257759070369524,20.201915366178547,17.131240828565304,11.424093814301182,2.4052940740894213,5.727695133252462,3.6673313458325616,11.040313425075874,142.7000776830755,315.8247504617051,18.153572068686664,2.3077397093302494
9.207098399734223,-5325.372026451057,2510.6090785755405,71.53407648328073,14.785165837521607,11.708039045014239,20.09705059603855,27.30344149042982,627.7385958423495,0.00016141315220577878,-0.007040931470302573,0.0004757443970226623,-0.009092161286247335,-0.0001726474930826364,0.0008048790990186184,15.783225249108616,4.114662554221816,15.732944213545343,1.116169166610134,0.7310997465672466,-0.2955526041729116,0.6881279798181403,920.7440416601519,0.24349562359848093,18.72511424841741,17.87108840030814,0.08694259038541818,0.04776694680346322,0.0515397497846572,0.0044264395931095345,0.024458403660821727,407.45210984856055,0.10941645889879917,5.751567415342211,0.025860424453315396,0.025985189120563235,0.00654884336900828,0.00018213409758339753,13.601887994438039,37.73099915982975,13.765894636696471,3.5555569503371505,2.9165017544469167,5.320916910829388,2.4031197117729586,5.755014345291446,73.03120600377724,0.0,15.332782233708695,1.3900537725805167
8.549143567232989,-5711.119752718087,2624.3104300560312,71.01169216163514,8.880021157429386,8.709093430702863,28.159392233747038,34.53487031312915,616.3897457301179,-0.0001245375722881119,-0.07674483228357021,0.0002047954876224375,-0.011381083810287905,0.0013072633326436734,0.0,15.791919079912017,4.550003738119271,15.797652311132245,1.292285999600373,0.7398925492889561,-2.004088611062001,0.6208841640186954,94.97208618437213,0.17303115810563235,21.53495551425722,16.062,0.10590962361670148,0.11131730792582613,0.0167,0.0021833032949015317,0.010420771229166334,37.027000000000015,0.08279989676119905,6.455834996769333,0.024898772586774535,0.04625654431939827,0.006336494984292452,0.0,27.255224498380016,10.550873255858194,23.381902592335457,10.055131811014414,0.6279000000000003,6.278242096382152,2.7924083285626695,32.52414466246804,25.36520010548717,651.1830375653251,3.6093,3.0920409013829753
5.252922530990736,-5291.339066174286,2401.894534106029,75.35864888131523,0.8326292047017159,6.161831445994378,19.160477259987758,28.732731592740706,616.8582221651931,-5.363152166821415e-05,0.04537751454992191,0.00010754176412519571,-0.01589560649514254,-0.0008598441033950018,0.0008206224278965445,15.787992055214582,3.4165208480061797,15.77778544837757,1.287991479093685,0.612510545801632,-0.519682991056289,0.7539130565783402,490.9612898133725,0.2632389300952776,19.082130259931848,28.082054599383174,0.12237157608433084,0.07602008816596587,0.0419215172133543,0.0,0.008403600483226737,37.027000000000015,0.15579901671394752,6.445833048255953,0.032417243803475715,0.03231449502444832,0.008282631868495188,0.0,1.328800000000001,28.05232207587593,15.800369688212513,7.795089042659684,29.22088018758648,4.948084285201291,4.195813527871472,8.826935646125454,46.70033591759008,986.6667,9.082747433527343,1.400382945543847
10.050454918197197,-5267.883136488329,2294.891325865637,69.8355982265534,-5.918821584574173,17.80707155635095,28.740720671831262,36.37272524082564,624.3911865189874,0.00023962183325727305,0.04615299194166,-6.285663580276277e-05,-0.008597047968371989,-0.0004673730098380816,9.251339880834742e-05,15.735378011577527,3.489018067160783,15.701954605957226,0.8768292547830561,0.5589751127382376,1.0560702597701304,0.8080081569689814,195.6170040949238,0.12724349120611234,21.754395902249165,20.203168727117845,0.08938493003330741,0.06454157381855224,0.028496259767406988,0.0034767743585489893,0.013865015959171237,235.73904745880853,0.04209444606273908,6.7806522126657125,0.03426745511623193,0.019844259494639718,0.005465996605580323,0.0009017086904445429,20.703103869363638,3.3354999999999997,11.780107066872713,11.106138807201212,14.63184666848374,6.411056234337524,2.8898056525161717,15.059715256015423,18.0064,0.0,4.576531908533536,3.4991348385697094
14.1879,-5412.952947639073,2929.0449122808272,75.88933681757376,-11.689673520251569,16.530256413284828,16.72525718851738,23.856162610099748,615.2360813137612,-4.6732553095469556e-05,0.031026235672745876,0.0004717266450884137,-0.01340798374480464,-0.00039365687954833226,0.0009422557983505095,15.97783903346862,4.003236771545302,15.957605850986878,1.0816982982392025,0.595756052279348,0.688081453083524,0.7379490507572319,143.98955270119643,0.06406295984877593,20.421961400829904,27.575357072903554,0.06868198394445085,0.025709567433977086,0.02278954259231639,0.0,0.014453761922063641,73.7281133580311,0.035283793965858984,6.598305959531131,0.02531765044835114,0.012102727989108015,0.005518761618103649,0.0015943783113877303,1.328800000000001,3.802639461526276,2.5786999999999995,12.932611467953677,0.6279000000000003,5.798801148574454,4.008372163257525,3.1599000000000004,36.31607751952443,923.5822367106468,7.734459643599599,0.3275000000000001
4.380938902944225,-6340.271061444618,2759.1277012695723,70.96870740468323,12.872979539723282,15.052939056473933,19.45302614815659,25.723221049071835,622.1231113186706,-4.4001226305848546e-05,-0.04719324682249934,-0.00013767591878888262,-0.01033566959243612,0.0008996864380477317,0.0014208213946162254,15.793931374381296,4.256474948341006,15.765074765492017,1.2030041592254062,0.6780510281730474,-0.04126901529218552,0.6960129407475475,511.8279745787615,0.16825917843904217,15.282382819374435,18.55419089485059,0.10479688285072286,0.06659383334948454,0.046254065051881496,0.0,0.02022850616489623,285.59360809362437,0.07931004711889685,4.5345553341364235,0.026269536246788634,0.030634914051900313,0.0074881721673914015,0.0,23.47945858316083,10.974717127559519,22.276803111731567,1.6002305368749559,1.8803492571768752,4.193049566615624,2.652321217035201,10.481047659913507,18.0064,184.87715992603614,9.684152020948982,1.3140470353940616
11.908810416851304,-5376.62083077608,2711.021689196404,69.62611007213164,1.915212880781596,26.679424429695096,22.173328183027877,27.683793778004077,595.4833908968411,1.8711849461861472e-05,-0.06851985736451252,2.851033762492875e-05,-0.006104755916196206,0.0005999912436295619,0.0,15.846231812098047,2.9565226562348,15.838429689409782,1.1917662618885125,0.5070434629645206,0.8032103476622057,0.8700074999851055,224.57822022510794,0.09507510246616904,16.40502859397496,42.19352951108621,0.10797808363151623,0.0172,0.0167,0.011069570591226313,0.017314258183817866,37.027000000000015,0.07148981005288638,5.672753057338754,0.04232831985936132,0.008,0.003237865758591479,0.0014436148084445665,1.328800000000001,3.3354999999999997,15.88215528380924,12.941508038490866,6.227514394228892,5.265802230563906,5.831129345802009,13.96523927773976,53.87241736722295,2.4727272580020667,3.6093,3.923553385372496
5.310574840910014,-5311.4733702894355,2646.4322458711963,67.5808769756158,11.479822196477876,15.781263220446354,20.625894619886285,25.137321342120458,627.1326182498703,0.00015627692931019082,0.007698362533696685,-0.00029053795076023795,-0.011213890368596805,-7.208260455600934e-05,8.48444998812366e-05,15.90478944799297,3.8162279806790735,15.840754850173546,1.0254519020064519,0.6279550228357521,-2.7890000000000006,0.7550429434190611,76.0,0.034,19.902833606476317,26.08725455328952,0.10016297005382944,0.0172,0.05879373494410366,0.0,0.018782805019252422,37.027000000000015,0.0175,6.079927283341751,0.026316568855907777,0.008,0.0036890136387843844,0.0011657859647146924,28.21917205407602,3.3354999999999997,2.5786999999999995,6.437403421750567,0.6279000000000003,5.728703006261413,3.8457327924625178,3.1599000000000004,81.24824678250562,267.6296002242269,7.65514297555522,0.605349401604762
11.170912523147697,-6085.705546448228,2813.0261132274354,69.27751011435507,5.552650417421413,20.188539911710688,22.21013045047369,34.33505280267801,623.4627732794835,-4.723740180425051e-06,-0.11350000000000002,-6.219039465739067e-05,-0.011251712625910907,0.0013729272396494877,0.0,15.761492314684123,3.5428300268274957,15.81233601353303,0.9119909973178492,0.5888970833250178,0.8162834891142323,0.7891055982597502,316.84209940015825,0.10286571367027031,17.842210560374426,26.658814290527133,0.05579936337470158,0.05830979884619578,0.051724837246585054,0.007748331465761109,0.009601624902848521,204.86848889332683,0.06437662682017091,5.696141854234344,0.01325977463272259,0.03532001883912912,0.008467970470682516,0.0008683946261666894,31.00788788936304,6.964363678928125,12.811444429019264,0.3003999999999998,13.170747540598644,4.786934602915894,3.182429478381687,14.413997129152827,25.126703878699608,0.0,14.242712667827323,1.9758415211377387
10.025912470034164,-6484.683166078541,2713.1698350852653,68.4537378910283,5.9735266731186165,13.435683921929671,14.669388709148082,21.246498346020992,624.3190023632935,0.00010584866296409719,0.059878824761932826,-0.0001852194841051957,-0.00935117711482198,-0.0008949028965119313,0.0,15.833230156803829,3.145452231230088,15.874648583796429,1.159284991916681,0.5803173409976542,-1.2175273611590902,0.852429466043899,76.0,0.11112710959215397,17.637893800042082,23.69115344178449,0.09773546557348287,0.08331020150343521,0.020480764498824532,0.0,0.01301995199089108,37.027000000000015,0.0175,6.514274341194188,0.020847829572344528,0.03995882975586104,0.010033144204308321,1.1157019005872209e-05,18.533287855802246,3.3354999999999997,2.5786999999999995,8.548599450818102,0.6279000000000003,5.176591976481933,2.881785409509215,8.667513162879558,115.20704604375297,493.97103417595986,12.091072522887611,2.2462565611298895
12.315364765756769,-5573.42944054637,2698.4323053416765,69.87798451346899,-0.289475958231197,21.587706269486883,16.72233641835026,20.648001125827363,604.0879246815409,8.004785609048595e-05,-0.06420925210850092,0.00010206576675820012,-0.011278315874285943,0.000985214529774637,0.0011050548650313925,15.827968046729376,4.299167352132513,15.747448514022512,1.380165134017296,0.8230713240126432,-0.23667759779764036,0.7323764146726564,76.0,0.08910762872383311,14.788498453874558,25.671940581833518,0.1274212875371784,0.04100322377457763,0.0699257752050896,0.005353540412965655,0.01755512149025462,37.027000000000015,0.05586979454625937,5.967635999413954,0.039279599461762876,0.024947527886609533,0.005352069348171294,0.0011348239070419967,23.01140167627209,3.3354999999999997,6.230524415854953,20.807188230090322,2.8577667001783595,4.6996048789972695,3.632986026652486,17.071552708271923,107.1050036428828,109.26383392645991,9.652349743291126,1.3741651914226622
7.224194860918422,-5570.505751028994,2930.201673917065,63.99858778423375,-4.329556237771776,19.159138869109864,19.838099496697126,25.47393830371369,606.8652607997926,4.936789587136081e-05,-0.01967977157843797,0.00011815534828350197,-0.007981859266221908,-0.0002260176417369645,0.0009276905602145041,15.804535749322204,4.1235289537158435,15.851578060948363,1.3229260635909867,0.6946726510709035,-0.6905409565728771,0.7519436106974561,532.9905756240842,0.11550470252114094,19.418915035752875,34.01960855339558,0.17322671456647737,0.037260267955081736,0.0167,0.005281651049469675,0.01795417436496623,216.80076059145864,0.01806312329825955,6.618413431027227,0.05226528609714609,0.023007432369971853,0.006729694892670621,0.0009220253109567479,6.696680525500302,12.044017832347635,2.5786999999999995,3.50592833390711,6.872893522959009,5.930913003271868,4.632808730287165,19.303226405474213,61.38614317507651,789.7862063744747,3.6093,1.6692867457155043
3.3039105254287504,-5734.257288046589,2734.9089036426067,68.17233100456998,7.749733403727802,15.444313440514849,31.544627417839905,39.53951197737885,614.4892935178019,0.0001771213399528806,-0.053643846336005545,-0.0004368715740003038,-0.006507842311407854,0.00036353699225992854,0.0,15.858723014549884,4.889861772740417,15.901474824709993,1.5436131598567946,0.7884419364409583,-2.0477964694814235,0.6883600286427928,193.54411485599655,0.102497543813315,14.601679586807608,30.83186208650193,0.10229351023716023,0.04978111240642997,0.029828560993646294,0.0,0.01316658098542076,82.240438434916,0.08096372326568624,4.122172795213433,0.024059967155061052,0.02430223512108984,0.004679959199138873,0.0,18.319587237555126,5.721732478085169,14.141901303106483,0.3003999999999998,3.202467699713453,4.071221302048986,4.245844691781095,7.775057439894173,80.44780288063852,467.81663075445454,9.361650322092109,2.821467413203427
8.30915716738672,-6123.40951458465,2974.7744887984363,67.93355390308166,22.694212434997524,20.020895718366752,19.29055434199272,26.21108126946406,605.021562354174,0.00014160802736052955,0.034258166194005124,0.000201057731806516,-0.007645342312427748,-0.0006948688919613317,0.0009930834826120528,15.73343850705544,4.236237497115537,15.651075632385245,1.191684402755142,0.6835491968121037,-1.3537030651224873,0.6887747287060547,626.1058276472363,0.11570719558261625,19.281100763984274,33.34784721456,0.07299131113298704,0.0172,0.1277476006338863,0.004253274114267741,0.02249072614300348,241.90833217016518,0.0175,5.442470311668589,0.024392321872558798,0.008,0.005533706125707462,0.001897985569491578,9.455647721644945,27.839600943966715,2.5786999999999995,3.285858123643357,5.713975301385307,5.474174647980587,5.043462681140733,12.669911260211913,42.96885905685401,442.24867010121613,28.98536899877419,1.3858890585344343
8.557383949210271,-5620.282981233532,2824.357355594835,66.27680761081928,16.10499434127237,13.040699920690429,15.698723738463688,24.40720212727706,624.7066610237327,0.00021540007322013525,0.038192675059771405,0.0005039458197980639,-0.004568088842366381,-0.00031979658304887,0.0,15.842663574626993,4.442569691968127,15.829003753045898,0.9861260466985766,0.6455458491407486,-0.46924514924003824,0.7353082531334864,780.2818154940055,0.17164061086968638,17.286802802899615,31.060157202952702,0.11083557502451269,0.0172,0.0167,0.00028855367477490304,0.009836020775216413,314.76733781064684,0.0862849754029959,5.773514654152469,0.03350887217592078,0.014661526130456043,0.0028479609846671643,0.0,13.2725451832595,18.351835825728863,14.006613767458285,1.1476108416518525,11.52124512306257,5.089389062848563,3.9315665613355373,11.73552601811952,52.71357639181268,533.3803329163636,8.220683641650812,0.6484423394248587
13.476474748207083,-5407.807130440197,2352.4689849948127,68.84565471852828,-4.824230695666175,16.354585432152664,19.016190146350777,25.4425521340919,620.4306047061095,8.928360950533575e-05,0.07899774140603497,-9.646700382128915e-05,-0.010119147671171877,-0.0014366250525217224,4.746629846524255e-05,15.875725824727988,3.5098502444635753,15.837347076707012,1.2620111077230687,0.5691294725680668,0.9392853164286017,0.813110071963391,206.2762499687389,0.23743257366370682,18.831659392796723,22.813412434094626,0.08355517864486714,0.03672844023660537,0.09939110757328687,0.003105256050514051,0.010148483289184766,82.65555595471528,0.13012509374238607,6.349471666456423,0.027144117814017515,0.015467600340799272,0.0032999311352780642,0.001106131245631037,20.800178845484197,10.537306607494745,13.480331298960207,5.727809491771273,3.408991326862475,5.176108471132846,3.541918956867632,12.870433588763724,101.14343886101229,0.0,27.39824148482625,0.3275000000000001
5.790687659018823,-6044.34879530042,3049.81077681553,68.94092015741779,-6.5457071758001995,20.10773806248713,22.244982078702222,28.13883256460964,618.2934452595152,-6.77109285374472e-05,-0.05499380987243314,0.00036199984260093125,-0.009997530172990314,0.00028818453298094565,0.0011173114074267366,15.938951962623912,4.105286354920771,15.964708074816661,1.0976111553475114,0.6519670563188361,-0.9332219339309007,0.7746660193489524,616.54520589648,0.039232408993389534,18.39059281162457,25.076769557136366,0.0767466318722235,0.04074952491522767,0.05512072904726227,0.0017691774459789558,0.014029674957585241,289.9559554107124,0.019558258609501285,6.068583184859531,0.022084411955187577,0.020449991722310476,0.007464444203196626,0.0016020861180907483,16.03257714030591,21.32829095838202,9.55235916209995,0.3003999999999998,0.6279000000000003,5.522327014394215,3.7710081864956044,10.341352989567039,78.61756176297166,365.45954025729526,13.590130554214019,0.4053420503238747
8.777466724883698,-6020.511983353748,2704.372820285149,65.9514607551489,12.897009262691038,14.746092469922873,21.731606243593,25.954845366808918,625.7048087148534,2.5877432966969707e-05,0.07295754076985228,0.0005267331435849945,-0.005582286105451286,-0.0009969658687133808,0.0,15.800831956788233,3.5990930081686567,15.842827322902128,0.9836183397402942,0.5382171608454405,-1.9831284062681998,0.7578029109860606,316.1504132699315,0.24900520965141168,16.41157840794094,25.146280743046994,0.06992419938915997,0.09120871260551022,0.08909366444579316,0.0,0.012120154943647174,85.11489618973002,0.09442863714579716,5.000163311482218,0.017949547300645817,0.04215996421283761,0.007749956496768303,0.0,24.056121938229566,20.33281085743815,20.16790650427851,5.752322716639,14.987587698812636,4.264576600860458,3.3409567530880384,15.30432559664228,83.52785416914826,529.5482030415793,20.64687150262443,0.3275000000000001
10.44289655306411,-5564.188271420667,2743.5493376209747,65.91072405145985,-4.569264520955757,14.968680872026273,18.43952571954601,24.677907109266048,618.6612604085184,7.347644238152933e-05,-0.05484647664684684,-0.0006050540424346663,-0.014803822499691126,0.00066179139905166,0.0007796861627866772,15.987357539228396,4.037280137043162,15.927900489917459,1.0934849219894267,0.5833742311305099,0.28351244049936075,0.804426767609511,452.72242802656393,0.10528614835725586,21.020941917635124,32.5588155313499,0.07739678636433434,0.054520494018320875,0.06380200519726628,0.0,0.010543536538058926,221.59923636498502,0.03894145574965539,6.695675371050269,0.020662576727435274,0.029002330856404752,0.011415265471461752,0.0,10.855956593543103,18.75040406754453,2.5786999999999995,10.113407022393101,7.69727065377182,6.211095556701265,4.195026024388827,3.1599000000000004,21.881325218081116,683.5826784598746,10.24977843177214,1.21655738362219
8.775120765455673,-5868.1559688962325,2735.347807908925,68.232626264235,-0.5289821403956525,4.700732909659941,24.31727963082863,29.596320558646372,634.3218,0.00010757140656482309,-0.05133383899030192,0.0005939976156569425,-0.005914492287653289,0.0005292963609946859,0.0004127201994409118,15.864804813229181,4.083499739272494,15.911885577037834,1.0324011374757955,0.7483722859825328,0.0373527300791725,0.7601906697723995,932.8569266472675,0.10749835577106992,15.691326524759843,30.993604592879766,0.08382082911142731,0.0529622260048423,0.03188334283286734,0.0,0.018611677921412793,477.3059317859495,0.049036755591610096,5.5420543711903685,0.025705427709414,0.027429673112961787,0.006162897190091315,0.002668997166645782,16.976942432972262,25.245485620707978,2.5786999999999995,9.946807525539263,0.6279000000000003,4.479114482788396,4.683259189196726,26.239196675139183,55.58727824494865,0.0,3.6093,1.5910841374401794
10.409537060394145,-6058.712820402275,2824.8173069529676,69.50480930096963,12.019638432314125,14.644476862791949,20.57229559834853,24.88966016122333,615.4333957929372,0.00012899788020816704,-0.015366212357990405,0.00035188022716710273,-0.007301298907083038,0.0002240555892367942,0.0003090790382307911,15.833321373602802,5.584621847267032,15.915937202402313,1.581282812411286,0.8899,-2.4570939907560554,0.6936945123843222,76.0,0.21729279869635038,21.985770405501878,29.459047968242984,0.11483812727122034,0.08876649963794453,0.0167,0.005944024287570609,0.016782603864857217,81.11935007690678,0.1115391292828139,5.729459608784132,0.021906215519828492,0.031016688373306518,0.008857428246665211,0.0,38.5695923674116,9.344405536060336,13.802602149255424,26.83463876454769,21.657595438112555,5.888455087820785,3.3470005545658688,4.970340167105484,71.96151423593832,336.53802283131023,3.6093,4.627390172095673
7.208320787438206,-5165.393303267824,2758.3511792003255,66.1286456510608,-10.153391588620206,6.158406695130393,17.274352788597525,20.16907987351206,618.7329637504185,-0.0001317789536387473,0.014032485315052357,-7.190189170328928e-05,-0.007839659264946258,-5.530400788540718e-05,0.0,15.849581426635126,4.481259043804396,15.773198248550175,1.354428537876723,0.7161589363620626,-0.9308730120216525,0.7123727988235201,480.5076052280185,0.06039300678720902,16.553947073984997,28.589932497277033,0.07489477520901282,0.1049493001022532,0.03589996855062461,0.0,0.016766965319515832,275.47621707705525,0.04562725350785775,4.561149323732474,0.01491599379866265,0.056016038530708426,0.006843962637975175,0.0,16.811457823212596,5.675902155481705,8.701629666402685,10.401413217997524,0.6279000000000003,4.327599667169743,3.729890244873237,3.1599000000000004,62.36265377117033,141.28862895498577,9.674267754651263,1.4828318212489493
12.235185197742386,-5790.419727658619,2665.2349813302635,65.50883706771623,18.073473568753595,11.480554731683712,15.389450023985653,19.466007618702342,609.4864138343877,-1.2057141920464065e-05,0.05301163217069288,6.925591779450195e-05,-0.009861010014710606,-0.0007401005969507009,9.853405301071096e-05,15.740880936187066,4.734543572152889,15.75801771389177,1.216245468425753,0.78318373167738,-0.5379573325067025,0.6150859589526946,146.10503929816957,0.12253687201683022,19.165015958611786,26.67460290302724,0.12044809159032346,0.0667902627677159,0.05521226421347178,0.0021928411233588696,0.01695141252705857,37.027000000000015,0.019723540504076584,6.224054913972978,0.028806462124611226,0.04003191504486509,0.004300095536389906,0.0031311005714925264,27.852070925934886,4.795190348626399,30.044218917046777,41.69290623593554,33.251028585622706,5.133368372630264,4.423180168049642,35.12823379181249,39.37100089649766,25.43091770406474,12.254995884902643,2.287842998881713
8.601590186461939,-5053.768060986715,2867.004973344025,70.5839876623382,2.748202165472417,27.024201764389247,22.607559033369533,33.59973931836713,608.2155804897432,6.415266566219638e-05,-0.07352818508406256,-8.268218042074762e-05,-0.012342595017982424,0.0005184967937089058,0.0005565447962301279,15.807747894425644,4.9931552595721715,15.863089164318142,1.3360442033511228,0.8161745719232327,0.4313452389408884,0.6498606018097577,465.29667621958833,0.034,21.332864146660253,24.113130745251766,0.10308952694339445,0.0655010962557374,0.0336796034445584,0.0012013510586766651,0.010481265798674134,423.6383428191367,0.0175,7.719399354797172,0.030929620562995197,0.03393977851107743,0.006115966794488236,0.0014651098619753336,28.242019258682333,11.02208510112997,2.5786999999999995,0.3003999999999998,0.6279000000000003,6.349610946862854,3.406315870835714,3.1599000000000004,89.97992368205243,191.48916405723816,6.068504594254026,2.2592341791699524
8.486153128688253,-5364.387861266672,2666.8389111629494,68.62350331835509,1.4793526142700022,17.49028948043325,15.420526828807146,28.770074254846513,616.7686245675991,0.00015211302230328983,-0.036543301486346325,-7.267229247336654e-05,-0.013051225039248358,-0.00012107030083459807,0.0012585772168945415,15.753325911888687,4.48757636353494,15.76865687743911,1.305717987700896,0.7714442238249033,1.503156080924575,0.6662397886224102,774.2751097713497,0.1448054897194571,17.540048488069317,21.40681852896327,0.0960911585645728,0.10354960896232354,0.09068153432247496,0.009486505848964885,0.022017728678173122,343.29206654780836,0.08624855751773583,5.7429596696468215,0.024644757851734242,0.05036990962902819,0.009036981599934477,0.0,4.170923840164887,26.803417101610613,16.593946318914142,4.961880534988639,23.08897306393626,5.1524169695590905,3.1278077004453437,17.435722756153076,44.79595032954344,314.6212985887467,17.03092383413893,2.9292829910495435
5.792620870697856,-6179.965675398369,2832.9295902606564,66.08439042485871,7.307837318194235,17.083994532870452,24.695906144923043,31.40165605953851,615.0478343447015,-1.0461643020003489e-05,0.02380559255913816,0.0003184704704895766,-0.0044127232311843055,8.914331379102413e-05,4.556341144269046e-05,15.826424798611908,4.5918930558489865,15.864013471333427,1.3389509767574206,0.7260494802240353,-1.3728926467030567,0.6029,76.0,0.034,19.572410566751735,26.895749253328354,0.14956281091285734,0.05392657830779739,0.0167,0.0,0.013440873811666363,37.027000000000015,0.0175,6.313389897268928,0.03015634433209447,0.029640767600342705,0.0025,0.0,25.993838493374106,18.1665680064208,2.5786999999999995,0.3003999999999998,0.696706129392723,5.447169788914645,4.108726551731899,3.1599000000000004,64.25487726420175,407.0956253731104,3.6093,3.239797958268487
8.887231535401074,-5601.040780240683,2758.6681674857414,66.07083396379672,1.9448259018204035,18.217246516775585,25.65526484608086,32.14694955881656,616.913369118284,0.0002083063966482019,0.03989880690898361,-0.0002320115377025439,-0.010067838866603774,-0.0004475431238007506,0.0007162491531582323,15.749013062219662,3.301882599989908,15.704596698092038,0.7416174941946923,0.5349796858128286,1.0037382156707906,0.7988964117437732,564.4630172441522,0.17187311003359562,16.885822413972647,26.68810918819986,0.05707060231637652,0.035202347231838134,0.07279658166137223,0.0,0.019302789978637262,450.5164993362322,0.09132490393525154,5.976385621186736,0.02286796466877703,0.014089424805310525,0.004163231016163619,0.0,14.451098643505485,36.31711728490559,16.53828541045313,8.752285485511367,0.6279000000000003,5.099459318807845,3.63645993463056,10.592817338570251,27.0280720267568,70.93295764492802,13.018814245890699,0.3275000000000001
5.292124327777266,-5005.607429701659,2555.9455874640116,67.85903718714134,5.942864094710946,13.162973320481418,21.163497322174212,24.089413713718702,617.9108122548274,0.0001376680195636272,0.00679145787871974,-7.509388485627996e-05,-0.004375811433161861,-0.0001970747387406744,0.00018305166408807494,15.921006469566528,4.727955866121953,15.917637998039467,1.3534342476527277,0.7536987918049537,-1.1560055065263901,0.7245694433512657,995.8563696049689,0.27158181047881674,18.03887794040743,26.578591233386433,0.06659913436330303,0.020471768944442408,0.0167,0.00346530900913624,0.010272249294647876,488.51639447388163,0.1290513366546579,4.90316084257309,0.015785023059408296,0.02524632010591798,0.004446701176789761,0.0,63.738756192596966,48.84411562351582,22.158242830649748,0.3003999999999998,4.003898722406081,4.900655785024533,3.541004516714113,3.1599000000000004,125.25874492408968,685.7090084543347,4.0768156034242455,1.524777463752049
7.776987484371764,-5755.518963069503,2758.3472504098536,72.24486995800848,12.440758121189868,16.595030401632208,19.117270260355866,23.63649534612273,612.7989270344744,0.00012567582173997056,-0.012737854958910238,0.0003708121540209156,-0.008567498563898433,0.0002622517159927954,0.0003466418578292992,15.759378898299977,3.3422309203193232,15.783197517264448,0.7841485047380579,0.5650612771284851,-0.9789632521205898,0.7875768182366861,962.43513835165,0.04112359411324995,21.181762921845895,27.38071086078307,0.09974700267014454,0.0322371094924014,0.08409095109798896,0.0,0.018698152676418594,438.3185394619503,0.028196021556726243,6.057652124483127,0.02400019144108987,0.011960294617792449,0.005754952175442293,0.00012606993801893897,24.8771607419822,25.1236751495271,2.5786999999999995,0.3003999999999998,11.361053150205555,6.327633495816497,3.831948391377284,10.577793504635064,91.56223297536658,950.0962187435546,19.41794308398793,1.4892662801690628
10.7519935485537,-5928.711488269762,3112.343291786544,70.09792506111462,-1.6621672637352254,17.988319049744604,22.880643779872944,28.46311433714442,625.2876488879341,-5.066403585968996e-05,-0.053346667852084265,0.00029539468657952043,-0.00958416508328832,0.0004096859198404958,0.0003674600519506258,15.78091153022843,4.848003024162498,15.821124735443348,1.0795731928324455,0.6827746465791904,1.4424445874156897,0.7194643110271116,574.2860796696157,0.059874837005344336,19.056956615236146,30.555675017219617,0.13386287942281747,0.04018682905222108,0.0167,0.013629252252558455,0.019308169055382175,503.26725049255595,0.0175,6.593935614762501,0.042477987189689134,0.01872080767037429,0.006629639684491514,0.0031329938394133714,6.329911089891397,11.347997366292283,2.5786999999999995,2.3187698327335644,16.37464464662357,5.954191960053001,4.770992826522819,11.212637229623285,66.48812432189175,0.0,3.6093,2.671891872559204
3.2136657583388537,-6036.308887368695,3035.3200685012803,69.49942271787712,17.465028886566753,15.077714275761167,9.493879444333077,12.954856546281652,608.2648435180095,-3.449304188780354e-05,0.021089396316921305,-1.0505601923951317e-05,-0.011834870031953805,-0.0005740164109360311,0.0,15.896189966725908,3.5427780108324063,15.944457759857231,1.0959020889387998,0.5713232111978765,-0.9830014370008067,0.8015374247639696,1016.5814019289169,0.034,18.35781861702975,32.28782738739655,0.09683316901511665,0.11778539426433342,0.024902532487517347,0.0,0.017140461508308648,420.75433923012855,0.0233261045633609,5.822506850412378,0.02341434507762699,0.05902476243462973,0.005089394408686018,0.0,44.18165608314871,47.77594650385776,18.030862912604704,0.32596752409346763,9.194357400947416,4.945188271766414,4.674965709867293,4.697050883236946,48.30397809350863,0.0,9.903908815178658,1.46361203070721
10.594351458553495,-5647.5475966269205,2872.516505120392,70.88512130340743,7.142169787848786,18.11982223808435,21.55300208183218,27.970204062928765,618.4964217109418,0.00013454237410115584,-0.012239648549399532,0.00015762647589219803,-0.008114327604465585,-0.0001656522255190271,0.00034143998904997156,15.667206546124582,3.9371568138728,15.632133883646267,1.2880911145618577,0.7362211231843433,-1.5985732848990681,0.754410555532442,76.0,0.19176138934909548,20.105627480270826,28.117722753166138,0.08868033532069186,0.09552448729944746,0.08734868761815816,0.0,0.019332882068926353,37.027000000000015,0.08361352717125625,5.997702733279201,0.021230207617373896,0.043767369038342475,0.006952683462648075,0.0009338051555128604,27.003679473802073,3.3354999999999997,2.5786999999999995,7.197668097252449,0.6279000000000003,5.54267229036876,3.7861529291141105,3.1599000000000004,32.008866604696195,95.78996759195715,17.21054812870785,1.5522091379425846
4.28876058819829,-5424.938336093232,2803.6467478470563,72.2091301597095,8.338326882424804,17.455142851708253,19.538379733807265,24.761834766106315,623.5270346653102,0.00010241120428243486,-0.04521968010219643,0.00042935853016063384,-0.007622715726246725,6.822030295396341e-05,0.001223708352368866,15.971002777872506,4.593261725037931,15.940364924276485,1.3866790058104945,0.7496432055432366,-2.7890000000000006,0.7685695124810282,593.7382896128024,0.09663733779388528,14.854286441510155,28.818767678603553,0.10875171307698045,0.062024612808623,0.0360032838737714,0.0,0.012585565677995268,319.4762203744842,0.07478785673367887,5.057414008340877,0.03893783576175616,0.02734702441238771,0.006606930857445283,0.0020177176536391125,24.977429443341624,14.481667608608433,8.541702556620862,0.3003999999999998,0.6279000000000003,4.882338116107762,3.7873251690703307,7.4834320869915505,60.90875002219563,519.15415033138,6.457024864552701,1.8273522625295135
4.923088194893014,-5934.717249011362,2562.615874457153,67.3785246790698,10.90090191388569,11.554939533356041,19.59032050631707,21.19520143667773,626.1617234450805,-6.52418292549451e-05,-0.03099421398771412,-0.00012202913723177792,-0.012374175378219174,0.00028971140738871896,0.0003685290504457137,15.91436847734707,2.398,15.904136281555779,0.7311299812367253,0.4108,-1.139019607532712,0.8764,76.0,0.13585912583728565,22.655753606733924,32.20314405744976,0.11434266818084687,0.05898233402314008,0.09492966937092018,0.0001624443493704244,0.00840122449422852,37.027000000000015,0.025040446481745457,7.594436089710397,0.03193096543297667,0.030418412183950094,0.00626605755103311,0.0003497259795592983,10.764565545252085,3.3354999999999997,8.982128922947403,3.823262674979488,9.502690844062766,6.051110889062905,4.470627862401828,8.91177048736219,18.0064,72.35352721217129,20.71373471823853,0.5724202995089724
9.392464787112015,-5443.613609301786,2844.6450818063518,70.05876715663229,2.944524257845941,15.445816856056375,20.442974679975777,25.940712338121354,604.8887518851014,1.9067074770555963e-05,-0.028754117730060414,-0.00039667075727087275,-0.009833482785565006,3.7809066504475914e-05,0.0,15.839532890761227,4.076016634261426,15.854645510341037,1.4319089564007665,0.6122633348778648,-0.9362352856789371,0.7158528850039547,491.0803796605959,0.10186773412956018,15.54068001376587,37.90800125259794,0.07590987498267318,0.0577145481022506,0.1305564338765296,0.0,0.008100169854628388,235.99436064320875,0.03899268479054259,5.66416314575847,0.01914927602020681,0.022662744877854597,0.006140450751139453,0.0,13.778540747504401,4.6083674433915895,14.320217516345535,0.3003999999999998,6.08964668255722,4.685023670747622,5.184808584864775,16.343291115057326,89.77760189172041,0.0,25.15294790093718,1.06244802822735
9.09827799957556,-5698.839324641788,3015.965095518406,68.96298163017703,2.68988840945619,6.910942255635835,13.460781070569702,18.318620018155706,604.4037745672426,-6.47215087254219e-05,0.0285830315478572,-0.00044922491724589796,-0.007390427307719036,-0.0009694185845032661,0.000505542608804757,15.84465110055444,3.921994840018396,15.792957846434726,1.348665841027079,0.6064323650713769,-0.7765068659433865,0.7080239543857815,285.5949047612069,0.034,16.08342607437847,37.767189205400065,0.11300024475503326,0.0743361380372829,0.0167,0.00020753904477516043,0.014669578704879109,146.44580340348256,0.0175,5.317479119116459,0.04396760391378786,0.03958383244323246,0.007588269896363194,0.0030988314512217924,5.251593719218054,3.3354999999999997,5.213453759339272,2.231374157710519,0.6279000000000003,4.850018277082102,5.825771214971139,16.605253462573348,36.47423643912553,226.3041012809053,3.6093,1.108092343257417
7.0594772632097325,-5496.875993857576,2626.994027430779,73.20585207785538,-12.076002415862307,7.5211252603478504,21.974969314708353,26.44031558623276,627.8350326978576,-5.4504784796215514e-05,0.01772194306022823,0.0004443193853490856,-0.011125708566528732,-0.0007804382781375227,6.258053149671013e-05,15.82742010170036,2.8353090805413137,15.893359783610164,0.7716185323696918,0.4863119564409195,-0.9808868719218918,0.8292509659301399,495.5495282790052,0.13689230186862883,19.24776632168414,29.440065297577775,0.1155970134039367,0.020087871462364543,0.0167,0.008023106522911988,0.017380538529391542,265.9189851231642,0.02863185940824895,7.389792244677087,0.03737868594908489,0.008898208377705559,0.0025,0.0026125292381252753,11.367350105333463,14.96494782054064,5.448697997631266,1.6973836716855581,8.16543788564033,6.069132923274865,3.741125309678919,3.1599000000000004,84.68989377032102,539.066861338323,3.6093,1.0533800034526632
7.232584878653708,-5223.84128298215,2777.96080066643,71.08710179784572,4.729012864659154,15.897971064674234,25.852456414415816,27.302126110087794,608.1776349684236,9.443272299979226e-05,-0.052277017827577175,0.00024662342377934095,-0.007919995265918566,0.0006165493947408217,0.0007738254223783617,15.777057235081141,5.091761978771901,15.825982162059912,1.389925365591671,0.8273044397491346,-0.09266111915312975,0.637973659002988,873.6810662724015,0.2422496209595928,18.404366958049312,34.72404247376895,0.14762844173475811,0.07359331744249517,0.09148353476370996,0.0,0.016982308867334105,242.3114500544761,0.15955128642265848,6.448436282654255,0.034181153152866905,0.035442287690521976,0.0032969698117447286,0.0,18.886822563391036,10.524147149804337,20.46877583440203,10.590299652234588,22.733550988184007,4.917522649938162,4.413026311675853,11.622649330879852,106.55137425310136,871.0036920476986,21.836812848539203,2.2841633982988987
8.290451017751316,-4795.960533232228,2927.8098621981107,67.9915002313519,13.13218306972516,19.414466165470017,20.921981117099968,26.601306402342427,611.8519192764026,5.536655424469535e-05,0.006365208504159329,0.00022652455432458876,-0.009265627352345977,0.00048251018718907925,0.0006484490645841643,15.769385472605675,4.0769589633478365,15.83903580156436,1.1009572436666764,0.6447188531636362,0.03779034183881291,0.6752192309104208,178.69502427186575,0.10721724805266311,22.062443487760945,24.9147999052176,0.15166227261182585,0.09041203210847762,0.0167,0.0,0.023444381990425457,168.23752867116417,0.06734777023398811,7.076662703387658,0.04453560832746094,0.06221459103563903,0.00631769625433878,0.0,46.70858902267403,3.3354999999999997,9.453405136635581,0.3003999999999998,12.819476184539688,5.662219834657952,3.656161981916829,3.1599000000000004,18.0064,189.32205609726026,3.6093,1.8146266171994339
8.562750551886786,-4728.667262801472,2620.755893919414,73.96461120578111,3.159633304624111,19.803912841414927,21.134855406684252,27.200824958562574,612.0105188749664,-0.00010268597119080403,0.01367665516052237,0.00036658549505914564,-0.009793588791055994,-0.0004580013074451987,0.0,15.786444357847904,5.438054819846075,15.758705857205308,1.4918377106577645,0.8719354724087522,-1.9452037533234656,0.6171393952134062,463.63125445148006,0.14121521377230725,22.457179311339527,26.75780432436866,0.10316943057847391,0.08325974485404102,0.0803226215099338,0.0,0.01086025800066284,54.530750530368465,0.07341130747853604,7.259878654220519,0.030816720724261375,0.034762555378018346,0.006087253002541806,0.0015510725489164383,28.869774413042713,4.947246819268923,2.5786999999999995,12.610924957712443,10.423659388213474,6.208129062636392,3.7623336703543604,18.593800190206526,55.740817181403855,409.900980961487,14.442460555703732,2.4432081662735676
12.1968606369124,-5399.2819219183675,2608.2366302137584,69.70601628949802,-1.6309345662943104,17.46014268386539,23.476715421343627,29.509218277925708,620.906227255864,0.00023670594731689418,0.04750598279960523,0.00048280940442178854,-0.008869328879316444,-0.0006746182883583346,0.0004605024924759269,15.787929484591734,3.836437324968758,15.779609531574952,1.0848037249367046,0.6799432242071197,0.33628464569449046,0.7282697043175266,76.0,0.2930637832197096,15.109459674952333,19.018060532621575,0.09458696888146441,0.035224416201376826,0.026950152612439625,0.0034956129154197014,0.02231911333472736,149.57581846014972,0.14204198526310025,4.734906606320929,0.02903038400564818,0.008,0.002926132208650332,0.0,7.219565093033145,7.795368977933267,12.291819388836174,15.337201958495847,5.715469727495028,4.3252394162203185,2.1869,4.365089122304877,100.65472043586922,941.0538517846879,12.408782795548442,0.3275000000000001
8.541000366604012,-4897.7488709924755,2755.099222790697,65.87344409140752,18.849855666972424,14.522120281535733,17.079748730286774,21.7343895816531,624.9379283098626,0.00020051381728703263,0.05160681542913056,-0.00024235931791218482,-0.008310197114605043,-0.0006605929930211584,0.00011390855512285581,15.79783467202647,3.4701414544700575,15.80405051926582,1.0868713639627017,0.5781173381411971,-1.1752354040372124,0.7433884310615823,1030.0232083435067,0.16567750930633435,19.786362008062518,26.280626611203054,0.0982296516422189,0.03388832201331478,0.09591606680673245,0.0008156921240406471,0.01400677828483258,446.50122179893697,0.09172523373770196,6.2409373703394,0.020333205126836677,0.011345194496371532,0.00408824885163191,0.0008562115733582172,27.624253345473143,34.48317998630996,19.91217578591256,13.887174906101052,8.003780816217116,5.713086445784427,3.353223640802294,9.132302502023792,85.78484120889537,383.4913920871812,23.03469861026418,1.2602943913016786
11.667204985821547,-5623.71662040088,2554.325039970141,75.73801305187038,-8.408020119531443,14.088961294908495,19.57249182990816,29.342226169541078,615.2795845904767,0.0002560792433454925,-0.04665323850620524,-4.623862305364828e-05,-0.012647866704928176,0.00019234106353156413,0.000315748369206315,15.821082987442328,3.285900369312529,15.753092908307693,1.026393227044411,0.5974078182535496,0.3925869530752014,0.8624074417128912,797.6605127806351,0.2031607503059915,15.005759651056431,26.47383417461487,0.05607660514545351,0.0172,0.0167,0.0027513378914236306,0.0078,348.6177160654149,0.08356751089018044,5.145429115339404,0.025832743834078742,0.008,0.0058756081023996366,0.0011524737792786297,15.098873532684866,37.98200183918555,25.570592928765265,17.999597545141725,4.3990274103022795,4.577692970103206,3.894693577601503,12.169542235901714,57.47163892148524,117.11587405278237,3.6093,2.9837852147797053
9.824645362000053,-4598.500427806519,2720.7360816230234,68.4840632120972,10.57672246483805,13.279149541231947,26.70725089130219,31.856530789100777,621.5617502706674,-1.21860853818206e-05,0.005867340700202531,0.00021071501166511296,-0.01075145639382593,0.00013330362822095703,0.0006576925116122313,15.73688268611359,3.5518156352497408,15.750709033212425,0.9378033184448477,0.7147571985991282,-0.3413276828570403,0.7136633677027826,569.597564905231,0.1924003860064683,20.458184598765126,33.89129509141249,0.1605431601370912,0.1290645109334564,0.0588708185382117,0.0,0.012835161625598179,261.4255761962997,0.0872452473447399,6.3004922045135965,0.04117303571457953,0.0557546850939667,0.0025,0.0,43.03645277398535,19.312005493215118,16.85070981271426,0.3003999999999998,11.443058149815954,5.833887887102686,4.992310278742429,8.698627974757848,46.17738499581534,353.5738307436152,8.849911767664635,2.174623919984837
10.52597459468903,-6127.795349921553,2783.8799478217966,65.39839531947075,7.169428126084783,19.83154921241802,15.623002823767683,21.22224338414739,607.761518311449,6.836353841691298e-05,0.0667835081895089,-0.0002747251806645891,-0.008227281449155154,-0.0013341772160529277,0.001388570410781252,15.784336443347238,4.891025015076536,15.735628914642156,1.3370488327855552,0.7814125700276304,1.3801814950879197,0.6955024957240082,737.4844684884431,0.054425417892834005,20.049439620891754,24.238904889568026,0.15579073065484902,0.03391931713550954,0.04810038416959549,0.0,0.008870167274949346,472.4258555448571,0.027645634577231196,6.75375867064779,0.05195562711833709,0.021733926891213565,0.005690311642706127,0.002273390727225268,27.135688084430114,20.384421853432777,2.5786999999999995,0.3003999999999998,5.624811333975746,6.031767384175064,3.4946153863123333,3.1599000000000004,51.86324281312229,385.55670202805334,10.14129385983446,2.204547249801524
11.96749451214881,-5978.99816852922,3297.6502665435573,64.73217479088035,4.130208945334911,13.21447349235169,21.23584145771751,22.67868813829711,612.8435384289068,2.7620361846544024e-05,-0.06954405820391843,-0.0003936844597395424,-0.007893822557980821,0.000460135057042879,0.0,15.82149777711257,4.658382737029625,15.90763282259351,1.2250301041177536,0.7723744534095532,0.20631737647555204,0.7361353495083155,646.0965679429441,0.07064855534289985,18.687465627300664,31.334902859129972,0.10111346688848939,0.11230672794559074,0.036825250580488536,0.0,0.012025037204298936,507.91110521763653,0.03487490343200536,5.651067076931296,0.03038984110900558,0.04706842392131773,0.005808931716479132,0.0009438550007554651,19.711363754582422,8.406211229303082,2.5786999999999995,0.3003999999999998,0.6279000000000003,5.155826874544625,4.394474818445262,3.1599000000000004,119.20344670230047,707.2908544273612,5.903367281648059,2.5445023532735194
8.72111343855121,-5101.035352310945,2683.692342431499,67.02367707587052,10.659550346429418,11.47019752123262,18.406188586700047,22.276368053933876,612.3571425601469,-2.2985172093050203e-05,-0.05917132391188946,0.0003807032840726894,-0.006900457619682554,0.00044374252096410834,0.0002702201077684227,15.831518035663745,3.3407779168682943,15.848177419765495,1.1611010907286916,0.5675166602352132,-1.6446657923529227,0.7898391989579286,620.1395117010196,0.16540938318108345,21.71197246517167,38.19833583077613,0.18012013371496077,0.1009752713345836,0.05847875067360309,0.0,0.013689824196870641,312.6297822588987,0.10152043426418206,6.190397825541158,0.041167893911019715,0.04737615942889584,0.007067793906509458,0.0,29.01911632771195,8.50282227824499,6.392898188181025,5.456923758596205,2.8386622908319445,5.542568338295607,4.618662244297319,3.1599000000000004,18.0064,505.34990804954157,8.91063526406897,1.9687684414851336
10.051996296695718,-5708.565135342532,2816.7020602147513,73.64442298890457,3.616176585474857,11.924091944240592,15.284106611408536,17.81326500947204,613.9108683725236,4.659712753401472e-05,-0.04229802140934199,7.338949451049401e-06,-0.007667921667079396,4.177648537403924e-05,0.00011262128882578084,15.815111680848506,2.9679462621506225,15.828872577747347,1.0554846177623651,0.518434289108494,0.8817028052716858,0.8185794087380294,842.7722080671035,0.11907504007264876,16.63866620179097,18.347026720905255,0.1124859440135143,0.10510932716130758,0.07863408812685113,0.0,0.0078,377.7146056052036,0.07564763313286342,5.693601578056853,0.029025084446832668,0.05397859485763831,0.005231944846005283,0.0,29.225013212791843,21.008336528298727,13.462145574659178,0.3003999999999998,0.6279000000000003,4.689060537959875,2.6799556775707707,3.1599000000000004,39.26226504228192,53.22315773003143,17.360481485561564,1.6298468567780287
8.029658821982423,-5042.38691823017,2686.514959495842,68.78377850457947,19.612359573492427,12.31089872669502,18.70914607268654,19.579452803068477,610.960438144081,0.0002878322733171233,0.0397826307619483,-0.00016689146185636556,-0.006859428627775472,-0.0002829763873430758,6.223771775427632e-05,15.900775667249976,4.740471781025185,15.877084202587035,1.4210969512998517,0.7629128879860576,-1.8404693034470543,0.6401312976294462,76.0,0.055834144756950074,17.864890177262133,26.822486109822023,0.1253872409975969,0.0172,0.01691973793356589,0.0,0.013562922364986754,37.027000000000015,0.02567978686703759,5.139683950020859,0.036835925090391936,0.01991684611249357,0.00516753675664377,0.0004998829309041486,25.267211091088296,3.3354999999999997,2.5786999999999995,2.9433813122748473,7.127228818288604,5.480688936761587,3.3264307186560558,11.802699012724107,28.90284303248972,581.3718069356128,6.045890346525559,0.9898137641499907
13.09239390107614,-6345.973978687844,2978.2605786699623,70.99554981332228,0.041844981864449515,21.21084369703658,24.64568556105572,31.388965500576603,618.9817985416455,0.00016485055155571182,0.07733911274021132,-0.00040407270045696907,-0.008954588588318954,-0.00038580699906589825,0.0010927323424455239,15.716286113521475,5.1041727314874406,15.737343618562356,1.3759673299709239,0.8784879987859342,0.2419240273166252,0.6494322055032125,674.1344086237785,0.26558686577815727,18.665402603735508,26.63459744847926,0.06275427389010273,0.08087527277931872,0.0167,0.0,0.018818236597559067,219.35547709444404,0.08832417959574276,5.512911909312865,0.018464456384131148,0.03252703861947049,0.0045384448183849934,2.4619431496815955e-05,12.799746745559247,14.116938936427623,20.12659601844831,35.53318815156355,5.783657178437938,5.324037727821355,4.438073390367982,27.15933812059076,59.66039485441158,0.0,3.6093,1.6434793335252402
11.940112050373878,-5385.840309298033,2736.999599389652,73.5319263233517,-1.9921864614562046,8.157357927253166,18.509042480780742,23.318118374005493,630.755142330659,0.00017659622292145284,-0.046023369554035125,-0.00039535721212217723,-0.011919024093791364,-7.912478382855008e-05,0.0005247713356932422,15.897949430523575,3.7415907190777764,15.873174167238746,0.9514321745882917,0.689834391666397,-0.07455824673500316,0.7705453639305013,95.59417157921911,0.034,15.957603620916235,28.004123733853966,0.07144697995909678,0.05012924556066507,0.08137776718181647,0.00782486725492484,0.012655878750905316,259.1554864383295,0.0175,5.455518084194263,0.023536016702280036,0.028505145401347815,0.008860312397229616,0.0009259371536893901,23.958483921003882,3.3354999999999997,2.5786999999999995,0.3003999999999998,0.6279000000000003,4.72688214432693,4.354366119037252,3.1599000000000004,78.77411788534972,0.0,10.555388599623456,1.8163768880535214
14.1879,-5304.922798475051,2951.8211568275096,71.01621300023594,-2.709229111566812,11.991077844023497,27.351142694827896,27.54901068295392,625.0266990393436,1.783836774327851e-05,-0.05586696311304314,-0.0005688136104958511,-0.012035523523515728,0.00022709211583790332,0.000371933778231747,15.828422252663648,3.343756525505867,15.806472074723738,0.9426241149158533,0.5895433601977759,1.023642266916858,0.782249848612721,570.5883954231183,0.034,18.765690891869642,28.75041960600646,0.06957665750030632,0.039752111588619785,0.06597009076887242,0.003186655278840921,0.01353147660636474,243.98128393200807,0.0175,6.248918706022473,0.026370457372735984,0.02592155759342832,0.003901646731227753,0.0029216499163638296,1.328800000000001,8.593498691852714,2.5786999999999995,0.3003999999999998,0.6279000000000003,5.54232782657379,4.0810173325137855,6.828008428480571,61.2128262072451,114.02003911445703,16.14068835167504,3.0514345723940375
10.371374440479922,-5568.4051902919155,2884.055690509891,66.45101234299733,4.296921840997508,14.054276161091904,18.89143077251147,22.781076441858744,614.1779942678569,0.00012322191762561142,0.038976053545966886,-0.0002673484585028917,-0.009739709529097544,-0.00026637128201389265,0.0003217926933854876,15.966760374169999,4.070479756278205,15.950196008661532,1.1429048587615505,0.6518036811406528,-0.6177005501979551,0.7251850439317419,76.0,0.12503698651710876,18.182236048324004,16.062,0.07948956644516567,0.04671689683468569,0.03927542730426201,0.0,0.021229641538198417,144.17592356547723,0.08543844426368552,6.304792002076265,0.025710775697396715,0.023066062132181455,0.0048623184707667815,0.0,39.981344910404786,3.3354999999999997,2.5786999999999995,0.8150770196134882,1.7446125338316474,5.168382422866744,2.1869,3.1599000000000004,68.17234712819837,274.6772914001543,11.665565349200945,0.36177670425867237
10.236324368142276,-5340.696715354881,2663.608608001379,74.17208601792416,3.246546755450229,11.36220315909326,15.169299678153912,19.87389164912965,633.4305442079623,0.0001378862479093949,0.09714687743016423,0.0005048724145859812,-0.009481926042016357,-0.0013992594057225661,0.00035730375399115695,15.797178779227508,3.942974246570351,15.706575672585789,1.2089169523051264,0.7326059540326998,-0.5002799071255682,0.7636149088523744,532.873776623151,0.2908080843201347,16.51989645248165,26.977350397582963,0.06520736563990571,0.026357337075023628,0.0167,0.0011665306903050603,0.014857439857969272,511.8764481090411,0.1356696429900299,5.320389950260892,0.02210530502732597,0.01499483521339218,0.0064192169923298625,4.4741882398413016e-05,29.109076917116088,31.432658191912758,29.193310825082975,2.9207949672085496,3.2954076690662255,4.410171811441753,3.5507779457989104,5.844289078015519,23.951876743160454,0.0,3.6093,1.2673676685910107
11.89636650058991,-4923.8119590967735,2554.589665336147,70.05010975019867,8.194929295864002,12.024481239676177,10.308481087613238,14.244460613251565,610.6435044603129,4.085135153009585e-05,0.0651133284671144,-0.0002323075427592395,-0.011002034595929135,-0.0011965570024408151,0.0009987724412617051,15.768492700696548,4.052848836523161,15.775824845617278,1.4764849138568787,0.6613957017580775,1.0059408421041338,0.7635793251111253,231.1800933649522,0.165167808597094,15.397394812092536,23.96174785302131,0.09083485251456255,0.044231889879759435,0.0167,0.007606363416402787,0.012603314901325895,163.1434792736501,0.11064929069289589,4.558313350337569,0.030717233814106393,0.028224767547148658,0.0040441679544169894,0.0,31.192633382749285,16.84624128192753,6.2760489231170045,5.127073412268498,6.121760343943414,4.907745395944204,3.6012242053797454,11.981849513303146,18.0064,15.234565658580095,3.6093,1.0800644061200533
8.643275630252305,-5525.641698001172,2678.5537449168687,74.2506137428017,16.956696871274318,11.976568715705959,18.703655730429954,26.059972827751565,618.7690583675231,4.446741745325165e-05,-0.06085271832179731,9.904231096338035e-05,-0.011627724351990297,0.0006716053892872477,0.0,15.761166998926605,4.208401432002167,15.80776022882338,1.0027615486214763,0.6319027994158586,1.5232811231957337,0.7491902306719094,932.3888339469443,0.16438316979979084,21.558569634189602,27.767482517231905,0.05029694727480979,0.12411463995569619,0.07527790422911365,0.0,0.011332032207085688,478.35752243046034,0.07369918322002088,6.604442473635931,0.015204087464388828,0.06526650822889206,0.004753589437008461,0.0028682302222950303,26.660649746571067,54.02653705392575,12.967156321412098,8.124976521706536,17.735497213110115,6.150333958761931,4.0828457592224465,28.559877215121496,69.8733447173255,447.51227892210704,13.847241754996325,1.2380963705704313
7.6850388099078275,-5658.551230426481,2865.8669801011274,71.24136221525046,0.34754057172901964,16.105507031564578,17.12879964221122,24.04582926069331,629.5328664583062,-2.6975054162214934e-06,-0.040825930856276435,0.00025096436817963723,-0.00954313774627384,0.0004821253229217344,0.00042730920821794794,15.639358191997333,4.159190318046982,15.656477271709305,1.1583779800275984,0.6663182436682109,0.3479374427202543,0.7071587464561832,507.25325061174703,0.14391656253335264,14.12763559167475,19.87410614423705,0.08906705266134145,0.07182155534415466,0.0167,0.002424744265196013,0.011487741658029021,252.91706519155937,0.05396614372661745,4.787049491189946,0.037962824145424276,0.025391631013309435,0.0045421362209023585,0.0005949790604013011,46.21184628641214,15.35100732235749,14.755479606848857,12.243897654703925,0.6279000000000003,4.342662557047896,2.9445698886928597,9.727012739891045,18.0064,0.0,3.6093,0.8864945347778203
8.414343797763065,-5624.280355043837,2937.375762060052,68.92518891571368,4.762713871567786,12.296032834861977,17.704623061546794,23.23838727753555,634.3218,0.0001549733362723837,-0.056099984566834564,7.576934352739849e-05,-0.006389893016857474,-0.00016420310613017396,0.0,15.775073798896669,4.1606086351981295,15.77092943843556,1.060825784494836,0.7286236172459782,-1.3877879079585393,0.715413374735714,76.0,0.16365789547713575,18.641916921206583,25.067878845044834,0.05782638618612636,0.0442676359781355,0.02813713081358961,0.004512436803075239,0.016510395268669556,49.221717835248114,0.07169641383097562,6.326596401008016,0.012266094293357604,0.008,0.005899323734051338,0.002058517942829055,33.030000403900495,3.3354999999999997,18.473556016367688,0.3003999999999998,0.6279000000000003,5.534498978058061,3.350306464588719,5.5951870832839266,119.09326252334768,0.0,10.230759962676851,2.562105461271697
5.603239033162311,-6054.624309905219,2734.5950785947766,74.74676010361789,5.219785184309762,14.379159265622512,21.677463626655868,24.840774295174498,611.4468626241942,5.434716760664554e-05,-0.022683956988196304,5.09894091967058e-05,-0.011309577779514017,5.512702940988354e-05,0.0007215776644707611,15.881706351937824,4.670620354249871,15.888874230371279,1.2819248162259054,0.8078333505196549,-1.9428461272522204,0.6915341057896804,76.0,0.20771966991227,17.371748794005466,24.60274616232333,0.10621143912688585,0.10961995096729465,0.0167,0.0,0.013892235537978236,37.027000000000015,0.06798534757668806,5.630456971770694,0.031090881717211458,0.04763502516375448,0.007169371994608825,0.0,50.72064600825385,3.3354999999999997,20.025534450731506,0.3003999999999998,4.884127149992848,4.607204334281907,3.1768397288794503,8.668148461101588,18.0064,2.3792434782633336,3.6093,1.7511838514419387
9.677823579391077,-6088.8538368336685,2823.301449377547,65.3571196412662,8.127739385154566,21.29008880066631,28.01243281257618,33.35191606456664,614.1297623927667,0.00023175484566213104,0.09264159321452381,-0.00040344948466932156,-0.010633477937384306,-0.0014947191525746713,0.0005449999845936802,15.647112919884577,4.561375839319831,15.599208372376404,1.2253513388171513,0.7493079160409288,-0.42834483830319536,0.7580035069772582,808.2054597290119,0.046220835108232494,16.09878979409434,29.40666332876616,0.07743310006290752,0.034247236325592435,0.01914575492194051,0.007760011596830516,0.02194613429447805,359.5960230556031,0.0175,5.741823310188314,0.032084555949921385,0.011977281098559531,0.007633793171499411,0.00197203417526021,5.693569837411104,28.342249708935174,5.948048906575169,0.3003999999999998,0.6279000000000003,4.840204411554663,3.921526359705139,36.127921868857285,122.01760554598138,331.2828555585164,3.6093,2.0631178433021056
7.615029937748105,-5570.122161591287,2770.805615618171,67.92739746359968,0.09504314775491896,12.025131933396091,15.007569479581203,19.00915250863784,626.8777958087218,5.106330628122036e-05,-0.014264288795932906,-3.365628279187095e-05,-0.01242106465791512,0.00017226558482981823,0.0,15.8662173563824,4.013637683258659,15.808785673567437,0.8803122995664967,0.6764300929303179,-1.415681068830545,0.759443875422656,682.0975782080079,0.10819353942651239,13.472598910721983,22.49689184003516,0.033900000000000007,0.0172,0.034211851257037046,0.006493342815782913,0.02400058897195057,427.4324162726974,0.03308258065705528,4.243214558469335,0.016323837661898564,0.008,0.005839753162734916,0.0029326495105873474,11.754220108395273,25.93781324980311,14.498531802764749,0.3003999999999998,0.6279000000000003,3.935339145012303,3.6145671436162217,16.559722639090204,41.75690625955087,754.7520190352952,11.05187257194271,0.38176636043652334
9.572964316607669,-5306.080332360095,2633.7007870696393,62.767950515869884,2.3266504746357253,14.987090361359774,22.822236381889844,27.49522947378162,612.0517541296986,-6.293632755613817e-06,-1.379863513347292e-05,-0.00016466020271266608,-0.007869092379669455,0.00015183510746390224,0.0,15.803160383428157,4.31896025900264,15.794174873880856,1.469701630329853,0.7388408050087907,-1.6762061791970444,0.7012875294208356,173.91595596176336,0.09856009976196274,22.1230738399575,29.21467677597876,0.0390510066387215,0.027399599918512173,0.07888075984919465,0.0,0.01580929312916775,99.93698399760294,0.05274623574200625,6.4455693158439935,0.018360204925995556,0.021912498655475156,0.0025,0.0,20.971763810504623,3.3354999999999997,2.5786999999999995,8.658767134503174,0.6279000000000003,6.224848219895093,4.329530417188906,23.83822242098463,119.11721156591216,430.30375223510566,20.42488588645417,2.4878103146084785
8.921827594057813,-5798.241392558264,2703.0975231115817,67.30160505218498,11.617006132770266,12.83494743596848,16.319449218140264,21.95235215614908,620.3766205184204,5.7440060295603334e-05,-0.03148822562459,0.00013282227166895873,-0.005123475808755255,0.0008250921448576384,0.0,15.736477278118155,3.7731823498003756,15.75471943516492,1.0729025068606541,0.6305340860745912,1.831378594231902,0.7719108065967082,566.2560432071125,0.22038894914717105,16.86134111944229,23.685625889148824,0.0970218933092251,0.092834506963832,0.08892955030653121,0.0,0.01897964582720675,386.83271235047545,0.10282112404734181,5.816419877202642,0.03227949191420278,0.0379810626586452,0.007122155756381604,0.0,22.97362273305119,3.3354999999999997,19.270470098358153,19.775760867630865,17.971193869754618,4.624089354128243,3.3722266912174037,3.1599000000000004,33.62252800542961,0.0,14.939624535105342,2.077132094208969
9.257728160320218,-5784.555650414819,2791.768141901058,68.57486989913039,14.671717445129252,15.621839010551813,23.288638992309025,28.817074039253765,634.3218,0.0001059061991278939,-0.018023552961127506,0.00021190497379425368,-0.007910049987560548,-0.00013465154724226182,0.0,15.782651708673418,4.295059541631552,15.850761074678806,1.1395968571492452,0.7593539112077272,-0.1566495657679307,0.7617178083259594,725.950405420661,0.22954547944485962,22.8746227888716,24.43541203131921,0.10171630547034345,0.05042242441605146,0.0167,0.0016684535137920068,0.014138693080902917,181.2127248442275,0.052714245788854266,7.955672875701302,0.034790460267291254,0.02130142861110482,0.0028465723251850277,0.0024260566354827174,10.841952479085872,24.697554750136813,12.521428277075135,0.3003999999999998,4.470489937482943,6.567879749735246,3.035062651547966,16.82593851631624,74.10333797231587,0.0,3.6093,2.9370143139382465
2.2493,-5128.527374720177,2374.1821661904787,67.41175329945668,13.649734656999982,9.374982973234346,21.664435719747868,28.32777155799272,630.6280644323517,6.733694570613692e-05,-0.09233885169249922,0.0005702960511093,-0.0044428719751404815,0.001400110938379066,0.00026931060305459593,15.731650673901456,4.757646100984744,15.77373559948615,1.2515806338707987,0.8116047701493692,-1.3048671806188499,0.6895246896312065,263.94384959797446,0.11878303969104503,17.664070547275717,25.99907051579089,0.0747068578989131,0.07491699547793308,0.06707934616596536,0.0,0.013565350085473242,66.9909598918513,0.06492559526471345,5.506789541076386,0.015445751553182953,0.04584863584163015,0.010259630828252056,0.0,28.589592894871615,7.072039740717328,7.757070157173824,0.3003999999999998,0.6279000000000003,4.878999802439195,3.2730577537519867,5.669309843018375,104.44202806654101,479.6435138418942,16.933122550345143,2.1728606051067696
4.070152447091751,-5201.133653049393,2943.045074061772,65.25230941729957,-6.00566618715621,27.207404916640073,30.839689709203174,38.230264507435294,605.0615598817585,0.00011095266248523639,0.018837627337292946,-0.000274414256730749,-0.007768489043189947,-0.0007563317931870263,0.0006627050622312477,15.715979043424593,3.105396201505256,15.72533536005232,0.820634207705905,0.5698418507551296,0.7405199865957455,0.7772024363478197,844.5705031900306,0.034,18.106935844428637,33.015860468700986,0.08413340566900426,0.06703262729899954,0.06893583497828644,0.0,0.012271371573052994,500.1532209201346,0.0175,5.505188416989275,0.03561185694005819,0.030421272193035444,0.008506520033179116,0.0,25.104136548118458,24.754812564025112,4.6531388021985425,0.3003999999999998,1.4980622624127955,5.1111458711289135,4.813973427356379,3.1599000000000004,65.63649079335217,928.8622585647288,14.882746297524701,1.0405197251607867
4.7789060156132575,-6373.503930021663,2606.472302458753,72.56275018995478,-5.600944039515259,16.00359184817549,21.132599081339436,22.08121556973225,602.1155895910823,7.014036445024651e-05,0.04638132212061733,0.0002738042286428159,-0.008985561558244214,-0.0006933038809151001,0.00048591114172133313,15.805867637969747,4.027583903479521,15.876008243823282,1.2112876499185563,0.7693420833648945,-0.7106517589806853,0.8143928494331067,190.29571616632677,0.03791891286559437,16.88929762802067,33.78383024180844,0.13721583688802452,0.08441720535497686,0.044685020021265245,0.0,0.013761059870101233,233.643328587788,0.024139780089262118,6.171197070812907,0.03808440086247994,0.03805643663338167,0.006776182375959847,0.0007004824577839005,8.68972673981881,7.333300925427137,7.99259823596085,5.3545921510759085,4.279386309422984,4.774709970750139,4.845278519359978,9.859381027090684,84.0419362796222,553.3610267851279,3.6093,1.5998913205567598
5.711759605343056,-6459.812639221143,2947.4771448382044,71.23354626379397,14.579229899670182,17.25966506679044,21.55532422902017,28.301138134490827,606.147623967348,6.575536321891704e-05,0.07667296602734869,-0.00029000728330788486,-0.008929063256476095,-0.0010678302529171493,0.0008237483782698365,15.72823086649025,3.7726004595376703,15.76537897949325,1.0165761551953092,0.6516798184953337,0.6607206664377518,0.7524658839571282,385.81869979285716,0.1842405217965441,12.16,32.83832111637848,0.09956030252698517,0.08208869397138514,0.05269694291278314,0.0003377124172233466,0.014184156658962919,200.32726872152017,0.10312407693995082,4.149334076627475,0.02891576412573936,0.03735658955499299,0.003383882311995152,0.002246912720782615,14.392793785937414,25.223591248179137,2.5786999999999995,0.3003999999999998,4.906144444336904,3.670547312375837,4.888382045353763,16.745211075567898,90.40284611974266,516.1238500100683,8.733351503025759,1.4236067008880928
8.298327662625017,-6914.439728722895,2900.8896102824456,71.87516032752744,8.298205564452687,22.65509619781402,24.38953303896647,32.26386134891736,618.9607896003754,0.00012200500512157198,-0.11097897918877517,0.000622495193105286,-0.004922296329707092,0.0004750879228744273,0.0,15.770475397736194,4.33562547880126,15.737481302647064,1.200030452757434,0.7738498967413049,-0.3347918951414157,0.7626717843514871,549.4945731413004,0.1442652874391459,15.765351091523184,28.352796789566096,0.11029984237027157,0.01906206794149195,0.05211141453894315,0.012745000898344133,0.016650145139633688,224.38184492813113,0.07220876627413313,5.462439967194347,0.034942389774059876,0.008,0.007897230061648287,0.004460210204692762,25.695207623347507,3.3354999999999997,4.292037349649094,3.0211391029091734,4.673069734393781,4.950020308576623,4.150956447251166,6.937544668768258,85.28670576934336,54.977315341798146,10.146732564052808,2.4640967307533352
9.861286678041724,-6024.47737656159,2637.32877587292,70.26791784907338,-2.5463609892298007,9.057684143644233,10.188507436164294,12.387875404660708,608.0870972017574,5.655001809600817e-05,0.030994269877099155,-6.492773342637296e-05,-0.013870717120955861,-0.0005617215959324601,0.0007178577813049884,15.838064517727139,4.367996622894654,15.760518446935395,1.3261740394026,0.7804491464997161,-0.4522094926675809,0.7251311750124795,511.5858622292665,0.06261498773034017,20.569074155592723,24.93032868222088,0.033900000000000007,0.0172,0.08742207917178253,0.002660796920371781,0.008840409859111699,237.66196168783068,0.058564823325807966,6.174530471828505,0.011360577768633454,0.015948261660137967,0.005791536172684102,0.0016476589509418094,13.645742206929864,26.911373247592046,9.273095196398778,21.687780074424822,1.6192192056930654,5.4161706321142375,3.779913300711866,18.207451864221873,18.0064,321.305195428728,17.115603920547272,1.7878421821143766
13.57627705311997,-4698.484638339805,2672.148074309641,73.73778872734783,1.5838567862873567,15.228594608785937,20.797852980666587,27.299306595039806,623.7487634984471,8.437663816627275e-05,0.00020289896695946516,0.00015731804200017364,-0.011140471639790473,-0.00022563204874404406,0.0,15.802476600404814,3.641402005908415,15.785594082513368,1.169772497471367,0.7122104554600812,-0.8353812349846202,0.7974881893617867,569.6254244143098,0.216962398708214,22.153005777008723,25.853093387742973,0.0923795403439664,0.061660280573124025,0.12550412446999454,0.0,0.01757960711812528,248.1570066130163,0.09170005345725707,7.231741125756682,0.019908680305623417,0.019983903247525487,0.004897000116494526,0.0,9.65925453458638,22.08669226925292,16.828407869698772,0.3003999999999998,7.246358521030713,6.097113404291051,3.2069391847463073,3.1599000000000004,74.61065813682423,0.0,35.62711844918278,2.290073470514712
7.101883104691623,-5224.377066970883,2513.5283809283746,63.04660116136527,17.141090664354643,20.315249432707645,25.354724682109644,34.543643135594436,623.0816797801931,7.689402649524134e-05,-0.004407890400476061,-1.7717436963132998e-05,-0.007820348367908934,-0.00028248852986104134,0.0009240559847698135,15.799784813259645,3.222028709943702,15.90114144158194,1.095503504761648,0.4793578899066702,1.3645970390139086,0.805003163560126,514.182815115717,0.15674642151166002,19.527897430413926,21.452357179584602,0.03546527472346862,0.11370246140544132,0.05417819061013157,0.0,0.012229318364247819,254.7091334358317,0.06641655195588099,6.180355700940391,0.011704803129146237,0.061918644973439546,0.008079901808140597,0.00200951576315261,16.020605548491528,25.00690759985152,11.669517707258096,0.3003999999999998,16.244779489116556,5.068068535152765,2.9790255616250114,6.008704159748714,18.0064,0.0,3.6093,0.3334777224671721
11.978545467753047,-5727.800656696178,2745.642323291609,73.94668753232733,4.233118593260449,8.34575634338319,12.326896641722108,21.682854157805142,626.2060355647562,5.6813297179960646e-05,-0.0223249545871824,-0.0003599943863374468,-0.01327687939587902,0.0003547228378049632,0.0,15.97033577588138,4.508058502522097,15.95882311605896,1.3545130114258257,0.7256264592588388,0.8140243402565417,0.7430380550400265,566.9299790148254,0.22252104672679618,20.526495033822492,27.121319540447523,0.1318527759300473,0.05309759110987163,0.0167,0.001716331246451428,0.00825123378465726,175.935629446226,0.11739596288347201,6.824724606454104,0.044629986002883086,0.017369395284053117,0.005310481591811521,0.00040249798948212474,33.39210942006501,25.574990049998362,2.5786999999999995,8.54195343138334,13.765103769703224,5.65272066377223,3.581017535214429,10.490050552873157,49.43679335864807,0.0,3.6093,0.9933060051156326
7.194662314308596,-5667.947339209127,2633.1022549239337,68.936278275321,12.227345328153234,17.271118394291367,26.005006541329365,34.78217852597641,607.7320131393794,0.00010004449595107145,0.09936546038171382,-0.00011833662964352804,-0.008435936748985634,-0.0011781295730646441,0.0002667691785758301,15.820677826787184,4.800785470983407,15.7837000125454,1.3253315037435796,0.6951673756355762,-0.9090201753845768,0.6071093183615406,446.3595373381144,0.19610616574619466,20.263071202719676,24.01884984447826,0.07805602655383546,0.03981951787042372,0.08181352142826903,0.0,0.018924736262361797,165.8642945542909,0.1145873624859049,5.753840483352542,0.02070298989209959,0.024682063663852723,0.003869990001072939,0.0,26.584324786306844,11.410028703436728,7.451918237408983,0.4210422990570315,12.266986515041467,5.753759802653747,2.614451082318552,3.1599000000000004,45.58597372656628,681.0257707545875,21.733151710556015,0.9034191841261121
7.171880721621724,-5091.591656951288,3008.1084125837533,67.46842135915017,3.637881374498027,6.417568835922338,13.074609653577845,16.298268494985006,613.1762003458603,-6.245714762708088e-05,-0.025207564053014022,-0.00020477509696914485,-0.009894298587517331,0.00016388049184835987,0.0,15.650380009045515,3.3975981663120436,15.674972266339418,0.815412415703431,0.5824101698784909,1.7416895979292792,0.7723071385419442,792.1049735426557,0.034,16.871500804349694,35.36491367250893,0.09532134236582325,0.13416573928735315,0.03686827023921942,0.0,0.013923308946322141,438.02822488550476,0.0175,5.84297576250425,0.023366031682423842,0.05747374137230481,0.006653960064712504,0.00054603159086808,30.229745013290643,14.73789121478448,2.5786999999999995,0.3003999999999998,0.6279000000000003,4.9349537986816765,4.708505681075439,10.859857083679794,60.18057775699661,124.99029113664761,8.132129173866721,1.594069951939085
10.183148111854198,-6704.596132850549,3115.2733882105717,67.94997702715126,10.941712787592547,22.156154092052162,24.234688635375104,33.11502855460678,621.3488614873872,0.0001140890469907089,0.09697527911331177,8.199210807422588e-06,-0.01145188548298923,-0.0015533032477046765,0.0004527618720264775,15.721642106493167,4.058894612846335,15.732461712245998,1.1179044956286628,0.6359762469977887,-0.4518376719901468,0.7140696128363966,560.0641991280356,0.10463046544971978,19.99220836803295,27.017836868402235,0.08164080195740099,0.039936997354219024,0.061200280500807676,0.0004894769257624895,0.018406031116709264,456.7443396171515,0.03591495334476843,6.825046379424497,0.024736735717736456,0.025477721470640757,0.004129348905091942,0.003911276143595291,4.171062091842186,33.61101018489965,10.428471652178711,1.358782068421938,8.91554395818457,5.817321154490491,3.3672181429858745,11.942577468983052,18.0064,136.50536576537348,12.709134223930334,0.9674635913727908
8.345438232086222,-5100.69414370535,2930.881880004124,74.08607545493307,4.631071680553131,21.467026957506636,29.559862243321646,35.08807943510051,609.4623316582397,8.940661042559567e-05,0.026061630563081594,-9.449019338858437e-06,-0.010983067469284603,-0.0005466976550664351,0.0003708319423733195,15.880298347191363,5.037824109720282,15.928417748728698,1.588980363042574,0.7434457058257753,-0.850621130068455,0.7140988374307055,1024.1876094103072,0.159891615935626,24.5929545276039,30.955115514697013,0.0862927943670077,0.07635981250723757,0.0167,0.0041896769506481885,0.020537064698061717,495.41424456684024,0.07110351080797016,7.14984516926493,0.02415504832562748,0.03361776529085083,0.010740738616860326,0.0007725604808231,31.758730518900684,39.640588436066714,14.914797297566889,11.485928237025893,4.0810127259915845,6.361326308484238,4.346957496742174,27.151206565023934,89.60111533430808,199.53891953774414,3.6093,1.8024304406609195
7.632484111076512,-5836.351560512563,2693.9945172718367,71.94445262351164,3.8803867858026693,19.78745990536295,32.244723959560716,39.45294666757901,614.4525983126256,0.00014096748201113262,0.03241898606896837,0.0002785380225587498,-0.004754980783778116,-0.00029866371139145297,0.0006360649493793635,15.819585957446927,4.178205379933121,15.917941605037836,1.2144006089254622,0.7008799184613584,-0.853134502368903,0.6983577613655452,169.54280938835672,0.15491111661764012,18.712164900145265,20.547635043278294,0.10365385836617574,0.05887980565842738,0.02813441718644767,0.0,0.016624771260485345,37.027000000000015,0.09074133801213184,5.748537846936109,0.02015353546094457,0.0340108340614996,0.0025,0.0008954273554583864,17.3580883706208,23.48664519313174,2.5786999999999995,11.666012943320696,20.84660170464158,5.213749885679126,2.5809439969927546,13.272798397044644,142.52979093115346,414.60516584380923,8.211353785794541,1.8127451296755444
11.01017843678285,-5630.603213447783,2776.830045378093,70.08216744537194,6.430902461195685,11.981092490498938,18.613853240469293,23.80038822794412,613.4543742291913,0.00019334092348833156,-0.03228352016356771,7.097177034298463e-05,-0.008289940155721721,4.167126954634396e-05,0.000448112767844154,15.704353083332135,3.298463429597756,15.614822293884922,0.9906719487775197,0.5547297430119905,0.699162033400943,0.7577474538274513,76.0,0.15818510949694478,16.656347323204564,23.950811797642217,0.13996610355359684,0.1065259151310538,0.10332986500642088,0.0,0.019171518416216893,66.81955576851607,0.08488723955951757,5.830199926083484,0.038320288734105326,0.04623566119286342,0.007940726865412076,0.0013785273274901193,27.231723385638745,3.3354999999999997,18.804674823367566,0.3003999999999998,2.3222478925206493,4.94317825744177,3.6609178528179562,3.1599000000000004,21.31805349312168,433.18279019921596,21.439232849833044,0.9936544104314707
6.818068042750109,-4769.2912650551625,2605.7714690992043,61.230619918060604,5.346805822170514,8.446371033756806,21.035152140355905,25.212526719849322,626.4350906210421,-6.435102891685511e-05,-0.006135168323084646,0.00027189271010462135,-0.005780175479100828,4.43860638058107e-05,0.000842817875186745,15.89277830428805,3.8063997023725973,15.835824099920105,1.0293157546322422,0.6146801074226682,-0.5561956645840015,0.7407816366379958,918.6907601866765,0.0645373358707772,19.493961672030427,28.06947954114733,0.07801574368085162,0.04983543433136516,0.13353216724896722,0.0,0.02171897351154354,456.23196233696456,0.05845174187263647,5.682063497525195,0.017132930781755748,0.029287732454940745,0.005488922160047638,0.0014518740153081043,28.537360519242267,30.451102015402846,9.712826844509951,9.307910924727663,0.6279000000000003,5.330035961954541,3.8958427407402825,5.951831026497456,18.0064,0.0,18.850802390620593,1.0953182345785015
7.861240773555471,-5107.097835759267,2701.5667526894135,70.91221021181538,-3.0997329965066522,21.288105414654066,27.361944592983264,31.86811315370022,595.5822511339813,9.956133894314093e-05,0.008956168999751869,-0.00034446582298877475,-0.01208043516182634,0.00016416443976890563,0.00048172217716737167,15.915421364706836,4.102916344189528,15.90648256535947,1.2897537814369875,0.682657345706239,-1.9359062515473242,0.7603820544705501,188.26802043557495,0.09139788043213508,18.70823605821954,31.58815298250681,0.1258060185707282,0.0578962840988765,0.0167,0.0,0.018870945162234292,60.386707334188145,0.0925437723756234,5.536747849213538,0.02991279125133538,0.02026298438711809,0.0025,0.0,31.144493925727673,9.928973865493873,17.37494659652097,0.3003999999999998,12.876133723863106,5.635638846649297,4.540774299947494,18.080765106917475,74.2553098623466,909.7289707747782,3.6093,1.0594347457526223
8.455865725745465,-4271.017010436498,2548.7034122596347,65.59584019763683,18.588289290698608,19.38292786820833,22.226191573197568,31.415881716232054,622.7823117507251,0.00010331577582716492,0.004435575742651316,0.0003864410243759471,-0.0037684404436601534,-3.0470815018214326e-05,0.0008299433516634848,15.890123836766525,3.9794232139300822,15.964913479307995,1.1432240163118794,0.6159440523805071,0.3391041386378859,0.6647350339689814,1000.8683399095837,0.15155576432459741,19.743050615392868,31.292821202428183,0.11914351204905488,0.040028851236663804,0.0368023008327209,0.005338783757848494,0.011632850645035199,514.4008919434015,0.07693646684817952,5.94107133175928,0.026384347298926667,0.022375148730486977,0.006277701817148361,0.001690915703757376,22.455966364532607,34.390270773017185,8.451318494267706,16.22191245143331,1.7983499147000144,4.985519262805042,3.9502308304626634,3.1599000000000004,88.38670375314902,584.1586342072843,7.538966804017755,1.8124574694194329
11.798035774953036,-5859.324465343891,2526.793917261666,66.39731623722022,2.0888408231548192,19.165935152588577,15.851809334966296,23.92334266397306,605.9607346070065,-4.566561061372448e-06,0.011556043275368588,-0.0002511540601100879,-0.012441486927151262,-9.896269799263932e-05,0.0,15.83323980307523,4.333110089687468,15.741200310234927,1.4189987684525145,0.7195178050033348,-0.15001426289474812,0.6644764047271398,747.3996611511299,0.1613041895975477,21.05793919526328,16.625996008196367,0.0541657694130538,0.07003015193835697,0.04685603046834846,0.0,0.0078,367.3444625330293,0.07854295276203511,6.154272207197463,0.012006771793684062,0.031690210759984516,0.009225580230440771,0.0,14.842840624525936,24.642210282477368,19.359455422391694,10.416034795886848,11.138284929407423,5.157911483154713,2.2817844138594188,3.1599000000000004,49.62268183165494,444.1844287198418,13.539131285315149,1.4716661084879716
10.422995123241074,-5865.325484969917,2996.8991198726026,68.50452238504725,8.94117686710172,17.0838910032511,26.07931287938672,29.31727091070228,607.6465189820887,0.00019693996120518162,0.035159152184927475,7.727760353395353e-05,-0.007975919364680874,-0.0009065695986510107,0.0,15.732554357543945,4.1019225372973205,15.72606627727429,1.354157163215873,0.6569784149327988,-0.6917385527530597,0.669371618355092,1184.621181605898,0.09356801776817072,14.242204519775854,28.715111598815916,0.11902560743809487,0.10582334394151738,0.07681510465677291,0.008042558179010447,0.01638140296900808,567.7800182592737,0.03861394479928364,5.08992770991394,0.03938140282973697,0.03971697085569398,0.008479040100818317,0.0015344047803402192,15.556784829085792,15.76876920519378,2.8721258047921676,4.423185856255198,4.511170923532045,5.4091087060957275,3.912418274390022,33.14911129503174,45.91717783533924,0.0,20.860309694847807,2.6152168871203196
8.82466453287376,-5129.112618026572,2557.193164775776,69.3349549510576,15.518986108222503,9.698981935684767,15.253500640312083,16.86935576196705,614.5757676139463,0.0001484516487980159,-0.025973988107353005,0.0003814714138818833,-0.008575948177159525,0.0006118752031535903,0.0,15.979983335752758,3.816762274826252,16.01983624658792,1.057818199556331,0.6425301310613355,-0.8449712548743962,0.7070584707429758,76.0,0.21001665081785584,16.188842282610796,24.776477158197107,0.14110921647474767,0.028068985935441607,0.12021422796175896,0.0,0.016637271317978902,37.027000000000015,0.11511421403343504,5.634649855710559,0.03808155651825683,0.018848262814806567,0.006228565485190201,0.0008674867845947822,15.564114119115109,10.539312190284898,6.760705505309714,6.172497262836142,5.008855899634325,5.144871702737712,3.598822880376922,16.405006547126415,66.71511525209135,0.0,25.807808966952184,0.3275000000000001
11.36795379642408,-5318.702452635777,2760.5267143713336,70.76542503844303,15.470852529161926,17.41034001762217,22.33759548751065,26.298310326283108,623.359108623882,9.704328161580815e-05,-0.0756362600650354,2.508611334028513e-05,-0.008921599601390738,0.001009784921426582,0.0,15.871714689950911,3.4812710206660973,15.858258358406044,1.242882430424477,0.5504389980048363,-0.47593399272475057,0.7802163872780415,899.2987484746176,0.13204155370917992,15.494439389415465,23.96750627150704,0.1536036701726399,0.04235374061380452,0.04680709208730688,0.0,0.014446986386229028,420.0290746952933,0.0853193854311378,5.432928043163763,0.04234649733592076,0.022007562225229396,0.0025,0.0,25.899291627562192,10.771165659646558,5.735920127923464,12.854945905878095,15.350880194253332,4.689002288598742,3.464531012591519,9.124687018934663,28.964713328193383,0.0,7.165095447890981,1.011883010436705
4.951283049062784,-6112.316859228524,2882.26286892136,68.56763751176041,-4.910435752954987,17.395737198353206,20.608302166435102,27.33624819980967,617.7277136126966,0.00011984554876605795,-0.07651295949432627,-3.285591468914851e-05,-0.009691620983396753,0.0006038243887391015,0.0016663998859032668,15.79608965741368,4.016570841810506,15.816798993852863,1.0162914630899194,0.6745805154330803,0.12156680848578183,0.7580376683591858,399.3214986555553,0.034,17.27841359946307,27.231303349360097,0.11588792561179691,0.06082335239949645,0.029423419476496068,0.006484356120207391,0.011866119735726115,379.60641485135375,0.024129429762712692,6.083367848416663,0.03450218679449944,0.032935271063870196,0.012645063035176103,0.0029469498635903797,20.501191893768592,24.993499834589084,2.5786999999999995,1.2101739772331488,1.3773842897721087,5.188045462797544,3.840884619607233,3.1599000000000004,52.783383147026704,646.0216674476055,3.6093,0.7015371073207795
6.400153303420039,-5488.403866865707,2859.308046255077,70.41756080858823,-2.799110818844006,19.031205328379983,26.74060062517669,32.52782422344035,611.5207823445847,-4.965276527635294e-06,-0.05729485691898761,4.8868123337572936e-05,-0.011913262741743959,0.0008268220422107833,0.00036012829485773554,15.765568640884528,3.129506758881365,15.82508537140821,0.9841822920581929,0.5874706398073749,1.0175344945312246,0.7657123751186087,1004.173956381713,0.18426223875141476,15.324495676842957,29.27654241659615,0.08454527384156191,0.11989581836605911,0.10607188874882964,0.0,0.00996134338282495,382.01744508421643,0.06887280254618024,5.86192580751906,0.021816196808713436,0.050968661025982964,0.011399951933312873,0.0,9.37001864648517,31.789568690687535,14.325801240915274,0.3370403132682238,5.787425368149121,4.835497237899463,3.9176446348923113,19.46620227383275,75.19546657838275,571.295360127832,22.630424932720302,2.5512680795818605
3.00157355524121,-5702.420099589844,2999.7812805628264,66.03862295028259,9.481956833563824,26.67183345017495,26.051061669905057,34.88411820505811,624.4819617598869,0.0001412444487688958,-0.001484779550513609,2.7678861365682057e-05,-0.008585188292362097,0.00021273636774302954,0.000433622701583464,15.799298725233593,5.066492161660435,15.773498606103855,1.336886975915129,0.7938866956862589,-2.0196399986042417,0.6472021837660107,723.9302590212069,0.034,19.863070926430307,26.303463625471547,0.11551901930131338,0.02488299815479722,0.05488126954283377,0.0018406743997122512,0.009772104608558423,467.63300499505226,0.0175,6.46253607065747,0.03560153737152543,0.01271639315885183,0.006227348876032918,0.0024327081595040285,16.436761075450097,19.11727470889424,2.5786999999999995,0.3003999999999998,1.3682251211861622,5.72836543969541,3.97818408560772,8.866514995210435,35.31914229258591,91.78573590016782,11.206223179788044,1.4279034786185214
6.216723634481255,-5219.581902679825,2308.893732669709,65.70175176861419,1.2615762631218566,14.325055312645183,18.75953091466701,22.398488315766876,607.209974963248,0.0001502951168542306,-0.06489208129525867,0.0003117563131883389,-0.009406832673714614,0.0008259023905343333,0.0,15.850813842782427,3.3309376100311376,15.782886489326158,1.2103780468811953,0.6185449939959835,-1.8524275837817283,0.8421167395321991,76.0,0.1548761994606644,15.768714749640461,40.34447469377122,0.07087052341249286,0.0172,0.03378079384689599,0.0,0.010013975431472508,132.1074806267437,0.0737700414127114,4.372459832537585,0.02807550840585665,0.012844968899905076,0.007791384157047429,0.0,24.019520921597902,11.180942330913979,5.571737005325696,1.7514532004616186,0.6279000000000003,4.199361449836434,5.542803392910519,16.180187025870868,26.64998377631555,897.1948583132369,9.132091999929758,0.46286856771783835
3.2845488426620877,-6613.213671408912,3096.0106228175628,65.49349784479527,6.323723613094607,8.291813163184079,20.693901796433398,23.792666164211877,619.0393440984894,-2.1292698312140736e-06,0.05753260406663278,3.961218906003608e-05,-0.012391330800006765,-0.000605418216205904,0.0005592365158630036,15.835562989911724,3.8836161587919587,15.791876845877132,1.2489530233767479,0.6442243889357023,-1.3295934832875191,0.6874077634097648,218.77575636592974,0.034,20.07635155132565,28.9519656997939,0.1133854513279455,0.06893215972938414,0.0167,0.0,0.011119472345621738,126.47594352276279,0.0175,5.878237223108826,0.03263228355472912,0.041908609076118694,0.009458616569653638,0.000973815973909555,5.069379123472665,24.866109613867792,2.5786999999999995,12.162279133703581,0.6279000000000003,5.5268650345374235,4.469073210663715,14.302189875578717,26.18284968710936,651.2724278797455,3.6093,1.337319522308416
8.189211025242662,-4743.789297461222,2709.819019082246,67.26169856628542,0.14162816820301094,18.694764028695584,21.83028089537437,25.63814530621377,605.1653309715946,0.0002490939252475752,-0.023761812270670254,0.0003127996300222245,-0.007041349808534935,0.0003458480776729576,0.0,15.871664255539676,3.685802030505082,15.914385280815731,1.1708189998619802,0.6487612875008864,0.3615194316677618,0.8104464992597532,539.4896424997953,0.1785072816957061,21.498105135058232,24.994349621929086,0.1564606472369675,0.11259616158847537,0.0167,0.0,0.01893755735449317,332.87674491115416,0.12090914493644103,7.5316349912481035,0.044711588555921465,0.04404441761241924,0.005419132071810043,0.0,53.044870770740175,11.272628847351516,13.811196695930112,20.568790274839007,25.645673080960417,6.567879091550374,3.087673372729021,3.1599000000000004,101.10761982741926,633.9081830299924,3.6093,0.3275000000000001
5.825636658893082,-5674.230440988431,2511.144866814897,69.58628147687512,14.79441600412704,18.757806635093377,21.831007159360194,31.227114820880388,614.9544915209489,8.998659057027958e-05,-0.042335666116629964,0.000250185551495698,-0.006972138442896595,0.00010602266891788396,0.0004893799891453803,15.772719675829308,4.721842573952076,15.795448589910135,1.1221301021672578,0.8052091400468195,-0.1426578620820782,0.6718984811596659,533.7313836475507,0.24052422598800083,18.436107433926534,26.9415465300231,0.06222886970026176,0.04557318512324939,0.10553454836274795,0.00027214604977797343,0.015271354952227438,247.1777752225784,0.11270217814516931,5.404236943767087,0.020163165316714256,0.02338574256650587,0.005189349779065305,0.0011877966164371354,11.477781419907146,3.3354999999999997,16.622137686433273,12.07907020627746,0.6279000000000003,5.760984506018305,4.007705883941192,7.681952437029814,124.70466953855922,393.4837269963473,20.571292078489307,2.7498848588517544
6.374811229988308,-5757.633984209081,3082.8590618183744,65.74523547722154,7.537127838052996,16.817000365194076,19.28919728534315,26.626891286215134,615.352096918394,7.958534496298647e-05,-0.03849609204975627,-0.00051485780277673,-0.011737100766144204,0.00033950933112586316,0.0008094136820284998,15.898105922151323,4.834199437558794,15.939207198268061,0.9404708516593954,0.7403897964964475,1.1456768032578544,0.6660005351578527,663.6129892859504,0.08761595640656569,20.110341656204618,19.546528791435524,0.09125243357535504,0.04055708586439495,0.09355540416228672,0.0011129787374213104,0.018963547187664225,216.2948903040689,0.0175,6.2878633743241865,0.03041110923154219,0.015062646574404105,0.007446944097594671,0.0031457760560298924,20.05470280600472,13.299389489428762,13.535439940989873,15.419440341204956,0.6279000000000003,6.119370419361604,3.15419073975797,5.861746409156188,66.66406383764317,374.561996936723,18.68369917050685,0.825170907649947
12.623206047195199,-5184.478910547035,2315.495034592209,64.21148682276508,1.8903119465047833,8.656168999846683,13.044213007802476,15.079460211402713,624.2636468334364,0.00016407211926744878,0.07502055661069487,0.00017475748267455556,-0.007354621693583469,-0.0007945396038430901,0.0005302116467730485,15.751222489777982,2.982253163380373,15.776351054421854,1.0573817275032893,0.5696594858786006,1.6230906926599735,0.7535897335076744,453.1187679196896,0.2147658519717151,18.510087477039637,16.111429304507872,0.07245671651819874,0.043177555357707,0.04404871158040742,0.0,0.01586749371489829,313.45561897542274,0.10318459608505293,6.132015307437112,0.02150482118131558,0.008,0.0037575146358017194,0.0,10.932278766475122,12.445355983092494,15.062400554858144,11.040867932291333,0.6279000000000003,5.265013265729582,2.2409766626523213,6.46074701568944,108.17515185949611,708.2737169948973,14.235712435810076,0.45354621270935325
6.6889477125442305,-6333.242376571337,2929.620266807771,70.09423895570292,8.37305413301118,14.049153384563851,15.231856520710036,17.942916648747623,621.8180708022794,1.1153108936707941e-05,-0.033270673887521855,0.00018276678232617731,-0.008783022920375316,-6.572007119158364e-05,0.00047436644116264737,15.893088595560833,4.419203073650598,15.84600399982127,1.334409322046431,0.6880906440806861,-1.1965308101156118,0.7252704312937229,824.4554465869703,0.12198303209160924,14.418340475003562,24.776382910365747,0.12143173236949778,0.0172,0.0167,0.007073460193338337,0.017647225496147965,317.63695951453974,0.05580083027910437,4.673970455425527,0.04304897707916892,0.008,0.006447967100967554,0.0035671050886571802,16.580611666945057,19.31331508366012,12.376404919428479,0.3003999999999998,0.6279000000000003,4.39294963639496,3.374698802373234,3.1599000000000004,18.0064,0.0,3.6093,2.2723909125522908
7.365013742403084,-5148.553202111005,2326.7827594313185,70.9481945600516,-2.1974057790986614,13.46105343030079,30.287516196717704,35.59424731458302,621.1823066450702,2.6157588024501474e-05,-0.0011031655000169594,0.00043626494433853967,-0.006866914646274358,-7.72169863442535e-05,0.0004223162350544533,15.907304760715608,3.6123392997603068,15.939214271171013,1.1198081794829338,0.6044496001057735,-1.1057228373387087,0.8498494225983766,737.7607705979494,0.26837701407912207,16.341017011133985,29.194900232681423,0.13682865212792433,0.11089155307381429,0.0167,0.004052781214301257,0.01241474165016087,407.69673237209065,0.10093934219317623,6.629228341985898,0.03718492314109208,0.04078974027718604,0.006135886197006439,0.0,58.2578219629109,17.68863779625285,12.5320826606007,30.423389255679133,0.6279000000000003,4.9299584497502105,4.701892556934405,3.1599000000000004,98.1353787196566,166.55222381372593,3.6093,0.7766934983725169
8.609565230600586,-6016.050517741217,2870.319884692177,72.37023530716657,-9.587788792423769,7.258792385209385,16.790704262277348,18.019951403487568,609.4694341406051,0.00017812033638341172,0.021278612857759706,0.00021120987808706927,-0.009628930688508574,-0.0004254466583146728,0.0017981305581404512,15.823731918567773,4.316848565676912,15.78740309867903,1.7490255872015656,0.7019506572328911,-0.7165744131427624,0.73690224319411,76.0,0.20944551829501581,15.95800581459931,27.872326822419723,0.12262564746491425,0.050815230449921,0.0167,0.01161081931572746,0.01806714795106626,37.027000000000015,0.08962286924315087,5.659217222000064,0.04457797494322696,0.026041598467495493,0.01121618523857901,0.0,21.917376294965464,3.3354999999999997,2.5786999999999995,9.829130989398566,15.716250743413791,4.6952144568115095,4.328429080329024,19.85577443777664,73.97650560829425,10.079678493111317,3.6093,0.9902937390583576
5.243145936161362,-6208.456707752329,2834.2547825119614,69.65142554452014,7.267523312932759,19.81430560523422,24.547543413915516,32.40961417925793,622.9706122230156,0.0001169019455399336,0.054471774465428155,0.0003236261608467058,-0.009861689750664867,-0.0008942731804511734,0.00041049314585519245,15.863360518484948,3.243267381618878,15.931563541078141,1.1272510487939549,0.5639582243115032,-2.052970893483563,0.8453847641931199,76.0,0.06038807684053582,21.580904908522925,32.82880332551427,0.11634353703036789,0.06618108490765627,0.0167,0.005063708058892147,0.011339464574799094,37.027000000000015,0.0175,7.50525021479469,0.032551658745017434,0.033881614910277504,0.007716117209128406,0.004331191206121287,4.71955555272865,3.3354999999999997,2.6743293765300145,1.7455559348275287,0.6279000000000003,6.248052308147086,4.712554953788851,29.226625520327346,93.05758006630572,36.26863154534348,3.6093,2.155285505056186
10.270127182468563,-5399.537581834554,2712.5022224554355,74.8703482325438,-0.7820299734054599,19.506337410539142,20.270838718816822,25.342155489301554,617.249134222626,0.00023866558065361028,-0.05007195047103012,-9.810545667942892e-05,-0.012469446740191063,0.000324149593514586,0.0,15.83440580547799,4.2502061194656875,15.769498608972214,1.5901988330699577,0.7630244977768101,-1.372647182050928,0.8026008098073816,76.0,0.1468687947512343,20.021196225999425,29.8377828785591,0.12596693828027047,0.06735956712669948,0.0167,0.00291657404110966,0.010385657691392073,37.027000000000015,0.1081652423982634,6.858613553560251,0.0383482762127587,0.03151004969345171,0.0061099970113826976,0.00293630297275366,18.22843717155393,3.3354999999999997,12.053488783813096,0.3003999999999998,17.20696038578801,6.369118778573628,4.65887941041728,24.667752300743437,18.0064,0.0,3.6093,2.402101477559566
10.009606162138747,-6477.243559236273,3025.933968051521,70.13704822780687,6.417419646163877,17.147499109448773,15.425829934604437,18.653332309849112,608.0376968389947,6.671198820724919e-05,0.00295944864907075,-0.00018975497237335562,-0.010083486189236514,-0.0002274855379548165,0.0011109133283455906,15.92727908840531,4.514320012023042,15.885117634790767,1.2282005950773351,0.6681335162502866,-0.840196093332388,0.7802411900555566,76.0,0.1845396580060697,18.67528376902377,23.975564254404397,0.062374829660105026,0.06576436369929375,0.03845682153782797,0.004339216972396125,0.020616925474171755,37.027000000000015,0.11050427709124756,5.750848905406105,0.021001428570754606,0.02949202564320637,0.005296099245782008,7.473961279429712e-05,17.879228834710556,4.364630080492095,11.191477691511356,7.273242966592323,2.464274809585932,5.380417484831593,2.910347989024366,3.1599000000000004,41.48812877972058,528.4729926798951,14.738978266087514,1.2509908117822561
7.569236524132605,-6189.68625190752,3106.49807773279,64.65500948520838,-0.5443497607143515,16.526645845760623,19.587374608216575,22.629869941862573,620.5086189972836,0.00011886877987495175,0.011256528994614396,-0.000358498245246853,-0.008495335585488671,-0.0004604069277337765,0.0005169073078504047,15.75755169202271,3.969969461552034,15.669606097095835,1.1594338126672374,0.6193303108684467,-1.6374282270239167,0.7890130966253407,680.4079797918187,0.11643327776879554,17.99046543067959,31.754677326223074,0.06388377921067948,0.048958045070661864,0.0167,0.0,0.01794834983186895,343.4481165251381,0.06415761451075479,5.506396401289635,0.01952051688344272,0.022206197305177998,0.00909714958082216,0.0011810051241617605,18.275185889172565,21.3044582120208,11.035717030643957,3.67754208837695,0.6279000000000003,4.795888604757375,4.1897592369311685,11.354268582353775,154.86882082243218,735.4994135863944,3.6093,2.2156206662110045
4.44763101012386,-5794.3856898003305,2865.278335037273,69.0204607428674,-7.621477076313516,13.251112747624406,19.353047289921797,22.55852027015056,611.8328572483201,4.9572386164282794e-08,-0.004291421272413262,-0.0005596828302084565,-0.011365663968297595,-0.00038508072686636895,0.0008743214723012756,15.842489392416242,4.887935700901562,15.856397676894597,1.2555031331718298,0.7845431172945612,0.042672648337284125,0.6765654686310114,76.0,0.034,15.645045424363769,31.687638595756813,0.033900000000000007,0.07363401818419767,0.08921822596189069,0.0,0.015707274891667983,114.99937597544195,0.018285070692926716,4.5788975922367765,0.011645759916930867,0.03137112737411204,0.004015506594693569,0.00012390653552111158,38.297729363468875,3.3354999999999997,2.5786999999999995,3.9670646930751365,0.6279000000000003,4.579719685868965,4.621885514365819,17.31124780813037,47.724935656887624,40.25678316523553,15.93194799676524,1.2236991843881455
7.937007535609592,-5689.793385173171,2778.0440102036027,66.89946520606395,14.305435087909322,11.60727744543994,19.96959812296828,28.362894071950585,619.7779429697019,0.0001504886069916077,-0.014768792284687911,-0.00022110353014500437,-0.008289777886793142,-0.0005058062396055416,0.0,15.656827629769273,4.275831491333033,15.704512113562329,1.0738974401124672,0.8256383491999518,-1.5482945489728748,0.7284634138118528,930.0418117502636,0.1632044861225005,18.541437951408515,26.983638185055685,0.07691225733999406,0.10357701602259149,0.062388054699252626,0.0,0.016732822703596974,421.1349940998475,0.08466672459289812,6.408984336229122,0.017304824979464464,0.042850117169297375,0.0038721578049021963,0.0018241916477982933,48.82634159471365,23.799497618901935,9.279334371924387,0.3003999999999998,9.233082769809762,5.422575902169792,3.6649533634274785,9.41385029479803,143.49309529114257,0.0,7.542078499115376,3.9644425042839164
8.016308523759417,-5557.818355074096,2572.798904236382,70.10813709910485,3.8551462217921717,4.4283,13.257669094286612,14.315963168166242,626.3198429451344,3.922107955218842e-05,0.09864259612032317,-1.864006692051981e-05,-0.009874295587558061,-0.0013803646203438885,0.0,15.756583691276063,3.0353522106011988,15.707716422307557,0.816790762752434,0.5601284488899945,-0.441582657765721,0.8251595920498871,76.0,0.19295465955108648,20.168043912024135,24.523201612707865,0.15560165319614555,0.0904434219929166,0.11150362956291565,0.0,0.011894558081782478,37.027000000000015,0.08216251703529504,6.029679011382581,0.03517656846078593,0.04213231227563363,0.0037538731309049527,0.0,27.043546686309895,3.3354999999999997,8.159154137528319,7.745202642045829,0.6279000000000003,5.330653369359472,3.65325389450355,8.118618442891126,18.0064,622.1749012380424,26.297173151514173,0.8644840148328354
6.420263710939348,-4847.802849369206,2517.543595810617,73.55492407447957,7.973521892482971,9.480274161359947,12.838475866656967,13.689335856396582,614.6310613432801,5.428769652586144e-05,0.01504995608951226,0.0008329515182321747,-0.007505662578403342,0.00015935945408627428,5.1606034743635046e-05,15.92959335373498,3.331261976717535,15.967748948040407,0.7821869653019795,0.5710941310125753,-0.4917899758606349,0.797191308681274,277.1141021250054,0.2391306128290143,20.330954862300377,26.43472935943519,0.09600981958014254,0.07997025141872417,0.06735698037399841,2.807426675869402e-05,0.01837483287080283,37.027000000000015,0.1488934126838422,5.88244240879362,0.025558685127600903,0.045339526520484896,0.004963852808602143,0.0,19.778621453505092,14.281138012914061,16.722607521133046,16.989996714564032,22.76030653594742,5.668094518577826,3.176738037793258,7.499436957452636,63.118879633561505,10.482992549759217,11.33857138398617,0.6999631848947896
10.96520673892404,-5367.8982970240795,2722.691350839989,65.9034530266365,5.526868416836774,25.2546878211811,23.452264089078675,33.30081422750655,602.4342216447876,0.00011737584367537257,-0.05294838899601401,-0.00031195489659857764,-0.009040049478589588,0.0007012262378319763,0.0002692313560138936,15.790071941170842,3.5319614824381635,15.788280813276012,1.4223915693582776,0.5639860823606777,0.24921826074633024,0.7403910714994604,470.716754492587,0.13990260445015684,20.49864287446429,27.61767476255142,0.033900000000000007,0.031166305590096217,0.06711322429326183,0.0015621003427774972,0.010439505346844374,202.5687257119446,0.06774142712113361,6.3381811082644415,0.017384145679062404,0.023433799030325605,0.007861740483029619,0.0012988304004327158,12.668531967142782,16.252537033581135,8.749386095459933,7.019878782834635,14.087297459374913,5.839415543049029,3.514000976083879,13.050832116304358,96.82428594542519,210.40311359486338,15.915894708380296,0.9363677675564179
9.339832435595731,-4751.731234980735,2647.5040109318525,70.42712360395237,6.13522219769169,8.735115365741088,10.556929489103315,14.407412386177882,618.6014585670518,1.935984562736799e-05,0.03657881926253971,-5.200189162895387e-05,-0.01219100274083854,-0.0007274603660242795,0.0,15.961935098688357,4.637384635968054,16.053988391887135,1.3179071384041017,0.7490214487586755,-0.41014673907510535,0.7212069945807168,82.93083444490861,0.08296979113817639,21.356359010341002,22.166736726372427,0.12823009147812348,0.08592540330947558,0.0167,0.0031689741272789475,0.016582981699297235,105.1085196418168,0.03560498117876029,6.483863274202939,0.03391995048195237,0.03668786588870877,0.004024185981266132,0.0,36.9395928278109,7.684128310500768,2.5786999999999995,18.563613789163277,0.6279000000000003,5.466329180296851,3.508873471677924,13.128867900948135,96.94265600468808,0.0,4.6878684168305345,1.4309222949216047
7.668763999856502,-5440.712084499717,2673.2152191127016,68.59545986473468,10.803330954136394,17.55811949320333,29.521689725208148,30.6524586083149,617.5226664860968,4.587972807817317e-05,-0.040663031615794445,0.00032563922606873027,-0.006856060876605072,0.0003422683833186234,0.0004995099755600166,15.816013896267517,2.925809484984362,15.739445398972759,1.1015207814008505,0.4756969014889837,-0.8052141026861677,0.7093960322530005,162.26443418055635,0.04182757610417853,15.573566702151034,21.52633180637706,0.11470350116032452,0.05026948044771036,0.14676120208072302,0.0022813789535077317,0.01758243288829482,55.769924392853994,0.0175,4.723690207691842,0.029238167354398218,0.03627017621944584,0.004861993947083455,0.0010187929241074842,21.596743060723455,3.3354999999999997,2.5786999999999995,0.3003999999999998,13.295690453152645,4.703150301505422,3.142978298171351,6.946398774867953,22.342580061241648,24.450150834083956,30.757826302938287,2.038090822227125
6.29432709882011,-5891.955231207562,2791.220320337741,71.11320460455538,12.858708913148117,4.4283,19.943564768632548,26.916579592206723,620.491114428223,0.00016406508689616683,-0.09497254268817754,0.0004164511365807438,-0.003894373297933648,0.001173794328564012,0.0,15.86515943018319,3.4849029103759834,15.926838696753181,1.0514959246701272,0.6752469129049596,0.0125595255461175,0.7586930628149863,76.0,0.17902100373006125,19.35775084400275,39.41986874525425,0.13992262998104282,0.07264120245480996,0.08603513830925497,0.0,0.012632646488835664,37.027000000000015,0.07974523267050806,5.822072730105813,0.0310560520708229,0.027628181228239002,0.005949891548923415,0.0,22.65010182264627,3.3354999999999997,25.334828847768886,0.3003999999999998,6.268982125920796,5.511336300604237,5.216564893854111,12.942741958364255,135.13730918381526,0.0,19.034978819580118,2.311932092518108
9.114144377082535,-5240.2137584277225,2376.385126564004,64.37867770265136,0.501965166464291,13.4151387708371,23.025240434069712,27.1072445066734,625.0886637918337,6.370049543056733e-05,0.05950755562550227,9.521872885637924e-05,-0.0076674574026145016,-0.0008507952750138299,0.0007169107323076647,15.716277686695236,3.89674065982863,15.653495462503496,1.3527158163625213,0.8004520895599301,-0.13912189642335276,0.6990758980840512,726.6931093169195,0.15278478383697155,15.631862475010971,28.216449320011172,0.10503328436515977,0.03742386547519854,0.0395081852803279,0.002432592197880428,0.016676532689809415,496.86334260316596,0.09465059017994484,4.545245117907928,0.024691036755434177,0.014077990422837038,0.003212171699523498,0.0,24.455287978574255,22.820430898042137,14.222024385391723,13.974037049636017,0.6279000000000003,4.6592667027737935,3.809317248516957,10.949582061224369,50.087759578481865,72.27690694266823,10.45375143392676,2.771054236886735
9.025352836524824,-5249.434128279405,2625.5442274158427,71.99665125858611,13.160793749135474,17.44630549184625,23.017039684698847,27.60733139541836,617.2497201831435,0.00014780445829493867,0.04547954888296463,-0.00041213718712977557,-0.008508155904290184,-0.0007672706928028676,0.0,15.887169500777095,4.484140939826164,15.905155063288763,1.1443827270566795,0.7009145129759158,-0.39101020189599395,0.6896191372611368,406.0458690896679,0.10585446685214081,21.610372851879877,29.57460180332049,0.05787439795281747,0.0172,0.10392744188477107,0.0,0.012004482005162447,55.882875012975404,0.03876610926220948,5.332248194898092,0.015133159344393868,0.008,0.0025,0.0,6.247651341899308,10.488257003934791,3.219135161453478,0.3003999999999998,7.521196270087454,5.9890223904225,3.7214383392230865,7.878221235871607,65.60284831193012,374.7840233618474,26.849473785785896,1.200256278147503
6.767255384682748,-4533.4278959103995,2543.2571028951484,67.5526764579253,3.6303329970269798,21.27372575426224,23.88045741603051,29.001725619543627,606.7573708195225,0.0002843936810871593,0.04234438172004893,-0.000288539633425362,-0.007922720560945059,0.00018971799153121718,0.0008722567588644641,15.885618964749153,4.164106219770153,15.876835575532978,1.3622251486355044,0.5971180735537462,-0.5482283799500315,0.6888268447438557,76.0,0.07245781698395577,17.86015961346595,24.14862683473735,0.1141329244842269,0.0172,0.017622216099370275,0.0025668021132420832,0.018492761368711794,100.64324104248183,0.07016196617110575,5.928892408862795,0.04408415281817815,0.010495257578735324,0.009355106130940032,0.0,7.959756768754463,9.22831345047084,2.5786999999999995,3.7507420723291736,0.6279000000000003,5.332904620330579,3.1397177196363244,14.834617377809456,116.69477171775185,418.6576965091657,4.066587546751955,0.3275000000000001
6.361099168526615,-5190.94450260588,2588.3783499861265,66.34193055101221,1.4090607323809787,20.62872593980697,28.419113367117525,37.63028064429557,604.6722371850062,6.76161374037484e-05,-0.03182595447191312,-4.8129860575294903e-05,-0.01023614077324993,0.000408459620441819,0.0,15.80420407677537,4.745514883787563,15.80313544595173,1.515792222888749,0.8018913440668629,-1.5352490860276162,0.6475175043633662,409.79108893043616,0.0811780254100585,20.64458952422355,27.229029052048002,0.04950239559073418,0.06432999382769296,0.06500310179740752,0.0,0.01655654873852248,196.3005639620745,0.022985739357096482,5.814336518643109,0.011126325123529467,0.036318001722761194,0.010072322953481039,0.0007297024921639925,24.355793040634545,10.157161493962034,2.5786999999999995,0.3003999999999998,0.6279000000000003,5.533194016852709,4.15021991688616,3.1599000000000004,41.59761376742101,674.7385214006426,12.622056170356476,1.757736814755237
10.930707612257677,-5718.055047096799,2508.018357807549,73.57990490701216,7.737155483508307,21.194279405152123,22.159646282738887,25.99557579119446,620.9804006159023,0.00011517549839021108,-0.058036314516791594,-5.493124371495006e-06,-0.007726801672388525,0.0013598472957107289,0.0,15.827709207989498,4.383373282980472,15.854841829582961,0.8651712958226163,0.7478695817940962,0.48470918147545206,0.7786534310181222,98.92516883485126,0.2326364336599167,17.967761725608604,16.062,0.06163312815585435,0.05146283665436962,0.05104185498422487,0.004074586016129507,0.014106115051410637,77.87154414027549,0.11420588546677526,5.588564286297309,0.016955288864601896,0.008,0.0030818406277150477,0.0026326941363727634,13.323266824834505,16.90492904372496,31.243653370864433,21.866648784707465,0.6279000000000003,5.470560020075627,2.1869,24.135658107246513,48.82573504749694,0.0,11.10399887458985,3.2800316008579866
10.339463344672717,-5869.069790476335,3067.54107146198,68.15261030469944,17.509902961556975,18.13175922555647,21.450269083501727,27.76755842208522,620.798916083273,-0.00014011989557833498,-0.09013074627925183,2.3127227901500688e-05,-0.010228287636954526,0.0009740831980251233,0.0,15.736372515124103,4.04176118181825,15.805749082353035,1.0933073701637133,0.6815950850326913,0.7247513956135501,0.7071390141606357,698.7332129197429,0.0667457864493162,17.358477192240443,26.502421740465405,0.11686344185982635,0.05773668071777214,0.07915403114781172,0.0020962405132266193,0.019685443638888973,292.8869431915679,0.018605084893883454,6.016754920342402,0.033590088652655975,0.019019692613116562,0.0025,0.0017761812906461937,2.5954723917882667,3.3354999999999997,4.453519203715498,0.3003999999999998,0.6279000000000003,4.868806603030779,3.5233370158459705,7.535645930489322,50.074933135632165,208.49678777531636,12.431797726315093,2.5500629472884055
4.626115097568834,-5872.445730267153,3040.0970466707336,67.6545061076672,9.569535707098895,15.934826043921618,22.9207107514412,29.584273278733917,611.6087096113677,-4.353886975311747e-05,-0.05788244356494911,0.00014988672059540247,-0.007427298135967892,0.0007802647368176308,0.0,15.825463703261098,3.2779289786113983,15.900931946419123,0.9244327056573449,0.6016569013100257,0.5717735997928681,0.815197639896175,1058.7840768354076,0.08287230774009093,20.372609353232196,28.52260399606611,0.1029364327096398,0.05194226785675484,0.06454830090355981,0.0017097157154213304,0.023349206697717277,303.27665774919325,0.036539305870711025,6.441727589425026,0.033638869970303034,0.03092439632960474,0.0034243192832005553,0.0005511179728436705,35.172104225003466,20.857026527021944,14.4674087124172,16.152240209853037,0.6279000000000003,6.084971319477937,4.088152293237909,12.333159699040793,135.10128573550392,89.85146581438528,11.710901318596113,0.6670235798186521
3.42325930046031,-5444.239721024425,2584.342184548065,69.66302483641374,20.468541862337638,18.599886623361673,20.594436569093357,27.117792266310566,601.1511947135555,0.00011478893031483938,-0.03579772873517912,-0.000161105459626758,-0.006466486813663226,0.00023684414010870957,0.0,15.86934564162254,4.137437702507238,15.916021720953449,0.9170898017892976,0.6683960527337056,0.6898302976822199,0.7488617099239582,363.2938009919563,0.15485165858196032,18.332033895106743,38.25001505830465,0.09573111627815058,0.0172,0.10782058023050782,0.0,0.012405135561904987,92.59790423522392,0.06361685380138273,5.4413934043197525,0.02989784996269868,0.010846193160286642,0.0025,0.0019534251259139775,3.8906107599137822,6.7867486821174285,16.682215929040268,9.829125962405902,12.218314693175751,5.455129040308052,5.130626372105852,19.014549640972923,71.05503484474211,762.9318595554156,19.14569428720047,2.3912473249817547
2.2493,-5652.295548889097,2770.500593306021,69.46952218430808,-0.6915763820206156,11.624560407295462,19.657628455496933,23.35103421108123,612.1754947997465,7.388556744355968e-05,-0.03135038230049873,0.0004931234782284827,-0.009781883023202875,0.0005517416431229671,9.500743473697445e-05,15.645968873246836,4.427404217360561,15.637766052101998,1.314535227441521,0.792112030590163,-2.5512473845240375,0.7388140012014178,700.3690266204203,0.16465653174431877,20.570908806404283,30.961344138920335,0.11800887740546373,0.10240367199874623,0.0167,0.0,0.008937220598741639,238.66585998943452,0.037387113412441865,5.959298626966842,0.03088760881173984,0.04385983691733644,0.00975399293053076,0.0003365235882121429,36.44717045646456,22.810447221786646,16.351914890957254,0.3003999999999998,0.6279000000000003,6.028561914153073,4.405814267577501,18.121326719130664,37.552587957757886,263.4294299919233,3.6093,1.724081087115816
14.1879,-5912.340378265475,2863.007000239397,70.23063239870564,1.1347650807573229,15.569199342050378,25.319840587701712,30.805156346107523,608.2457849232895,1.2081969017775087e-05,0.045811598818646486,-0.00010929655420553432,-0.011165370527693515,-0.0005699213618546086,0.00032374312169010096,15.866865261402118,2.648262145509002,15.825606826456651,1.1143061119608704,0.5172134591435966,0.5108882415585732,0.7592140436959538,871.7865598752671,0.21303572856951836,14.287390792497574,27.611135079147846,0.10779116356048714,0.06120213808767296,0.05081747872399364,0.0,0.013968058762915373,596.4042206495858,0.10520246988271145,5.201735013902732,0.02912861939077465,0.02427506687228608,0.0025,0.0,11.38574705534354,35.76211527271219,4.757297633144832,12.503751618964376,9.1161348685757,4.2380073230576425,3.4807955053290316,17.378728598140768,69.896141604205,5.798207559293473,14.927315883971048,0.43505791804487437
11.547510154476221,-5815.817314852094,2982.0703829161926,66.29183403969544,3.6283832517108894,16.09765063161641,21.448164044623034,26.2521276420256,629.5878517572505,-0.00013673773719109197,-0.07134955132568435,-0.00028482455515765003,-0.013499193553064755,0.00027187815655606745,0.0,15.761860158591672,4.121649098882454,15.682097384733796,1.179449062454246,0.6785092793587915,-0.7236655191099679,0.7369947664919557,945.2969607105708,0.034,15.614308902502268,17.961105826815697,0.06899517403096596,0.10130360288777512,0.05195225276921526,0.004476603975833039,0.015116403623333762,431.8831320032881,0.0175,5.029062713343313,0.019177506747286712,0.04399641740458528,0.00415999474501352,0.004620622961243383,32.20883003806785,11.894538361240857,2.5786999999999995,0.3003999999999998,0.6279000000000003,4.540591801926815,3.108496656732104,10.769333506259255,18.0064,764.8649153117735,7.800525460296129,1.978238628765396
6.393313987545124,-5783.066845302423,2670.80181925136,70.92131212855249,12.744493301747143,19.987362854788355,28.313746827946865,33.12164221511973,618.1002840759257,0.000193614349078673,0.019359849245072322,-3.592004740096761e-05,-0.006789349382784837,-0.00012586198727547408,0.0004729770249788536,15.792844158310041,3.858193270554747,15.779610872589435,1.1935862564126392,0.6708196787945186,-1.7545717527044449,0.7659362463055956,76.0,0.24906401635837044,15.905877406434797,32.655565890652085,0.09481222214745769,0.0361507119782032,0.16272923345305368,0.003344979949116949,0.016005661367481647,37.027000000000015,0.12772590083105195,5.146093728302969,0.01993456980900536,0.018344703330407733,0.0025,0.0,35.88476709294934,3.3354999999999997,16.82786968898488,16.953550347483734,19.09374695939438,4.8785520996046845,4.620062842686568,7.161710492767157,79.81047030950226,170.2232493871818,36.43539170966296,1.4903278152634618
5.25411961705476,-5027.6134503873855,2477.590787081671,70.21570782287719,5.506759071215008,14.910238010590307,25.475889056631488,29.755029822698834,617.5074770046957,0.0002794290517981184,0.021879421670396963,0.0007612632784806544,-0.003919264313915126,-0.00046021852788162256,0.0007891116107274952,15.78050465257149,3.443902035529799,15.750550143614575,1.1101440128801647,0.5678457258731588,-1.0888450301977777,0.7557036212774585,76.0,0.1107627631427463,16.39199254305133,23.625685301823708,0.11546321813165981,0.059954518337517096,0.0167,0.0,0.01919642405054376,37.027000000000015,0.05114648806743806,5.369645013788453,0.03473705892583332,0.03712242104596539,0.009171601521661441,0.0,28.4387547402755,3.3354999999999997,2.5786999999999995,6.818239002261929,5.582819913350576,4.8046769634061794,3.50343200632019,3.1599000000000004,49.71642978966442,746.8663987831897,3.6093,0.3275000000000001
2.2493,-6213.300117635462,2582.4780071444707,70.85389834142325,6.091058565150013,13.583475751747265,16.91656185281537,23.900174384207993,624.295000298935,3.070853463788588e-05,0.017648059954584232,0.0001170278081897486,-0.00763348379931536,-0.0006137766985584255,0.0,15.828898526528887,4.4375153948684725,15.904014175011994,1.157237853632819,0.680206317690073,-0.4091906924951071,0.7953558536287405,1087.8974751869987,0.23156722538603183,21.140368563549053,28.82586065464868,0.09049260809463427,0.07708157241057535,0.039148018175682406,0.0,0.01188060455244165,443.1223837149805,0.09920814574739571,6.516110875600676,0.018018739773569516,0.03538939462539343,0.008887649786577209,0.0,31.6833398723911,42.867996333473144,24.259995055904838,17.68681350377574,16.8542946810055,6.1149553700918995,3.7391088522679525,4.446073985990911,104.48202366449203,270.16261795668004,5.1341406012715085,1.1016676814721977
8.447357444104892,-6133.464244919423,2913.352883111318,71.57030784439942,5.187299431129889,4.488051319442226,13.501527756441899,14.81956545029699,613.7271537279544,1.5852256841686845e-05,0.0499590436113974,-0.0006054415485129312,-0.008564676927286451,-0.0009061530591119783,0.0005095843953242999,15.920437460347964,4.452873648880497,15.921817819769956,1.2219349362522112,0.7979960122218983,0.3750550955355203,0.6952669411364328,731.002274453582,0.17443308380244016,17.90566278400865,20.761340347414087,0.08722935021837043,0.14261748830223311,0.0167,0.004459162287438392,0.016961813716645416,224.33297934832754,0.08707017907166545,5.344570521155233,0.029036543924309804,0.05719143243951891,0.008751135041483641,0.0,40.35630798775934,8.732728656294391,14.835351455081701,11.267416662594282,10.990048904202805,4.276373358010959,3.9022070661714134,3.1599000000000004,45.76204332441117,329.45600466191826,3.6093,2.393307151417921
9.066303477609633,-5377.552839275522,2742.4582384211503,68.18655666837677,2.949720158857187,9.421415672105462,24.37725133531886,30.571632266606223,630.541119107217,0.00015638007283747473,0.012189911977688052,-0.00023019068660968856,-0.009500064850187128,0.0003772809995249101,2.4209857221165767e-05,15.719335088809274,3.412550517959906,15.73264991612353,0.9899800677674702,0.5806305765473845,0.37064285020396637,0.7893310217866756,532.7657524388563,0.15605562442920634,18.691469152466752,38.97379706637358,0.06627904505806007,0.13194618479757708,0.0167,0.0,0.00898152870161429,273.2153380178966,0.10887219263547646,5.869781302650363,0.012333802170584699,0.06083864764720356,0.005249063437199552,0.0,27.898318899323144,8.30063636137367,19.91546971764984,3.454770975494638,13.547187753157152,5.0661666551176445,4.659036128656608,3.2010723163293653,123.83757482405366,191.74495667475088,5.316445252581909,2.8170239749046746
5.587063420321314,-5513.978335598998,2775.786208405135,65.22751043222347,3.8965520726634946,9.657607206554008,16.449635336103903,21.983864893012413,615.4993398124567,-4.955593150172014e-05,0.04392221382257833,5.5239151807925596e-05,-0.010096367828517928,-0.00023042589707079447,0.0,15.954784893483975,4.832042159600019,15.982995896729705,1.3991861676131172,0.7880725892424849,-2.7890000000000006,0.6411877701798634,76.0,0.0853196088371948,18.309525758441794,28.78889917673254,0.10188842753756715,0.06037041898415261,0.06005760527789112,0.0,0.015358667474566587,37.027000000000015,0.050308222526717905,5.3185245169989495,0.017467086268075967,0.034826949541261795,0.0025,0.0,26.56101822935338,3.3354999999999997,15.042446757417332,19.625144124226647,9.066590366514863,5.472973405741246,3.735671816876714,24.17939056819923,122.79901797299584,944.6621337402111,19.056417345702393,2.036848251890817
9.27543902007942,-5282.8371839410775,2682.7415504420323,62.37581392181909,15.187668698275669,13.79735844207375,22.589721462116948,27.31080465979953,613.4565681477693,6.903941581110113e-05,0.03101706066994299,0.0002831966877452241,-0.0042190106275530465,-0.00041838346138198815,0.00045876151517595574,15.86465030032377,3.8234907711760213,15.867189330118274,0.8902864055773922,0.5345988999427584,0.7407014993296042,0.7298480663753184,854.5940338808189,0.20673494005305676,17.110410170309116,28.473337802377763,0.07540531157667704,0.02087298064826385,0.0929254929089697,0.0,0.02307932136100442,309.30172060515326,0.11067225089784952,5.236200420320932,0.02445005518606031,0.008,0.005543753819283101,0.0,27.54865699384694,40.856958088170636,12.107642786275203,3.1143757412484723,19.300328235428033,4.706426087611191,3.1797627168222338,5.284335638712572,118.52986303918931,490.91472370181066,24.318387524986974,0.3275000000000001
13.382541625571056,-5799.404501995223,2861.2266250590806,66.70771322056214,-2.2422822075214275,19.00756122049556,26.946161055427915,33.60531997297794,620.753260374442,9.363284385275277e-05,-0.050727211708648474,0.0005008451727069586,-0.009208943747333342,0.0006925026153843572,0.0,15.795590133066641,4.634644660462634,15.826596125664596,1.2563039947056394,0.7598237604960942,0.5803497122768195,0.6681777080141565,76.0,0.12341188897155736,21.766513443102266,17.563599890087247,0.10392793620106647,0.09646954308330677,0.06594280374038958,0.004744443003347882,0.015878687760237025,37.027000000000015,0.05217645740880241,7.814733643346397,0.03404323366983846,0.04163616161975203,0.006848417788075761,0.0,9.704967340191551,3.3354999999999997,25.170438425933174,0.3003999999999998,6.6541740587568325,5.645963710456395,2.5565029824323844,3.1599000000000004,80.79815112464864,0.0,15.055899795449957,2.9633214563276598
7.560894887085845,-5974.805201773848,2795.1279447316533,64.60290587877087,8.984447666172862,15.574044438793708,18.97170051026137,24.612308728198418,618.6230447244944,0.00017124388888601597,-0.035489861587696125,-0.000496397851059169,-0.009781419223477668,6.830096680247295e-05,0.0014964795683728733,15.831509683614804,4.3191337443209745,15.768205382769825,1.1951742104355896,0.6993695375356261,0.1459608233968811,0.6913004278746303,113.34849079774364,0.11013517553349565,19.736964104066725,24.91175731239866,0.08507672721145967,0.0270961660452081,0.051166679571398116,0.006455554372674224,0.01704957610332548,125.36759136152233,0.08320580025021303,6.850797688109405,0.0310786677285759,0.01815379878406079,0.01143180772433167,0.0,29.415780458670703,3.3354999999999997,6.68989952713911,20.192123478804117,13.823940113600848,5.4041560363395265,3.647740968353816,3.1599000000000004,36.94666672785131,0.0,13.361548995572697,0.3275000000000001
6.208319169734811,-5328.419236252469,2937.295336351556,66.0109211790021,14.614720839116364,15.44178087794724,19.0446134710575,26.075459457581815,615.5280679001683,1.0561137537262594e-05,0.003600353033568319,-0.0002085824884609068,-0.009607196704433503,-0.00045848508406400956,0.0005912494878238255,15.729023390803686,5.073360318131525,15.831557493274522,1.5533077179848418,0.8465989843435964,0.6687014725116598,0.6221888327001089,660.0372536408074,0.11940279516238747,21.056738142649557,22.20327801604043,0.1210964529139304,0.09609810701321862,0.08807394366867785,0.010009978634400327,0.016672864245300408,473.4833050082384,0.09390296049003843,6.647910116375628,0.03587176974972078,0.044425152470209076,0.0025,0.0013104353054380518,33.287644668806315,14.918672625254333,21.673898791923477,14.698459133389843,13.037566764063516,5.735568834324751,3.520658056742655,7.433838102476582,105.88569307716813,442.46632885760346,18.112532892916096,2.6001388988812426
5.686539491563652,-5527.574982698586,2511.6175250039273,74.54193049465678,-6.675877294759976,27.64925144355562,26.925943668750868,35.77098530942365,608.1227492369892,-3.6916605629438144e-05,-0.030333957311752223,-0.0001308081804106801,-0.011161301638782104,6.477426901562678e-05,0.00023326930581049258,15.845067886203323,3.729709948267711,15.783778875908157,1.122225198366691,0.677826856041614,-1.6393309058497034,0.759569231205361,296.79806116708784,0.11315982736354999,22.02737701623333,24.493686333520607,0.08826609201441422,0.03830814924592521,0.0167,0.0017173281234773561,0.016123837627614976,193.35789221485078,0.03938915342867544,6.3174924115736175,0.02464790014983545,0.019561169762694612,0.005456179371674651,0.00208313640663938,15.889062701074703,3.3354999999999997,2.5786999999999995,8.570359358290425,8.279643289351178,6.181984039832037,3.459951752699177,5.8499458407658285,18.0064,0.0,3.6093,2.2910457867437914
12.358387964982878,-5901.991983232079,2825.6975984811825,69.38318840465239,2.725746631468422,15.82969931807471,24.83170283378024,30.843316996004617,631.6224256969648,7.445843090345159e-05,-0.00924597109429435,0.00016714201573104795,-0.00679324276362686,-6.596743708823258e-05,0.00025446710818285767,15.994810339395999,3.5828337983720573,16.004740296459225,1.0917053763475393,0.5416838371502091,-0.09739170373160594,0.8273208948918297,549.0655945597662,0.20441143099646739,13.198133806692649,18.807772952475588,0.08145216260897767,0.03360680875940666,0.03716454065854239,0.0,0.013650000598575974,340.9873284210922,0.07428647402001266,5.091383641537147,0.02423237286994563,0.030281938837498266,0.00305403384513289,0.0,24.45193816273199,13.125763723894162,7.425865507027976,3.4289453704087416,0.6279000000000003,3.8445185182323875,2.4396180515973107,3.1599000000000004,132.13537219243048,621.1616804348901,8.431976096861538,0.6931291327465515
7.871723844029281,-6530.993396848638,2663.2385473692448,73.9622648399543,10.136088701684073,14.45949978753305,20.85744650605336,26.93940393698001,611.6874709449788,-4.749921896499795e-05,-0.01913593438031895,0.00035824015731803237,-0.006171026761316234,-5.781867588366544e-05,0.0,15.853699182334497,4.313395866091857,15.858091076333794,1.086780739344869,0.7291452513461257,-1.2513199772342105,0.6823232435356208,535.777598297894,0.04883957240202111,18.635264535017555,26.205348067730583,0.11403818793615637,0.029022711402218716,0.10520518639110701,0.0038672348070286633,0.019323588032991997,216.05903917315808,0.0175,5.756415577793904,0.03131590584948659,0.016486310869598494,0.006087869554035755,0.0032029688290518598,2.053823503860915,19.810887744457933,2.5786999999999995,0.3003999999999998,0.6279000000000003,5.594202790635684,4.099521821612537,25.11684836729955,18.0064,0.0,20.587994538313254,2.2252596917237395
9.566314155785813,-5249.338888749764,2745.6551289035247,71.45508449322645,13.234676233635572,19.252761844282706,17.330054078640792,25.415386961090043,617.8083753123999,0.00026548372214618666,-0.04205582853114191,-0.00020769738012075078,-0.010280885983037044,0.0007659801123389389,3.3252247135473164e-06,15.880136563631778,3.8278433434397,15.845526077434844,1.173261795911857,0.6450815153586402,0.5987507477671976,0.7962327400072845,245.27442161867043,0.16405720316515912,21.539920049341795,20.316646836383207,0.10568405442257789,0.06427203229544236,0.08295630821141255,0.0,0.016230489326437895,170.203448608889,0.10178900888364614,6.060979165929169,0.021082447259717606,0.0169903237942042,0.005162168157822879,0.0,24.390241121872165,23.435092337103722,3.5800484500792553,0.3003999999999998,14.440327375802365,6.190375129062114,2.6395724944447476,3.1599000000000004,78.94883904292219,180.76697799194707,16.63982761550521,0.919374792368229
6.197620654007407,-4922.528899435805,2913.6489567612844,62.713864649009416,13.686452911516698,19.27559962860905,19.338711396251817,27.94960806393416,634.3218,0.00010453870894036582,-0.09732152232542807,0.00017595601567724204,-0.006633863545891622,0.00136625143323281,0.0006707805821326009,15.876754794856696,4.566748744480456,15.918754381874479,0.9586340523028487,0.6677649621707155,-0.6438475432742218,0.6972008298911465,394.0727321312337,0.11996682964156845,18.35418406557267,25.062587325355242,0.09676249827782707,0.0172,0.06882041537051596,0.0,0.01405006847502849,273.5999829452947,0.04484875894115967,4.438769470614787,0.019695455927215662,0.008,0.002935711946527103,0.00044018405510710745,27.43029181688898,26.01289943487942,2.5786999999999995,0.3003999999999998,0.6279000000000003,4.814214720379997,3.4119357988049845,11.688649366584093,93.20082832594355,102.3701053687416,16.629792867661426,2.631766873701904
10.030920291267902,-6309.228284831141,3110.477623687593,67.92980683977541,9.375744069521145,17.421626982192645,19.435079763316416,27.381909525194715,613.4070871009901,0.00022035364807119294,-0.011113268451984648,-0.0001970192365521081,-0.010811600826536078,9.64258996309665e-05,0.0,15.685200886013652,4.131404371811446,15.707881137813343,1.1480077540744444,0.7144438621436852,-0.023909092266257925,0.7578488622288913,342.3415542918716,0.18955445733807189,21.03445301912404,25.356886409623815,0.12627201198111737,0.05930103151926692,0.0232157041668222,0.005240607535214789,0.01701699790749401,104.41278490094382,0.07165437573343782,6.651697869932203,0.043396356187761144,0.02989573160095246,0.0029819721478568473,0.001930715546660559,26.52564363889129,3.3354999999999997,3.849530017895498,4.309969938271764,14.431166590892552,6.3228224934978075,3.6073919030018278,15.993288160286006,103.27096402013419,494.58356544089804,9.419282996063842,1.698699124596098
10.959626160893322,-6000.1956583295,3037.7801109631055,64.72696319876397,0.3072095040816172,21.85609618637278,24.18263067329992,33.67216669134381,619.9780077867508,-2.8901095102274417e-05,-0.047182644040399124,7.658664364729554e-05,-0.010621152655104707,9.653554853924689e-05,0.0,15.674075669219075,3.9762083671027066,15.663626129194,0.7563454033310608,0.6771212062474768,2.458,0.7453596858006993,770.042377344092,0.05947119312334927,18.356056724378334,22.90067311153493,0.05657026059456738,0.09681341619975664,0.03424499218229329,0.0,0.014884159088491012,262.2932317056346,0.0175,6.332542735144938,0.024065483139668886,0.03978654283117497,0.003976055243357066,0.002717790515348508,14.02733272406487,11.564491198525769,20.939796379030078,5.804021649727816,6.722752862116308,5.45694723487919,3.139965441050082,15.904768033301782,57.58661276377001,211.17499132135816,3.6093,2.834512453601207
12.907020941148211,-5048.635480982521,2630.0100453799173,72.27682893012692,4.501865880577345,18.146807915367532,24.005781612442995,32.351591662138574,609.7558789939741,0.0001645545299446793,0.04033975453783921,-0.0006637146398916624,-0.009492844441950745,1.115375909889822e-05,0.0,15.840988419356414,3.271968639838358,15.895740838121466,0.8870853792573627,0.5122021827677898,1.3058357148213702,0.7273402983423141,76.0,0.19933664464910586,16.74130753028743,23.875828760390988,0.12371036895483481,0.05895951909910983,0.035696732576507066,0.001590943510611811,0.025993432278589745,152.80249561033708,0.1105272711330842,4.932455782340243,0.03212580979743218,0.019305433443727517,0.0043555365216109525,0.0,11.934892194499202,28.554520343980982,24.76414255029286,20.188738905183243,11.28676582767806,4.698082497389345,2.6336001914111256,4.139073745572566,112.80624628099818,337.257640324139,10.23154825516174,0.3275000000000001
10.029929159107118,-5282.172251964123,2626.236677859036,72.66307169623138,7.128007419170542,14.412002024907752,20.65349329992998,26.449604807220698,613.8741016389638,3.5572924531655413e-05,0.08047534626460723,0.00012197333046813652,-0.008273292830689545,-0.0013920245210442622,0.00012621668619620786,15.59,3.9033159656419048,15.675365419456133,0.8418262385885245,0.6993104027517293,1.5955650003844035,0.7268371037613733,578.8564781430756,0.17845952958449923,15.904267841925991,31.50754463116326,0.07567742867897266,0.06959332865705159,0.032846806350403664,0.0,0.022527371997401343,356.85782492874444,0.06105146225679642,5.4316241948029775,0.027277470367208245,0.032614240485887416,0.009513733201425848,0.00074864341579334,29.16318572478489,32.73341867342285,7.501278843646014,16.926112351257476,11.749352600371685,4.681755234372919,4.198757778238188,10.91600594915495,72.77186644440665,407.1980697288455,6.331876512589315,0.9470264291774331
11.82853509539088,-5516.51805638942,2921.850762611179,70.84363360666727,10.661084784446654,18.589704049266338,27.84054826046743,32.433566298721885,612.5706605070881,-2.526184296385726e-05,0.03579459985370044,6.41284194129509e-05,-0.010229318321957323,-0.0007817665505350833,0.0,15.813046780550307,3.3723501996858403,15.82826784454493,0.9047048321938206,0.5144615666180827,0.8918611086083181,0.7084111282681278,539.3400350785989,0.14947424997701503,18.303086019575627,25.548805686821073,0.08678949462438666,0.0777745712442916,0.10087620937496217,0.0,0.014075200663332925,452.2729496636499,0.08645589865790082,5.6551698947953914,0.025020942963998073,0.030885599770657968,0.0025,0.0,1.328800000000001,19.235527323448505,8.30074536394573,0.6511981311894512,0.6279000000000003,4.897271425839326,3.1079539262737645,5.223501070647565,33.29490928435774,222.83523217771418,23.907575969750734,0.3275000000000001
6.9309403570707016,-5770.119370711623,3022.369913016846,71.121917889059,7.023252900766556,16.31530007832049,22.538221651482186,28.84437643119572,621.0182724629868,-7.940283911100779e-05,-0.07449883883222727,0.00024609771503686964,-0.009381110633286338,0.00040638688199619077,0.0008538525066631282,15.738775426064125,3.894312060465567,15.739301961556544,1.0796473102493265,0.6326485370315548,0.2629549579790368,0.72355213705548,605.7807860525336,0.09088312562792943,19.52851952749147,24.6470606245562,0.12652890867846098,0.11283684083699345,0.0167,0.0035463318444254334,0.014261672967351355,252.53746741880656,0.0175,6.326921391708113,0.03276756699832369,0.052464102305145616,0.006990489289571534,0.0007988565700690769,5.883710491010598,6.731466361653251,2.5786999999999995,13.628099522464414,0.6279000000000003,5.730460496990334,4.031706851375865,10.531394492038352,25.00505621526033,26.44848658999547,3.6093,2.2509024359047003
10.192948309068079,-5484.12372047717,2741.3846144813456,69.35227697317077,17.28287085440111,19.078863388620558,23.84943101532316,32.49628475290223,611.7439697845174,0.00020831848783008634,0.07860378167179899,-0.00031696648513664105,-0.0069667837471608296,-0.0010499617074757846,0.0,15.930360994464587,3.445369354816,15.980006473596651,1.2731415469680174,0.5480795883396139,-1.5882197024133684,0.7733522718309301,99.78528020472942,0.11815106011105377,18.326972612400812,30.290552974032998,0.09673558736841403,0.03444324709469218,0.05580534551619016,0.0020318602367819043,0.01912164526938426,77.00531440313341,0.06462633723049176,5.805401885001336,0.022448252061379702,0.009631671093176107,0.0025,0.0007842636128079201,17.08839976453008,11.87918097378491,4.528732682606698,0.3003999999999998,5.631111090945353,5.72881007100052,4.076771595003241,16.000410958114774,194.5308789942436,389.2119804909058,10.610915118007773,2.0282031414780377
5.646874382489081,-6120.6745736193725,2543.809719827864,67.93053074042894,5.237974570246045,13.142001640773472,20.098915029395915,28.550623366549765,626.6433406455972,2.979449812097304e-05,0.059446948362447474,0.0002618004744438903,-0.01022481343593572,-0.001050146220791535,0.00024239580878243768,15.867467788106344,3.2693490034586694,15.881022041305698,0.8693795406101336,0.608636129692805,-1.591065926967248,0.7133166834015382,95.0031375063158,0.034,18.985204892584584,23.267855635258986,0.08121180297470558,0.05148816052661627,0.05369925803313885,0.0006092435624216807,0.019483464613337692,102.07410603042607,0.0175,6.436649070918066,0.0223519692792084,0.03904974772595468,0.0036581725966472736,0.004565174599696396,14.01754835183064,3.3354999999999997,2.5786999999999995,2.9132300805413607,0.6279000000000003,5.414050426672346,4.193989098498511,17.848292895636128,107.7251142740023,0.0,10.49090856449209,3.5319471655936754
12.572184579420066,-5278.443231814314,2460.2072138069284,69.19307074366174,0.06693757380388288,20.49690612524475,20.72849525182434,29.24174786172854,615.8516062287529,0.00019432094625638084,0.04111464865131798,-0.00031930353365344435,-0.00961986255913776,-0.00046328476219536504,0.0006223325723015255,15.894186740441997,3.630503080733539,15.776411893263385,1.1981372953108431,0.5853492384649175,1.5020616144964196,0.8095192150633719,705.7639546890393,0.22411134676553743,16.24968133324771,26.33699903453781,0.033900000000000007,0.07364679641174644,0.0167,0.0,0.009967891824079627,394.4583354955443,0.11980414512672752,4.856636113767135,0.013213156428000932,0.027893815561746735,0.010295753830494157,0.0010819408687033935,20.890204797828513,22.75164637002091,15.974710539911607,0.3003999999999998,15.185488776899923,4.57332871076609,3.4729635623484163,3.1599000000000004,18.0064,0.0,10.222765957381728,0.3275000000000001
6.594825434855145,-5207.466569730028,2664.4081797230683,67.81416499315799,20.99337143974789,13.712808507581052,21.781556720707478,25.853263668341107,620.7285483193491,0.00019513633908926792,0.04784905418951209,-0.000707368300356305,-0.006976111616398096,-0.00017891725360857078,0.0005703598429322046,15.953285263539456,3.8325911350100914,16.03036320697518,1.1270148079885387,0.6243148189767767,0.8320530998308875,0.7502454114625773,430.43032020059763,0.20575336967791583,18.379716700708798,28.46766412426672,0.05830345511748901,0.021177628981210984,0.016790211987369238,0.0,0.02388285675428649,213.01368236560114,0.07173223675104265,5.008759203182802,0.0170504807606986,0.008960804610951688,0.002623450140047638,0.0,8.437732954756088,22.66357763519484,10.417636280472324,4.447813562502526,13.097006535538569,5.154664862866065,3.4027578593397765,3.872905624063052,67.85149848322293,489.98131567939083,3.6093,0.917238904025996
3.631335570433258,-6264.143992761582,2879.0650579795038,74.81487490653451,-3.6258040095826867,21.293650398456958,23.01402937310543,26.97975896731312,608.3310765121984,-5.599726322528501e-06,-0.005305610659365269,-0.00036270179918542356,-0.011950091705682685,-8.571625240527432e-05,0.0005325675227930449,15.902450655709659,5.051142787771731,15.880472096709731,1.4916342092752504,0.7845015683582814,-1.9475574461332223,0.7740304067051249,592.7572672476248,0.11149956526406389,21.36413218810685,26.99161080752683,0.14598480556403268,0.05363063831680946,0.0380106903058061,0.0018318063198010264,0.018674362845382125,105.1665690885568,0.06768780976025349,6.19143932268528,0.0331153226839779,0.013971705621429745,0.0034970844650502554,0.0006868424475913611,1.328800000000001,3.3354999999999997,18.175964140349716,0.3003999999999998,5.7255322864295914,6.598588681287756,4.276099590141843,24.014999691418247,57.40137804039134,0.0,3.6093,2.737193983468713
9.14769235285155,-5183.801841314213,2762.9352739628143,69.13319628845233,18.584896817689643,6.298706099811706,15.992030912055561,16.044655312025796,612.5370061165498,1.2829476984188524e-05,-0.0485308971043853,0.0007181609752578718,-0.005357999316284846,0.0006786002317609378,8.237534537125846e-05,15.804784002760384,4.079882111578851,15.843007147500975,0.8290802427169839,0.6755894716548135,1.4683065100817878,0.6092769791125128,76.0,0.04156852000125595,17.464347423238717,24.39462855582085,0.0976183720192699,0.1288988163960677,0.05469831378578297,0.0,0.0234262483572254,37.027000000000015,0.0175,5.150698603068698,0.022622934625640155,0.0688603554465432,0.005088167854997262,0.0,13.672448751705256,3.3354999999999997,3.894743576300632,0.3003999999999998,2.109664128415467,5.048769731987451,3.441609524244925,8.457256436638383,85.69585344249359,704.6529783697924,11.790354853618881,1.5431435412762577
8.539080342022372,-6186.260852799039,3023.763623373982,67.64857020440644,24.9831644552731,11.422432577281349,21.88723976806547,27.436556863658595,611.1407388819638,0.00021676527757472444,-0.03324831250198549,-0.0003337790551122126,-0.009601365455537107,-6.463854527393276e-05,0.0,15.748012616753972,3.8388891673818764,15.696705977540223,1.1697311850493035,0.6208479812228677,-0.3214428062607275,0.7582723440302092,1001.8270366646427,0.1121207169538802,17.652961847180435,29.85302250486924,0.09058269881191193,0.1394117774958326,0.03239723145016014,0.007699595984963684,0.022739123117720705,406.9574773818491,0.06681893852386643,5.4480234453068785,0.02311247149031585,0.06116497533403691,0.008432608605761453,0.0,19.859009229189255,18.381803147043417,2.5786999999999995,21.023787000299965,12.194297736819532,5.238366706053097,4.444935823517094,14.259492666973907,24.031979437999773,139.51537503371867,10.628018531358004,0.7806930445824846
13.443950830345212,-4760.6786682910815,2487.095065548827,71.00979969609052,6.505255043846001,13.014973369296193,18.533009192312964,23.49407691514075,619.9197265314244,0.00020015674020383984,0.10451196421601841,0.00032034144302498744,-0.004411384288889402,-0.0012905952486033836,0.0,15.909844911005276,3.0024069530803716,15.923019368746111,0.9484567833451325,0.5703822452453906,0.5499236766828206,0.7845693366274512,207.88077322838177,0.3168358421378482,17.295544049211426,33.28096763065108,0.11454026348085378,0.03720531805644911,0.034670287657469635,0.0,0.016603056344512142,124.94221249085646,0.15031513323789886,5.144356579246015,0.029808958099071345,0.017529650777813766,0.0033207772187016406,0.0,1.328800000000001,16.911124078619387,16.70662607872882,9.033134148420814,1.1789040289654142,4.633867184033964,4.558829443153816,11.471066308304517,59.70544216723333,262.6031865412279,10.13564246180714,1.7015785081883006
10.817740552422054,-4848.169015207181,2514.035396951338,63.96084396949558,-1.1415715114676215,20.76716136412773,23.481475645182133,32.81402784452756,612.4163526115327,0.00013466811989457602,-0.031106926249135858,-0.00010329212828644475,-0.013063889529784389,0.0006450165249542066,5.61776830141656e-05,15.612197777504562,4.4798347258426405,15.636857104898347,1.2571517549656788,0.7167579368902857,0.9623122316198791,0.6641635946125553,76.0,0.1812000941371355,20.402337824112376,28.932392533395813,0.0865934361285514,0.028527008200702853,0.019071190478362563,0.0046982016679741655,0.020175684822249795,138.57717396077885,0.09211475453585538,6.764124799380585,0.026167810569037237,0.009757108937535924,0.006395056102911333,0.0,29.867940373802757,3.3354999999999997,2.5786999999999995,5.5782490870922015,9.591775207521822,5.937883674700373,3.892997913467873,12.804746909062422,21.152805099426807,625.6631604401107,3.6093,0.9246200146344999
8.117797349236403,-5335.611432719648,2800.762728277683,67.84631258583232,17.88527780540204,13.14856352916906,20.394307858519646,28.266199727832337,628.9741817162991,-3.062569984566643e-05,-0.0334443906137578,-0.00017327150470556588,-0.010663530787023263,5.7180219791945343e-05,0.0007301258202486817,15.94338023968006,4.387212025744807,15.89117866396655,1.2510437564083816,0.692451195659917,0.19126121568993515,0.6648473421735764,133.43729554061292,0.18055752416804993,19.374840768344402,41.29960205841196,0.09700350431385381,0.0172,0.07288005283225829,0.0,0.010636620281784775,247.00188754550624,0.06342818856458234,6.286589214073311,0.033319227967506755,0.008,0.00828744352744833,0.0013647544512902356,9.827415958827753,13.251343802100001,19.9533480722508,0.3003999999999998,3.0301433305151075,5.882399128817534,5.8606,9.742013017951077,18.014077495186847,204.78795150904978,18.266019381445957,1.2112357606440343
12.010472018502421,-4718.277164915491,2518.1064500487905,70.37630421820926,-0.716514529949495,9.73420570851058,23.426620254772082,28.103174019586703,610.0212246908994,0.0002937123849436381,-0.0010357695758106706,-0.00017568657809488466,-0.008675031427694532,0.00015025840037218182,0.0005070232476004499,15.86053539191381,3.946483173481706,15.7971151373075,1.1095908566608894,0.6527779310947518,-0.28240238172144416,0.7874156175135878,546.7261409093102,0.1504210480348544,14.60472733432453,37.766970947264284,0.09688909236692005,0.026655193988724554,0.01894343743523198,0.0,0.017525672467276307,315.165160871582,0.05675163447299762,5.046867626032781,0.028164404340587357,0.010425937765763386,0.006781338892160434,0.0,38.525565897789605,34.160787333346406,18.24875221815697,5.231309914875638,14.610204630664395,4.937837800242647,4.967634980620226,3.8525891647160417,62.52387658865141,0.0,3.6093,1.21638061168682
7.994774833658372,-5587.174102903605,3171.378886894467,72.20966277161648,21.525001260487585,23.870742329904743,21.79894673307596,28.631049851849298,610.3313345668842,-3.4636512254667936e-05,-0.034627575930359276,0.00018774791327121662,-0.007376350343984412,0.0004022940190914952,1.3552168129537102e-05,15.954716915168282,4.303642503734852,16.01870460850699,1.1302228526187625,0.6410124137857581,-0.25193704993165217,0.7256600203397213,681.9234482700456,0.19474039419115743,21.593739763882958,29.86635609280045,0.11021485944867716,0.12843451062221842,0.028163718329298072,0.0008577894600302491,0.012535499744040756,120.73639707262166,0.07014486350656768,5.945031091561543,0.03163112866957171,0.06131390952268239,0.005883660799068607,0.00041076840133395386,6.032247424139438,11.498920002132524,7.919997259004254,3.0224892861121777,4.190379933590563,5.73932517765987,4.307649114970966,21.32067580861004,69.89954232179126,327.8344586784076,3.6093,1.2062743447176991
7.5101556399937826,-5917.67293852456,2898.1701509082695,69.3598205254499,8.795413492478302,13.141395724172945,18.988009947371093,23.29244318565908,617.0341985831245,0.00011086515130725868,0.012870851772292958,-2.4175519045336772e-05,-0.00796821507926593,-0.0005500350238760184,0.0,15.84063947684888,3.3791381121334663,15.865870787937686,1.0370805185922634,0.5749588278831507,-0.5474210037688,0.7441754366559579,502.81310799305766,0.034,18.513884426289714,17.13705156679906,0.10150871799775835,0.06763255150460494,0.05121109712499975,0.0009330393162312866,0.01591347128105718,279.97019420833607,0.0175,5.949958118746924,0.03468799602353631,0.03869986037151501,0.007376819895797464,0.001055350804590276,19.67934462431031,9.385421560098543,2.870125101377754,0.9237715933682757,0.6279000000000003,5.660314032937972,2.2603300044142367,3.1599000000000004,154.28637824894855,445.6172590970822,7.30925334284237,1.0017688662323232
4.087423680941669,-5499.601300876008,2400.3751742945306,73.79062136557478,17.39050273826648,19.683741562469606,13.068685094702666,15.126207383468955,600.6475273152084,5.3718512413866055e-05,-0.016737889590598933,-8.660654510003436e-05,-0.0043771407144621195,0.00046063112483306557,0.0007991318245440075,15.813922012869053,4.397401617432589,15.831371542565234,1.225589466401559,0.7088495243060405,-1.01443985039894,0.7337478284008189,76.0,0.06954048325582475,17.471991867434923,35.017223501801254,0.03510816771774146,0.0172,0.03557814782418965,0.014362575643903697,0.0078,37.027000000000015,0.0175,5.329783171097357,0.02136534551902289,0.008,0.0056814568011189035,0.0028617730755523597,1.328800000000001,3.3354999999999997,5.154809336461389,0.3003999999999998,0.6279000000000003,5.279430133444111,4.755619016723818,19.020375838388706,65.91436472814681,43.32419887783263,9.291547583212655,3.3180409832544777
5.541293609090322,-5342.94855560768,2833.9214594382747,74.75990361086221,1.983058737267283,25.254474053759715,30.446942037789764,38.31014890482156,613.6361410128218,6.427632352522204e-05,-0.04274706694433758,0.0007570792387753687,-0.006989315691375793,0.00016322907191087442,0.0,15.814183162515034,5.136050006176865,15.867132265251078,1.170256850771761,0.8324360522417321,-0.7624621906942519,0.6749087728260459,490.7302538017656,0.1392773093110905,23.181301296819093,38.733649458394055,0.062050937580903104,0.0172,0.020302081196951656,0.005150333334533555,0.017586706641118343,235.57158288609315,0.07709403581325386,6.909209742543657,0.02024585451509455,0.008,0.0026560313569743946,0.0,6.221279834454787,25.125544064729475,2.5786999999999995,1.3116178848755382,18.276127375613402,6.964697982733302,5.340793582416319,21.7069685286234,75.04694534817058,636.2215980996809,5.332026809721176,1.5434140988970315
7.3458842197459475,-5759.113525181647,2528.011168801033,69.5959930751805,13.562108126455941,26.00965532151396,26.33592141046156,29.322190742289564,605.877588869602,0.0001331977297521264,-0.052918656118366124,0.00016546943433840903,-0.006641810608523854,0.0007812963207424982,8.621772648124423e-05,15.838905166983734,3.7394056840062557,15.813657692994731,1.063965443962738,0.6313881580816043,0.5122746433949572,0.7720453130148389,228.29761520406174,0.2555390011219535,19.325716719350293,20.93698812922651,0.0845349776681585,0.09479869051214085,0.06175078650123967,0.0,0.01111380982689608,85.61762662160439,0.10650147534102772,6.157025703501749,0.029584228104014895,0.03821625338699203,0.009685959964872065,0.0,40.399290880204326,18.310291691135422,3.7719788414440973,10.751095720650731,6.287121051143328,5.531925159829999,3.0056465699862844,10.570948491342302,66.49320333077314,351.7484341044328,12.013278522518494,0.3275000000000001
11.393097475435153,-5410.439530557852,2608.004324200687,75.9444,-12.1527,9.269756183662468,18.83328325221099,23.0314481667506,621.2316476392746,-0.0001884345346457059,-0.02216712056373141,0.00042737265234796143,-0.014690738052666538,0.0004106590599741974,0.00031002049168586297,15.842830558084817,3.938713085757949,15.815136107853895,1.1592832807012055,0.6402677165079603,0.2994047107039044,0.7597041411823593,519.3393542606847,0.060035546069888326,19.14815409457502,28.777838284313663,0.033900000000000007,0.05948159371896102,0.0167,0.0,0.008129432910391638,193.6333955961776,0.02469826160310548,6.26945708009543,0.010499999999999999,0.030340828677632006,0.008434421716572715,0.00020136698169996798,17.66058011384919,25.287093870959882,7.042925345529367,3.717186963322982,6.572433193405214,6.1653208831361574,4.0652725075921206,17.852240265410078,18.0064,0.0,3.6093,1.7112329352488305
8.05892955851215,-5314.3728469295775,2750.1118320737046,70.76460805898418,2.011202260318055,22.709746420467553,27.44835088338253,36.363582324050086,609.980654936247,0.00010377444132178974,0.09500399898692113,0.0002230565566009883,-0.005943642013200226,-0.000793429074647529,0.0,16.040424467973804,4.264325138813538,16.079929926124517,1.62527860647978,0.65737530989538,-1.2378617403472272,0.683875078406381,484.75269498829397,0.23353298584520282,21.002549799926605,19.063799666568386,0.06315818015013874,0.0172,0.025107453548711505,0.0,0.016821700228210678,248.61583010084985,0.13094641264419538,5.364690256451333,0.01841170641921286,0.012030370918291558,0.0025,0.00041556758231404647,4.729893210405292,32.61663481362363,22.260679483311577,20.269728448861457,21.724809727393207,6.2083698486019046,2.954933137417532,13.23711146595022,59.378164621294985,738.7321543743686,3.6093,1.4019126114599034
11.830936323036005,-5336.50416581768,2451.173581988081,69.21121087408368,6.40298516184799,18.96346162756038,20.10893091986546,27.985219616169392,615.5756108138688,6.272851835728183e-05,0.08828796134630396,-0.0002576252192533667,-0.006065038851580483,-0.0009527288255530468,0.0,15.821359131374518,3.9862666876947594,15.8089519659611,1.4775492264258636,0.623920196915375,0.5813273462711426,0.7807520832027464,1018.7066924086159,0.25477881054194795,18.317561092644905,25.023615330378696,0.033900000000000007,0.0472208913005349,0.0167,0.0,0.00823216133306558,462.5491664413455,0.12538647889373994,5.326402308568626,0.010499999999999999,0.015502086673540217,0.0025,0.0002500381177654293,22.38780382789335,25.382129024506945,15.125928726862128,18.627613974380814,9.983001281438474,4.587300714068366,3.1718152196550227,19.409802118431436,33.36673318310591,52.401840147889146,3.6093,1.1327404664929692
8.793461739585949,-5426.398485903102,2631.3734344547024,68.64565617664479,8.258805573554623,16.488624760757446,21.892108064254593,28.743254113334814,624.6873666714608,7.589883197946855e-05,-0.0034316315450510643,0.00045616087004187844,-0.010062028315046599,-1.3951654995127401e-05,0.0,15.794076248385183,3.1398339655711576,15.771542526174697,1.1612968546251627,0.5762552402631222,-1.1198994043145025,0.823130265336734,898.408473939419,0.164071940826911,17.67226507080479,19.924952022519864,0.10893309655116232,0.09658450690069859,0.03440597811248883,0.0052572851470558,0.0078,375.42666949352406,0.09409262373865405,6.23322249910294,0.03342998844141819,0.04560982663781703,0.005203482802497579,0.0020219281645364354,26.317392015565808,21.851118088086107,19.185223867886965,10.909800292012342,13.60626385176188,4.826560239167164,3.208959483568531,11.437428784346212,132.3971066560575,0.0,12.84927735418229,2.0266133798800716
5.579989424509346,-6323.27101401281,3276.482859450116,65.78098471681058,23.152050378389983,18.431502741074272,23.434552083369258,29.52606237275008,619.5149093920082,-1.1816172055755016e-06,-0.09292102780638661,-0.00032681424785069844,-0.009445184787385496,0.0012014507272836517,0.0005360666944460704,15.897072752989747,4.26140021455786,15.893385046805504,1.2110720156164294,0.6657852687750081,0.0195960210910876,0.740540969788969,918.5313360728029,0.12039530857974243,17.855958199925357,28.95000158325573,0.09768090018900201,0.11209775036825229,0.13346447732748218,0.00273586560378175,0.01132297969565605,454.8034375094312,0.06202883051866292,5.698436763343939,0.0316106191292969,0.04295596096900721,0.003990408961619796,0.002767925399542707,20.46053739927987,28.47700901224423,4.59091607555184,0.3003999999999998,0.6279000000000003,5.173010696610465,4.1258395711087426,10.841289268582994,18.0064,360.95589600366463,20.53042312989608,1.7627299372593428
8.680251495395366,-5941.667686513217,2904.332901033082,66.84730577286778,19.783938926382806,24.20776768869444,24.808411092635332,37.99541836417327,618.4750620481256,1.886245212713085e-05,0.013473899765118947,-0.00011615743695358773,-0.00885850292973359,-0.000361009317906913,0.0,15.766523127072643,3.3652627848971157,15.791543589551647,1.0281852948069587,0.5299141463809363,0.20915668140273957,0.7668611413344484,1093.6784183279983,0.10440596215552429,18.9864120042649,23.577280153015714,0.1331321929302851,0.10927159465924316,0.0167,0.0,0.011657591603563394,459.3092732773267,0.024673978000060534,5.908494138839199,0.03532708597320143,0.043293334052201426,0.004376642572016146,0.004574334255149875,8.51934938647559,41.018552044218495,2.5786999999999995,9.676960159590566,6.05039937577913,5.239237251531033,3.464198936054548,8.897252422445312,108.26544741551612,639.1534593937631,9.97709721467615,2.800342079924744
11.709774112127214,-4972.73314117767,2577.428725629918,66.55464199521484,-1.6736861393109241,17.45844260676831,25.11791043964785,32.54755659942538,629.575338295732,-1.8049121961190743e-05,0.033920913273114445,0.00010222874159806608,-0.011024258998481225,1.0170605061244798e-05,0.0004106833109834376,15.70147470382085,3.5245695870573877,15.624231643235728,1.0543225480433067,0.5780083841888041,0.5294379397655671,0.7063129786752221,302.6412435914551,0.1860282679987978,18.917139883659935,16.062,0.1003241073639624,0.0172,0.13579086384598393,0.001767405201921107,0.017866388857138676,365.4174835379697,0.09368662061881786,6.222936510053338,0.021523415945970736,0.01138749334379892,0.0025,0.0,26.081577579011995,19.19339180626846,12.085889388935506,18.961590744393476,7.619635185802957,5.280223421044701,2.1869,7.5176096430593,79.24690125404348,314.67673174768356,28.53378226415258,2.230209418849365
9.816921166691762,-4775.714756007714,2977.422035591814,74.69010127996903,13.403020793497285,10.07467817877319,21.27964381888585,23.807986439573657,617.6690727841865,0.00010976027896717378,-0.04304271745392312,2.8669566715196492e-05,-0.01220733143195473,0.0008214860220557613,0.0,15.909006519447862,3.751257473322937,15.932883970245895,1.043935482799177,0.5783359725671152,-0.5581330724243454,0.7510780821490031,941.162284190507,0.14948362137382065,19.08914677010856,24.579677972179017,0.09665094655683917,0.06583507517198964,0.10020889227906414,0.00036252639408353886,0.013632893278181785,432.9448072239582,0.059676598971345564,6.212472726259623,0.029626234087873814,0.02413477773037769,0.0030945906614194586,0.0008108447056620234,12.261954410468771,31.792004523291055,8.962604523952113,4.350553721394308,6.57056660872486,5.619322882473167,3.8516322220818497,11.295014368702327,96.78135420879312,307.5548463598423,21.486590627609907,1.8648619628125764
8.468744984209346,-5946.661181150946,2645.1531259845,65.84639807929574,3.399418001970069,15.903902663405557,22.72023120414286,25.289981067969247,610.4864967974517,0.0002245518987811841,0.08512837522117028,0.00032511749284366425,-0.004372944980269164,-0.0008317419189498944,0.0005608499758923993,15.880709587816018,3.1422636749496355,15.870690146567489,0.7222623230386579,0.5281038171697279,-0.5136800578436191,0.8400782473286926,76.0,0.08088896860245381,18.708051250518334,25.28045317520432,0.09583053065710086,0.0172,0.06341117052543663,0.0,0.022698688721918235,37.027000000000015,0.02367428232994849,5.860419720292992,0.02792773651340747,0.012316993752297424,0.008326858032475157,0.0,1.328800000000001,3.3354999999999997,8.117561405812609,2.0666325032921886,2.8921669210633043,5.38848279654657,3.202049309190217,3.1599000000000004,108.63624642293435,607.8001787440835,11.573779720741918,0.3275000000000001
9.863720243473452,-5143.252596970886,2927.211662315828,69.99803831598328,-9.865113752997287,20.008334422693256,22.115737776436056,28.222235050940217,625.1597755940026,8.216085570196722e-05,-0.03919117365835377,0.00042060495380424976,-0.011872769219410453,0.0009234102449076103,0.0014071467224356555,15.650460457913622,4.102091622918191,15.54,1.0178748683256267,0.6393159031913542,-0.7334635830391034,0.7929775648587717,665.1787581729365,0.13483941989563916,18.92098980655179,27.50474333204471,0.05839525696668424,0.08032195943423781,0.0167,0.007724488601317971,0.0157743100844885,388.515851681423,0.02795952806201559,6.030183056598325,0.01965408299993121,0.03290775199256224,0.005756563047679091,0.001608190893715473,35.29300308693448,19.10290773963612,13.189849521035464,4.687619075699785,19.84858313639181,5.121725507330046,3.692216103636656,14.599756726514068,37.01407015831623,79.30193976591528,3.6093,4.919241794977673
6.511193367151197,-5411.110625985052,2688.201895691108,66.48536837656533,11.354503090344824,13.178865564264429,17.741921809516903,23.786996745446515,611.1779845695794,0.00015221147550123734,-0.05854018462976809,-0.0006318439427937073,-0.010446407893747213,0.0008783614986194301,0.000849028288389287,15.721310866072834,3.856933342512288,15.72187154438646,1.0235690488691171,0.6167207337420736,1.7079988824619712,0.7743049208162555,889.5758588007998,0.11000109177948818,20.085237425459187,24.63997901612231,0.046994200854991036,0.10508732105199886,0.09641749083001995,0.00018849594644902452,0.020547251642771096,468.5317949497104,0.08435605313130763,6.230411842562498,0.018295978520669415,0.04614871827359705,0.009960536243467877,0.0,27.769737034906186,30.64625039513082,12.827002901247605,8.85857092330182,1.8211530118312842,5.80487230067849,3.547870692049837,28.63497798576281,57.76201336799137,286.1876086301728,19.426543162951518,1.197462400673535
11.916725363103422,-5461.783289945581,2983.934506439232,70.09400066575148,4.096032545052842,16.55047107457739,22.703945783111052,27.350200123514842,595.3218,-5.019674355224928e-06,0.030875792822574667,-7.149538970516457e-05,-0.011755212984216288,-0.0005981382477053208,0.0002071996154485628,15.801442117247934,4.366352293150255,15.82547541363524,1.2583873329173698,0.6729006754714789,0.4021303565325256,0.7101311308230492,1410.0815167313704,0.16606213331012415,19.660130450372822,40.44185502541985,0.0907306573226348,0.10435893190880821,0.0640773071935279,0.0,0.010002805422146812,615.5774074315643,0.10173731364570406,6.3042829329523515,0.025219227792469524,0.04014930630440674,0.008014645858807084,0.0,14.80463605567755,34.01713338847082,20.211002952774077,4.315772830496907,4.6333019713301615,5.255415682493376,5.6176818254271055,17.937035446505522,18.0064,625.5494443652808,14.702887940586944,0.729755227457129
4.329037847373522,-5583.639138984778,2515.9445286980235,75.9444,2.2050409665466413,11.15573446406723,16.89010740175546,19.696011625119414,621.8619955242303,-6.312379893736468e-05,0.06639639750182705,0.0005300555647008144,-0.0061432979176113765,-0.0007695657897124742,0.0001881070664248955,15.685355939616446,3.5647231366819634,15.685286175318815,0.8021744697077885,0.6241521791489749,0.3456175468240249,0.7786029292157913,550.0505575862115,0.25175111078135914,18.419455539376685,28.46713294679612,0.11738742873672912,0.09259281440840675,0.05825027231367563,0.0,0.018307856395716585,217.48805223559725,0.09611266497665248,5.798011640193686,0.02501179947785945,0.04555950834413747,0.005326461427755401,0.0,22.237825565282037,32.005303820962546,12.253127517610412,11.420096349734703,5.400578858446764,5.2053230076466575,4.33170819969772,5.070539837719018,89.98423729718746,0.0,14.847570943102326,1.7187956387171515
6.286038210162923,-5262.453117857514,2669.81583652438,64.16063767643371,-4.27838849580672,19.488471284002685,25.91777540242691,30.859662131851998,617.4039903117124,3.564863650231123e-05,0.055094554618630824,0.00010469831804858594,-0.008381782848584752,-0.0006312412385406587,0.0008079181310432819,15.711154935619215,4.354148528036488,15.699109313015397,1.0755002461743055,0.7285299202373521,-0.6511341195907058,0.6893901683581481,76.0,0.19076161055777469,19.72545493792446,24.36329259868087,0.08413926633945845,0.07019539011047606,0.09749735764516569,0.0,0.015257094464702796,172.36056301932345,0.0919789126093314,6.072864093438159,0.023278281932921877,0.025298827435907948,0.004667032197224332,0.0,29.881332947574524,3.3354999999999997,14.240637797255138,0.3003999999999998,0.9352615241852895,5.837477956484626,2.906332679489448,3.1599000000000004,18.0064,823.6392429026495,22.769129787584063,2.6739886288294965
5.3492205957554955,-5793.561930451663,2635.047181319354,70.16250399827886,6.317512904616873,20.971633033170068,24.363673356453436,34.430199622082974,611.5036630273975,-6.639462601868199e-05,0.07168157126928978,0.0006155244866889125,-0.008018592514750726,-0.0001954367336826169,0.0,15.653942457028098,3.211963924352777,15.737677160038983,1.0981540992697347,0.616707387952506,-0.44519057843727183,0.6630183886277065,492.4103643140277,0.0529799863162605,20.950229673516503,29.961557770084273,0.10976498942750933,0.10505372351628325,0.0201403625874278,0.0,0.013816803709156528,176.99905557828265,0.025551469887331146,6.790388516342873,0.0251428481257998,0.04672823973499564,0.0032129467582428513,0.0,32.23616261765617,22.121478353326058,9.11294962511235,8.315492170752744,11.988811789593836,5.6586967904354335,3.997694882706327,27.64121815944582,73.87500324763289,0.0,3.6093,1.8831375862419215
10.888071122562776,-5217.749935622217,2754.4944809110225,67.84224533964557,-0.36803118304298144,8.257251711594824,14.837635270194951,19.890793179583437,634.3218,5.6440883430257294e-05,-0.0957009820877768,0.00018545032069597301,-0.008657633586504268,0.0011412299145107726,0.0018961770101818282,15.861136377055283,3.93262714033148,15.817105942665918,0.9657773975642114,0.6345081263936109,0.4641181205561278,0.8316684172410084,1510.3896524823595,0.18242890673568943,16.282487069541535,20.76948410410533,0.10414444297059018,0.0172,0.0167,0.004063690179446943,0.013649886323552046,898.779243082856,0.11320782524600902,5.815383798593917,0.026234818216484213,0.008,0.005278673778546573,0.001500108238599493,19.998026586643203,49.34863611577694,5.602842521747464,0.3003999999999998,0.6279000000000003,4.6971988293505325,3.141579400776015,12.382099986299114,116.68449523236822,339.20937618837996,3.6093,0.735017333546647
9.927281716933026,-5940.2345420976535,2874.780584003522,70.15773358122763,11.604889485328957,5.069554159926213,11.051278808855786,13.706320094156728,607.7018991177098,0.00010887190186181684,-0.058469797615285715,-0.00044125922004323705,-0.010408331096060305,0.0002947211528126772,0.00022067760709592037,15.884586600881551,3.9108713476879555,15.826710839309353,1.293429260755764,0.6439867595138887,0.517850041554357,0.7735673810864313,662.8464161804421,0.07967347405691999,17.984021051876482,35.51007517445049,0.10064639594790256,0.02692652891419555,0.04007393037007151,0.0,0.016772594903081754,347.6030460812002,0.06470066117767417,5.815032049132178,0.03864763530003458,0.015980271598731666,0.007701555426488654,0.002184168565909557,20.75102953800523,18.14076679686117,13.469159198876287,0.6376142586391325,8.895171812150934,5.681051929900589,5.44837305594239,12.200899915036977,18.0064,499.72309721493275,10.985926310986196,1.6769238664699857
14.1879,-5493.292630260416,2848.076015949698,68.15138858124037,0.917180240182264,22.997090083908347,20.331725183855028,29.220876798283246,609.4851600848822,0.00012438465713808804,0.04437476618391824,2.3973561588362045e-05,-0.012020504791710506,-0.0005719608704139878,0.0,15.954302131250138,4.912309325203689,16.001397162199986,1.555014550717976,0.778694258923318,-0.18661606531140162,0.6705628548090522,103.21745899567196,0.20124644481578413,22.952282301980272,26.658316582920985,0.1589294620839961,0.032950547958495446,0.0167,0.0,0.016374529251466225,37.027000000000015,0.11633610899501004,8.35723085047651,0.03962323994042444,0.018862616854671922,0.007060356399458513,0.0,20.482504921842732,12.190065428472495,19.36137586379347,11.760377638813816,22.59257198775988,6.242551528082999,3.8823462895748855,7.985913156929063,48.26914048285289,239.19717294791263,3.6093,0.3275000000000001
7.242895676918893,-5162.917872004578,2843.422253629538,72.46690282894224,14.890379569450307,28.998206159551238,26.1467832335873,34.236334531407586,605.7561748748118,8.445582884989843e-05,-0.053982290862174445,0.00038432763077381367,-0.010803493731316621,0.00036659613364473483,0.0,15.80099782541721,4.8895924628186105,15.836398304837111,1.363284875400842,0.8178631039029299,-0.845456029352806,0.6517794425227728,963.4974419927984,0.13728435160459512,20.188772879676716,30.723740395652136,0.056618726180672194,0.0172,0.11528523180283617,0.0,0.018588542136073676,512.7786220366676,0.036563736100249045,5.277385053479749,0.01977721894957865,0.008,0.004829480880697646,0.0032289447772585714,13.950818225210805,31.762180618580956,5.000217258605835,1.7086360920648431,0.6279000000000003,5.583270312494655,4.384132662045131,16.32054565604663,72.6154229824131,736.5467139572704,21.51659677412382,1.635300360692731
10.250000396070327,-4267.810195720418,2387.8779567159804,71.13950773081078,4.808947936388085,4.4283,13.806795233330032,15.715132694949505,626.3664514120333,0.00011027063488889912,0.013218365738634991,-0.00021319594816720847,-0.007995792925202628,1.4650635309739856e-05,0.0002645951090825014,15.93764541916621,4.6898411389929455,15.940379993782402,1.2081414417199847,0.748429301746462,-1.2662721251049196,0.6979416104710172,76.0,0.20800164846797237,17.183054800081283,21.706412956572485,0.04269937959674016,0.10274401739909006,0.029285582293391912,0.0,0.014301976870058818,100.6313213765039,0.06552850049383646,5.09394367943197,0.013275222434470588,0.05323422696173122,0.006699663107470468,0.0,24.85159421607807,3.3354999999999997,11.805448601406619,5.8693213460623035,15.256815532875667,4.561527565716445,2.7688137852739825,3.1599000000000004,111.19435260299915,871.1429873842798,15.29804362740445,1.6268738123468365
2.6789570131130205,-5893.78860163538,2789.309841577179,64.89285159111203,12.535131942831168,19.871651175688385,22.528980057154296,31.364548883513304,618.2673160125605,0.00012513802020936544,-0.03790092636481798,0.0002450155193526606,-0.007608605306845459,0.00041539286131351557,0.0008409841479556494,15.812992068014827,3.53111687507248,15.834535347064918,1.1936820321274884,0.5856832000480455,-1.4513861968851725,0.7520407514019763,148.43392260381376,0.061119680926839226,18.89066777235523,25.335533075305783,0.053971939650541145,0.0824610125991021,0.10954037459826563,0.0,0.016559110029378998,88.37750069471525,0.0175,5.394817495397941,0.01209690737939178,0.04617082489714894,0.007633425313680834,0.0012714614150624132,14.770088187947042,9.068008556608914,2.5786999999999995,10.988256231387856,0.6279000000000003,5.398616094275582,3.6025968224191014,6.029927650615708,51.464378884401086,308.8273215986654,22.82321875188179,0.9684806299698023
7.479070879627069,-5286.695010718788,2659.49493089484,69.23571415179754,12.040222141682593,14.368408927715638,16.581063174244164,22.054430933882372,614.4989475606627,8.16025035339702e-05,0.002576015432407986,0.00017027972490376984,-0.009918660932402946,0.0002479905564776389,0.000253555180585351,15.785063903502552,3.8041479721930433,15.698186655464418,1.0316627554014561,0.5434037386978843,0.7109683733010947,0.7725263873706142,708.6289259164907,0.1470694746179067,18.215554300205874,28.907273006132552,0.10548825345471442,0.0172,0.08271622457274139,0.0,0.014356624533848204,419.24704022588514,0.08187702209449578,6.434079076274726,0.037339412014847716,0.008,0.0058947009218927576,0.00026097635646867554,4.174112548205784,30.063558292334395,10.53818663423841,0.8019280154418968,17.6167717597021,5.5814962574464655,3.782081430080215,25.58496298441389,27.680779836761566,626.2014609224782,20.75949337037065,0.45216140039726005
9.379673722611594,-5482.973810305968,2782.5057422255863,69.28890131303203,8.396187198180522,20.12665603206774,15.829016891046184,24.29347268875953,627.6914820989497,-4.675908374662924e-05,-0.024783476028567866,0.0003786037406602259,-0.011353042236608235,0.00026711952996547267,0.0,15.867796480346456,3.9030120173527,15.89937714156893,1.0993028853878224,0.6125943701953231,-0.6190578440783727,0.7311647353624432,696.8431302257898,0.055847790273581305,19.1177114436134,20.48775749452459,0.05033634578175666,0.019090440534892263,0.06733130041581187,0.0035138448060095966,0.014494174319508158,268.73563123530874,0.0175,5.805544588278111,0.014600557245650453,0.008,0.0025,0.0028482497332606117,1.328800000000001,19.239876221071853,2.5786999999999995,0.3003999999999998,0.6279000000000003,5.497005613971329,2.883366823551583,33.57321869227638,49.75252524770606,417.75602753243334,16.370785004324834,1.2134748435915663
8.68082225732889,-5844.019461551928,2736.0998794312973,68.75841991782153,-2.938188679974387,21.305957677612987,19.352688012361142,26.134009547064455,607.7898034954101,-6.578048641154097e-05,-0.012157106624320166,-3.595575759292907e-05,-0.010806439708507833,6.391905489820216e-05,5.952918372520422e-05,15.75518099859379,3.8786680868038483,15.743042336305052,1.0681199536230164,0.6865118046831993,0.21213598130363354,0.7400005506162303,76.0,0.07075461037089448,17.561818183705938,18.7406726302248,0.13753519077308937,0.06640469257491848,0.05642894909397282,0.0,0.008998939757370475,108.74379890116296,0.05428241519234718,5.545402479659189,0.03798670930891235,0.026113340750849423,0.005811157627014408,0.0009458106106197371,24.208920144831243,6.621051323927972,11.87650360443101,3.4375606974630175,6.742807602550343,4.831787214324681,2.5813220712401646,7.147832060067132,47.609656789515384,517.6002199729695,18.2850696779743,1.8042095664771454
4.698610199555609,-5670.671484654244,2900.396710964904,65.8001152334293,18.48610913331625,22.370523461032047,27.060969174661693,29.520544166332705,602.3675755026559,-6.559590852444754e-05,0.029540552589201866,-0.0004664115492113048,-0.009524465235239159,-0.00033689569144577534,0.00011718501239224116,15.85881541052932,5.181754224885273,15.974675299387824,1.4783704406361922,0.8081214242208552,-1.637569751599313,0.6197256975351073,1024.873061364236,0.11726967200991428,20.059070254265627,36.124278370592705,0.07068986837665196,0.13861160699883193,0.09291615803160143,0.0008525576033707792,0.013197748125898556,414.69360997251,0.0697380713294178,7.23913182590344,0.019894550523592354,0.0603910919860607,0.0032757284816645827,0.0022819551230297145,19.77268109111282,23.200000710629546,8.626322637086158,17.070377656997046,13.980969210035287,6.012216386506463,4.878297873030673,10.322352592722968,77.42761955275093,0.0,13.93234921260201,1.2372668327596825
5.062040892110872,-5702.03946386714,3043.697489040248,73.52829224765807,-3.3423036420195618,14.067278037735129,13.672170588374025,19.82206842056411,609.9408325101451,-6.486552869146287e-05,-0.05355740664501236,0.0002561043060833918,-0.009531817744159267,0.00017478112122605412,0.00027643299245116537,15.72368142720346,3.9928968097692845,15.67471253509164,1.0134173994934006,0.7886502865566334,-0.24287394140493201,0.7385367160273273,683.9339018063517,0.034,20.544443692025762,38.96849273228587,0.11098857500346603,0.029902256768810066,0.06163017331263365,0.0038918861222307873,0.019724910938637423,381.6146512868689,0.0175,6.17443611038714,0.034522021888648835,0.012893657748851222,0.003606689601155389,0.003861201233928946,2.173429043649463,12.141929191836605,2.5786999999999995,0.3003999999999998,3.003138868876002,6.05054413703975,5.565348366254124,20.53614489757365,104.20000568586278,908.791900178126,12.051952009370096,2.520568432701617
7.4764275805508085,-5623.882256014556,2821.393610764182,71.88442880093602,7.0728582577029435,11.64685236915778,22.69091187218357,27.449229173754606,620.8306978607318,6.078422090639563e-05,-0.0017645853777528819,0.00012051949871465936,-0.006031027141024686,-0.0002401261332440257,0.0009526926648516293,15.885163547997868,4.191579437662734,15.85398062447424,1.0660746175092224,0.7304731382360167,0.7187407893543083,0.8066477971638484,729.383523608032,0.25950057672249593,13.88706216662796,31.174294633669895,0.11842789003377856,0.07625728872935728,0.0167,0.006538042607016972,0.01352812720042326,300.2370461196236,0.10660596739543679,4.659397539732073,0.043178898201104314,0.03488251801668823,0.006566883080114572,0.0,28.50291466787041,12.552874567825825,36.98109670397699,0.3003999999999998,0.6279000000000003,4.207553328445384,4.375239468961221,5.154129023425288,63.82914354341127,138.17720359372473,3.6093,4.628987980331808
6.690819944397101,-6340.621524707813,2872.688402051167,67.94983109764613,5.610100059198592,14.76180655555422,21.057842701254124,27.06310323643285,634.3218,-2.101878743008562e-05,-0.018879143442862095,0.00010105301438608611,-0.013297026863489698,0.00029903603410941595,0.0,15.84084400426224,4.4412006998656075,15.86219437611611,1.1470122031774908,0.8137121496339836,-1.2949989188978779,0.7676809303227896,571.4837640489493,0.17835134064528035,20.42407849546259,25.685882336965985,0.09127694302370387,0.09758253374315098,0.024067686604870447,0.0,0.01826329179781206,470.38962978068616,0.06794128631551989,5.426043437258739,0.027973003790326596,0.04927362690164672,0.007162093221762606,0.0017773831070852417,28.58677991921176,15.816729967395982,29.72672684572268,7.000890155878169,0.6279000000000003,5.386775526694567,3.7374022167235736,23.535583324185446,18.0064,456.1171739127681,6.107869268362766,2.513187039754932
10.509734138286328,-5796.7887337110005,3166.0033316788463,71.67330246723729,-2.233825147682572,22.07264705636004,21.345335500846804,28.016136588913067,611.1361192928455,-2.219491532403484e-06,-0.06461935755749768,0.00016926207794302247,-0.010786172909722558,0.0003604645151970881,0.0,15.844474666396609,4.551399424410683,15.811432902134102,1.2902348593144353,0.7991316777652392,-1.2639555797647728,0.699212969453021,774.7614096824497,0.05252853274703902,18.880112711757196,31.83977030354212,0.09010822828760263,0.03769271364997183,0.08290206280484519,0.004842661237063574,0.02968146489068015,366.05391457346514,0.03034951734116914,6.398556251021557,0.01839024559778327,0.01705881248859247,0.008754184735632381,0.004087621856155099,22.317809177796683,15.924669240835716,2.5786999999999995,0.3003999999999998,4.720932855550822,5.133763996586813,4.667456502132068,3.7884767881902475,107.69980866103455,63.80388421033126,14.510632933719826,3.8481291118542535
13.99582128091777,-5903.035919987981,3015.2427368771177,70.34286881304538,1.7553550928445776,25.11268364367483,22.38605874676316,28.771158430673037,604.2969672405849,8.76668998033043e-06,-0.021899708952203195,-3.4815148787221514e-05,-0.01176896487337183,9.666681630627107e-05,0.001036474899491548,15.790899861390038,4.854619630958423,15.882400511823517,1.2559473088673454,0.7651531724030423,0.5632209412014941,0.7481251419539838,419.2068728318624,0.16787850558959339,20.109056689837672,28.3682683151455,0.10526381764548558,0.09338786556827848,0.0167,0.0007553113026010848,0.0078,275.6879952808613,0.0900644198884229,7.1555597357953475,0.03257878857789361,0.0418540616892379,0.008484759677053014,0.002830229298186365,24.407694838664547,7.233053281330681,2.5786999999999995,17.67102258036618,0.6279000000000003,5.788341384293055,4.200711369749063,9.338831297643907,110.49369328129134,0.0,3.6093,2.2825427771377065
9.268527574141531,-5783.691345045766,2909.0275317542432,68.06322263330088,10.098474377727078,13.3186090842077,18.412041097341483,26.41040556450115,633.4021354229545,8.08604509639287e-05,-0.018704569691208334,-9.88852512124073e-05,-0.011229078972891207,0.0002303757532817099,0.0,15.91148186658094,5.029562581171737,16.00166114246782,1.075118998365554,0.8344006622514984,-1.0860426542256731,0.6513896690280895,780.8612010511961,0.15805564441925488,21.83630717715036,21.303320768997608,0.0711684116392894,0.0871390382263239,0.08576146298170789,0.0,0.018137031369847043,397.7874493796903,0.04501809562221645,6.287979971492043,0.017519171286110035,0.04160356028657431,0.006055642197869485,0.0,16.82238792834911,16.608527978833227,5.417897583164832,11.726220229059898,0.6279000000000003,5.66366553772834,2.8204219406417947,3.1599000000000004,87.13519786930209,342.39170271927316,22.241804942475582,2.364301759496577
7.862681862918401,-5914.185032548358,2964.4150900023633,67.26185188462627,4.919730919337352,12.72080647784292,10.72950013015397,18.285761825566215,620.2787686884303,1.1301104128611223e-05,-0.0966847971699154,0.00042020530743627413,-0.006311702651232947,0.0008719381227421521,0.0,15.818771565087994,3.140916856245954,15.816134559939286,1.0075641880175246,0.5214170861945956,-0.11303894631307537,0.8525367780411648,1093.8623350687512,0.14054462320194988,19.512906978816787,30.727282956681726,0.09158990474596272,0.04508855789425465,0.0167,0.0031602047077680766,0.014258096757923522,478.75890203014944,0.03092535717600005,5.724853534958748,0.027957756151161094,0.013140345052218623,0.007369795945068268,0.0016409245258418304,23.749969730984823,38.043347026300836,12.089636987081981,0.3003999999999998,4.108975128909854,5.422516542121688,4.263636124230862,11.414689213026593,120.21151323980823,549.959494207129,3.6093,1.6406685607580365
10.386599742366078,-4682.877720308121,2564.2465963958343,68.46430977557958,-6.840985884876755,11.642170281253565,27.81173074593864,35.75372705149698,619.5646338498764,9.822827052676788e-05,-0.075765275490564,0.0007253813698157948,-0.008389080119873441,0.0010044075096588639,0.0,15.685958380039175,3.5959539383936203,15.65453412358032,1.2461350131919684,0.6378081488413246,0.16830131162030715,0.7296774414385436,478.45411879532236,0.1417947791578531,16.60979335502743,24.555638781351092,0.06828559363208954,0.1259926018981658,0.04104046782413139,0.005868097133957164,0.011806608563513012,297.9796331074045,0.07621790022104417,5.365499181556524,0.021405129019698887,0.055763819482971926,0.00971985403018795,0.0003440830161057713,10.95165574248798,8.810008271791787,5.776583733823978,1.3180427836596493,15.918810066888966,4.665321674499737,3.908951280243463,32.161986242371924,64.67233276962472,106.89867275451505,5.476672665204216,2.5926002435675217
7.627527694324335,-5857.848214705533,2620.178168648048,72.78842062575458,-0.9527556186413109,11.405898248612864,21.859705779478563,27.42003161489879,621.4650427517561,0.00021725248475385953,0.04810687749370398,0.00034451992004501413,-0.009180539349632554,-0.0008301685518503956,0.0004545829641621653,15.929160255131004,3.155160089682439,15.942285494538023,0.9144335046397747,0.4932646345125614,-0.5324130339721361,0.7816808355611427,76.0,0.18042856827828282,21.31172064506677,24.113514763827787,0.16989379962840281,0.0172,0.0167,0.0002543276401340711,0.0142084317845879,37.027000000000015,0.08423489077253238,6.875693141404948,0.051781335040741804,0.022335156095782557,0.005111495865078937,0.0,7.003881327120034,3.3354999999999997,2.9538452905357673,7.904389402543778,9.042866503553393,5.94258486984299,3.1586604414672643,7.904708159015495,58.666700065337025,105.42289037036764,3.6093,0.3275000000000001
10.081715898502328,-5211.1517061140885,2923.9707110095665,65.65494021050404,9.508599455011083,19.5069161030983,16.647377198767373,21.388808380306006,620.1815988815766,0.0001987188263763691,0.037493778882925904,-0.0008540642513977358,-0.01162187837678609,-0.000457494697425018,0.0,15.916671595107285,3.705336956338002,15.985553358149806,1.2819552923601067,0.6456184840999535,-0.399269222486782,0.7840263914980585,382.65537625973377,0.20794277698799163,21.77831072958426,22.979431229136537,0.1137564870987549,0.11370070634782051,0.048719978363275934,0.0,0.0078,168.2635229709805,0.09567202980704875,6.850684642586598,0.03379782416594138,0.055765422919912926,0.003938701029621406,0.0,37.6028229165927,9.973646731736673,10.656734689980558,28.83761356148969,7.5726820991800174,5.3596957699610925,3.0249100425697137,4.341658728565421,60.61191749336411,0.0,17.24600515140459,0.9675299973130543
7.66785215826858,-5841.63511660108,2935.7204975285476,65.79614989160162,2.7001661067727896,9.588080470778191,23.86838622368314,34.328015998218895,620.7169889034094,4.199593865613281e-05,0.015940594258923205,-0.00011699121623434204,-0.012429326597409866,-0.00047298774323493114,0.0006998530202740579,15.721554306441488,4.206504099471514,15.720296009068846,1.2560995795467529,0.7678433025598993,-1.608408915117324,0.6556234620512623,791.5672630270176,0.034,21.346890379871873,34.28170267831595,0.09120737367122218,0.07882363305025394,0.050235052176733956,0.0,0.021362796725612896,307.9544405913107,0.022721529695541524,7.482861737209795,0.026339555153697007,0.03575867248523811,0.009131289691721346,0.001426437505583227,1.5909847615905015,16.451117288291023,15.00240597111428,0.3003999999999998,4.28065135223709,6.0132915863429,4.778833161073413,8.350706809423576,61.76489403118134,519.4335440288394,14.541326480657485,2.0482440702696296
5.498168944809109,-5511.066285520355,2746.6240314945558,63.44970525054565,13.363503130972132,17.489628948045407,23.716306930494632,25.949776411441988,628.3288091513379,0.00022919099048523283,-0.0031515179759081064,-0.0003054315427590427,-0.008383691968471033,0.00033330595749986905,0.000228337730879847,15.7827717089799,3.1353025731877855,15.72549358326659,0.9000090200244323,0.5070225714457539,-0.27013346477692896,0.859258543668352,345.7458073889869,0.03714648018443391,20.176932846541614,26.606055026900737,0.1013616805077174,0.07014753210298891,0.09819259494921301,0.0,0.012717816978248142,173.2550935453199,0.02696675391430728,6.308941234173543,0.0299404805216667,0.03378189029181324,0.005507188547835225,0.0012120834759327878,27.810010640449285,10.76482270880322,2.804052987343381,3.8710697773743403,5.394258897428806,6.069948085238296,3.61519234215765,4.346189633944008,63.279746467456455,368.98815632677446,18.67232208038752,2.052722546736693
6.760425140186932,-6252.421755186216,2988.5309847492877,75.32048554490544,8.03176169923605,13.377323068026964,17.815726478391156,23.4944670597071,626.8021559737655,6.54924643264404e-05,-0.02042646973459017,0.0003886391862685604,-0.005237737108053478,-0.0001641332699291757,0.0008301958314161141,15.820833803602,3.6170601616839906,15.819193786752384,1.0647499040567503,0.6850748629352026,0.7322002644902785,0.7521548737646094,76.0,0.034,16.58012243910975,26.454601933212015,0.08644356553991095,0.08716618881685356,0.08329944334836947,0.010722887790731085,0.009614443000874464,37.027000000000015,0.0175,5.603524452725038,0.03634439092543863,0.03726522304946908,0.006844421590161001,0.0026509440030895765,1.9984180292510096,3.3354999999999997,2.5786999999999995,0.3003999999999998,2.6693211167195035,5.164273662669458,3.9832989459589094,5.3100726989788685,72.19825087012234,162.12874488807995,13.398194002002814,1.3734786296669703
8.835616501253297,-5820.438916384236,2521.152245984683,68.22213555425374,1.9333861604139209,8.96083811029997,18.60209069919734,20.158680891735408,618.156849079219,2.0823037894238156e-05,0.03652693612461497,-0.0005531693510411862,-0.01257497843629079,-0.0006211393531209906,0.0,15.896075764536048,4.877096030367755,15.908587888819207,1.2147647043902214,0.6785379042913828,-2.309637911359278,0.7643627541882482,123.5376968586383,0.06864869548615567,17.003651539469406,37.00862148020603,0.033900000000000007,0.05747683679949066,0.08202787686649335,0.0,0.016438900771658424,37.027000000000015,0.0303777523402197,5.7040820272619595,0.010499999999999999,0.03265405163143173,0.00740457901272234,0.0,25.648930104237888,9.940266095236073,2.5786999999999995,8.598704022913578,0.6279000000000003,4.75112325769281,4.823814811148063,15.14627249221298,49.467468923036606,161.09962028665666,16.45856813021161,1.6805658772531744
11.963485634541192,-5208.784030925597,2453.4209399389624,75.19533262477383,0.36896975173811786,11.638349747611487,17.2515959240521,22.626454714909134,609.388309509204,7.865705321743145e-05,0.0721294574045552,8.067942812913097e-05,-0.011275286436835433,-0.0006575374466825252,0.0004275992322540741,15.845975653836685,4.145871370900887,15.810016490638272,1.0123912286270755,0.6922490532636899,-1.734293750264304,0.7101814939793888,76.0,0.19358197907199612,17.950574017063936,22.591175221014755,0.13136509926079912,0.0694222231110669,0.048424357330003734,0.0,0.012091088168128806,37.027000000000015,0.10082916930207404,4.8619340753687155,0.030984653738388386,0.02777230432865464,0.003954211131861742,0.0,12.14093848058521,12.29568416501033,6.695012908341731,15.986673860531521,9.725382289477162,5.117342325177873,3.1385109211537396,8.858300684874566,18.0064,898.8436434684785,13.083496966771353,2.594691691880004
6.123473217116655,-4208.705097387602,2378.47827836635,72.49362311654674,-5.916108665211645,12.397825258508028,18.365646037490123,26.087309263357497,606.7125356843068,0.00021278900247761394,0.03557938091119777,-0.00023218755052959914,-0.012871176302376984,-0.00033827329856480633,8.349327419793532e-06,15.798809217584196,3.502202736078478,15.75806220984094,1.0763983952786638,0.5771636096341632,0.400690127284295,0.8194684018825993,709.9818446527278,0.16404464439589672,22.374706900234454,24.781953866607964,0.05017256119171042,0.056769742423531284,0.0167,0.0,0.00960004201911098,258.8375668603819,0.08556707141481963,7.191374524485237,0.01885188293660137,0.030504587590646854,0.008602896057894271,0.0,43.79062682297271,49.399278487273435,12.309259367417111,8.810772333281212,16.453398410773268,6.587126830539403,3.396992198716876,5.116646346552027,18.0064,986.6667,3.6093,0.8537578743864676
12.857298360469212,-5887.615270904949,2923.5632482921396,72.46762816631382,-6.809733477438302,23.431944001198765,23.17420742145736,28.99705119473657,609.1208013661895,0.00012722109477022724,-0.017999434584024754,-0.0002165903346975632,-0.015222855261101249,0.00026985851791405045,0.0006463165937126392,15.857389234899525,4.891779556464174,15.815175078097635,1.368709187322319,0.8899,-0.9744760563062345,0.6745068925653367,76.0,0.06790770650866707,20.96284970966829,19.786010050712637,0.09181808281989537,0.060027258859861196,0.06915076329335182,0.0057149551870673745,0.011957771964377847,37.027000000000015,0.023862667296316815,7.522186279752216,0.0267567786206405,0.03260887439984826,0.01070317565780968,0.0027745225976066545,8.130289097768204,3.3354999999999997,2.5786999999999995,0.3003999999999998,0.6279000000000003,5.861661972312898,3.585820202938762,3.1599000000000004,30.194867165556072,718.0715535435572,12.936317539422205,0.8323301004478766
11.278513190292433,-5857.307727530151,2852.629353895349,63.022814857271456,-3.0841773957636796,12.633239314584019,19.651368338644225,25.568645792767843,618.2883080194857,-3.669980749061854e-05,0.011795202569861121,-0.0008032368766440577,-0.01457448372595447,-0.0007736140060302359,0.0,15.80257717730822,3.9999645201025493,15.774579739237144,1.436921104412889,0.6662968203763381,-0.047260319434865306,0.7148911324238079,1121.358741808104,0.053490440911506676,18.382161848755544,30.129196553069587,0.06462115895774423,0.12072418544781618,0.045196952377213565,0.0,0.014866054315140521,475.8495102260357,0.030797201861401342,6.124842805791409,0.01322301935443871,0.055869194011644724,0.007419819009571413,0.0,7.993379799659822,26.495991517971664,2.5786999999999995,0.3003999999999998,5.671174506583181,4.7913838777989195,3.987017063507055,3.1599000000000004,50.05319723082747,281.5863828470564,18.59011461586018,2.769519220662141
13.341592076411509,-5395.419278167235,2657.1870920209217,67.14284934923627,17.155103001708348,17.566909448574396,20.58457173345338,26.24633818279476,602.7545967021415,8.504226522354568e-05,0.0723269847659902,-1.445714399364505e-05,-0.0038991401042545214,-0.0009138479153736225,0.0025481428236392863,15.770271195316473,3.8060330743720314,15.846075946155452,1.1488096309153346,0.6284204120916157,1.9628570370822083,0.7060363403094393,474.14302362599784,0.22292637470736282,18.94751619416675,24.87099347186517,0.10139408670477464,0.0481946566086272,0.040343282644601255,0.017572630865475003,0.01895254983841835,265.10615923554343,0.04957160580232001,6.643467099485194,0.03154711738037111,0.026960730282959363,0.00388588869190978,0.007022150251621885,31.36106963794593,10.484554043449553,11.083804606945407,5.498159039968016,0.6279000000000003,5.602027182691345,3.547985502051595,5.880374736633513,49.513885582181516,384.99482984467693,7.95329587666369,1.279234144718204
8.76150213709884,-4603.082621186014,2492.1788395987,66.3026976806343,-1.3455749870231863,18.430666454300226,26.634413981419463,31.88813458754384,606.11612401172,3.610750028982077e-05,-0.04010886717193084,-7.528216087210546e-05,-0.013443837127191507,0.00015484407609282614,0.0014196247538880798,15.933938432419305,4.617278906571847,15.965838195390429,1.3593351108742513,0.7645036867286188,-0.280431999811339,0.6471418727597955,548.4375205126879,0.06476898578839822,23.867372640262445,27.80772189751962,0.10801393071064097,0.0172,0.09350430354806274,0.0,0.010118388537468628,369.85039553018237,0.030725430072869375,7.6795236697971605,0.03099313113264496,0.011382185492599301,0.007168462110173161,0.0,17.056483417132977,22.714672528040055,2.5786999999999995,0.3208241733058532,0.6279000000000003,6.207791249251062,3.492270835525146,3.1599000000000004,18.0064,749.9165200944649,21.240629667594078,0.3980681152890273
10.094167710223308,-6337.790889065798,2739.068163698713,68.76634049313914,10.156923639976375,9.179430056670522,23.268217617217097,27.76998460750013,615.7511666449054,1.3287311834603309e-05,0.02475183450187335,-0.00014904494743606006,-0.007691829945216687,-0.0004289927341291177,0.0,15.780051572610759,4.4222849069944115,15.832659899548988,1.5297505969451897,0.709409518721945,-1.1603238998685472,0.6749385520043201,369.0297555840011,0.10260866553102924,16.683596784370526,25.98819408869984,0.08303803600472479,0.12829807375026805,0.0167,0.0006661566972548026,0.012660167640595181,123.45546144187588,0.0472795780591533,5.845586805968271,0.02094470385191003,0.05697363413965553,0.009126231684545807,0.0,11.931467678153881,3.3354999999999997,9.915937574774578,2.5493004774390196,0.6279000000000003,4.7317577036117715,3.920018938898054,10.824962128808867,53.778214702609986,0.0,3.6093,3.231646177360054
8.10053115504154,-5244.898132330058,2997.203365406751,71.4224069568358,0.05192796941060074,19.355201160345153,21.07892236890148,27.66094149862921,600.3654022039741,-9.255493476958038e-05,0.03952403452460297,-1.100643362580452e-05,-0.010687096189304301,-0.0007075944809435123,2.6214408165228602e-05,15.757634818493283,4.517513788739628,15.774310416354414,1.2455731549449234,0.6995080730067674,1.2587905568674596,0.6321488041968024,593.9486076631784,0.15249628479705618,24.334565719138364,30.55786462582799,0.11249036118914105,0.09418263259991075,0.09237002549357987,0.0001470822095341281,0.016447249917820702,351.1443401211652,0.07515669755682862,7.656926464764679,0.03480007214235438,0.039676364776320666,0.0025,0.0011128243863261084,13.922758151917353,29.590794735644213,10.491451286812163,19.077037306588387,23.266151253710536,7.02553960498327,3.6151545712334037,9.311949163236397,105.27748495760056,390.65428067906254,18.634675907338142,3.0402259724633063
6.454095587276451,-4536.211272112376,2205.743002075142,72.06753071752856,0.6468168801568406,7.1469857628532525,21.689928638206823,24.83214140678815,624.0995704496067,0.0002179708733320828,0.05177104225387147,0.0001222793811870927,-0.008386934663432969,-0.00025884221082070525,0.0,15.939492625494555,2.9741965773142898,15.923717672759787,0.9967486124200431,0.45815241714162225,-0.9105351730201694,0.8421113719516788,141.0371834460301,0.182390510727658,17.16428852575547,26.80002976843488,0.08998167943499609,0.06560046445007307,0.027447176037045273,0.0,0.0078,109.8987101531689,0.12008117896694578,4.9365711979196885,0.01798082830192777,0.02237720080184712,0.003632256854443046,0.0,26.426293084759724,23.078864719303148,8.196373386859914,11.945483037275231,5.905398018715562,4.674590617802261,3.3962063678782464,6.0912711768650265,36.51361182423808,132.47393897025978,7.350061702101293,0.7443128664279
8.104607900003897,-6435.474710322813,3138.6064703334478,67.53299957795538,15.181728634540239,13.737965450413512,20.42648096672192,27.62389358573072,626.1855298077819,0.0001327969657798418,0.0019095212239182606,6.129397702831404e-05,-0.006321578692462675,-0.00038041037323383595,0.0,15.825980762390122,2.8512469106020872,15.8074244160344,0.9561242808868359,0.5067279590543678,-1.7084054601786005,0.8109593161200722,1115.3740350418088,0.034,17.38087397041877,28.221361988220757,0.09795106237690013,0.0172,0.047352584661594144,0.0,0.013747219617749187,530.7389828053914,0.0361454614708388,5.82222967031873,0.020725697828195704,0.008,0.003441232420279986,0.0009113738929569145,4.507265642506621,31.392291198311966,2.5786999999999995,7.085480366835243,1.50091776791312,4.837576279362512,3.9806756164440746,10.84303864879459,88.19674905327415,412.4006193242314,7.450778126307004,2.8754673008412555
14.1879,-6030.834529825037,2815.5992509742973,71.20443876652084,-12.1527,18.41938955200377,25.827062228721623,30.103058199572686,611.2160267972733,3.5673952414381785e-05,-0.04046711095336821,0.00043142733812132983,-0.013465585815210976,-0.00017178485203705345,0.0003657300435796348,15.756893197387221,3.9179889318757657,15.72643658860927,1.2136345808854083,0.6952243348923063,-0.37542467145889125,0.8567994688502385,251.41599050857985,0.14451905014677194,14.274748840047883,24.686295624720035,0.08030921259735997,0.040841964655015786,0.0167,0.005972537208915116,0.01769587954305285,103.84069144106229,0.05008057925674294,6.12940902226678,0.02712165634930476,0.027930469092733265,0.0075769160881182665,0.0036308339222742574,22.901589149447602,3.3354999999999997,30.30026536809821,18.037954437540648,0.6279000000000003,5.1023816322132145,3.910988702404427,17.876734368670988,46.02176848427309,432.666984190142,3.6093,5.1703298829713376
14.1879,-6176.174451812236,2991.7208572893674,67.65392197915574,-10.595973405560633,14.689670224913023,29.007157412174163,36.820698087443716,619.9110766040109,1.3041250662354174e-05,0.0034994470129559026,7.715641437434172e-05,-0.008088039501314023,-0.00070080985150754,0.0008129808888106433,15.783106804745138,4.78442257901967,15.758576031168563,1.6532732963328791,0.7760975432390913,0.6793625777751893,0.6663147862004182,841.0005405629388,0.0950157559840271,15.98805779767867,22.750229597360455,0.071223459934172,0.07446328919606174,0.0167,0.0,0.01546936651778225,401.3935018874296,0.03477598882381354,5.416947886775828,0.020851698816841735,0.04417648065920313,0.005280176788318828,0.0018320448221242262,20.31616947892792,23.263526076190455,2.5786999999999995,12.448127610003443,0.6279000000000003,5.137720674942213,3.5726931403205984,17.307116611557202,63.58881455284259,365.9455070586525,3.6093,1.6524555714806168
9.528845748355392,-6182.141013010274,3165.6536827969812,69.84645255448058,11.800574459386564,20.115675184233538,17.550365124648206,22.717115289514695,618.3453217918569,7.084512780911094e-05,0.0873341188942266,-0.0004782953539280891,-0.011480243722604493,-0.0009033928409582971,0.0008317781896721986,15.849379602708682,4.114247004814591,15.879497533815913,0.9672903235667429,0.7084422567407177,-0.016711114485748135,0.8127935877300372,1210.2477795342165,0.10039390677984927,19.873527863468233,31.9093909285464,0.06592674388356011,0.03473780258911496,0.06425780259530334,0.0024437595311803326,0.013841358783639252,633.2903677885006,0.04088589975151413,6.702764758130602,0.023254068197465755,0.010867735527820506,0.004260626026707772,0.003901280831978083,1.328800000000001,42.04099882553997,12.64756986336413,1.3692253440620128,20.58587681167404,5.879178136602324,4.996110866145532,17.461938681960394,56.65530823582071,0.0,11.251973176300977,0.3275000000000001
5.983225664526708,-4943.303709300475,2722.096884431166,67.62685708446382,9.948463057365764,12.571708844365235,16.090408476058286,23.459843191440974,631.6637713915212,7.719412794334309e-05,-0.03356107131437938,0.000321744779295293,-0.007052393041043652,0.00025888085009758544,0.0008476006059165444,15.762183579032296,4.175413522979935,15.743297485340983,1.1234252955663626,0.6423676799272166,0.053342785534601256,0.7578981471650663,335.0154235856364,0.07262294500799954,21.152436151038476,23.39377011790308,0.13996714152005077,0.05460612442369724,0.03029962555949802,0.0,0.01950846206689776,355.281373342574,0.057870039327866225,7.304617482328911,0.043111908195105283,0.027479765075241334,0.007210877887093712,0.0007982708216159426,14.888519145945004,9.065923110454712,2.5786999999999995,0.3003999999999998,0.6279000000000003,5.700661615720238,3.6032813165452704,3.1599000000000004,57.407260190055155,0.0,4.743544244645823,1.682324530022022
10.735734277438794,-5915.875998828809,2555.5595243070297,71.00866530456456,11.199358345251772,7.801006294163768,15.026666708945148,19.749488999812108,618.2643283435111,6.230734856386562e-05,-0.025841990090234638,0.00012853290212618332,-0.009473199122427485,2.6496197068645533e-05,7.965171170893822e-05,15.780180823731778,2.8469121187671487,15.787858149593363,1.0412560704917866,0.4895625088539032,-0.14605740183770677,0.775221848652251,76.0,0.10013465275935952,21.83563527479223,27.505993097558463,0.1372450721673834,0.06238255593034758,0.05280832373882402,0.0,0.01666558174919771,37.027000000000015,0.04441950048355686,7.366030828610594,0.028889662585723418,0.02670250815262128,0.01023105867140155,0.0,10.3419597134746,3.3354999999999997,2.5786999999999995,11.949323391564315,10.123125785310993,6.198795123577801,3.5591400956701693,3.1599000000000004,46.78451935738819,0.0,11.882856914891008,0.4726765443983185
7.290314799260831,-5355.826051332614,2789.0689865160402,65.7254219037911,10.628923952047078,9.895873358299243,24.977558701346187,28.282196699337046,620.065613318865,3.0568586702107655e-05,-0.0840576602001056,0.00015319057860978968,-0.0049515219119527255,0.0015,0.0,15.720476305413902,4.4759546501406655,15.781209214225301,1.287334727708623,0.6629469515155856,0.9007673237045681,0.6466804787073208,451.4254716975593,0.13145687013036572,18.84371449194522,25.960509614973496,0.08911697439685351,0.07074859282155221,0.08850515711237958,0.0084289183458882,0.018991264952347008,337.5212898993776,0.06407937544235019,6.524050046882252,0.03095325942472922,0.03638996698053107,0.004950387808953451,0.00046220110949458487,54.38194733920077,6.969959738592179,33.6303309571626,5.918418575854465,10.77519636016142,5.445129168993473,4.2076632751780805,8.796165100628262,69.74155761927962,46.43670146680907,15.883320728174326,3.318563760631144
13.338557868091495,-6056.206173634093,2512.0201205112153,69.49003625399838,-3.888569459736536,20.4924277424879,27.977022439917647,35.15798131123759,615.4802305756414,0.00010539930006008026,0.00536839132659005,-0.00024252641788570248,-0.009678323205716361,2.1535956402125366e-05,0.0005421805810735861,15.771285572367933,4.87267157619674,15.78500611611564,1.38228961331802,0.8617555551799992,0.9863450420176534,0.695944226803931,695.9899362296119,0.14558604241862344,19.01342828700404,22.11855706963464,0.033900000000000007,0.05876876103395664,0.06664815835096442,0.019603326837137974,0.009116593462936605,367.0922555327717,0.08553174006946976,5.7883940889561645,0.012052472643112388,0.011910927304696372,0.009157352365205637,0.0007205404900617429,1.328800000000001,9.454942056085859,33.25806192258955,11.276422888598116,7.675296772876658,5.486781095932773,3.20330552154602,41.63906762666994,87.4288187060894,335.05976282341743,14.229089083878247,2.922484061771071
6.703691055418644,-6085.852407244234,2808.8612091831883,72.23149616538471,-12.1527,10.37025591284701,20.374178836555203,31.2150215924644,619.0689844469098,4.6178400880688085e-05,0.029310544143351176,4.6383579918972265e-05,-0.01052557916341602,-0.0007299929303081328,0.0006473716658333383,15.831096122017872,4.449325582152868,15.809729330448517,1.6050098958562244,0.6878000437004387,-0.5848214454844138,0.709621203246156,383.96103481565274,0.07846119657147801,17.979657536709084,17.304548151301972,0.0731076122486853,0.07084278636175656,0.07918085082939788,0.0,0.011122724276797537,191.8233530699968,0.0175,6.207497903645763,0.02232572660760887,0.04078199221659384,0.010881715170114544,0.0027688290046867466,1.328800000000001,8.987694133277625,2.5786999999999995,0.3003999999999998,1.9817967472094349,5.117817808898838,3.2900012123854463,22.186920021556418,53.786923669731195,380.1048819393225,17.337040626200768,1.0819236595121582
3.4025389266908643,-5110.896265841072,2761.882640989245,73.23063382231484,-2.9947752003668717,12.17411038482817,21.318875045767417,23.587249619748512,616.2009720260423,-4.516439050859794e-05,0.06828807267020168,0.000503385058106428,-0.007428430440321774,-0.0007046826878700992,0.00010097108522044118,15.805314149354528,4.453778237442794,15.824365244981742,1.4771712614433392,0.7529784461028126,-1.9362136286488025,0.6495236227279043,447.8593605958241,0.06015926973887964,22.714187590481515,31.271664217758815,0.13163716283567672,0.07392443244666987,0.0167,0.0,0.01629241541101981,170.2543933959642,0.026775834941366372,6.228700283563472,0.024614555205161818,0.04649106676055742,0.0033471676503245736,0.0,24.133392919043686,14.292774442506953,2.5786999999999995,3.58099969966175,5.496043795068833,6.133372424924277,3.97335513398367,5.368852789951549,91.52657422149585,176.08950835696686,3.6093,1.6766864553517073
