feature,psi,ks_statistic,ks_p_value,standardized_median_shift,fit_missing_rate,future_missing_rate,missing_rate_delta,severity,ks_q_value,ks_significant_fdr_05,catboost_future_shap_importance,catboost_future_shap_rank,selected_by_catboost,xgboost_future_shap_importance,xgboost_future_shap_rank,selected_by_xgboost,max_future_shap_importance,monitor_priority_score,domain_logistic_abs_coefficient
feature_59,1.9197008745195843,0.33153682835211495,1.931990595073668e-23,0.36133783024170885,0.00425531914893617,0.0,-0.00425531914893617,high,1.504918989846857e-22,True,0.11849801375913803,1.0,True,0.13930538296699524,1.0,True,0.13930538296699524,7.276704822957984,0.02176850339057062
feature_247,4.501056360646166,0.3777330650570087,0.004000337434219353,0.2603953646898433,0.24468085106382978,0.9331210191082803,0.6884401680444505,high,0.005382272184222402,True,0.004623418401780356,57.0,True,0.006219298113137484,47.0,True,0.006219298113137484,6.43780492335291,0.01392352997330141
feature_519,4.522029854821589,0.374916163648558,0.0043923681979692744,0.263110702528429,0.24468085106382978,0.9331210191082803,0.6884401680444505,high,0.005881491717600701,True,0.0024454563733893615,100.0,True,0.004569186829030514,54.0,True,0.004569186829030514,6.312150175973162,0.01681560507705313
feature_487,6.119288835674357,0.3223404255319149,6.492580322673769e-21,1.2733148053855416,0.0,0.07643312101910828,0.07643312101910828,high,3.948911867489251e-20,True,0.0,,False,0.0,,False,0.0,6.272155077712574,0.09018689267208563
feature_116,6.14469043344296,0.7321859330532593,1.2212667861972622e-124,2.599999999999867,0.0,0.0,0.0,high,5.422424530715844e-122,True,0.0,,False,0.0,,False,0.0,6.14469043344296,0.08053657627523184
feature_132,5.895921845887066,0.6457141874580876,5.402127599598222e-93,0.9221854304635737,0.005319148936170213,0.009554140127388535,0.004234991191218322,high,5.996361635554026e-91,True,0.0010065966487508608,159.0,True,0.0,,False,0.0010065966487508608,6.02308813169684,0.8200123077427007
feature_80,5.292602402173089,0.39761555392516507,6.562286633132998e-32,0.12161135039270334,0.0,0.07643312101910828,0.07643312101910828,high,8.829258379124396e-31,True,0.0,,False,0.0,,False,0.0,5.445468644211306,0.07780361551168906
feature_385,3.328600313041033,0.22246814218645206,0.22770532298691762,0.14388489208633093,0.24468085106382978,0.9331210191082803,0.6884401680444505,high,0.23957621660234932,False,0.0024952974450722426,98.0,True,0.0,,False,0.0024952974450722426,4.871597606265893,0.036975842712079876
feature_112,3.280314957455471,0.2841716968477532,0.059531201628842005,0.2027027027027024,0.24468085106382978,0.9331210191082803,0.6884401680444505,high,0.06863959026800516,False,0.0,,False,0.0,,False,0.0,4.657195293544373,0.019173249237603014
feature_22,3.958155698352064,0.40777912077465267,1.2438968736752093e-35,0.3641410842586545,0.002127659574468085,0.0,-0.002127659574468085,high,2.5104100541445133e-34,True,0.0009845235512400338,161.0,True,0.001105923904106021,93.0,True,0.001105923904106021,4.04995939756062,0.3202394642189721
feature_562,2.2721336115976127,0.27311797420423617,1.496023846822529e-14,0.0,0.28191489361702127,0.0031847133757961785,-0.2787301802412251,high,5.5818032604134694e-14,True,0.02647476807134701,4.0,True,0.0,,False,0.02647476807134701,4.03267817996324,0.19573650914246332
feature_548,3.2177136192814153,0.5215099976045204,1.114315056479403e-53,0.46730823662609555,0.2670212765957447,0.01592356687898089,-0.2510977097167638,high,5.497287611965055e-52,True,0.0,,False,0.0,,False,0.0,3.7199090387149427,0.2671100493987876
feature_58,3.2088917942416755,0.45218846970439325,5.695203333555418e-44,0.4827973074046374,0.00425531914893617,0.0,-0.00425531914893617,high,1.685780186732404e-42,True,0.006779216452901246,35.0,True,0.0,,False,0.006779216452901246,3.6524778734816072,0.32860864863190997
feature_90,2.0471118929426844,0.08392929374646065,0.10340972258630836,0.022752270622390745,0.0,0.1624203821656051,0.1624203821656051,high,0.11225896535041788,False,0.007276822931637194,33.0,True,0.02678198739886284,6.0,True,0.02678198739886284,3.468467155690959,0.11151268257125933
feature_40,3.1157377676663165,0.5385120139618934,3.3818323797730314e-63,0.2380573248407639,0.013829787234042552,0.0,-0.013829787234042552,high,2.145047966598894e-61,True,0.005111901175233076,50.0,True,0.0,,False,0.005111901175233076,3.4619442132594322,0.009345310956924743
feature_78,3.3085052841999634,0.5120689655172413,9.045010936179752e-54,0.8048215113583681,0.0,0.07643312101910828,0.07643312101910828,high,5.0199810695797624e-52,True,0.0,,False,0.0,,False,0.0,3.46137152623818,0.018925783089066086
feature_542,3.3753022187590367,0.6745908346972177,7.911140688788322e-103,2.38805282335187,0.0,0.006369426751592357,0.006369426751592357,high,1.7562732329110075e-100,True,0.0,,False,0.0,,False,0.0,3.3880410722622214,0.4135583164317855
feature_31,2.529881935604241,0.21901185609713036,2.220563302177814e-10,0.03558105018251842,0.002127659574468085,0.0,-0.002127659574468085,high,6.529338451436751e-10,True,0.01627963579284822,10.0,True,0.01022221427410841,35.0,True,0.01627963579284822,3.3578483849640355,0.03562407677419782
feature_89,3.0084001968289193,0.3733799854380713,4.271431275307327e-26,0.4158125915080523,0.0,0.1624203821656051,0.1624203821656051,high,3.718657816149908e-25,True,0.0,195.0,True,0.0,,False,0.0,3.3332409611601297,0.1366797514875602
feature_79,2.8281543747797797,0.3832355099046222,1.3045049576412422e-29,0.4396782841823056,0.0,0.07643312101910828,0.07643312101910828,high,1.5242110557702935e-28,True,0.0020011799123544377,116.0,True,0.002311962191015482,81.0,True,0.002311962191015482,3.111792336514914,0.15465287391284732
feature_312,2.8587787740906094,0.2055378061767838,3.486649609334688e-09,0.2417582417582419,0.0010638297872340426,0.0,-0.0010638297872340426,high,9.106308391438833e-09,True,0.0,,False,0.0,,False,0.0,2.8609064336650776,0.09692310832007175
feature_545,2.812657157661744,0.5945444626295691,5.611018303552441e-78,1.4944622903884868,0.0,0.006369426751592357,0.006369426751592357,high,4.982584253554568e-76,True,0.0,,False,0.0,,False,0.0,2.8253960111649286,0.25750241267622026
feature_28,2.2537560061757635,0.464003911289775,1.7641572333219738e-46,1.0680215331970127,0.002127659574468085,0.0,-0.002127659574468085,high,5.594898654249688e-45,True,0.002617680636024772,95.0,True,0.009611263871192932,36.0,True,0.009611263871192932,2.691240198857524,0.24784447787613273
feature_25,2.644858932627233,0.3508277538603615,3.0228787768192646e-26,0.05953428822917556,0.002127659574468085,0.0,-0.002127659574468085,high,2.739098320219905e-25,True,0.0,,False,0.0,,False,0.0,2.649114251776169,0.08840422897545183
feature_76,2.362023679243878,0.323037417461482,5.273116142443895e-21,0.452539763981529,0.0,0.07643312101910828,0.07643312101910828,high,3.355714564670202e-20,True,0.0011619786557713193,153.0,True,0.0,,False,0.0011619786557713193,2.569782343276251,0.05778037295037882
feature_26,2.4210361724071006,0.2436271780315891,9.104242200781367e-13,0.09825033647375714,0.002127659574468085,0.0,-0.002127659574468085,high,3.158034013396037e-12,True,0.002858007368609312,86.0,True,0.0028209597803652287,72.0,True,0.002858007368609312,2.5636782759642207,0.06397360966480009
feature_6,2.490887495022508,0.3596912497563963,3.761027973741003e-27,0.6806470549866281,0.00425531914893617,0.022292993630573247,0.018037674481637078,high,3.5529711071085217e-26,True,0.0,,False,0.0,,False,0.0,2.5269628439857823,0.16186889627396048
feature_72,1.9081515959897748,0.47267190872648784,7.016547593439797e-17,0.5980019619161604,0.4127659574468085,0.7006369426751592,0.2878709852283507,high,3.2793127699866e-16,True,0.0,,False,0.0,,False,0.0,2.483893566446476,0.09654967334459529
feature_543,2.424319408479855,0.6511865793780688,4.699125550382832e-95,1.771948482105083,0.0,0.006369426751592357,0.006369426751592357,high,6.9547058145665905e-93,True,0.0,,False,0.0,,False,0.0,2.4370582619830397,0.302251378262561
feature_496,2.0878828626602144,0.10776636194482647,0.015447429064956003,0.1047570799601384,0.0,0.1624203821656051,0.1624203821656051,high,0.01942962749246591,True,0.0,,False,0.0,,False,0.0,2.4127236269914247,0.01925390259092316
feature_224,2.071420564967761,0.09165520588949114,0.05881317730620473,0.062388591800356316,0.0,0.1624203821656051,0.1624203821656051,high,0.06800273626029922,False,0.0,,False,0.0,,False,0.0,2.396261329298971,0.017614673657312546
feature_563,1.5131814860262391,0.24922967696130635,3.602708484137002e-12,0.30666309874230663,0.28191489361702127,0.0031847133757961785,-0.2787301802412251,high,1.1937332589230066e-11,True,0.010404455296902005,25.0,True,0.0,,False,0.010404455296902005,2.3855184290578846,0.12971618478024638
feature_362,2.0589950326263984,0.08509020305800502,0.09529286145171788,0.09883720930232556,0.0,0.1624203821656051,0.1624203821656051,high,0.10446921107299441,False,0.0,,False,0.0,,False,0.0,2.3838357969576087,0.028118929608522334
feature_225,2.050824995671954,0.09124261791117223,0.06068569270894339,0.13386924844101694,0.0,0.1624203821656051,0.1624203821656051,high,0.06926593203797138,False,0.0,,False,0.0,,False,0.0,2.3756657600031645,0.02459374525653194
feature_497,2.0348185387862037,0.08698729876223607,0.0832019981235449,0.1595037944657695,0.0,0.1624203821656051,0.1624203821656051,high,0.09258568212244093,False,0.0,,False,0.0,,False,0.0,2.359659303117414,0.011582957189520977
feature_363,2.027153188225645,0.09305476903163175,0.052813960511355666,0.12365740403877726,0.0,0.1624203821656051,0.1624203821656051,high,0.06170894333432083,False,0.0,,False,0.0,,False,0.0,2.3519939525568554,0.02779877066403334
feature_126,1.8042018212463904,0.2362104697838705,6.5316369866877814e-12,0.3150816522574458,0.006382978723404255,0.009554140127388535,0.0031711614039842797,high,2.132387369183364e-11,True,0.004355646894444143,60.0,True,0.011863060295581818,30.0,True,0.011863060295581818,2.2386112438712478,0.05518287629856165
feature_568,1.6804435276958918,0.15031120577446455,0.00010899156205949251,0.2328597310956423,0.28191489361702127,0.0031847133757961785,-0.2787301802412251,high,0.00016802865817505097,True,0.0,,False,0.0,,False,0.0,2.2379038881783417,0.07479783272124424
feature_564,1.6690666835186703,0.16021772571293338,2.8717493665224557e-05,0.20262664165103159,0.28191489361702127,0.0031847133757961785,-0.2787301802412251,high,4.793446311037482e-05,True,0.0,,False,0.0,,False,0.0,2.2265270440011204,0.09618704478686829
feature_554,1.6110882125201167,0.2950385390392718,6.687182583521736e-17,0.06245380635624548,0.2670212765957447,0.01592356687898089,-0.2510977097167638,high,3.1586266671102666e-16,True,0.0003720568402017911,184.0,True,0.0030113160610198975,67.0,True,0.0030113160610198975,2.210313548155278,0.04395147748926878
feature_566,1.6296588488135397,0.15188261744172288,8.872358141593345e-05,0.13131604226705113,0.28191489361702127,0.0031847133757961785,-0.2787301802412251,high,0.00013882271515458635,True,0.0,,False,0.0,,False,0.0,2.18711920929599,0.05116664120736507
feature_567,1.5995354790229679,0.1527535202934564,7.917594449441576e-05,0.27389443651925804,0.28191489361702127,0.0031847133757961785,-0.2787301802412251,high,0.00012555042626971643,True,0.0,,False,0.0,,False,0.0,2.1569958395054183,0.03271738353986686
feature_565,1.5740038128724032,0.17474381729972785,3.480334763724255e-06,0.28862660944206014,0.28191489361702127,0.0031847133757961785,-0.2787301802412251,high,6.520120823179618e-06,True,0.0,,False,0.0,,False,0.0,2.1314641733548534,0.02477968581440652
feature_37,2.0802463148918595,0.23008282289737694,2.0356568376005618e-11,0.03544752500315481,0.0010638297872340426,0.0,-0.0010638297872340426,high,6.365011520384856e-11,True,0.0011696656499574553,152.0,True,0.0,,False,0.0011696656499574553,2.1310378276259194,0.07139078035704674
feature_569,1.5622243119209855,0.1280842503845699,0.0015921252261518566,0.28279828249794214,0.28191489361702127,0.0031847133757961785,-0.2787301802412251,high,0.002215998747371236,True,0.0,,False,0.0,,False,0.0,2.1196846724034355,0.012755815429699677
feature_551,1.538769232509019,0.2530284028726967,1.6673023064157097e-12,0.21538461538461556,0.2670212765957447,0.01592356687898089,-0.2510977097167638,high,5.651009343882252e-12,True,0.0016638728647498649,130.0,True,0.0014452161267399788,89.0,True,0.0016638728647498649,2.092170979364221,0.0013000035308551056
feature_77,1.9354164938370908,0.4616287600880411,2.4958345510580324e-43,0.7569955817378496,0.0,0.07643312101910828,0.07643312101910828,high,6.518532592175096e-42,True,0.0,,False,0.0,,False,0.0,2.0882827358753073,0.27664578966359565
feature_43,2.079037511850026,0.31384519376216735,5.3661201371978455e-21,0.154217381527588,0.0010638297872340426,0.0,-0.0010638297872340426,high,3.355714564670202e-20,True,0.0,,False,0.0,,False,0.0,2.081165171424494,0.070182080772859
feature_433,1.9713595509524169,0.21322640663832793,7.341996626605156e-10,0.39839310017078455,0.002127659574468085,0.0,-0.002127659574468085,high,2.0631939887422086e-09,True,0.0022974320394817606,108.0,True,0.0,,False,0.0022974320394817606,2.066196161975282,0.02734724070620406
feature_556,1.405868803911173,0.22632585098238148,4.4864170526371765e-10,0.32778716967701726,0.2670212765957447,0.01592356687898089,-0.2510977097167638,high,1.2769033149813502e-09,True,0.0007572694288736642,175.0,True,0.0052754743956029415,50.0,True,0.0052754743956029415,2.056396720916907,0.02371904396058846
feature_555,1.5518393747489694,0.32611871245320595,1.3062412600587007e-20,0.6356582051907902,0.2670212765957447,0.01592356687898089,-0.2510977097167638,high,7.532092460598223e-20,True,0.0,,False,0.0,,False,0.0,2.0540347941824972,0.09670165169593506
feature_319,2.049783365044002,0.33720315011904517,3.085563690525286e-24,0.5883384296013686,0.0010638297872340426,0.0,-0.0010638297872340426,high,2.4908914156240488e-23,True,0.0,,False,0.0,,False,0.0,2.05191102461847,0.21908448004255382
feature_331,2.0329047526033874,0.3454733518427786,1.8883976567965957e-25,0.3121546961325967,0.00425531914893617,0.0,-0.00425531914893617,high,1.5819784143729973e-24,True,0.0,,False,0.0,,False,0.0,2.0414153909012596,0.013606404678465286
feature_547,1.5228859604759208,0.3191201544379782,9.672736690646879e-20,0.6005893383337811,0.2670212765957447,0.01592356687898089,-0.2510977097167638,high,5.506019346983608e-19,True,0.0,,False,0.0,,False,0.0,2.0250813799094485,0.15613191297397144
feature_122,1.775449867608083,0.23091223310864312,2.0025021753733785e-11,0.24095322153574553,0.006382978723404255,0.009554140127388535,0.0031711614039842797,high,6.30575153096298e-11,True,0.005641530239379394,44.0,True,0.00683354027569294,45.0,True,0.00683354027569294,2.0244443539715222,0.3696221065911526
feature_546,1.5106202426331894,0.198796623782885,7.279326354097133e-08,0.3606299212598425,0.2670212765957447,0.01592356687898089,-0.2510977097167638,high,1.5774072270120996e-07,True,0.0,,False,0.0,,False,0.0,2.012815662066717,0.07602429368056471
feature_552,1.488406045541062,0.3264709888633684,1.1775031647762452e-20,0.3820021684134442,0.2670212765957447,0.01592356687898089,-0.2510977097167638,high,6.87909743632438e-20,True,0.0,,False,0.0,,False,0.0,1.9906014649745896,0.0331264177994665
feature_553,1.4035392160056301,0.2344657845665356,8.734809274479206e-11,0.3770446861007041,0.2670212765957447,0.01592356687898089,-0.2510977097167638,high,2.6382689237202505e-10,True,0.0011938673445315814,150.0,True,0.002803127048537135,73.0,True,0.002803127048537135,1.9844206102405175,0.016574856345932237
feature_557,1.423488716615149,0.19732645689780695,9.380064956692003e-08,0.349550998525667,0.2670212765957447,0.01592356687898089,-0.2510977097167638,high,1.992702794627392e-07,True,0.0019728195255746214,119.0,True,0.0015470772050321102,87.0,True,0.0019728195255746214,1.9818498627401473,0.019483714136694884
feature_486,1.2888377740551007,0.19952311078503301,3.3170638154959705e-08,0.21234516213711888,0.0,0.07643312101910828,0.07643312101910828,high,7.476022000407161e-08,True,0.02025845398821208,8.0,True,0.0,,False,0.02025845398821208,1.9639012309726158,0.04597585895721763
feature_549,1.4527565247936514,0.3316095274329383,2.6139345347215007e-21,0.3685113016367888,0.2670212765957447,0.01592356687898089,-0.2510977097167638,high,1.7584650506308276e-20,True,0.0,,False,0.0,,False,0.0,1.954951944227179,0.02402638216804033
feature_448,1.9360329513074792,0.19916837942519144,1.1964916621902275e-08,0.14337851929092804,0.0010638297872340426,0.0,-0.0010638297872340426,high,2.9029633771172734e-08,True,0.0,,False,0.0,,False,0.0,1.9381606108819474,0.06097348269325679
feature_550,1.3492905092519174,0.23503412384159775,7.778196658594198e-11,0.33480176211453766,0.2670212765957447,0.01592356687898089,-0.2510977097167638,high,2.3654241893259065e-10,True,0.0023919218038910063,103.0,True,0.0025800808798521757,76.0,True,0.0025800808798521757,1.9211115015711826,0.03146367781019807
feature_455,1.915496327161128,0.3209404231361456,5.379024136814656e-22,0.7130434782608693,0.0010638297872340426,0.0,-0.0010638297872340426,high,3.790931296421758e-21,True,0.0,,False,0.0,,False,0.0,1.9176239867355962,0.15326848545284752
feature_468,1.5362187669801977,0.294490718057597,1.6553205031066642e-18,0.5672501976832964,0.00425531914893617,0.0,-0.00425531914893617,high,8.546073295108825e-18,True,0.002476778151363439,99.0,True,0.01188124343752861,29.0,True,0.01188124343752861,1.9097731881539053,0.1276487541780191
feature_177,1.8690802524495396,0.19916837942519144,1.1964916621902275e-08,0.138392857142857,0.0010638297872340426,0.0,-0.0010638297872340426,high,2.9029633771172734e-08,True,0.0,,False,0.0,,False,0.0,1.8712079120240077,0.06233745263835541
feature_62,1.8509048403525044,0.4088566980946101,9.100144748339269e-36,0.6291650578646935,0.0031914893617021275,0.0,-0.0031914893617021275,high,1.9240306039345881e-34,True,0.0,,False,0.0,,False,0.0,1.8572878190759086,0.15285769626371024
feature_467,1.782908276741846,0.31245576786978063,8.034269477171474e-21,0.24495520062329637,0.00425531914893617,0.0,-0.00425531914893617,high,4.820561686302884e-20,True,0.001532048731948965,138.0,True,0.0,,False,0.001532048731948965,1.8460489623309917,0.0017186979307981885
feature_183,1.8359751593957359,0.30303276964924064,1.33704363361462e-19,0.6236848969654812,0.0010638297872340426,0.0,-0.0010638297872340426,high,7.42059216656114e-19,True,0.0,,False,0.0,,False,0.0,1.838102818970204,0.15274168462261953
feature_56,1.818195481572443,0.36986226795143995,3.313033903748515e-29,0.4520547945205454,0.00425531914893617,0.0,-0.00425531914893617,high,3.587773300644733e-28,True,0.0,,False,0.0,,False,0.0,1.8267061198703154,0.20766689567196067
feature_484,1.4470173034843536,0.23855465884079238,1.4427628234385546e-11,0.17446186131367544,0.0,0.07643312101910828,0.07643312101910828,high,4.575619240047987e-11,True,0.004868330832703613,53.0,True,0.00506062526255846,51.0,True,0.00506062526255846,1.746339791950013,0.16296053749216793
feature_297,1.725234012121768,0.2868618689989543,1.434692635017771e-17,0.29257865905949004,0.002127659574468085,0.0,-0.002127659574468085,high,7.000038790636156e-17,True,0.0,,False,0.0,,False,0.0,1.729489331270704,0.04742256734525222
feature_162,1.7162203051958036,0.2858229326524792,1.9158673771791874e-17,0.28063034250159913,0.002127659574468085,0.0,-0.002127659574468085,high,9.146721671694185e-17,True,0.0,,False,0.0,,False,0.0,1.7204756243447397,0.06623201482507314
feature_485,1.418633628353985,0.18983859134262657,1.817628959498103e-07,0.03886503735066095,0.0,0.07643312101910828,0.07643312101910828,high,3.77115541129513e-07,True,0.003932555746140704,67.0,True,0.0,,False,0.003932555746140704,1.6830769869292397,0.12198815999261994
feature_353,1.4955074980199226,0.2793103448275862,9.588589292372525e-16,0.37763975155279517,0.0,0.07643312101910828,0.07643312101910828,high,3.870303314375819e-15,True,0.0,,False,0.0,,False,0.0,1.648373740058139,0.22910606075678752
feature_544,1.4664439854476532,0.5444080741953082,1.3245522655950203e-64,1.084364473899803,0.0,0.006369426751592357,0.006369426751592357,high,9.80168676540315e-63,True,0.0027056044252491153,93.0,True,0.0011326962849125266,92.0,True,0.0027056044252491153,1.5585351856789804,0.34076956362880195
feature_348,1.1119723305915181,0.15799706529713867,2.6576200494093412e-05,0.08189655172413789,0.0,0.07643312101910828,0.07643312101910828,high,4.4527671771235755e-05,True,0.0007210252493681619,176.0,True,0.01298510655760765,23.0,True,0.01298510655760765,1.5536201566665784,0.008210558869321309
feature_215,1.382885652456417,0.24614820249449743,2.71016151423736e-12,0.35267520723436335,0.0,0.07643312101910828,0.07643312101910828,high,9.115997820616574e-12,True,0.0,,False,0.0,,False,0.0,1.5357518944946336,0.06953452628947235
feature_488,1.0820893586126261,0.19027879677182685,1.6855503625257653e-07,0.20399268504673904,0.0,0.07643312101910828,0.07643312101910828,high,3.530114910195471e-07,True,0.010656027704716436,24.0,True,0.012256816029548645,27.0,True,0.012256816029548645,1.5002150045717877,0.016690342734751586
feature_210,1.135699803003453,0.15975788701393984,2.0667448365103607e-05,0.13025936599423638,0.0,0.07643312101910828,0.07643312101910828,high,3.5293642592715396e-05,True,0.0019281629622777035,120.0,True,0.008564678020775318,38.0,True,0.008564678020775318,1.4831041078613203,0.06431543316989197
feature_290,1.4319704578014445,0.19986987192658037,1.0794856090264574e-08,0.12285336856010573,0.010638297872340425,0.0,-0.010638297872340425,high,2.662731168931928e-08,True,0.0,,False,0.0,,False,0.0,1.4532470535461253,0.06569113216024375
feature_36,1.4432804010728233,0.48160056436241294,3.632591028137199e-50,1.2267020762916618,0.0010638297872340426,0.0,-0.0010638297872340426,high,1.4662458331753784e-48,True,0.0,,False,0.0,,False,0.0,1.4454080606472914,0.11055925638340748
feature_82,1.2775726675261159,0.2057226705796038,1.0667179088762817e-08,0.012698412698412695,0.0,0.07643312101910828,0.07643312101910828,high,2.6459371594473135e-08,True,0.0,,False,0.0,,False,0.0,1.4304389095643324,0.19654416016649395
feature_417,1.132250145724214,0.42152209492635023,5.35933279751668e-38,0.9908996154890463,0.0,0.006369426751592357,0.006369426751592357,high,1.252391453735477e-36,True,0.011191204901166672,22.0,True,0.0,,False,0.011191204901166672,1.3984138668309087,0.2258768335660603
feature_34,1.39564388343223,0.48160056436241294,3.632591028137199e-50,1.2267020762916618,0.0010638297872340426,0.0,-0.0010638297872340426,high,1.4662458331753784e-48,True,0.0,,False,0.0,,False,0.0,1.3977715430066981,0.11056082624241821
feature_483,1.2048864493421148,0.20018341892883346,2.944506630879065e-08,0.3239424032443928,0.0,0.07643312101910828,0.07643312101910828,high,6.738973938712912e-08,True,0.0,,False,0.0,,False,0.0,1.3577526913803313,0.020289229707011493
feature_346,0.7750933291792269,0.3238899167437558,5.4954268018082105e-08,0.2257328462238625,0.4127659574468085,0.7006369426751592,0.2878709852283507,high,1.2199847500014228e-07,True,0.0,,False,0.0,,False,0.0,1.3508352996359283,0.005895984086740375
feature_355,1.1699586135441629,0.21228906823184152,3.085215576735933e-09,0.3247663551401868,0.0,0.07643312101910828,0.07643312101910828,high,8.15378402423068e-09,True,0.0,,False,0.0,,False,0.0,1.3228248555823794,0.1230470823062204
feature_70,1.3038383854435849,0.3978104670686362,7.091764999363392e-34,0.6185756546344605,0.0031914893617021275,0.0,-0.0031914893617021275,high,1.2594974638869385e-32,True,0.0,,False,0.0,,False,0.0,1.310221364166989,0.1552596241933823
feature_213,1.0726172149152433,0.15579603815113718,3.624736422902514e-05,0.12546125461254629,0.0,0.07643312101910828,0.07643312101910828,high,5.982836326277756e-05,True,0.003488874977308532,75.0,True,0.0,,False,0.003488874977308532,1.300328004180423,0.06175517011698896
feature_217,1.1422670682258786,0.2033382245047689,1.6572315483800843e-08,0.33212121212121215,0.0,0.07643312101910828,0.07643312101910828,high,3.977355716112202e-08,True,0.0,,False,0.0,,False,0.0,1.2951333102640952,0.08628680991684497
feature_38,1.0700147607453283,0.3946806129301398,2.723492404977364e-33,0.8119201574360299,0.0010638297872340426,0.0,-0.0010638297872340426,high,4.478631954851665e-32,True,0.009508372920404806,26.0,True,0.0,,False,0.009508372920404806,1.2756244078298826,0.2317375858400926
feature_351,1.1022919823429407,0.14369038884812912,0.00018467454480746267,0.12213740458015261,0.0,0.07643312101910828,0.07643312101910828,high,0.00027515267749836717,True,0.00047792297060766416,183.0,True,0.0,,False,0.00047792297060766416,1.2656944375547243,0.047696345003376744
feature_393,1.15056290883086,0.40467543027510505,5.023980441225874e-35,0.5860962566844923,0.0,0.0,0.0,high,9.698466590888209e-34,True,0.004704854858438248,56.0,True,0.0,,False,0.004704854858438248,1.2588275386618941,0.13487397756454156
feature_391,1.0968353444894292,0.21746148202494497,1.1287970809577849e-09,0.4210526315789474,0.0,0.07643312101910828,0.07643312101910828,high,3.1129559251258166e-09,True,0.0,,False,0.0,,False,0.0,1.2497015865276457,0.03101495425500602
feature_81,1.0927218486474377,0.14203961848862803,0.00022822355534320062,0.033088235294117835,0.0,0.07643312101910828,0.07643312101910828,high,0.0003355339687827188,True,0.0,,False,0.0,,False,0.0,1.2455880906856542,0.02824533564623986
feature_350,1.0911517213357484,0.14600146735143066,0.00013673207113708868,0.03715170278637769,0.0,0.07643312101910828,0.07643312101910828,high,0.0002064933319213176,True,0.0,,False,0.0,,False,0.0,1.244017963373965,0.0646194874283172
feature_46,1.2311043395070533,0.44980091301899977,1.5588985616063685e-43,0.5957331823562803,0.0010638297872340426,0.0,-0.0010638297872340426,high,4.325943508457673e-42,True,0.0,,False,0.0,,False,0.0,1.2332319990815215,0.10173140108608636
feature_212,1.0798241869362948,0.16221570066030813,1.4481113597615276e-05,0.0689170182841069,0.0,0.07643312101910828,0.07643312101910828,high,2.5615993774267658e-05,True,0.0,,False,0.0,,False,0.0,1.2326904289745113,0.0804000030907183
feature_525,1.0722654895263666,0.20011005135730006,2.983803987658201e-08,0.36413056379821934,0.0,0.07643312101910828,0.07643312101910828,high,6.759229441429802e-08,True,0.0,,False,0.0,,False,0.0,1.225131731564583,0.015286852927646623
feature_253,1.051702609542068,0.20011005135730006,2.983803987658201e-08,0.35317460317460336,0.0,0.07643312101910828,0.07643312101910828,high,6.759229441429802e-08,True,0.0,,False,0.0,,False,0.0,1.2045688515802846,0.022198170497816794
feature_354,0.9856075038705772,0.13829787234042554,0.00036544421481039916,0.17562724014336978,0.0,0.07643312101910828,0.07643312101910828,high,0.0005285251836345837,True,0.0007814887313565725,174.0,True,0.003227322595193982,64.0,True,0.003227322595193982,1.2020912132534787,0.09353731191450276
feature_211,1.0323021767490155,0.09886280264123258,0.024230135204985494,0.11947431302270023,0.0,0.07643312101910828,0.07643312101910828,high,0.029636859589569034,True,0.0005996090874096496,179.0,True,0.0,,False,0.0005996090874096496,1.1975479741098614,0.04552401813449988
feature_216,1.0379270159918754,0.13404255319148936,0.000614696563158757,0.09233791748526488,0.0,0.07643312101910828,0.07643312101910828,high,0.0008775732284324377,True,0.0,,False,0.0,,False,0.0,1.190793258030092,0.029450454187243517
feature_75,0.9965172869659259,0.07865003668378577,0.12110361794772129,0.06890611541774336,0.0,0.07643312101910828,0.07643312101910828,high,0.13019372002127905,False,0.0,,False,0.0,,False,0.0,1.1493835290041425,0.015336377687968816
feature_349,0.9658967395771203,0.0768158473954512,0.13762446037833415,0.10840108401083982,0.0,0.07643312101910828,0.07643312101910828,high,0.14688764521149125,False,0.0014201429774581633,146.0,True,0.0,,False,0.0014201429774581633,1.1461972110485406,0.022906015108525104
feature_66,1.1396947836133258,0.4139209701649797,1.0476928600515343e-36,0.616129846309146,0.0031914893617021275,0.0,-0.0031914893617021275,high,2.3258781493144062e-35,True,0.0,,False,0.0,,False,0.0,1.14607776233673,0.06403800036927629
feature_144,0.9840230141288511,0.3894708128750682,2.426061281782443e-32,0.8650559811431943,0.0,0.006369426751592357,0.006369426751592357,high,3.714383479694499e-31,True,0.007504264455829857,32.0,True,0.0,,False,0.007504264455829857,1.1444492462049498,0.1859455808542955
feature_67,1.0998416976651868,0.44309321659449796,3.4367580167331023e-42,0.7306675479180427,0.0031914893617021275,0.0,-0.0031914893617021275,high,8.477336441274986e-41,True,0.001544766664335238,135.0,True,0.0,,False,0.001544766664335238,1.1402046522005722,7.0642307308227e-05
feature_45,1.0163272525826395,0.46920426256418607,1.810132315433125e-47,0.7019479828265273,0.0010638297872340426,0.0,-0.0010638297872340426,high,6.485583265004303e-46,True,0.005942932336800051,41.0,True,0.0,,False,0.005942932336800051,1.139254194039998,0.1718493589473649
feature_24,1.0545131200887978,0.3214794996808496,4.502069349119943e-22,0.20313663440059568,0.002127659574468085,0.0,-0.002127659574468085,high,3.224062566143959e-21,True,0.0,192.0,True,0.003661251161247492,62.0,True,0.003661251161247492,1.1359851869472504,0.08411463752652806
feature_316,0.857782271657281,0.38263025443790993,2.584630038762735e-31,0.9344863471926264,0.0010638297872340426,0.0,-0.0010638297872340426,high,3.375222756501925e-30,True,0.0018351556577066545,126.0,True,0.01607486978173256,18.0,True,0.01607486978173256,1.1356846975911399,0.22034143007811358
feature_352,0.9803090170381796,0.06845194424064563,0.23717226354250048,0.019417475728155224,0.0,0.07643312101910828,0.07643312101910828,high,0.24894677308007143,False,0.0,,False,0.0,,False,0.0,1.1331752590763962,0.046206693763112906
feature_214,0.9510044005248224,0.071496698459281,0.19599996126105532,0.07826086956521722,0.0,0.07643312101910828,0.07643312101910828,high,0.20769446968951924,False,0.0014969639560751728,142.0,True,0.0,,False,0.0014969639560751728,1.1323430287561296,0.10021093104113742
feature_195,1.0310738792380152,0.3274538624857096,7.391678459935481e-23,0.2881355932203394,0.00425531914893617,0.0,-0.00425531914893617,high,5.658457303812678e-22,True,0.0038750380131729253,68.0,True,0.0,,False,0.0038750380131729253,1.1194935270646271,0.007141938779100314
feature_73,0.5425206766648838,0.2070613629355535,0.0016794655448703942,0.2276213272938112,0.4127659574468085,0.7006369426751592,0.2878709852283507,high,0.0023229990714095173,True,0.0,,False,0.0,,False,0.0,1.1182626471215853,0.09014450024778635
feature_345,0.5311702630242942,0.23805118717237125,0.00017192884864255555,0.31966634087808055,0.4127659574468085,0.7006369426751592,0.2878709852283507,high,0.0002570249454454366,True,0.0,,False,0.0,,False,0.0,1.1069122334809955,0.005203550035463691
feature_118,0.9494028376636481,0.10568598679383713,0.012960061830406324,0.11550151975683916,0.0,0.07643312101910828,0.07643312101910828,high,0.016440764150572593,True,0.0,,False,0.0,,False,0.0,1.1022690797018646,0.0032766372329341227
feature_279,1.0063781215768859,0.37774140752864155,2.132949207202535e-30,0.8153078202995013,0.0,0.006369426751592357,0.006369426751592357,high,2.559539048643042e-29,True,0.003507297019378538,74.0,True,0.0,,False,0.003507297019378538,1.0897103148035583,0.1421298697386946
feature_489,0.9350917690946641,0.10396184886280264,0.015240005597473138,0.13600668501709196,0.0,0.07643312101910828,0.07643312101910828,high,0.01922318887863089,True,0.0,,False,0.0,,False,0.0,1.0879580111328806,0.008126996634187728
feature_255,1.0430273596243818,0.38988345304241767,1.7476057104306853e-32,0.4841282760866024,0.0,0.0,0.0,high,2.7712033408258007e-31,True,0.00020149986173523954,188.0,True,0.0019095035968348384,83.0,True,0.0019095035968348384,1.0828606495203799,0.07568984727350775
feature_527,1.0045615066231948,0.3994511451416181,3.980780482692813e-34,0.48197736427365867,0.0,0.0,0.0,high,7.364443892981705e-33,True,0.0037956198830729417,70.0,True,0.0009304293780587614,94.0,True,0.0037956198830729417,1.080820179189369,0.07894654242382992
feature_318,1.0701416492843105,0.4686785644031121,1.8989320370508093e-47,1.3487292277614855,0.0010638297872340426,0.0,-0.0010638297872340426,high,6.485583265004303e-46,True,0.0,197.0,True,0.0,,False,0.0,1.0722693088587787,0.035079772933397764
feature_406,1.0214470873484653,0.2025070068951287,7.063954871668784e-09,0.14505596077722202,0.005319148936170213,0.009554140127388535,0.004234991191218322,high,1.7820431608073523e-08,True,0.001102509563366224,155.0,True,0.0,,False,0.001102509563366224,1.052440173376387,0.03884028618655246
feature_571,1.0459826336414788,0.388636671635723,2.850890652173727e-32,0.5088418034092711,0.0,0.0,0.0,high,4.083211127629467e-31,True,0.0,,False,0.0,,False,0.0,1.0459826336414788,0.2777906718260662
feature_482,0.8828925515904794,0.02773294203961849,0.9935455332412387,0.007829195551347978,0.0,0.07643312101910828,0.07643312101910828,high,1.0,False,0.0,,False,0.0,,False,0.0,1.035758793628696,0.007953624429294799
feature_130,0.7243637173654043,0.29196072626121444,4.457353632778576e-18,0.3651732882502112,0.006382978723404255,0.009554140127388535,0.0031711614039842797,high,2.2236685538805478e-17,True,0.01741423123913479,9.0,True,0.019973978400230408,11.0,True,0.019973978400230408,1.0200745450647166,0.009096144228928857
feature_441,0.9346647263952084,0.2903040909491735,5.3412777648056126e-18,0.3636363636363637,0.0010638297872340426,0.0,-0.0010638297872340426,high,2.635030363970769e-17,True,0.003047370550338303,84.0,True,0.0,,False,0.003047370550338303,0.9937577812028117,0.1425293143508826
feature_103,0.9489342648536467,0.32369562271310476,2.395141743116711e-22,0.45238095238095255,0.0,0.0,0.0,high,1.7433490720390486e-21,True,0.0009682779189012554,163.0,True,0.0018278470961377025,85.0,True,0.0018278470961377025,0.9836243996624128,0.2053955781463221
feature_133,0.8319895256391194,0.3261997695892154,1.644809695950831e-22,0.4563462041074555,0.005319148936170213,0.009554140127388535,0.004234991191218322,high,1.217159175003615e-21,True,0.008472820699553515,29.0,True,0.0,,False,0.008472820699553515,0.981445469514493,0.12413191857380793
feature_440,0.9282440630100905,0.3875164668015699,3.9302717956764514e-32,0.5543012922083674,0.002127659574468085,0.0,-0.002127659574468085,high,5.4532521165010765e-31,True,0.0014968112492273235,143.0,True,0.0,,False,0.0014968112492273235,0.9602875052698664,0.17249475607969364
feature_135,0.9006751201346175,0.2072788582717395,2.482317021604968e-09,0.14634146341463414,0.005319148936170213,0.0,-0.005319148936170213,high,6.639450346943408e-09,True,0.0021975568630574417,110.0,True,0.002466231118887663,79.0,True,0.002466231118887663,0.9557388781926355,0.024432963089772206
feature_570,0.929647005771808,0.36761756335546825,7.319276549616042e-29,0.38180160956412323,0.0,0.0,0.0,high,7.737520923879815e-28,True,0.0,,False,0.0,,False,0.0,0.929647005771808,0.026923027291117996
feature_169,0.8822169153207904,0.38846033707712574,2.6405693394324544e-32,0.6355296080066724,0.002127659574468085,0.0,-0.002127659574468085,high,3.9080426223600327e-31,True,0.0018513187409787372,123.0,True,0.0,,False,0.0018513187409787372,0.9191375286485631,0.1882616208108842
feature_408,0.8257183903534804,0.23893524983820974,2.8095585868612134e-12,0.11865561794690062,0.005319148936170213,0.0,-0.005319148936170213,high,9.379278289972772e-12,True,0.0009630979874180409,164.0,True,0.004374630283564329,56.0,True,0.004374630283564329,0.9086009417485473,0.03262540031227324
feature_273,0.8564857734244997,0.1877175032712492,1.316494742738842e-07,0.12735078276453843,0.00425531914893617,0.022292993630573247,0.018037674481637078,high,2.770254340170833e-07,True,0.0,,False,0.0,,False,0.0,0.8925611223877739,0.047310987022226116
feature_480,0.8833136069312971,0.31534440448918827,3.332501337433175e-21,0.31718972230873144,0.0031914893617021275,0.0,-0.0031914893617021275,high,2.1759273438534262e-20,True,0.0,,False,0.0,,False,0.0,0.8896965856547013,0.15021963070654482
feature_267,0.8486307001737465,0.24810426947744899,4.198186388511014e-13,0.30269058295964124,0.005319148936170213,0.009554140127388535,0.004234991191218322,high,1.5032215778216856e-12,True,0.0016445782368579305,132.0,True,0.0,,False,0.0016445782368579305,0.8850134741688882,0.0592444565477544
feature_19,0.756240749251831,0.24450380110951306,7.993466030892399e-13,0.4825072886297525,0.010638297872340425,0.0,-0.010638297872340425,high,2.7945660769419095e-12,True,0.006347001140585778,36.0,True,0.0,,False,0.006347001140585778,0.8735145629576881,0.026644922536449143
feature_16,0.8451454862483517,0.20283231853321476,6.647618696532588e-09,0.029394200782960556,0.0,0.009554140127388535,0.009554140127388535,high,1.693864270277336e-08,True,0.0,,False,0.0,,False,0.0,0.8642537665031288,0.024775633594304094
feature_41,0.8257506832974226,0.35106397597894723,3.192791762269291e-26,0.38391845979614947,0.013829787234042552,0.0,-0.013829787234042552,high,2.83519908489513e-25,True,0.0,,False,0.0,,False,0.0,0.8534102577655077,0.10410605905481324
feature_170,0.8392123567483221,0.30327357332302285,1.302626263171588e-19,0.3992853952657438,0.0010638297872340426,0.0,-0.0010638297872340426,high,7.321089377825127e-19,True,0.0005957668883461265,180.0,True,0.0,,False,0.0005957668883461265,0.8513395150116214,0.13813740126536264
feature_304,0.7970414925537365,0.3962625453261445,1.3933395929397619e-33,0.6303976579653575,0.002127659574468085,0.0,-0.002127659574468085,high,2.3793953048663627e-32,True,0.0018732384912502882,122.0,True,0.0,,False,0.0018732384912502882,0.8311577877621774,0.14395089364500874
feature_338,0.7770485241188227,0.3796886058032555,8.930017328149087e-31,0.8719256026430638,0.00425531914893617,0.0,-0.00425531914893617,high,1.1328364839137698e-29,True,0.002399224275333945,101.0,True,0.0,,False,0.002399224275333945,0.822845436060261,0.053341676639930086
feature_539,0.7669207286275004,0.2748559932596248,5.093346208567914e-16,0.32040245345959323,0.005319148936170213,0.009554140127388535,0.004234991191218322,high,2.1744670351963015e-15,True,0.0028550888807532143,87.0,True,0.0,,False,0.0028550888807532143,0.8191832479044076,0.09225525862785133
feature_155,0.7908998886631096,0.17107732347099514,1.7635527691913507e-06,0.1666666666666666,0.010638297872340425,0.0,-0.010638297872340425,high,3.375075127245516e-06,True,0.0,,False,0.0,,False,0.0,0.8121764844077904,0.08126241069613416
feature_124,0.7999865930093649,0.3166100924695498,3.0470251903199297e-21,0.5999999999999976,0.006382978723404255,0.009554140127388535,0.0031711614039842797,high,2.0192226634358935e-20,True,0.0,,False,0.0,,False,0.0,0.8063289158173335,0.06345645250556005
feature_139,0.765612269906221,0.37303377042790725,3.199978471306655e-29,0.9088248666239409,0.00425531914893617,0.022292993630573247,0.018037674481637078,high,3.551976103150387e-28,True,0.0,,False,0.0,,False,0.0,0.8016876188694951,0.06731772608060727
feature_340,0.7807230289161666,0.2866989783086011,1.473117118713429e-17,0.28503562945368166,0.0031914893617021275,0.0,-0.0031914893617021275,high,7.109391312051765e-17,True,0.0009152921446810045,168.0,True,0.0,,False,0.0009152921446810045,0.8013978007503414,0.022199323255770672
feature_274,0.7566708511149731,0.36378379130822125,8.918954651889279e-28,0.94616229003734,0.00425531914893617,0.022292993630573247,0.018037674481637078,high,8.800035256530755e-27,True,0.0,,False,0.0,,False,0.0,0.7927462000782473,0.0797670425593797
feature_11,0.7754818840396873,0.3006546644844517,3.302915967608842e-19,0.2290598290598266,0.0,0.006369426751592357,0.006369426751592357,high,1.8104872711337356e-18,True,0.0,,False,0.0,,False,0.0,0.788220737542872,0.1573404178008104
feature_182,0.7492603479822026,0.3663709190560496,1.0337292120659505e-28,0.7904328018223238,0.0010638297872340426,0.0,-0.0010638297872340426,high,1.0431267503574592e-27,True,0.002310923335310004,106.0,True,0.0,,False,0.002310923335310004,0.786017672004162,0.057866824782230174
feature_64,0.5838388164183707,0.17232837933474876,1.4040479279519184e-06,0.2663928191084735,0.00425531914893617,0.0,-0.00425531914893617,high,2.722258864675335e-06,True,0.013011022936955968,20.0,True,0.01590130664408207,19.0,True,0.01590130664408207,0.778025455727972,0.011078058614574955
feature_202,0.7223695279301491,0.37911699058195875,1.0314394024982975e-30,0.983041361168635,0.00425531914893617,0.0,-0.00425531914893617,high,1.2721085964145668e-29,True,0.0014773766436099553,144.0,True,0.002826954238116741,71.0,True,0.002826954238116741,0.7717222781973919,0.0742939108871683
feature_60,0.7574726838117742,0.31364158549103044,5.316600921160625e-21,0.2923857174782121,0.0031914893617021275,0.0,-0.0031914893617021275,high,3.355714564670202e-20,True,0.0,,False,0.0,,False,0.0,0.7638556625351784,0.05060356069247289
feature_125,0.5641246325918787,0.2941950054049588,2.1734624068012473e-18,0.5508938343670192,0.006382978723404255,0.009554140127388535,0.0031711614039842797,high,1.109215297264085e-17,True,0.015421462941390322,12.0,True,0.016560811549425125,16.0,True,0.016560811549425125,0.7573141900147031,0.06089419970925598
feature_171,0.6975915191597717,0.26354775035103073,6.792009001592921e-15,0.5097690941385434,0.0010638297872340426,0.0,-0.0010638297872340426,high,2.5774803390660316e-14,True,0.003966192401923553,66.0,True,0.0,,False,0.003966192401923553,0.7550548223929956,0.06353223720555523
feature_71,0.741647148932544,0.2802615747506951,8.71879185282329e-17,0.26968140216251746,0.0031914893617021275,0.0,-0.0031914893617021275,high,3.9908696728387025e-16,True,0.0,,False,0.0,,False,0.0,0.7480301276559482,0.01602189655424826
feature_4,0.70846744342673,0.2806035802778474,1.4923435511147481e-16,0.35434618291761144,0.00425531914893617,0.022292993630573247,0.018037674481637078,high,6.692934714090385e-16,True,0.0,,False,0.0,,False,0.0,0.7445427923900041,0.09873758181651111
feature_454,0.6822288523008162,0.3206589202498932,5.661944806803876e-22,0.7341370013566189,0.0010638297872340426,0.0,-0.0010638297872340426,high,3.927974209720189e-21,True,0.003488378402056941,76.0,True,0.0,,False,0.003488378402056941,0.7319539597478094,0.0389274240093075
feature_270,0.6583497490385253,0.272495657209033,7.046403134013911e-16,0.23589100714319536,0.005319148936170213,0.0,-0.005319148936170213,high,2.8968546217612744e-15,True,0.002780553135888583,90.0,True,0.00274454103782773,74.0,True,0.002780553135888583,0.7055995760948763,0.07077931134599924
feature_201,0.6653086712086418,0.35690565626871357,3.4451036774450445e-27,0.7505241090146746,0.00425531914893617,0.0,-0.00425531914893617,high,3.325273984316521e-26,True,0.00200976860326318,115.0,True,0.0008690489921718836,95.0,True,0.00200976860326318,0.7005616390839917,0.05311538320522151
feature_280,0.4758372275403705,0.27797326786688487,1.9017817730049737e-16,0.5725806451612906,0.0,0.006369426751592357,0.006369426751592357,high,8.443911072142083e-16,True,0.01451254231460154,15.0,True,0.021491745486855507,10.0,True,0.021491745486855507,0.6931075327929271,0.0906529015942712
feature_540,0.6612979771099589,0.1965851058342074,2.262765033015899e-08,0.1405730568307741,0.005319148936170213,0.009554140127388535,0.004234991191218322,high,5.232644138849267e-08,True,0.0014277826700073383,145.0,True,0.0,,False,0.0014277826700073383,0.6886517553209657,0.03797125106731341
feature_180,0.6277134839926481,0.3419581747759847,5.401645407346193e-25,0.6707818930041154,0.0010638297872340426,0.0,-0.0010638297872340426,high,4.441352890484648e-24,True,0.0041586332773258785,63.0,True,0.0,,False,0.0041586332773258785,0.682049747230276,0.05287962123375536
feature_55,0.6372527879241399,0.20523027927486526,3.6983076262330987e-09,0.2638888888888889,0.00425531914893617,0.0,-0.00425531914893617,high,9.602623310219275e-09,True,0.0027986004444336644,89.0,True,0.0,,False,0.0027986004444336644,0.681431744932034,0.4158792214776748
feature_121,0.6740170389044254,0.3217878364328649,7.264203358714081e-22,0.5833333333333395,0.006382978723404255,0.009554140127388535,0.0031711614039842797,high,4.962009678875465e-21,True,0.0,,False,0.0,,False,0.0,0.680359361712394,0.13253833699474593
feature_405,0.612978887803804,0.26195986725587633,1.3998330818870852e-14,0.3067484662576687,0.005319148936170213,0.009554140127388535,0.004234991191218322,high,5.2671685454056426e-14,True,0.0047336105108550935,55.0,True,0.0,,False,0.0047336105108550935,0.6794809363110478,0.10215835701674535
feature_268,0.664783608431098,0.19343845108929278,4.0962142928759456e-08,0.14347280990440367,0.005319148936170213,0.009554140127388535,0.004234991191218322,high,9.185450232509697e-08,True,1.848875592382678e-05,191.0,True,0.0,,False,1.848875592382678e-05,0.6734994112511036,0.03825963233573181
feature_204,0.6535069557878044,0.24738119353676524,3.8162243548089417e-13,0.277087646652864,0.0031914893617021275,0.0,-0.0031914893617021275,high,1.3775639134432277e-12,True,0.0002767084320044857,187.0,True,0.0,,False,0.0002767084320044857,0.66350655221201,0.030270767714228507
feature_412,0.6270267821396744,0.3146941730003619,8.959068383584334e-21,0.5897965753782742,0.00425531914893617,0.022292993630573247,0.018037674481637078,high,5.3037684830819254e-20,True,0.0,,False,0.0,,False,0.0,0.6631021311029486,0.0763897343701964
feature_442,0.6563848220973435,0.2973925371210734,6.4375748847398e-19,0.49952274896595616,0.0010638297872340426,0.0,-0.0010638297872340426,high,3.443714757619845e-18,True,0.0,,False,0.0,,False,0.0,0.6585124816718115,0.10205501846204862
feature_196,0.6292180897914254,0.35156377592683324,2.238846317930808e-26,0.7311095983662353,0.00425531914893617,0.0,-0.00425531914893617,high,2.070932844085997e-25,True,0.001528209569468666,139.0,True,0.0015272947493940592,88.0,True,0.001528209569468666,0.6569602702113387,0.030690971803217636
feature_337,0.6075670222074918,0.37163835810332624,1.694079332462606e-29,0.7657955759360103,0.00425531914893617,0.0,-0.00425531914893617,high,1.9286441631112746e-28,True,0.0009163337960000317,167.0,True,0.0028836324345320463,70.0,True,0.0028836324345320463,0.6511176599331556,0.02459080168882981
feature_332,0.5881533041370393,0.367364853829822,8.155180362596396e-29,0.7475935005262212,0.00425531914893617,0.0,-0.00425531914893617,high,8.420697862773953e-28,True,0.0042482293641992195,62.0,True,0.0,,False,0.0042482293641992195,0.6466361451806268,0.010218502647831229
feature_50,0.6366372388103405,0.29649715444672814,8.645707260259943e-19,0.39480614625306326,0.0010638297872340426,0.0,-0.0010638297872340426,high,4.516110615947547e-18,True,0.0,,False,0.0,,False,0.0,0.6387648983848085,0.1143030634412025
feature_152,0.6152390332285932,0.22022302798111787,1.9929261806320556e-10,0.04582333447605978,0.0,0.009554140127388535,0.009554140127388535,high,5.899061494670885e-10,True,0.0,,False,0.0,,False,0.0,0.6343473134833703,0.018996131572964304
feature_474,0.6127879545048218,0.3458135989983124,1.7085016709311618e-25,0.8011822753370572,0.00425531914893617,0.0,-0.00425531914893617,high,1.4587975805642997e-24,True,0.0,,False,0.0,,False,0.0,0.6212985928026942,0.013161568567364676
feature_452,0.5827472459088172,0.3258616362440053,1.1366489990452604e-22,0.6228672195214945,0.0010638297872340426,0.0,-0.0010638297872340426,high,8.553765348747382e-22,True,0.002520010961368109,97.0,True,0.0,,False,0.002520010961368109,0.6142454944312312,0.05093258967135996
feature_123,0.6057826146543586,0.33366841782741313,1.627604542409799e-23,0.5384615384615374,0.006382978723404255,0.009554140127388535,0.0031711614039842797,high,1.2904578871963407e-22,True,0.0,,False,0.0,,False,0.0,0.6121249374623271,0.13619261017879347
feature_21,0.3966976351692031,0.24684584357557074,4.245505474049916e-13,0.1849743091237328,0.002127659574468085,0.0,-0.002127659574468085,high,1.50800354438253e-12,True,0.013143018548577865,19.0,True,0.025964850559830666,7.0,True,0.025964850559830666,0.6069568506102709,0.07510745008815949
feature_558,0.5841865423385443,0.2496523608934834,2.1098170364031484e-13,0.40995607613470003,0.0010638297872340426,0.0,-0.0010638297872340426,high,7.678350525926213e-13,True,0.0017017813514188704,128.0,True,0.0,,False,0.0017017813514188704,0.6061973571830445,0.050317763774415714
feature_33,0.328961585332641,0.13551141952069895,0.0003092353138208931,0.03589251439539501,0.0010638297872340426,0.0,-0.0010638297872340426,high,0.00045016550602123455,True,0.03499943223216036,2.0,True,0.041430309414863586,3.0,True,0.041430309414863586,0.6036688502258164,0.017076665742019704
feature_425,0.5818895550049674,0.21403160703290688,7.184427815165178e-10,0.047065315936773176,0.0,0.009554140127388535,0.009554140127388535,high,2.031774490403401e-09,True,0.0,,False,0.0,,False,0.0,0.6009978352597445,0.046478469188086555
feature_475,0.4302506206957292,0.29745970674805755,6.80451560906951e-19,0.5440586880491344,0.0031914893617021275,0.0,-0.0031914893617021275,high,3.596672536222455e-18,True,0.010925203938715438,23.0,True,0.018048984929919243,14.0,True,0.018048984929919243,0.5919453387996457,0.03911732463877765
feature_510,0.5245145276440107,0.29930207345168724,4.0991787084777705e-19,0.39770907483515555,0.0,0.0,0.0,high,2.2195553006879636e-18,True,0.0005159510635652582,182.0,True,0.00589642021805048,48.0,True,0.00589642021805048,0.5863696889532376,0.10103454747210358
feature_287,0.5546842370599098,0.21192789218033797,1.1013504106616772e-09,0.03492333901192498,0.0,0.009554140127388535,0.009554140127388535,high,3.056247389586154e-09,True,0.0,,False,0.0,,False,0.0,0.5737925173146868,0.01861784265049554
feature_127,0.524295940237584,0.2331258563589168,1.1714038273007126e-11,0.15984676998084552,0.006382978723404255,0.009554140127388535,0.0031711614039842797,high,3.768864487837075e-11,True,0.0026428892852767977,94.0,True,0.004046933725476265,59.0,True,0.004046933725476265,0.5730740814991079,0.2791337246341217
feature_17,0.5521002352722248,0.20580830539782446,3.7240537433802433e-09,0.15151515151514744,0.0,0.009554140127388535,0.009554140127388535,high,9.613255011981557e-09,True,0.0,,False,0.0,,False,0.0,0.5712085155270019,0.011686890955238786
feature_306,0.43748381580146245,0.2753810463767526,3.194202208817063e-16,0.46636771300448426,0.0010638297872340426,0.0,-0.0010638297872340426,high,1.376918233703666e-15,True,0.0009797896711440863,162.0,True,0.011911178939044476,28.0,True,0.011911178939044476,0.5438304356348743,0.08304862458321868
feature_333,0.3331700329583412,0.20951131473941093,1.5647331612136971e-09,0.3112827400940225,0.0031914893617021275,0.0,-0.0031914893617021275,high,4.2622179360667575e-09,True,0.023742919799082197,5.0,True,0.030486730858683586,5.0,True,0.030486730858683586,0.5426983141813392,0.0036395942887944115
feature_7,0.4845094292847675,0.18269230769230768,2.8596876048803033e-07,0.2307692307692316,0.00425531914893617,0.006369426751592357,0.0021141076026561867,high,5.878246743365068e-07,True,0.005354158838080943,46.0,True,0.004699818789958954,53.0,True,0.005354158838080943,0.5406204533488517,0.10647213172348247
feature_197,0.4363396974160192,0.25229931547356044,1.1741889024410752e-13,0.4871465295629818,0.0031914893617021275,0.0,-0.0031914893617021275,high,4.308593989122623e-13,True,0.00616110291701872,38.0,True,0.010664965026080608,34.0,True,0.010664965026080608,0.5357936283880722,0.05152515974602668
feature_428,0.5124305009202865,0.17434422299842475,1.0299221928999798e-06,0.1451181911613566,0.010638297872340425,0.0,-0.010638297872340425,high,2.0323797939892935e-06,True,0.0,,False,0.0,,False,0.0,0.5337070966649674,0.0814957242714594
feature_446,0.3958774156368184,0.21849372214647647,2.433923244227076e-10,0.2717049032838508,0.0010638297872340426,0.0,-0.0010638297872340426,high,7.063149806776613e-10,True,0.007163768041226128,34.0,True,0.01647482067346573,17.0,True,0.01647482067346573,0.5284452638371192,0.13321214651099808
feature_305,0.5085998301653325,0.31319400636264355,5.803903229233383e-21,0.500650195058518,0.0010638297872340426,0.0,-0.0010638297872340426,high,3.579073658027253e-20,True,0.0,,False,0.0,,False,0.0,0.5107274897398005,0.03244954432196429
feature_476,0.4991978805079216,0.2092326098335248,1.6560568713852977e-09,0.17594729445740892,0.0031914893617021275,0.0,-0.0031914893617021275,high,4.483471042043123e-09,True,0.0,,False,0.0,,False,0.0,0.5055808592313258,0.10098150036311232
feature_295,0.47533332031308617,0.2760854508168892,2.686311405872069e-16,0.4818615232179434,0.002127659574468085,0.0,-0.002127659574468085,high,1.1693355531443124e-15,True,0.002727320990209723,91.0,True,0.001328543876297772,91.0,True,0.002727320990209723,0.5055163702987416,0.05409421317024141
feature_91,0.4904546329879727,0.18716315531602157,1.0988517673244556e-07,0.2310662310662311,0.00425531914893617,0.0,-0.00425531914893617,high,2.323286593771706e-07,True,0.0,,False,0.0,,False,0.0,0.49896527128584506,0.023270020938072077
feature_469,0.3602550834066629,0.2271275040956026,3.901694971526204e-11,0.4282511210762332,0.0031914893617021275,0.0,-0.0031914893617021275,high,1.2030226162205796e-10,True,0.00934088525948181,27.0,True,0.018340399488806725,13.0,True,0.018340399488806725,0.49878250508109884,0.045209128367364966
feature_51,0.4904438985846495,0.15554560685917393,1.932308151987255e-05,0.03460231284102938,0.0010638297872340426,0.0,-0.0010638297872340426,high,3.31252826054958e-05,True,0.0,,False,0.0,,False,0.0,0.4925715581591176,0.10438722086952208
feature_427,0.4581350723833315,0.1976739413012246,1.779219118587088e-08,0.1686394423620705,0.0,0.009554140127388535,0.009554140127388535,high,4.2244560890516956e-08,True,0.0,,False,0.0,,False,0.0,0.4772433526381086,0.07513228798832307
feature_8,0.46307294674282473,0.272708674304419,7.756226738988555e-16,0.483449235048679,0.0,0.006369426751592357,0.006369426751592357,high,3.1594171303769892e-15,True,0.0,,False,0.0,,False,0.0,0.47581180024600944,0.2784346172061913
feature_65,0.3742830796681433,0.1632573901682182,6.00819749509197e-06,0.28919051734363616,0.00425531914893617,0.0,-0.00425531914893617,high,1.0932949540249324e-05,True,0.006186725248242266,37.0,True,0.012362598441541195,25.0,True,0.012362598441541195,0.4753359463140282,0.06914893390942374
feature_421,0.46240939744952925,0.18240589198036006,2.701703378843769e-07,0.11019677996422167,0.0,0.006369426751592357,0.006369426751592357,high,5.579331628868062e-07,True,0.0,,False,0.0,,False,0.0,0.47514825095271396,0.016847709307914693
feature_154,0.4545427135458353,0.18916330300335227,8.513434672724852e-08,0.15851715898465898,0.0,0.009554140127388535,0.009554140127388535,high,1.8260700457438813e-07,True,0.0,,False,0.0,,False,0.0,0.4736509938006124,0.08419787302095547
feature_431,0.37850161350308736,0.23458911086061957,7.461323979118775e-12,0.4688097392856705,0.002127659574468085,0.0,-0.002127659574468085,high,2.4181225158603915e-11,True,0.011749213573597862,21.0,True,0.005819652695208788,49.0,True,0.011749213573597862,0.47169885855200683,0.036074441389558835
feature_160,0.4246075188932448,0.27615335515326006,2.6622090126086523e-16,0.4732350659425912,0.002127659574468085,0.0,-0.002127659574468085,high,1.1693355531443124e-15,True,0.0023939954119399772,102.0,True,0.004808975849300623,52.0,True,0.004808975849300623,0.4697013841179624,0.05856735598064753
feature_416,0.4054785799325573,0.14957264957264957,5.228873742243687e-05,0.21046267648209388,0.00425531914893617,0.006369426751592357,0.0021141076026561867,high,8.473065480132106e-05,True,0.0020183078262463274,114.0,True,0.007232327479869127,42.0,True,0.007232327479869127,0.46835787266076057,0.007291904444501628
feature_128,0.4417610415127416,0.11276396510531063,0.004913445948260877,0.0478468899521542,0.006382978723404255,0.009554140127388535,0.0031711614039842797,high,0.006435309737545219,True,0.0019816384312889316,118.0,True,0.0,,False,0.0019816384312889316,0.46561157746686765,0.210079365784163
feature_129,0.4250493430887916,0.2798529300384888,1.3748963427296913e-16,0.5832305795314426,0.006382978723404255,0.009554140127388535,0.0031711614039842797,high,6.22912220583656e-16,True,0.0038551554874128023,69.0,True,0.0,,False,0.0038551554874128023,0.46416429204535936,0.09001655139921998
feature_473,0.45190945320312725,0.2925989438728292,2.8380916147758195e-18,0.5822725093390971,0.00425531914893617,0.0,-0.00425531914893617,high,1.431946223818709e-17,True,0.0,,False,0.0,,False,0.0,0.4604200915009996,0.022021067901888375
feature_300,0.42150682659941713,0.26753629486779024,2.5345359198438098e-15,0.5648050579557429,0.002127659574468085,0.0,-0.002127659574468085,high,9.78551259487523e-15,True,0.0016934850711898953,129.0,True,0.003711000084877014,61.0,True,0.003711000084877014,0.45704638313408685,0.06927405328206422
feature_283,0.43895637287625133,0.2037370430987452,5.32425168430895e-09,0.23358043208630172,0.0,0.006369426751592357,0.006369426751592357,high,1.3664553455683084e-08,True,0.0,,False,0.0,,False,0.0,0.45169522637943604,0.007239614922115152
feature_471,0.4278227275886063,0.151795607338776,3.3450417836911446e-05,0.16028426017874867,0.0031914893617021275,0.0,-0.0031914893617021275,high,5.5417856416375684e-05,True,0.0,198.0,True,0.0013609685702249408,90.0,True,0.0013609685702249408,0.44585077202953055,0.07040569189777485
feature_438,0.4405166003733412,0.280132549264596,8.664426111173934e-17,0.443476262469281,0.002127659574468085,0.0,-0.002127659574468085,high,3.9908696728387025e-16,True,0.0,,False,0.0,,False,0.0,0.4447719195222774,0.11373268412756599
feature_119,0.44458132860700983,0.18442200840222253,1.7782510033651897e-07,0.10504201680672123,0.0,0.0,0.0,high,3.706776739409128e-07,True,0.0,,False,0.0,,False,0.0,0.44458132860700983,0.032917282207713054
feature_145,0.35324174649774215,0.24393071467539554,9.880097618448037e-13,0.43827160493827183,0.0,0.006369426751592357,0.006369426751592357,high,3.4005917384425803e-12,True,0.005744688151648988,42.0,True,0.011119276285171509,32.0,True,0.011119276285171509,0.44453645149622506,0.03601241454356826
feature_203,0.391586611373724,0.27318518921344037,5.665937961809091e-16,0.49342733947092454,0.0031914893617021275,0.0,-0.0031914893617021275,high,2.3510994906946133e-15,True,0.005446412166959642,45.0,True,0.0033041115384548903,63.0,True,0.005446412166959642,0.4406244317892153,0.04734110346872589
feature_288,0.4189050261481846,0.16095984128070057,9.223509309918539e-06,0.0,0.0,0.009554140127388535,0.009554140127388535,high,1.6579911472080288e-05,True,0.0,,False,0.0,,False,0.0,0.43801330640296166,0.05177998671982819
feature_165,0.40698214104422753,0.26951910148982117,1.4765601279370726e-15,0.5747663551401868,0.002127659574468085,0.0,-0.002127659574468085,high,5.90624051174829e-15,True,0.0011841175141769978,151.0,True,0.0029212054796516895,69.0,True,0.0029212054796516895,0.4350150294039392,0.08865082901311193
feature_453,0.42456681139425834,0.26913371726257096,1.7073691178666499e-15,0.4059827025311432,0.0010638297872340426,0.0,-0.0010638297872340426,high,6.708600781706129e-15,True,0.0,,False,0.0,,False,0.0,0.4266944709687264,0.08831909573161588
feature_148,0.41075478837379475,0.17084015275504638,1.8838461523945825e-06,0.08943199056126774,0.0,0.006369426751592357,0.006369426751592357,high,3.574477314799977e-06,True,0.0,,False,0.0,,False,0.0,0.42349364187697947,0.00793901513776687
feature_411,0.3609665368656049,0.17601408725187226,9.734616918571843e-07,0.07618549511854926,0.00425531914893617,0.022292993630573247,0.018037674481637078,high,1.9381927855811204e-06,True,0.0035930058964495732,72.0,True,0.0,,False,0.0035930058964495732,0.4229809837364611,0.07345556809713699
feature_289,0.40344414431963393,0.19731819114729424,1.9041149200461963e-08,0.2627015107720727,0.0,0.009554140127388535,0.009554140127388535,high,4.496952257981442e-08,True,0.0,,False,0.0,,False,0.0,0.422552424574411,0.07310639783386783
feature_577,0.3901112132726918,0.21086868139314272,1.1611067873799822e-09,0.11960824475088945,0.0,0.0,0.0,high,3.1822926765229146e-09,True,0.0040047829215443444,64.0,True,0.0,,False,0.0040047829215443444,0.42135742776104024,0.046510950566025326
feature_199,0.3687137049426076,0.14185399941539947,0.00013438098632428507,0.07398568019093092,0.0031914893617021275,0.0,-0.0031914893617021275,high,0.00020363535129004292,True,0.0051602819962857415,49.0,True,0.0,,False,0.0051602819962857415,0.4131500175339949,0.040416496271202626
feature_415,0.3639483078075528,0.14819802889835462,6.688832388867966e-05,0.16408029012397743,0.00425531914893617,0.022292993630573247,0.018037674481637078,high,0.00010760295582091945,True,0.0,,False,0.0,,False,0.0,0.4000236567708269,0.01884778757974076
feature_14,0.3318768222724117,0.2069063419306287,3.0042076526700484e-09,0.2522122273620484,0.0,0.009554140127388535,0.009554140127388535,high,7.987234717278452e-09,True,0.005672317697901258,43.0,True,0.0070181251503527164,43.0,True,0.0070181251503527164,0.3975681639913718,0.18314849522132742
feature_27,0.3899142204349762,0.2586611981041109,2.3370985756050156e-14,0.023255547798620057,0.002127659574468085,0.0,-0.002127659574468085,high,8.647264729738557e-14,True,0.0,,False,0.0,,False,0.0,0.3941695395839124,0.012049105997880944
feature_275,0.35280180172118775,0.14019738856872407,0.000197025312916003,0.10163934426229511,0.00425531914893617,0.022292993630573247,0.018037674481637078,high,0.00029159746311568447,True,0.0,,False,0.0,,False,0.0,0.3888771506844619,0.09528897843700945
feature_113,0.3881420170515935,0.23162352622306545,1.426262088216616e-11,0.3351548269581068,0.0,0.0,0.0,high,4.5558299796271764e-11,True,0.0,,False,0.0,,False,0.0,0.3881420170515935,0.11698722994527258
feature_2,0.3513299807635077,0.16199643642640385,8.986840803877941e-06,0.1751699281007056,0.00425531914893617,0.022292993630573247,0.018037674481637078,high,1.6286356395599206e-05,True,0.0,,False,0.0,,False,0.0,0.3874053297267818,0.07873122653013984
feature_138,0.3092039057723482,0.1577472925192795,1.7000437171106014e-05,0.08611350293542051,0.00425531914893617,0.022292993630573247,0.018037674481637078,high,2.9600761192043412e-05,True,0.003440301774363153,79.0,True,0.006675641052424908,46.0,True,0.006675641052424908,0.38656194047450254,0.06711242228743425
feature_334,0.35957534772618793,0.27365762801732046,5.177028296995509e-16,0.47252747252747246,0.0031914893617021275,0.0,-0.0031914893617021275,high,2.189143394158101e-15,True,0.0015950524516634506,133.0,True,0.0025674044154584408,78.0,True,0.0025674044154584408,0.3844218331584366,0.016535789101168416
feature_389,0.3836985462895717,0.2731670958124407,5.326298248648864e-16,0.5000000000000002,0.0,0.0,0.0,high,2.2310154928302792e-15,True,0.0,,False,0.0,,False,0.0,0.3836985462895717,0.000803384983774083
feature_181,0.3788327303489704,0.2680992789456191,2.243092106281557e-15,0.41467304625199364,0.0010638297872340426,0.0,-0.0010638297872340426,high,8.736253466570276e-15,True,0.0,,False,0.0,,False,0.0,0.3809603899234385,0.09374387391486702
feature_335,0.3683524527946329,0.14290424107294591,0.00011653654525309041,0.06921566953998516,0.0031914893617021275,0.0,-0.0031914893617021275,high,0.0001778083370871895,True,0.0,,False,0.0,,False,0.0,0.3747354315180372,0.042893088804023274
feature_198,0.3481391673550447,0.26933770197608575,1.6064057105947339e-15,0.5498489425981874,0.0031914893617021275,0.0,-0.0031914893617021275,high,6.368251209857695e-15,True,0.0,196.0,True,0.0018520188750699162,84.0,True,0.0018520188750699162,0.3674173522603023,0.048522019220263356
feature_301,0.3083218057390314,0.2010172069588364,8.303699679734189e-09,0.38886487421111804,0.002127659574468085,0.0,-0.002127659574468085,high,2.0829619535604406e-08,True,0.0050625246522751225,51.0,True,0.008806482888758183,37.0,True,0.008806482888758183,0.3668817390174037,0.18797123129771384
feature_282,0.3533617217052419,0.18962084015275504,7.571967238245876e-08,0.1395348837209302,0.0,0.006369426751592357,0.006369426751592357,high,1.6320162396995965e-07,True,0.0,,False,0.0,,False,0.0,0.3661005752084266,0.028833544141806562
feature_491,0.34433274877173614,0.13427162523114855,0.0003705427131796227,0.16539984748973008,0.010638297872340425,0.0,-0.010638297872340425,high,0.0005341589761420535,True,0.0,,False,0.0,,False,0.0,0.36560934451641697,0.004355646379639462
feature_39,0.36091739549010615,0.228556602429743,2.8191325338716448e-11,0.27770345596432217,0.0010638297872340426,0.0,-0.0010638297872340426,high,8.753110804468604e-11,True,0.0,,False,0.0,,False,0.0,0.36304505506457424,0.03753674580497008
feature_317,0.36042729132363416,0.24493464384797486,6.870545721157744e-13,0.4139121854958068,0.0010638297872340426,0.0,-0.0010638297872340426,high,2.4210494445984433e-12,True,0.0,,False,0.0,,False,0.0,0.36255495089810225,0.1285259001245739
feature_294,0.33123489490859,0.15401382532288513,2.41710651235167e-05,0.25661801729848444,0.002127659574468085,0.0,-0.002127659574468085,high,4.080590461916887e-05,True,0.0009527610583753558,166.0,True,0.002991847461089492,68.0,True,0.002991847461089492,0.3553102996446563,0.007381014685185352
feature_470,0.33721910441047354,0.2672542128625713,2.7655252420267855e-15,0.5406542483460871,0.0031914893617021275,0.0,-0.0031914893617021275,high,1.0585286271205971e-14,True,0.00014589041090624826,190.0,True,0.0017247573705390096,86.0,True,0.0017247573705390096,0.35523450585024835,0.04801334409069463
feature_219,0.3330961788878604,0.11677967262516266,0.0029841186413637594,0.1538461538461539,0.010638297872340425,0.0,-0.010638297872340425,high,0.004051830815796664,True,0.0,,False,0.0,,False,0.0,0.35437277463254124,0.004032564481293877
feature_32,0.3414835798316002,0.17310731704008195,1.2086776443803104e-06,0.3672272945699146,0.0010638297872340426,0.0,-0.0010638297872340426,high,2.3537406758984994e-06,True,0.0015576532705433403,134.0,True,0.0,,False,0.0015576532705433403,0.35424949970529906,0.015283958191770069
feature_277,0.3155149824657213,0.13866616553912972,0.00024079551213214634,0.10070709235054605,0.00425531914893617,0.022292993630573247,0.018037674481637078,high,0.0003528488692629471,True,0.0,,False,0.0,,False,0.0,0.35159033142899543,0.056708989836365686
feature_479,0.33263435404343217,0.21775350250494532,2.8866367583336166e-10,0.3250220869735935,0.0031914893617021275,0.0,-0.0031914893617021275,high,8.268817552904038e-10,True,0.0018466643092543366,124.0,True,0.0,,False,0.0018466643092543366,0.35130261255971396,0.03199997960219963
feature_140,0.3137525809460891,0.16599501656504914,4.8650654914195164e-06,0.013346680013346785,0.00425531914893617,0.022292993630573247,0.018037674481637078,high,9.000371159126107e-06,True,0.0,,False,0.0,,False,0.0,0.34982792990936323,0.09528414861400739
feature_153,0.32677982853841203,0.14369911746596428,0.00011132050713137639,0.022727272727272593,0.0,0.009554140127388535,0.009554140127388535,high,0.0001704355350563142,True,0.0,,False,0.0,,False,0.0,0.3458881087931891,0.047942066479243386
feature_426,0.32448730117352476,0.14582677704043237,8.316382977018436e-05,0.01902335916752499,0.0,0.009554140127388535,0.009554140127388535,high,0.00013140477017068277,True,0.0,,False,0.0,,False,0.0,0.3435955814283018,0.04921726998563879
feature_87,0.3361594483391563,0.1962867597235398,2.098870994492092e-08,0.07133058984910685,0.0,0.0,0.0,high,4.930681066425867e-08,True,0.0010967502026757022,156.0,True,0.0,,False,0.0010967502026757022,0.3435331072011027,0.12943024619115875
feature_377,0.26397727021763007,0.21134300040655915,1.0995894219816987e-09,0.3333333333333335,0.0,0.0,0.0,high,3.056247389586154e-09,True,0.007947464054821338,30.0,True,0.014848888851702213,21.0,True,0.014848888851702213,0.3423726531143771,0.27864705211478036
feature_3,0.30615707427493755,0.12233427990756982,0.0017672136081656677,0.01652517792076545,0.00425531914893617,0.022292993630573247,0.018037674481637078,high,0.002436779012501728,True,0.0,,False,0.0,,False,0.0,0.3422324232382117,0.02755426654177168
feature_29,0.3266698105674652,0.22329661972213546,8.932364730672043e-11,0.36003600360035964,0.002127659574468085,0.0,-0.002127659574468085,high,2.679709419201613e-10,True,0.0008592561063738779,170.0,True,0.0,,False,0.0008592561063738779,0.3365389903063632,0.05328980431758548
feature_0,0.1759568675542289,0.07942688798265116,0.09655744257267038,0.011461478251147128,0.006382978723404255,0.0,-0.006382978723404255,moderate,0.10559483867553114,False,0.03484699567371582,3.0,True,0.04189393296837807,2.0,True,0.04189393296837807,0.3361533292938903,0.022127436741801305
feature_309,0.318054220374614,0.1458625858922963,7.760202494019853e-05,0.16891891891891905,0.0010638297872340426,0.0,-0.0010638297872340426,high,0.0001239399247246336,True,0.0019999829643631314,117.0,True,0.0,,False,0.0019999829643631314,0.3329039403989426,0.019115871853125563
feature_53,0.30049023179138123,0.07835891991942948,0.10444170082221402,0.07446808510637996,0.00425531914893617,0.0,-0.00425531914893617,high,0.11310271991478786,False,0.003975688477213399,65.0,True,0.0,,False,0.003975688477213399,0.3328939811302172,0.09230229624332097
feature_307,0.318054220374614,0.1458625858922963,7.760202494019853e-05,0.16891891891891905,0.0010638297872340426,0.0,-0.0010638297872340426,high,0.0001239399247246336,True,0.0015257779680104447,140.0,True,0.0,,False,0.0015257779680104447,0.3298874823906886,0.019307911726626863
feature_57,0.32094712259852193,0.06769557406500082,0.21905958821110563,0.018099547511309853,0.00425531914893617,0.0,-0.00425531914893617,high,0.23102721417038222,False,0.0,,False,0.0,,False,0.0,0.3294577608963943,0.09031659430863843
feature_159,0.30531076366341686,0.13800877324025912,0.00022393108363356713,0.26551880380607157,0.002127659574468085,0.0,-0.002127659574468085,high,0.0003303169472867236,True,0.00060763823423161,178.0,True,0.002380340825766325,80.0,True,0.002380340825766325,0.32410095631823155,0.004083082710796078
feature_339,0.3071027652239738,0.24209939568619188,1.326010593476704e-12,0.4399479375250307,0.0031914893617021275,0.0,-0.0031914893617021275,high,4.528836180797358e-12,True,0.0016521817182628378,131.0,True,0.0,,False,0.0016521817182628378,0.3236335354339983,0.03481474064186083
feature_435,0.2936990704810509,0.1637105645566526,5.5559244557269016e-06,0.1370125110263512,0.002127659574468085,0.0,-0.002127659574468085,high,1.0193514290672497e-05,True,0.0023647154844884445,105.0,True,0.004319193307310343,57.0,True,0.004319193307310343,0.3233252508216875,0.009352506583980243
feature_18,0.3027711993759423,0.1599849490319491,1.0708654286771875e-05,0.04693841538732753,0.0,0.009554140127388535,0.009554140127388535,high,1.9171945577930294e-05,True,0.0,,False,0.0,,False,0.0,0.3218794796307194,0.05581712232711857
feature_439,0.3165688468861361,0.22618255401789958,4.836893590197826e-11,0.34946982157270073,0.002127659574468085,0.0,-0.002127659574468085,high,1.4810901752054033e-10,True,0.0,,False,0.0,,False,0.0,0.3208241660350723,0.10625947965212201
feature_95,0.3056304916130327,0.11176438564973597,0.005091814361638367,1.0,0.00425531914893617,0.0,-0.00425531914893617,high,0.006629811074977815,True,0.000989856164952967,160.0,True,0.0,,False,0.000989856164952967,0.32019173443732035,0.22122742353659036
feature_134,0.30868084875361534,0.19541585707653422,2.763195684832946e-08,0.09964194999540774,0.005319148936170213,0.009554140127388535,0.004234991191218322,high,6.356781782724498e-08,True,0.0,,False,0.0,,False,0.0,0.31715083113605197,0.2046403679313818
feature_200,0.2707794567576322,0.17349882954978496,1.1574951130745547e-06,0.2979966611018369,0.00425531914893617,0.0,-0.00425531914893617,high,2.263999252004856e-06,True,0.00020073058838353188,189.0,True,0.006968321278691292,44.0,True,0.006968321278691292,0.3170276600626381,0.07659673664234053
feature_207,0.29284879282617843,0.1995595102950873,1.1037034642400689e-08,0.2744945567651628,0.0031914893617021275,0.0,-0.0031914893617021275,high,2.7074272824452517e-08,True,0.0028209023647888143,88.0,True,0.0,,False,0.0028209023647888143,0.315753728593761,0.028614015798633045
feature_164,0.28813302040929256,0.1605258511808564,9.091771347219036e-06,0.17500000000000018,0.002127659574468085,0.0,-0.002127659574468085,high,1.6409538529127042e-05,True,0.0022881320250732096,109.0,True,0.003967743366956711,60.0,True,0.003967743366956711,0.3152530971688322,0.024504361654523146
feature_430,0.2788151629171294,0.16889845585539093,2.4442385285232582e-06,0.3000683286254676,0.002127659574468085,0.0,-0.002127659574468085,high,4.61805066665671e-06,True,0.001535798659124015,136.0,True,0.004401365295052528,55.0,True,0.004401365295052528,0.30761382970202295,0.010475945861332754
feature_63,0.2811075798704938,0.19709837225760793,1.7727315565933822e-08,0.3161880745474699,0.00425531914893617,0.0,-0.00425531914893617,high,4.2244560890516956e-08,True,0.003194523877653395,82.0,True,0.0,,False,0.003194523877653395,0.3075783156900792,0.09050937967708018
feature_420,0.29303557737950403,0.18983906164757228,7.24037208302307e-08,0.13827336242905577,0.0,0.006369426751592357,0.006369426751592357,high,1.5774072270120996e-07,True,0.0,,False,0.0,,False,0.0,0.30577443088268874,0.0306611511685016
feature_147,0.28995992175623403,0.18981178396072013,7.283073908501812e-08,0.125984251968504,0.0,0.006369426751592357,0.006369426751592357,high,1.5774072270120996e-07,True,0.0,,False,0.0,,False,0.0,0.30269877525941874,0.03156867500377564
feature_299,0.25665062895628715,0.1636290793530075,5.630620939937896e-06,0.18109187749667116,0.002127659574468085,0.0,-0.002127659574468085,high,1.0288048137170477e-05,True,0.0009588081442184616,165.0,True,0.00805652979761362,40.0,True,0.00805652979761362,0.30226021690047544,0.03136653194490858
feature_12,0.28821299787368543,0.1747681396617567,9.923965531247228e-07,0.06450446440989009,0.0,0.006369426751592357,0.006369426751592357,high,1.967071739229361e-06,True,0.0,,False,0.0,,False,0.0,0.30095185137687014,0.017714770977095905
feature_143,0.28037444706994863,0.14423076923076922,0.0001097409637157453,0.23529411764705865,0.00425531914893617,0.006369426751592357,0.0021141076026561867,high,0.00016859857401311734,True,0.0027179539494525218,92.0,True,0.0022490404080599546,82.0,True,0.0027179539494525218,0.29984355899004766,0.010398994638116195
feature_166,0.26292015663335355,0.17056890253011558,1.8563717102457393e-06,0.2999999999999998,0.002127659574468085,0.0,-0.002127659574468085,high,3.537463688193598e-06,True,0.006027832750548383,39.0,True,0.003053726628422737,66.0,True,0.006027832750548383,0.2988722504009665,0.09166556627187418
feature_574,0.2966054787661565,0.1956294890906627,2.2226543124125248e-08,0.34152203683519183,0.0,0.0,0.0,high,5.166798506341157e-08,True,0.0,,False,0.0,,False,0.0,0.2966054787661565,0.061959548210735946
feature_222,0.28470840580974754,0.1737701585580702,1.0969237606644406e-06,0.10999999999999995,0.0,0.0,0.0,high,2.1550183616593433e-06,True,0.002045515778498609,112.0,True,0.0,,False,0.002045515778498609,0.296355916536848,0.018581290057825193
feature_44,0.27267526511243095,0.13396484944682988,0.00037742157080564566,0.05683705480716501,0.0010638297872340426,0.0,-0.0010638297872340426,high,0.0005423144900896656,True,0.003451714508758859,78.0,True,0.0,,False,0.003451714508758859,0.293626868062264,0.008366139038365807
feature_117,0.228054505834894,0.1504268871120748,4.0761622013268974e-05,0.02446470123604909,0.0,0.0,0.0,moderate,6.653735358048317e-05,True,0.014338426837647413,16.0,True,0.0,,False,0.014338426837647413,0.29345336277308326,0.05049643323550839
feature_35,0.29104988071216215,0.1560882630254438,1.760166733329744e-05,0.23767900316162816,0.0010638297872340426,0.0,-0.0010638297872340426,high,3.052789178118775e-05,True,0.0,,False,0.0,,False,0.0,0.29317754028663023,0.10046479163815075
feature_175,0.21657651718740714,0.2057650434464093,3.24298641618608e-09,0.28472222222222243,0.0010638297872340426,0.0,-0.0010638297872340426,moderate,8.520035318264021e-09,True,0.014853816689432114,14.0,True,0.017047349363565445,15.0,True,0.017047349363565445,0.29254528781063455,0.12955639125903548
feature_392,0.29228780579053093,0.17498306003523512,9.139344255056059e-07,0.18884120171673824,0.0,0.0,0.0,high,1.8278688510112118e-06,True,0.0,,False,0.0,,False,0.0,0.29228780579053093,0.10921880667225667
feature_477,0.21830331042625634,0.18047162308220435,3.5499984305661415e-07,0.2632053139243191,0.0031914893617021275,0.0,-0.0031914893617021275,moderate,7.230272032896178e-07,True,0.004492348559214145,58.0,True,0.015341144055128098,20.0,True,0.015341144055128098,0.29166673980887153,0.001193024678141651
feature_187,0.2874171284449683,0.19078434165632227,5.656329978156557e-08,0.30281690140845047,0.0010638297872340426,0.0,-0.0010638297872340426,high,1.249457965324135e-07,True,0.0,,False,0.0,,False,0.0,0.2895447880194364,0.03078780931466455
feature_146,0.27372158239637695,0.14791325695581015,6.075358553811303e-05,0.26512226512226517,0.0,0.006369426751592357,0.006369426751592357,high,9.808942537789886e-05,True,0.0,,False,0.0,,False,0.0,0.28646043589956166,0.015849065502091825
feature_459,0.27953724333890173,0.19822890593733677,1.4134717844945158e-08,0.3359878987409353,0.0010638297872340426,0.0,-0.0010638297872340426,high,3.410768871280245e-08,True,0.0,,False,0.0,,False,0.0,0.2816649029133698,0.03482647054852804
feature_302,0.26087220627927804,0.21849578314071136,2.453955507097307e-10,0.41810160808310814,0.002127659574468085,0.0,-0.002127659574468085,high,7.075040552929899e-10,True,0.003006067429682849,85.0,True,0.0,,False,0.003006067429682849,0.2808115142803271,0.028404310672563132
feature_443,0.2602146734733854,0.1506820509689804,3.883888667145289e-05,0.22958397534668704,0.0010638297872340426,0.0,-0.0010638297872340426,high,6.386839141527808e-05,True,0.003479610293900286,77.0,True,0.0,,False,0.003479610293900286,0.2804512461766913,0.0030912608302178066
feature_390,0.27898444352442237,0.08056647242173737,0.0880412480954148,0.08777147988102568,0.0,0.0,0.0,high,0.09723958744866709,False,0.0,,False,0.0,,False,0.0,0.27898444352442237,0.055889839197103795
feature_523,0.27492430350127023,0.2368478113565524,4.542395481660059e-12,0.3759815242494227,0.0,0.0,0.0,high,1.493943402857086e-11,True,0.0,,False,0.0,,False,0.0,0.27492430350127023,0.0012801356772341337
feature_131,0.2637767810008599,0.15598986484160374,1.9079886379156117e-05,0.09259259259262229,0.006382978723404255,0.009554140127388535,0.0031711614039842797,high,3.2835153303664014e-05,True,0.0,,False,0.0,,False,0.0,0.2701191038088284,0.06940483083995216
feature_436,0.24945214051119555,0.1812502546412614,3.0832881495671677e-07,0.3395712922956063,0.002127659574468085,0.0,-0.002127659574468085,moderate,6.308663310635127e-07,True,0.003171136151161675,83.0,True,0.0031289688777178526,65.0,True,0.003171136151161675,0.26952839367532605,0.0010433045419518856
feature_251,0.2686217441720068,0.21873560102994985,2.4164022531671823e-10,0.40000000000000024,0.0,0.0,0.0,high,7.058438160567296e-10,True,0.0,,False,0.0,,False,0.0,0.2686217441720068,0.002056271309164066
feature_524,0.2684193357202159,0.08692912318742377,0.053051604148195514,0.11277143151178318,0.0,0.0,0.0,high,0.061823916645141225,False,0.0,,False,0.0,,False,0.0,0.2684193357202159,0.03762257632059684
feature_269,0.2565620684195921,0.20064308681672025,1.0097357876403223e-08,0.07808455565142366,0.005319148936170213,0.009554140127388535,0.004234991191218322,high,2.518666796136534e-08,True,0.0,,False,0.0,,False,0.0,0.26503205080202874,0.007962116563270694
feature_286,0.24471504816281106,0.1420229869330232,0.0001397923986173541,0.2215260562804762,0.0,0.009554140127388535,0.009554140127388535,moderate,0.00021039940673256007,True,0.0,,False,0.0,,False,0.0,0.26382332841758815,0.00281665116752984
feature_341,0.19309355187554633,0.1658362166828678,3.9920089475558955e-06,0.27545793905720967,0.0031914893617021275,0.0,-0.0031914893617021275,moderate,7.416117040647772e-06,True,0.015487862066567062,11.0,True,0.0,,False,0.015487862066567062,0.25928865654679006,0.015921095792763275
feature_167,0.2547994742871777,0.2232558771203129,9.040598898054787e-11,0.3333333333333333,0.002127659574468085,0.0,-0.002127659574468085,high,2.693977121299547e-10,True,0.0,193.0,True,0.0,,False,0.0,0.2590547934361139,0.049862724139232394
feature_15,0.23686869247604553,0.16931312854894986,2.495893844818817e-06,0.1330052448409392,0.0,0.009554140127388535,0.009554140127388535,moderate,4.695664691099808e-06,True,0.0,,False,0.0,,False,0.0,0.2559769727308226,0.10573508215985732
feature_47,0.25332812318271825,0.15052603732117784,3.979816092726892e-05,0.015085621092688082,0.0010638297872340426,0.0,-0.0010638297872340426,high,6.520436698047012e-05,True,0.0,,False,0.0,,False,0.0,0.25545578275718633,0.05223775395638157
feature_344,0.22725803756552432,0.17929902317329327,4.3424080082901666e-07,0.28571896894084126,0.0031914893617021275,0.0,-0.0031914893617021275,moderate,8.803786098999242e-07,True,0.004355986765919954,59.0,True,0.0,,False,0.004355986765919954,0.2534396763706158,0.04045242990411409
feature_61,0.2447172265687581,0.20217321849784853,6.676266831048058e-09,0.36030134294136634,0.0031914893617021275,0.0,-0.0031914893617021275,moderate,1.693864270277336e-08,True,0.0,,False,0.0,,False,0.0,0.25110020529216237,0.005418902404772495
feature_360,0.24353271342684313,0.16658083751185798,3.6034841889313095e-06,0.12500000000000006,0.0,0.0,0.0,moderate,6.722466302039922e-06,True,0.000910403614178426,169.0,True,0.0,,False,0.000910403614178426,0.24796697467633266,0.023139779334073275
feature_174,0.20097938590832953,0.14479762316599173,8.991571206908704e-05,0.20760534429599173,0.0010638297872340426,0.0,-0.0010638297872340426,moderate,0.00013924999546659558,True,0.00336226447308143,81.0,True,0.011009011417627335,33.0,True,0.011009011417627335,0.2473587325662482,0.011729011695475198
feature_208,0.22746476023555795,0.17701160364083773,6.410121684266041e-07,0.2944345503116651,0.0031914893617021275,0.0,-0.0031914893617021275,moderate,1.2936791035518738e-06,True,0.0020648468850596935,111.0,True,0.0,,False,0.0020648468850596935,0.24324133699162703,0.025892389976130217
feature_576,0.24242419782211466,0.1456294890906627,7.902298234753374e-05,0.16892661215195093,0.0,0.0,0.0,moderate,0.00012555042626971643,True,0.0,,False,0.0,,False,0.0,0.24242419782211466,0.056486415898903714
feature_30,0.20332311561325964,0.2086292830660166,1.8462938352006478e-09,0.34893125361062927,0.002127659574468085,0.0,-0.002127659574468085,moderate,4.968208865630834e-09,True,0.0023856254368189583,104.0,True,0.0077131069265306,41.0,True,0.0077131069265306,0.2389434933894041,0.15488835171964738
feature_445,0.18827438746381442,0.13734288408185968,0.0002445524740946513,0.16810683424980374,0.0010638297872340426,0.0,-0.0010638297872340426,moderate,0.00035717532400666177,True,0.007943194424914321,31.0,True,0.01233026385307312,26.0,True,0.01233026385307312,0.2368315045223736,0.026877757235044875
feature_586,0.2340852758870735,0.12218921063877414,0.0015864441116939885,0.0709677419354839,0.0010638297872340426,0.0,-0.0010638297872340426,moderate,0.002215035174818022,True,0.0,,False,0.0,,False,0.0,0.2362129354615416,0.1265700378302433
feature_205,0.17770432349761933,0.15485796246320754,2.140675443477416e-05,0.25059952038369304,0.0031914893617021275,0.0,-0.0031914893617021275,moderate,3.641608800398363e-05,True,0.004318274642051624,61.0,True,0.014516167342662811,22.0,True,0.014516167342662811,0.2356790161691462,0.0015749751427051328
feature_142,0.19817482015911914,0.11047078148055346,0.006437290706543988,0.031948881789137455,0.00425531914893617,0.022292993630573247,0.018037674481637078,moderate,0.008308596144492822,True,0.0,,False,0.0,,False,0.0,0.2342501691223933,0.06119402057534513
feature_252,0.2340049873825655,0.09325111803767448,0.030882523738556773,0.0803699062880541,0.0,0.0,0.0,moderate,0.03736196332403054,True,0.0,,False,0.0,,False,0.0,0.2340049873825655,0.04221237483558216
feature_407,0.22549292746561841,0.1891259865536393,8.918921829519923e-08,0.03771325950314262,0.005319148936170213,0.009554140127388535,0.004234991191218322,moderate,1.903846775147522e-07,True,0.0,,False,0.0,,False,0.0,0.23396290984805507,0.03826001786815398
feature_105,0.22512680486566622,0.11241766018836083,0.004748368335931329,0.08333333333333331,0.00425531914893617,0.0,-0.00425531914893617,moderate,0.006256010507873917,True,0.0,,False,0.0,,False,0.0,0.23363744316353857,0.030577349190257435
feature_343,0.22477221793339103,0.19591935231698945,2.204101161807207e-08,0.29199555308504715,0.0031914893617021275,0.0,-0.0031914893617021275,moderate,5.150636399170525e-08,True,0.0,,False,0.0,,False,0.0,0.2311551966567953,0.06306455833813751
feature_151,0.20997112379014626,0.15715605117329137,1.6385948847146527e-05,0.20301393232868942,0.0,0.009554140127388535,0.009554140127388535,moderate,2.8643154677689206e-05,True,0.0,,False,0.0,,False,0.0,0.22907940404492333,5.3361320562250396e-06
feature_336,0.2158926284689797,0.08018944961620121,0.09096686319336587,0.11897234838549398,0.00425531914893617,0.0,-0.00425531914893617,moderate,0.09997348331152091,False,0.0010509491416002025,157.0,True,0.0,,False,0.0010509491416002025,0.22894111021819774,0.018189180770529778
feature_423,0.20866038182046812,0.149695559964425,4.845732196974961e-05,0.1973607489903411,0.0,0.009554140127388535,0.009554140127388535,moderate,7.880971045629607e-05,True,0.0,,False,0.0,,False,0.0,0.22776866207524518,0.06017797537583424
feature_163,0.15446041768993496,0.12833919574104002,0.0007629735510268617,0.1255605381165918,0.002127659574468085,0.0,-0.002127659574468085,moderate,0.0010823011394758039,True,0.013979212964618449,17.0,True,0.02177821286022663,9.0,True,0.02177821286022663,0.2259931739374895,0.024918278584920836
feature_323,0.2233523906824784,0.17092651757188498,1.7280773547061028e-06,0.3171057315770737,0.0010638297872340426,0.0,-0.0010638297872340426,moderate,3.3214993311234187e-06,True,0.0,,False,0.0,,False,0.0,0.22548005025694648,0.0629169001784324
feature_424,0.20157252508968626,0.15321201340904425,2.9250889993628565e-05,0.2317857677155537,0.0,0.009554140127388535,0.009554140127388535,moderate,4.864192942760705e-05,True,0.0,,False,0.0,,False,0.0,0.22068080534446333,0.001852146904640025
feature_84,0.19665488573215656,0.07503595644133963,0.13372222067637798,0.06060606060606239,0.010638297872340425,0.0,-0.010638297872340425,moderate,0.14306666501279958,False,0.0,,False,0.0,,False,0.0,0.2179314814768374,0.06201013712337546
feature_413,0.17911013265594428,0.11300425958406414,0.0049362679601639,0.14514730765969458,0.00425531914893617,0.022292993630573247,0.018037674481637078,moderate,0.006446185218566975,True,0.0,,False,0.0,,False,0.0,0.21518548161921844,0.0870528892982706
feature_494,0.20100898662010813,0.17612820165334056,7.576216382659319e-07,0.11310478969122292,0.0,0.0,0.0,moderate,1.52209958095056e-06,True,0.0020325348415156704,113.0,True,0.0,,False,0.0020325348415156704,0.20918014199537066,0.023806062507605245
feature_526,0.20850728870188723,0.15700636942675159,1.575571304436714e-05,0.17878572987126337,0.0,0.0,0.0,moderate,2.776006584007544e-05,True,0.0,,False,0.0,,False,0.0,0.20850728870188723,0.015447023675406154
feature_560,0.20619593416707138,0.10954532196468665,0.006397421581696469,0.10220440881763528,0.0010638297872340426,0.0,-0.0010638297872340426,moderate,0.008281210443945284,True,0.0,,False,0.0,,False,0.0,0.20832359374153947,0.09474252396188833
feature_172,0.20097938590832953,0.14479762316599173,8.991571206908704e-05,0.20760534429599173,0.0010638297872340426,0.0,-0.0010638297872340426,moderate,0.00013924999546659558,True,0.0012119907231740062,149.0,True,0.0,,False,0.0012119907231740062,0.2079787485081997,0.011868956728823002
feature_48,0.19945827145397269,0.171835466650387,1.4911045475491125e-06,0.27308702996934303,0.0010638297872340426,0.0,-0.0010638297872340426,moderate,2.8784800830948087e-06,True,0.0015127699397000612,141.0,True,0.0,,False,0.0015127699397000612,0.20762062057404287,0.0015516218127187642
feature_368,0.19757492640863003,0.08495290979367412,0.06256318023147349,0.0,0.00425531914893617,0.0,-0.00425531914893617,moderate,0.07122577441736982,False,0.0,,False,0.0,,False,0.0,0.20608556470650238,0.11271632444243519
feature_278,0.1983903027525797,0.15705128205128205,1.7689154893509537e-05,0.2000000000000001,0.00425531914893617,0.006369426751592357,0.0021141076026561867,moderate,3.056025203392309e-05,True,0.0008327437078428561,171.0,True,0.0008418107754550874,96.0,True,0.0008418107754550874,0.20595865984995046,0.012307897706881227
feature_541,0.19726196021844905,0.14567120037140843,8.589842446120389e-05,0.11039878584885884,0.005319148936170213,0.009554140127388535,0.004234991191218322,moderate,0.00013524432787508697,True,0.0,,False,0.0,,False,0.0,0.2057319426008857,0.044284275692794174
feature_572,0.20360732149058966,0.13930071825450602,0.00018607456575339617,0.19279454722492653,0.0,0.0,0.0,moderate,0.0002763113952993575,True,0.0,,False,0.0,,False,0.0,0.20360732149058966,0.06364916480748749
feature_559,0.201165982166148,0.0695142548991677,0.19414079007677806,0.030018472906404053,0.0010638297872340426,0.0,-0.0010638297872340426,moderate,0.206216533000214,False,0.0,,False,0.0,,False,0.0,0.2032936417406161,0.04580306744499999
feature_106,0.1885645545212287,0.08651124176601883,0.055100290931572794,0.04,0.00425531914893617,0.0,-0.00425531914893617,moderate,0.06404327008800607,False,0.0012721764930113198,148.0,True,0.0,,False,0.0012721764930113198,0.20187294069264222,0.0790723737477639
feature_254,0.19665051261545322,0.1538216560509554,2.523530954557258e-05,0.18181818181818188,0.0,0.0,0.0,moderate,4.2441202417553885e-05,True,0.0,,False,0.0,,False,0.0,0.19665051261545322,0.017740998251568506
feature_357,0.17247791150538166,0.12827203616190672,0.000783016740545721,0.25000000000000006,0.010638297872340425,0.0,-0.010638297872340425,moderate,0.0011071956458671979,True,0.0,,False,0.0,,False,0.0,0.19375450725006252,0.07891889319387914
feature_520,0.18955338842227193,0.18928039029678817,7.151793185445622e-08,0.2695886566723284,0.0,0.0,0.0,moderate,1.5719783041276513e-07,True,0.0,,False,0.0,,False,0.0,0.18955338842227193,0.002952228939793501
feature_575,0.18530607633459784,0.11956904729638163,0.002145055588101925,0.03617571059431521,0.0,0.0,0.0,moderate,0.0029304759418992453,True,0.001009579345125285,158.0,True,0.0,,False,0.001009579345125285,0.18904770007847024,0.031073093989236307
feature_248,0.18625071262853254,0.1913741699417265,4.9037506611757847e-08,0.2730923694779116,0.0,0.0,0.0,moderate,1.0941031625939943e-07,True,0.0,,False,0.0,,False,0.0,0.18625071262853254,0.001144635904213929
feature_324,0.17437671443865016,0.09330294458802223,0.030752324251211053,0.027460716052201076,0.0010638297872340426,0.0,-0.0010638297872340426,moderate,0.03730609827196095,True,0.001843049595956118,125.0,True,0.0,,False,0.001843049595956118,0.18293207267492442,0.015218142177692197
feature_96,0.17233697444980156,0.12911018563884805,0.0006979405043138407,0.12494194147700884,0.00425531914893617,0.0,-0.00425531914893617,moderate,0.0009932230253696963,True,0.0,,False,0.0,,False,0.0,0.1808476127476739,0.10950157083827872
feature_92,0.17697220568354521,0.12179834665943895,0.001670194734461219,0.12500000000000003,0.0,0.0,0.0,moderate,0.002317395194064941,True,0.0,,False,0.0,,False,0.0,0.17697220568354521,0.055321337315494684
feature_573,0.16033994302580315,0.09185526494104893,0.03483453385606644,0.022200956937799148,0.0,0.0,0.0,moderate,0.04182144546598654,True,0.0050082568108229765,52.0,True,0.0,,False,0.0050082568108229765,0.1764004152599221,0.07428983664102436
feature_83,0.1691769924318343,0.1569845693698593,1.610833633295363e-05,0.24158999424956884,0.0,0.0031847133757961785,0.0031847133757961785,moderate,2.8269175224630083e-05,True,0.0,,False,0.0,,False,0.0,0.17554641918342664,0.016862172153282375
feature_98,0.16482350312484578,0.06504845119494801,0.2587238952272013,0.05228429585873185,0.00425531914893617,0.0,-0.00425531914893617,moderate,0.26902437817535685,False,0.0,,False,0.0,,False,0.0,0.17333414142271814,0.0105060305232928
feature_437,0.14349825837395838,0.1247674276479296,0.0011747719733954237,0.17217926022547295,0.002127659574468085,0.0,-0.002127659574468085,moderate,0.0016506289752771144,True,0.005264719138749111,47.0,True,0.008384470827877522,39.0,True,0.008384470827877522,0.17181671674664825,0.02595086651894444
feature_9,0.15172253209215963,0.09207583196944899,0.03485120455498878,0.022408963585434174,0.0,0.006369426751592357,0.006369426751592357,moderate,0.04182144546598654,True,0.0,,False,0.0,,False,0.0,0.16446138559534434,0.06003233575131828
feature_588,0.1303598200433768,0.0810423068313628,0.08489331336864228,0.09677419354838708,0.0010638297872340426,0.0,-0.0010638297872340426,moderate,0.09423157783919293,False,0.005943031350548496,40.0,True,0.01164654828608036,31.0,True,0.01164654828608036,0.16285231839184355,0.007397598048697814
feature_281,0.14224017886399565,0.0842607746863066,0.06699272335807056,0.125,0.0,0.006369426751592357,0.006369426751592357,moderate,0.075879513191284,False,0.00260385670883054,96.0,True,0.0,,False,0.00260385670883054,0.1623864932471858,0.021468780467745887
feature_285,0.1393886615564729,0.03716562906205104,0.8881885791323701,0.042642914004174116,0.0,0.009554140127388535,0.009554140127388535,moderate,0.9024158561436438,False,0.001360841910321503,147.0,True,0.0,,False,0.001360841910321503,0.16229066046064333,0.02331149850856883
feature_102,0.10233512555650828,0.08392536338396211,0.06794891725325804,0.08187134502923978,0.00425531914893617,0.0,-0.00425531914893617,moderate,0.07676671567543655,False,0.01385136810141003,18.0,True,0.024009061977267265,8.0,True,0.024009061977267265,0.15998517129313333,0.02332466851905298
feature_150,0.13668648826029645,0.05720394061708969,0.41005857788177996,0.0002550207204336205,0.0,0.009554140127388535,0.009554140127388535,moderate,0.42047577039147876,False,0.00070976915694116,177.0,True,0.0,,False,0.00070976915694116,0.1577350855858287,0.03511779478754246
feature_86,0.15576418575230422,0.10163978858923974,0.01419969800272994,0.09513742071881988,0.0,0.0,0.0,moderate,0.017962011148752403,True,0.0,,False,0.0,,False,0.0,0.15576418575230422,0.1022350201733219
feature_54,0.14510189568577475,0.09083238064129784,0.03826922697353053,0.15094339622641542,0.00425531914893617,0.0,-0.00425531914893617,moderate,0.04555371789878702,True,0.0,,False,0.0,,False,0.0,0.1536125339836471,0.12251659767497525
feature_23,0.14614087204942144,0.11585158828242771,0.0032594718515273997,0.13392295726775763,0.002127659574468085,0.0,-0.002127659574468085,moderate,0.004412211896579773,True,0.0,,False,0.0,,False,0.0,0.15039619119835762,0.018289685491892804
feature_107,0.14082126726402205,0.08312918504001307,0.07239190834792865,0.053714009194289855,0.00425531914893617,0.0,-0.00425531914893617,moderate,0.08137217039615272,False,0.0,,False,0.0,,False,0.0,0.1493319055618944,0.06506376400680788
feature_298,0.13495095853093272,0.1418861108470387,0.00013361109886691298,0.18145161290322595,0.002127659574468085,0.0,-0.002127659574468085,moderate,0.0002031620818387307,True,0.0034066365930437185,80.0,True,0.0025703369174152613,77.0,True,0.0034066365930437185,0.1484008551518249,0.008261456150503142
feature_456,0.14083819527684296,0.15766874910970471,1.4086512191778018e-05,0.23834260859655446,0.0010638297872340426,0.0,-0.0010638297872340426,moderate,2.501764565259776e-05,True,0.0,,False,0.0,,False,0.0,0.14296585485131105,0.0092480900329199
feature_490,0.13552847120212164,0.15484331452654476,2.2229118942434972e-05,0.23472538927617442,0.0,0.0031847133757961785,0.0031847133757961785,moderate,3.767072065053865e-05,True,0.0,,False,0.0,,False,0.0,0.141897897953714,0.0003810021383649255
feature_589,0.13293910475486437,0.12247410512606581,0.00153575844177346,0.09167229553190855,0.0010638297872340426,0.0,-0.0010638297872340426,moderate,0.0021510307512536786,True,0.0015331284971434262,137.0,True,0.0,,False,0.0015331284971434262,0.1391430189270208,0.006335042738776947
feature_136,0.12605075091621526,0.11297208090672267,0.004491080538039612,0.2289870689655173,0.006382978723404255,0.0,-0.006382978723404255,moderate,0.0059701789188311,True,0.0,,False,0.0,,False,0.0,0.13881670836302376,0.0011439680868639793
feature_239,0.13434356611848175,0.1446401951483941,9.001069526782191e-05,0.24999999999999953,0.0,0.0,0.0,moderate,0.00013924999546659558,True,0.0011445709124718393,154.0,True,0.0,,False,0.0011445709124718393,0.1374188808796208,0.12204432026547837
feature_156,0.1367400669038868,0.09936983331074671,0.017589306948137158,0.08764241893076256,0.0,0.0,0.0,moderate,0.021753906086275483,True,0.0,,False,0.0,,False,0.0,0.1367400669038868,0.016847869925517688
feature_311,0.13368396528800808,0.0829619530195424,0.07311304035113436,0.04261363636363641,0.0010638297872340426,0.0,-0.0010638297872340426,moderate,0.08176874034232659,False,0.0,,False,0.0,,False,0.0,0.13581162486247617,0.052091111507769704
feature_303,0.13120894726216745,0.1448739016473592,8.879651149527595e-05,0.1582360570687417,0.002127659574468085,0.0,-0.002127659574468085,moderate,0.00013882271515458635,True,0.0,,False,0.0,,False,0.0,0.13546426641110362,0.037578416077270096
feature_168,0.1303165785929995,0.15834612198334985,1.2679951268741397e-05,0.21399176954732513,0.002127659574468085,0.0,-0.002127659574468085,moderate,2.2610033587635266e-05,True,0.0,,False,0.0,,False,0.0,0.13457189774193568,0.010751364936962942
feature_161,0.1173851653171023,0.10907473551260984,0.00673173465577255,0.16683310032620996,0.002127659574468085,0.0,-0.002127659574468085,moderate,0.008663449817863803,True,0.005262040991121314,48.0,True,0.0,,False,0.005262040991121314,0.13399419549900135,0.005765637176242602
feature_418,0.11940455756696068,0.09120294599018003,0.03760805916794274,0.1301766189223447,0.0,0.006369426751592357,0.006369426751592357,moderate,0.04488703836173811,True,0.0,,False,0.0,,False,0.0,0.1321434110701454,0.0008152881231555982
feature_100,0.12216372072664589,0.11567042299526376,0.0033376576380649324,0.0,0.00425531914893617,0.0,-0.00425531914893617,moderate,0.004504316082981246,True,0.0,,False,0.0,,False,0.0,0.13067435902451824,0.1419144216483102
feature_296,0.11479105011299717,0.11221870628658347,0.004834767520533634,0.14239277276223564,0.002127659574468085,0.0,-0.002127659574468085,moderate,0.006350996387919922,True,0.004773874759911653,54.0,True,0.0,,False,0.004773874759911653,0.13000633119789717,0.012894544337333226
feature_472,0.12084848331070017,0.09904594697588329,0.018224440711368313,0.09645389964932821,0.00425531914893617,0.0,-0.00425531914893617,moderate,0.02241454757852502,True,0.0,,False,0.0,,False,0.0,0.12935912160857252,0.04513913805194168
feature_429,0.1279268100737034,0.1004133351402629,0.015920866773863757,0.08275323978689952,0.0,0.0,0.0,moderate,0.019856361931448057,True,0.0,,False,0.0,,False,0.0,0.1279268100737034,0.012163385299354172
feature_108,0.11889652949096624,0.0872733953944145,0.051732113037619966,0.0746907706945766,0.00425531914893617,0.0,-0.00425531914893617,moderate,0.06076470420291869,False,0.0,,False,0.0,,False,0.0,0.1274071677888386,0.04789106276088529
feature_271,0.11008083122313117,0.08272071359402065,0.07489756851512638,0.09896220882761994,0.006382978723404255,0.0,-0.006382978723404255,moderate,0.08355407140883445,False,0.0018829814260415928,121.0,True,0.0,,False,0.0018829814260415928,0.1269923918810672,0.012638185166284602
feature_361,0.12644838769308783,0.1198400867326196,0.002095734626371455,0.017956965998946906,0.0,0.0,0.0,moderate,0.0028808240684486874,True,0.0,,False,0.0,,False,0.0,0.12644838769308783,0.07463728292703142
feature_366,0.12607089068952906,0.11298956498170484,0.004405944960589833,0.047619047619047734,0.0,0.0,0.0,moderate,0.005881491717600701,True,0.0,,False,0.0,,False,0.0,0.12607089068952906,0.03062782320056628
feature_561,0.12382337723580593,0.08548869579373639,0.05967315730506755,0.024754073695901737,0.0010638297872340426,0.0,-0.0010638297872340426,moderate,0.06863959026800516,False,0.0,,False,0.0,,False,0.0,0.125951036810274,0.07927918732773584
feature_10,0.09275661552968052,0.0683442444080742,0.21177114876645886,0.04943820224719102,0.0,0.006369426751592357,0.006369426751592357,low,0.22387235726739937,False,0.00920417791955173,28.0,True,0.0,,False,0.00920417791955173,0.12257043688387792,0.08382441175505263
feature_432,0.11737127850951046,0.0871144731302541,0.05232296495868292,0.048099588626073844,0.002127659574468085,0.0,-0.002127659574468085,moderate,0.0612965605320718,False,0.0,,False,0.0,,False,0.0,0.12162659765844663,0.09228146697585253
feature_137,0.11287854733568514,0.06008084272415483,0.346974341287175,0.040777317617075724,0.00425531914893617,0.0,-0.00425531914893617,moderate,0.3582711803058272,False,0.0,,False,0.0,,False,0.0,0.12138918563355748,0.0373449203758795
feature_587,0.08362167227392336,0.09799013722417804,0.020017391553400713,0.0048780487804877745,0.0010638297872340426,0.0,-0.0010638297872340426,low,0.024551717816878222,True,0.020290084511220958,7.0,True,0.01940302737057209,12.0,True,0.020290084511220958,0.11968314779654202,0.017442603499367597
feature_495,0.11817938942706738,0.09300718254506031,0.031501037506412595,0.06725004051207237,0.0,0.0,0.0,moderate,0.03800668655664998,True,0.0,,False,0.0,,False,0.0,0.11817938942706738,0.02390580055014896
feature_310,0.09111811648693105,0.07699273519057406,0.11520869728691144,0.0019455252918285796,0.0010638297872340426,0.0,-0.0010638297872340426,low,0.12445903064571455,False,0.0036862152021096533,71.0,True,0.012910128571093082,24.0,True,0.012910128571093082,0.11677270804144146,0.035080001299164984
feature_1,0.10812648563414987,0.05892400239533997,0.37004872033081526,0.02062088641563591,0.00425531914893617,0.0,-0.00425531914893617,moderate,0.3812102826609791,False,0.0,,False,0.0,,False,0.0,0.1166371239320222,0.0626619830538159
feature_99,0.10767547220113566,0.07881485110784474,0.10093981907638205,0.061847053907229416,0.00425531914893617,0.0,-0.00425531914893617,moderate,0.1098462737007687,False,0.0,,False,0.0,,False,0.0,0.116186110499008,0.022920649247239095
feature_188,0.10699336321070055,0.08045216825054435,0.08899929717931669,0.04436168628035169,0.0010638297872340426,0.0,-0.0010638297872340426,moderate,0.09805381624718762,False,0.0008046483359348447,172.0,True,0.002642962383106351,75.0,True,0.002642962383106351,0.11477661146932697,0.017280676913055737
feature_409,0.09912424276444051,0.11283569061225603,0.004557220321190518,0.19446568300499412,0.006382978723404255,0.0,-0.006382978723404255,low,0.006040017380921164,True,0.0,,False,0.0,,False,0.0,0.11189020021124903,0.0015281768332130632
feature_20,0.11087197776521532,0.0910556986041469,0.03741681462383321,0.047267355982269936,0.0,0.0,0.0,moderate,0.04477915281127209,True,0.0,,False,0.0,,False,0.0,0.11087197776521532,0.011896453394333492
feature_359,0.11032060411934765,0.08999186881691286,0.041000804331833895,0.02678571428571412,0.0,0.0,0.0,moderate,0.048624507600656765,True,0.0,,False,0.0,,False,0.0,0.11032060411934765,0.04814610833176112
feature_388,0.10983296078542332,0.1405610516330126,0.0001561160250128701,0.22665961273939275,0.0,0.0,0.0,moderate,0.00023417403751930512,True,0.0,,False,0.0,,False,0.0,0.10983296078542332,0.09917983057844836
feature_184,0.1075133161841031,0.12796510720850884,0.0007976846020332184,0.212345679012346,0.0010638297872340426,0.0,-0.0010638297872340426,moderate,0.001124355439056346,True,0.0,,False,0.0,,False,0.0,0.1096409757585712,0.013787732672995157
feature_115,0.08320393098495149,0.11297601300989293,0.004411118788200526,0.11342088353939556,0.0,0.0,0.0,low,0.005881491717600701,True,0.015028817768480569,13.0,True,0.0,,False,0.015028817768480569,0.1082130653128329,0.07085563334781901
feature_356,0.10135573923683427,0.11977431853714907,0.002119297492749693,0.1772611340003923,0.0,0.0031847133757961785,0.0031847133757961785,moderate,0.002904222490064394,True,0.0,,False,0.0,,False,0.0,0.10772516598842663,0.012146279980409775
feature_386,0.10768170571901331,0.13488955142973302,0.00033592741975350016,0.18497109826589608,0.0,0.0,0.0,moderate,0.00048742409925017674,True,0.0,,False,0.0,,False,0.0,0.10768170571901331,0.007882909802298048
feature_582,0.1052919316645562,0.0791531850525359,0.09811910860437059,0.06382978723403576,0.0010638297872340426,0.0,-0.0010638297872340426,moderate,0.10703902756840429,False,0.0,200.0,True,0.0,,False,0.0,0.10741959123902428,0.08231880415658503
feature_272,0.09219010046937255,0.04424574010561272,0.7253914744994188,0.034542304719433085,0.00425531914893617,0.0,-0.00425531914893617,low,0.7387014098113347,False,0.0035622705954433996,73.0,True,0.0,,False,0.0035622705954433996,0.10726886044910526,0.09837001158566396
feature_367,0.09853669652972438,0.06964178779465403,0.19292128394076202,0.11764705882352945,0.00425531914893617,0.0,-0.00425531914893617,low,0.20541259009519985,False,0.0,,False,0.0,,False,0.0,0.10704733482759672,0.027296941030137196
feature_460,0.060028107102981204,0.06540024283863441,0.2527227307143574,0.013025599206010402,0.0010638297872340426,0.0,-0.0010638297872340426,low,0.2635924401070712,False,0.02244256372718966,6.0,True,0.03499160706996918,4.0,True,0.03499160706996918,0.10416536541548017,0.12759968656666337
feature_218,0.09389330942838327,0.16445856841819048,5.0856281765346495e-06,0.20732154158755559,0.0,0.0031847133757961785,0.0031847133757961785,low,9.369373072121928e-06,True,0.001741861263223843,127.0,True,0.0,,False,0.001741861263223843,0.10353371855135944,0.007705991360597438
feature_583,0.0997324778243182,0.10009971307055208,0.016408568882510487,0.09803921568627459,0.0010638297872340426,0.0,-0.0010638297872340426,low,0.020407295753038252,True,0.0,,False,0.0,,False,0.0,0.10186013739878629,0.0009183739173005857
feature_320,0.09761963529906342,0.1306003812159568,0.0005757284942239485,0.17231638418079118,0.0010638297872340426,0.0,-0.0010638297872340426,low,0.0008245917788239778,True,0.0,,False,0.0,,False,0.0,0.09974729487353151,0.0051099636243296595
feature_585,0.09723792980654562,0.10434938917265284,0.010852665521918891,0.10858736800159392,0.0010638297872340426,0.0,-0.0010638297872340426,low,0.013886407757152703,True,0.0,,False,0.0,,False,0.0,0.09936558938101371,0.003824761797950412
feature_228,0.09846797806515459,0.08544518227402087,0.05988221174630756,0.042553191489361646,0.0,0.0,0.0,low,0.06870207239111256,False,0.0,,False,0.0,,False,0.0,0.09846797806515459,0.03907754611093138
feature_434,0.08455312008004859,0.08631320196107724,0.05586729398401195,0.1713106714707513,0.002127659574468085,0.0,-0.002127659574468085,low,0.06476521809112612,False,0.0023098520412087784,107.0,True,0.004311030264943838,58.0,True,0.004311030264943838,0.09609866042219517,0.0026804781883002005
feature_88,0.09493735290464658,0.09974928852147988,0.017004811728307506,0.11785165549496035,0.0,0.0,0.0,low,0.021089766501029422,True,0.0,,False,0.0,,False,0.0,0.09493735290464658,0.019320956987666917
feature_321,0.0917167708552897,0.10400344586665582,0.011252960269643024,0.025923091639563713,0.0010638297872340426,0.0,-0.0010638297872340426,low,0.014357225171613515,True,0.0,,False,0.0,,False,0.0,0.09384443042975779,0.021595466703091825
feature_584,0.09106108549158204,0.10299953195905659,0.012420034758780455,0.10000000000000021,0.0010638297872340426,0.0,-0.0010638297872340426,low,0.015800846512603214,True,0.0,,False,0.0,,False,0.0,0.09318874506605013,0.009966503064013506
feature_94,0.08313099872810914,0.08453100332081223,0.06473212685382872,0.0,0.00425531914893617,0.0,-0.00425531914893617,low,0.07350655837109962,False,0.0,,False,0.0,,False,0.0,0.09164163702598148,0.04008749373393229
feature_457,0.08934466917877744,0.09911614876918798,0.018008189690821817,0.09284803523820542,0.0010638297872340426,0.0,-0.0010638297872340426,low,0.022210100618680242,True,0.0,,False,0.0,,False,0.0,0.09147232875324553,0.0424658212795333
feature_522,0.09128266980214339,0.10508876541536794,0.01010562559953924,0.1678403084552676,0.0,0.0,0.0,low,0.012967912619061914,True,0.0,,False,0.0,,False,0.0,0.09128266980214339,0.0845984876600923
feature_410,0.08249172333623389,0.052983287059720184,0.5033011134798896,0.027066486972147544,0.00425531914893617,0.0,-0.00425531914893617,low,0.5148979133296566,False,0.0,,False,0.0,,False,0.0,0.09100236163410623,0.027938162016381007
feature_227,0.09021612007760364,0.08540452635858517,0.06007781411844547,0.07831325301204835,0.0,0.0,0.0,low,0.06874883883657162,False,0.0,,False,0.0,,False,0.0,0.09021612007760364,0.07755544319341068
feature_93,0.08630402506429954,0.10051497492885215,0.01580224511228331,0.05555555555555554,0.0,0.0,0.0,low,0.019819765056084154,True,0.0007861867475485148,173.0,True,0.0,,False,0.0007861867475485148,0.08766104667961248,0.05325725282815843
feature_185,0.0838652884149681,0.08297891102473834,0.0730199552708899,0.05446927374301683,0.0010638297872340426,0.0,-0.0010638297872340426,low,0.08176874034232659,False,0.0,,False,0.0,,False,0.0,0.08599294798943619,0.025476399907735436
feature_101,0.0773229458871792,0.029363329522565193,0.9827838130632776,0.0,0.00425531914893617,0.0,-0.00425531914893617,low,0.993977250569693,False,0.0,,False,0.0,,False,0.0,0.08583358418505153,0.017142663872332015
feature_419,0.0722444019843162,0.03563829787234043,0.9143698173216921,0.09675116469232567,0.0,0.006369426751592357,0.006369426751592357,low,0.9268954312576057,False,0.0,,False,0.0,,False,0.0,0.08498325548750091,0.03670954574751965
feature_365,0.08106995837052,0.10047431901341645,0.01585031905345935,0.09090909090909115,0.0,0.0,0.0,low,0.019824061013340707,True,0.000528248667609177,181.0,True,0.0,,False,0.000528248667609177,0.08192646032036717,0.03467690285857986
feature_68,0.07462082779794417,0.0767764038909924,0.11727184973339272,0.03769755251645133,0.0031914893617021275,0.0,-0.0031914893617021275,low,0.12638034291656886,False,0.0,,False,0.0,,False,0.0,0.08100380652134842,0.09687884749353314
feature_444,0.0746270842963765,0.11247566526254384,0.004698890311507849,0.08083832335329359,0.0010638297872340426,0.0,-0.0010638297872340426,low,0.0062092479116353716,True,0.0,,False,0.0,,False,0.0,0.07675474387084459,0.0050318016077532945
feature_173,0.07241177608774868,0.11141070253623926,0.0052640389132850175,0.09940273037542706,0.0010638297872340426,0.0,-0.0010638297872340426,low,0.006834015431282303,True,0.0,,False,0.0,,False,0.0,0.07453943566221677,0.00421150332724138
feature_223,0.07353583393048138,0.08356823417807291,0.0696289861640499,0.029861751562702005,0.0,0.0,0.0,low,0.07846515192090903,False,0.0,,False,0.0,,False,0.0,0.07353583393048138,0.030452502991327214
feature_447,0.0692555193050517,0.09486647266708723,0.026660017055118234,0.07193563653573168,0.0010638297872340426,0.0,-0.0010638297872340426,low,0.032430267321842454,True,0.0,,False,0.0,,False,0.0,0.07138317887951978,0.014913080150113465
feature_176,0.06608814495022966,0.09486647266708723,0.026660017055118234,0.09549945115257974,0.0010638297872340426,0.0,-0.0010638297872340426,low,0.032430267321842454,True,0.0,,False,0.0,,False,0.0,0.06821580452469775,0.02074689617542921
feature_250,0.06760863058727899,0.11813931427022632,0.0024959118200527344,0.1858936660501776,0.0,0.0,0.0,low,0.003399340024857098,True,0.0,,False,0.0,,False,0.0,0.06760863058727899,0.09541011815272907
feature_221,0.06504658174732711,0.08893481501558477,0.04485573285945421,0.09782608695652192,0.0,0.0,0.0,low,0.052967939865951254,False,0.0,,False,0.0,,False,0.0,0.06504658174732711,0.003128555743283956
feature_238,0.06268571867025254,0.07585716221710259,0.12523242147057165,0.05000000000000014,0.0,0.0,0.0,low,0.1343072346206131,False,0.0,,False,0.0,,False,0.0,0.06268571867025254,0.014194655952922653
feature_308,0.05650070201557482,0.0809439504012264,0.08554074942132231,0.026894865525672808,0.0010638297872340426,0.0,-0.0010638297872340426,low,0.09471344823707507,False,0.0,,False,0.0,,False,0.0,0.05862836159004291,0.012954730454510286
feature_291,0.058230122508820224,0.065374712020599,0.2529062601027305,0.02421307506053237,0.0,0.0,0.0,low,0.2635924401070712,False,0.0,,False,0.0,,False,0.0,0.058230122508820224,0.019503883782605203
feature_120,0.054073176164402416,0.06102452906897954,0.3285399324112662,0.03447584686310399,0.0,0.0,0.0,low,0.3400273426354364,False,0.0,,False,0.0,,False,0.0,0.054073176164402416,0.01660996280734209
feature_493,0.04755463145017016,0.08997154085919501,0.041067996284338486,0.13721420360199274,0.0,0.0,0.0,low,0.048624507600656765,True,0.0,,False,0.0,,False,0.0,0.04755463145017016,0.015736887314093628
feature_500,0.04239825349465419,0.08794552107331617,0.04875404251822704,0.0,0.0,0.0,0.0,low,0.057418554053296565,False,0.0,,False,0.0,,False,0.0,0.04239825349465419,0.13684580734284876
feature_104,0.030367077060667942,0.058727469846862716,0.3744671126397266,0.0625,0.0,0.0,0.0,low,0.384868976879719,False,0.0,,False,0.0,,False,0.0,0.030367077060667942,0.006460665622958152
feature_499,0.02866447750447343,0.06256945385553599,0.2993922622516923,0.0,0.0,0.0,0.0,low,0.3105844963545593,False,0.0,,False,0.0,,False,0.0,0.02866447750447343,0.035155804775631454
feature_376,0.01800292702590684,0.048339883453042416,0.6192619978034463,0.16666666666666674,0.0,0.0,0.0,low,0.6320743149993797,False,0.0,,False,0.0,,False,0.0,0.01800292702590684,0.07763958496480787
feature_511,0.010160971842125052,0.06591679089307494,0.2446789295323114,0.4330088427009944,0.0,0.0,0.0,low,0.25622038847251477,False,0.0,,False,0.0,,False,0.0,0.010160971842125052,0.04452137308816874
feature_249,0.0,0.0031914893617021275,1.0,0.0,0.0,0.0,0.0,low,1.0,False,0.00032126624326322793,185.0,True,0.0,99.0,True,0.00032126624326322793,0.0,0.005640795614152905
feature_387,0.0,0.0031914893617021275,1.0,0.0,0.0,0.0,0.0,low,1.0,False,0.0003033971091590042,186.0,True,0.0002758167975116521,97.0,True,0.0003033971091590042,0.0,0.0057120642455395455
feature_114,0.0,0.005319148936170213,1.0,0.0,0.0,0.0,0.0,low,1.0,False,0.0,194.0,True,0.0,98.0,True,0.0,0.0,0.006365861709068763
feature_521,0.0,0.005292044992546416,1.0,0.0,0.0,0.0,0.0,low,1.0,False,0.0,199.0,True,0.0,100.0,True,0.0,0.0,0.023267971499598875
