method,array_index,true_class,predicted_class,correct,baseline_confidence,active_attribution_mass,active_attribution_lift,top10_confidence_drop,random10_confidence_drop_mean,bottom10_confidence_drop,top_vs_random_advantage,top_vs_bottom_advantage,top10_prediction_changed
Grad-CAM,6320,Center,Center,True,0.6330228447914124,0.9651060104370117,1.211855983675659,0.63302132400338,0.6330191462479888,-0.339405357837677,2.1777553911306313e-06,0.972426681841057,True
Grad-CAM,9374,Center,Center,True,0.9958933591842651,0.9372361302375793,1.207207292280857,0.9958904706688827,0.9956840664090123,0.012965261936187744,0.00020640425987039634,0.982925208732695,True
Grad-CAM,10224,Center,Center,True,0.8172298669815063,0.8731111288070679,1.1068595430497523,0.8172298435979979,0.8172298032648797,0.8171995431748655,4.033311817863705e-08,3.03004231323456e-05,True
Grad-CAM,12469,Center,Center,True,0.9991869330406189,0.9561347365379333,1.2592694150673232,0.9991869143332561,0.9991868628469405,0.13534021377563477,5.148631565532469e-08,0.8638467005576214,True
Grad-CAM,12470,Center,Center,True,0.9965456128120422,0.9609895348548889,1.2656633873844454,0.9965446918370731,0.996543856235121,0.14036691188812256,8.356019520761038e-07,0.8561777799489505,True
Grad-CAM,12497,Center,Center,True,0.9848954677581787,0.9354117512702942,1.2264553563390286,0.984895320035335,0.9848427404249378,0.2781946063041687,5.257961039717429e-05,0.7067007137311663,True
Grad-CAM,18814,Center,Center,True,0.9994155168533325,0.9717209339141846,1.2789745968227828,0.9994153295781132,0.9994096514228659,0.005330085754394531,5.678155247323957e-06,0.9940852438237187,True
Grad-CAM,19375,Center,Center,True,0.953316867351532,0.9134734272956848,1.1799391858098787,0.9533161056945687,0.9487484870478511,0.11801987886428833,0.004567618646717619,0.8352962268302804,True
Grad-CAM,23384,Center,Center,True,0.942673921585083,0.9212103486061096,1.1978659009176587,0.9426739215826877,0.9426603007759695,0.8552343845367432,1.362080671818422e-05,0.08743953704594454,True
Grad-CAM,24140,Center,Center,True,0.9962090253829956,0.9333734512329102,1.2380497591483162,0.9962089027134624,0.996207063693646,0.023706793785095215,1.8390198164297544e-06,0.9725021089283672,True
Grad-CAM,24389,Center,Center,True,0.8959242701530457,0.931255042552948,1.219443943189538,0.8959224748812176,0.8959241381441814,0.7813766449689865,-1.663262963802481e-06,0.11454582991223106,True
Grad-CAM,24396,Center,Center,True,0.9983763694763184,0.9459679126739502,1.2387099009950449,0.9983748500090996,0.9983730917767843,0.014460861682891846,1.7582323152964818e-06,0.9839139883262078,True
Grad-CAM,24404,Center,Center,True,0.966032862663269,0.9472696185112,1.2404144365159446,0.966032751458016,0.9660319377435371,0.7545198798179626,8.137144789088779e-07,0.2115128716400534,True
Grad-CAM,25347,Center,Center,True,0.9925960898399353,0.9651253819465637,1.2654140731284012,0.9925950040861835,0.9925912089288431,-0.007116436958312988,3.7951573403915972e-06,0.9997114410444965,True
Grad-CAM,25360,Center,Center,True,0.9992709755897522,0.9469861388206482,1.2416309937930137,0.9989054699253757,0.9992511324544466,0.08598524332046509,-0.00034566252907097805,0.9129202266049106,True
Grad-CAM,25482,Center,Center,True,0.9985296726226807,0.9396725296974182,1.2320418315110835,0.9984647293749731,0.998294772580266,0.049708008766174316,0.00016995679470710456,0.9487567206087988,True
Grad-CAM,25501,Center,Center,True,0.9999899864196777,0.9708066582679749,1.2728630192911732,0.9999896481753012,0.9998072460584808,4.506111145019531e-05,0.00018240211682041263,0.999944587063851,True
Grad-CAM,25527,Center,Center,True,0.9999310970306396,0.9639701247215271,1.2638993696732954,0.9999310561539083,0.9995495732291602,0.0008575916290283203,0.0003814829247481555,0.99907346452488,True
Grad-CAM,25796,Center,Center,True,0.9999616146087646,0.9554367661476135,1.2527109456276009,0.9999615708801279,0.9997852259257343,0.0011696219444274902,0.00017634495439367015,0.9987919489357004,True
Grad-CAM,25838,Center,Center,True,0.9989830851554871,0.9471240639686584,1.2418118329115317,0.9989811470197765,0.9989631598691631,0.07789987325668335,1.798715061340772e-05,0.9210812737630931,True
Grad-CAM,25871,Center,Center,True,0.9997603297233582,0.9347191452980042,1.2255472532460387,0.9997596435093783,0.9989334306446835,0.01279836893081665,0.0008262128646947531,0.9869612745785616,True
Grad-CAM,26239,Center,Center,True,0.999500036239624,0.9353224635124207,1.2263382876270406,0.9994762919614004,0.9991925815702416,0.013081848621368408,0.00028371039115882013,0.986394443340032,True
Grad-CAM,26241,Center,Center,True,0.9996610879898071,0.9354695677757263,1.226531161846791,0.9996561433085844,0.9987288230913691,0.00548940896987915,0.0009273202172153105,0.9941667343387053,True
Grad-CAM,26247,Center,Center,True,0.9967516660690308,0.9276514649391174,1.216280537897127,0.9967317395166901,0.9961928005213849,0.13767188787460327,0.0005389389953052159,0.8590598516420869,True
Grad-CAM,26490,Center,Center,True,0.9996980428695679,0.9421967267990112,1.235351406199984,0.9996980319934048,0.9996724223074125,0.0036647915840148926,2.5609685992300513e-05,0.9960332404093899,True
Grad-CAM,26520,Center,Center,True,0.9998819828033447,0.9618923664093018,1.2611751385443342,0.9998525732971757,0.9998627565601055,0.0050751566886901855,-1.0183262929785997e-05,0.9947774166084855,True
Grad-CAM,26740,Center,Center,True,0.9997503161430359,0.9785279631614685,1.2829867276278408,0.9997503066795819,0.9997493607179422,0.000843346118927002,9.459616396867432e-07,0.9989069605606549,True
Grad-CAM,26843,Center,Center,True,0.9999712705612183,0.9602128267288208,1.258973027618838,0.9999658839642507,0.9999436681209772,0.0009859204292297363,2.221584327344317e-05,0.9989799635350209,True
Grad-CAM,27048,Center,Center,True,0.9999765157699585,0.9514402151107788,1.2474709094410212,0.9999746400858385,0.9999252141278703,0.0017101168632507324,4.94259579681966e-05,0.9982645232225877,True
Grad-CAM,27144,Center,Center,True,0.9999741315841675,0.9655827879905701,1.2660137962898128,0.9999730833609419,0.9999683965515942,0.003578484058380127,4.686809347731469e-06,0.9963945993025618,True
Grad-CAM,27224,Center,Center,True,0.9989118576049805,0.9516217112541199,1.247708876215389,0.9989085528161468,0.9988894043053733,0.01890462636947632,1.9148510773447924e-05,0.9800039264466704,True
Grad-CAM,27242,Center,Center,True,0.9998188614845276,0.9437865018844604,1.2374358232134284,0.9998187786490362,0.9998150567002995,0.02002120018005371,3.7219487367678994e-06,0.9797975784689825,True
Grad-CAM,27245,Center,Center,True,0.9998981952667236,0.9429133534431458,1.2362910037461987,0.9998772643193661,0.9990002548438497,0.0020893216133117676,0.0008770094755163882,0.9977879427060543,True
Grad-CAM,27553,Center,Center,True,0.9981210827827454,0.9547391533851624,1.2422527230831084,0.9981208692971393,0.99806335609901,0.03431886434555054,5.751319812929978e-05,0.9638020049515887,True
Grad-CAM,27816,Center,Center,True,0.9980520009994507,0.9486444592475891,1.2358930359663247,0.9980492299512207,0.9980011288789683,0.019360244274139404,4.810107225239335e-05,0.9786889856770813,True
Grad-CAM,27848,Center,Center,True,0.9954108595848083,0.955528974533081,1.2448621754731235,0.9954107282140399,0.995403189690478,0.022815048694610596,7.538523561834154e-06,0.9725956795194293,True
Grad-CAM,27957,Center,Center,True,0.9999233484268188,0.9663505554199219,1.2670204465428938,0.9999209297413927,0.9998156658693915,0.0007654428482055664,0.00010526387200116005,0.9991554868931871,True
Grad-CAM,27962,Center,Center,True,0.9994668364524841,0.9473704695701599,1.2421349050446142,0.9994667928717895,0.9994343676225981,0.006812870502471924,3.242524919144785e-05,0.9926539223693176,True
Grad-CAM,28068,Center,Center,True,0.9992259740829468,0.9509209990501404,1.2467901447213108,0.9992256862385602,0.9991630189615535,0.01030886173248291,6.266727700676711e-05,0.9889168245060773,True
Grad-CAM,28098,Center,Center,True,0.9999890327453613,0.9602908492088318,1.2590753259793135,0.9999889674821958,0.9999566522565146,0.00021857023239135742,3.231522568114542e-05,0.9997703972498044,True
Grad-CAM,29379,Center,Center,True,0.9868869185447693,0.9610629081726074,1.2067791759273452,0.9868869012063257,0.9868670629020926,0.045577824115753174,1.983830423313293e-05,0.9413090770905725,True
Grad-CAM,72469,Center,Center,True,0.9826551675796509,0.9430943131446838,1.234947028977182,0.9826551349714698,0.9825631895291735,0.22766190767288208,9.194544229629287e-05,0.7549932272985878,True
Grad-CAM,119392,Center,Center,True,0.9693149924278259,0.9829480051994324,1.2809911006353405,0.9693149803729719,0.9693149747573937,0.00595623254776001,5.615578224649198e-09,0.9633587478252119,True
Grad-CAM,124431,Center,Center,True,0.9976699948310852,0.948986828327179,1.2347681222452749,0.9976673064604711,0.997654063603477,0.025254786014556885,1.3242856994111207e-05,0.9724125204459142,True
Grad-CAM,125526,Center,Center,True,0.6181877255439758,0.917583167552948,1.1939074505390328,0.6181875561281345,0.6181876617544333,0.6181518144767324,-1.056262988186063e-07,3.574165140207697e-05,True
Grad-CAM,125599,Center,Center,True,0.9721587300300598,0.9496137499809265,1.2355838373322348,0.9719260445272084,0.9721585752346016,0.4169095754623413,-0.00023253070739315262,0.5550164690648671,True
Grad-CAM,126067,Center,Center,True,0.8857657313346863,0.9502898454666138,1.2364635346350858,0.8857634829910239,0.8857651449309856,-0.024859607219696045,-1.661939961650205e-06,0.91062309021072,True
Grad-CAM,159273,Center,Center,True,0.512832760810852,0.9656714200973511,1.284217576856737,0.5128326564147656,0.5128327582575438,0.07772016525268555,-1.0184277821068122e-07,0.43511249116208006,True
Grad-CAM,166573,Center,none,False,0.5854945182800293,0.7887842655181885,1.0115404982975893,-0.414150595664978,-0.41405296325683594,-0.41439032554626465,-9.763240814208984e-05,0.0002397298812866211,False
Grad-CAM,169928,Center,Center,True,0.5273635387420654,0.9250946640968323,1.1863455679839152,0.5273629988803918,0.5273634230966451,0.4891543760895729,-4.242162532364091e-07,0.038208622790818936,True
Grad-CAM,6723,Donut,Donut,True,0.9999998807907104,0.881056547164917,1.1277523803710938,0.0014175176620483398,9.59634780883789e-06,2.0265579223632812e-06,0.001407921314239502,0.0014154911041259766,False
Grad-CAM,6724,Donut,Donut,True,0.9999918937683105,0.8573549389839172,1.1046636772815743,0.17042654752731323,0.00029647350311279297,1.2159347534179688e-05,0.17013007402420044,0.17041438817977905,False
Grad-CAM,9668,Donut,Donut,True,0.9998340606689453,0.8787490129470825,1.1105695640330917,0.0004931092262268066,0.0074615478515625,7.212162017822266e-06,-0.006968438625335693,0.0004858970642089844,False
Grad-CAM,9670,Donut,Donut,True,0.9998106360435486,0.8779435157775879,1.1095515706957728,0.0005369186401367188,0.010129988193511963,-3.641843795776367e-05,-0.009593069553375244,0.0005733370780944824,False
Grad-CAM,9671,Donut,Donut,True,0.9998540878295898,0.8805758357048035,1.1128783162748765,0.000497281551361084,0.004149794578552246,6.4373016357421875e-06,-0.003652513027191162,0.0004908442497253418,False
Grad-CAM,9672,Donut,Donut,True,0.999832272529602,0.8787984848022461,1.1106320869330453,0.0005437135696411133,0.007398128509521484,-4.482269287109375e-05,-0.006854414939880371,0.000588536262512207,False
Grad-CAM,9673,Donut,Donut,True,0.9997977614402771,0.8771383762359619,1.108534029331225,0.0005453824996948242,0.009138047695159912,-4.7266483306884766e-05,-0.008592665195465088,0.000592648983001709,False
Grad-CAM,9674,Donut,Donut,True,0.9998387098312378,0.8767744302749634,1.1080740717081918,0.0006196498870849609,0.003945887088775635,-1.3828277587890625e-05,-0.003326237201690674,0.0006334781646728516,False
Grad-CAM,9678,Donut,Donut,True,0.9998530149459839,0.8774815797805786,1.1089677725335545,0.0005581378936767578,0.012680530548095703,-1.1563301086425781e-05,-0.012122392654418945,0.0005697011947631836,False
Grad-CAM,15047,Donut,Donut,True,0.8018506765365601,0.9381213784217834,1.1830496200787022,0.799261225387454,-0.056632816791534424,-0.05297631025314331,0.8558940421789885,0.8522375356405973,True
Grad-CAM,18630,Donut,Donut,True,0.9999788999557495,0.934278130531311,1.1822067416299815,0.27632397413253784,0.00010561943054199219,-1.2040138244628906e-05,0.27621835470199585,0.27633601427078247,False
Grad-CAM,20239,Donut,Donut,True,0.9997275471687317,0.9336417317390442,1.2124909743827283,0.6031536757946014,0.0028336644172668457,0.00016117095947265625,0.6003200113773346,0.6029925048351288,True
Grad-CAM,20242,Donut,Donut,True,0.999995231628418,0.9293392896652222,1.2069035290008718,0.02367234230041504,0.00016945600509643555,6.198883056640625e-06,0.023502886295318604,0.0236661434173584,False
Grad-CAM,20246,Donut,Donut,True,0.9847161769866943,0.9079563021659851,1.1791341197437777,0.8681208193302155,-0.004945516586303711,-0.010163187980651855,0.8730663359165192,0.8782840073108673,True
Grad-CAM,20265,Donut,Donut,True,0.9970056414604187,0.9568412899971008,1.2426195066037176,0.9928026995621622,0.026065170764923096,0.0016192197799682617,0.9667375287972391,0.9911834797821939,True
Grad-CAM,20266,Donut,Donut,True,0.994384765625,0.8723365664482117,1.1328758960595673,0.19157123565673828,0.016586661338806152,0.0027627944946289062,0.17498457431793213,0.18880844116210938,False
Grad-CAM,20268,Donut,Donut,True,0.999725878238678,0.9198638796806335,1.1945981138782102,0.12942910194396973,0.0030524134635925293,0.0002770423889160156,0.1263766884803772,0.1291520595550537,False
Grad-CAM,20270,Donut,Donut,True,0.999922513961792,0.9472771286964417,1.230198832955176,0.1298423409461975,0.0013294816017150879,0.00010305643081665039,0.12851285934448242,0.12973928451538086,False
Grad-CAM,20271,Donut,Donut,True,0.9996004700660706,0.9159157276153564,1.1894707737198795,0.10531967878341675,0.010647177696228027,0.0011827349662780762,0.09467250108718872,0.10413694381713867,False
Grad-CAM,20273,Donut,Donut,True,0.99997878074646,0.9404659867286682,1.2213534184022272,0.285075843334198,0.00017255544662475586,0.0,0.28490328788757324,0.285075843334198,False
Grad-CAM,20274,Donut,Donut,True,0.9996727705001831,0.9487718343734741,1.2321399599219245,0.3295431137084961,0.0016366839408874512,0.00041168928146362305,0.32790642976760864,0.32913142442703247,False
Grad-CAM,20347,Donut,Donut,True,0.9998369216918945,0.9667797088623047,1.255526216708941,0.8032744526863098,0.013065457344055176,0.00013709068298339844,0.7902089953422546,0.8031373620033264,True
Grad-CAM,20394,Donut,Donut,True,0.9983745813369751,0.94875168800354,1.2321137964687698,0.7140774428844452,0.0031322836875915527,0.0012363195419311523,0.7109451591968536,0.712841123342514,True
Grad-CAM,20400,Donut,Donut,True,0.9997019171714783,0.9450321197509766,1.2272833108750794,0.6808872818946838,0.0021973252296447754,7.456541061401367e-05,0.6786899566650391,0.6808127164840698,True
Grad-CAM,21527,Donut,Donut,True,0.8029782772064209,0.9118110537528992,1.1400421477936127,0.7957575190812349,-0.09108167886734009,-0.02700740098953247,0.886839197948575,0.8227649200707674,True
Grad-CAM,21529,Donut,Donut,True,0.9796059727668762,0.9589035511016846,1.1989221444787852,0.9539513736963272,0.031082093715667725,-0.006398439407348633,0.9228692799806595,0.9603498131036758,True
Grad-CAM,21530,Donut,Donut,True,0.805378794670105,0.9412958025932312,1.1769070840726115,0.8042752678738907,-0.12397998571395874,-0.06588917970657349,0.9282552535878494,0.8701644475804642,True
Grad-CAM,24249,Donut,Donut,True,0.9982876181602478,0.9664394855499268,1.2542890154665716,0.9406313113868237,0.008130490779876709,0.0026986002922058105,0.932500820606947,0.9379327110946178,True
Grad-CAM,24250,Donut,Donut,True,0.8496161103248596,0.9297497868537903,1.2066714597443362,0.4717870354652405,-0.13919109106063843,-0.1488446593284607,0.6109781265258789,0.6206316947937012,True
Grad-CAM,24252,Donut,Donut,True,0.860526978969574,0.973432719707489,1.2633651520665004,0.8563508475199342,0.859693817445077,0.03552335500717163,-0.0033429699251428246,0.8208274925127625,True
Grad-CAM,24254,Donut,Donut,True,0.6655325889587402,0.9497333765029907,1.232607069124287,0.6643486990360543,0.05661821365356445,0.06499588489532471,0.6077304853824899,0.5993528141407296,True
Grad-CAM,24357,Donut,Donut,True,0.898091197013855,0.9451735615730286,1.237669727686421,0.8917023856192827,0.12391412258148193,0.04537069797515869,0.7677882630378008,0.846331687644124,True
Grad-CAM,24421,Donut,Donut,True,0.9803873896598816,0.9779750108718872,1.2440328088606367,0.8832351043820381,0.18650299310684204,-0.001135706901550293,0.6967321112751961,0.8843708112835884,True
Grad-CAM,45427,Donut,Donut,True,0.9999936819076538,0.9579121470451355,1.2143634027535979,0.4229923486709595,0.00012767314910888672,2.384185791015625e-06,0.4228646755218506,0.42298996448516846,False
Grad-CAM,49861,Donut,Donut,True,0.5376567840576172,0.967385470867157,1.2398031566557806,0.5269675133749843,-0.3850519061088562,0.15086305141448975,0.9120194194838405,0.3761044619604945,True
Grad-CAM,49926,Donut,Donut,True,0.9944444298744202,0.982670783996582,1.2593928445713392,0.7976425588130951,0.010212302207946777,-0.00044286251068115234,0.7874302566051483,0.7980854213237762,True
Grad-CAM,50140,Donut,Center,False,0.6546688675880432,0.901602029800415,1.1554949668530976,0.6546688655774004,0.6546607644540927,0.6510264687240124,8.101123307735492e-06,0.0036423968533880746,True
Grad-CAM,51404,Donut,Loc,False,0.6546679139137268,0.9751233458518982,1.2497200327313438,0.26122337579727173,0.6166063882410526,-0.1091623306274414,-0.3553830124437809,0.37038570642471313,False
Grad-CAM,51414,Donut,Loc,False,0.5700942277908325,0.972562313079834,1.2495656318616688,0.5664547753985971,0.508660901337862,-0.037035465240478516,0.057793874060735106,0.6034902406390756,True
Grad-CAM,51806,Donut,Donut,True,0.5222098231315613,0.9709569215774536,1.244380335037938,0.5212838529259898,0.48168524727225304,0.1884460747241974,0.03959860565373674,0.3328377782017924,True
Grad-CAM,52219,Donut,Donut,True,0.8932309746742249,0.9635374546051025,1.2379703306344103,0.5482455790042877,-0.0746801495552063,-0.04539233446121216,0.622925728559494,0.5936379134654999,True
Grad-CAM,52301,Donut,Donut,True,0.9915741086006165,0.9739099144935608,1.249729013084469,0.9620778374373913,0.0008243918418884277,-0.0029448270797729492,0.9612534455955029,0.9650226645171642,True
Grad-CAM,53867,Donut,Loc,False,0.5260698199272156,0.9606497287750244,1.231170616102159,-0.46708089113235474,0.5158391771838069,0.04766097664833069,-0.9829200683161616,-0.5147418677806854,False
Grad-CAM,53869,Donut,Loc,False,0.6853206753730774,0.9748600125312805,1.2493825442203144,0.34070464968681335,0.6425564512610435,-0.17531585693359375,-0.3018518015742302,0.5160205066204071,True
Grad-CAM,53871,Donut,Donut,True,0.9925486445426941,0.9880281090736389,1.2678455935982536,0.9865318816155195,-0.0006862878799438477,-0.004153251647949219,0.9872181694954634,0.9906851332634687,True
Grad-CAM,53876,Donut,Loc,False,0.9522960186004639,0.9787165522575378,1.2543250932562187,0.3665561079978943,0.7800458371639252,0.03197646141052246,-0.4134897291660309,0.3345796465873718,False
Grad-CAM,93790,Donut,Donut,True,0.9254677295684814,0.8830039501190186,1.1607137932244864,0.923869306454435,-0.06741690635681152,-0.05019289255142212,0.9912862128112465,0.9740621990058571,True
Grad-CAM,126174,Donut,Donut,True,0.9175336956977844,0.942813515663147,1.2267357560852128,0.558511883020401,0.12025779485702515,-0.040617287158966064,0.43825408816337585,0.5991291701793671,True
Grad-CAM,132075,Donut,Donut,True,0.9687341451644897,0.9547025561332703,1.2517482938290252,0.9245050884783268,0.8445504158735275,0.030122041702270508,0.07995467260479927,0.8943830467760563,True
Grad-CAM,162779,Donut,Donut,True,0.9921033978462219,0.9766064882278442,1.2987597973315748,0.9643081948161125,0.02559882402420044,0.0016641020774841309,0.9387093707919121,0.9626440927386284,True
Grad-CAM,1734,Edge-Loc,Edge-Loc,True,0.7952803373336792,0.6926238536834717,0.8697079413511649,0.7931030581239611,0.4704486131668091,-0.13314014673233032,0.322654444957152,0.9262432048562914,True
Grad-CAM,8283,Edge-Loc,Edge-Loc,True,0.9955477714538574,0.8528344035148621,1.0984936216342374,0.9659637045115232,0.015713870525360107,-0.0007424354553222656,0.9502498339861631,0.9667061399668455,True
Grad-CAM,8308,Edge-Loc,Edge-Loc,True,0.9997761845588684,0.7698935866355896,1.0120295670280408,-0.00021976232528686523,-0.00016868114471435547,8.07642936706543e-05,-5.1081180572509766e-05,-0.00030052661895751953,False
Grad-CAM,8407,Edge-Loc,Edge-Loc,True,0.5169232487678528,0.8590636253356934,1.127073865911275,0.516632926010061,0.49184038303792477,0.24565115571022034,0.02479254297213629,0.2709817702998407,True
Grad-CAM,8685,Edge-Loc,Edge-Loc,True,0.9927037954330444,0.8550647497177124,1.0917534958989246,-0.005856454372406006,0.01968485116958618,-0.0062503814697265625,-0.025541305541992188,0.00039392709732055664,False
Grad-CAM,8706,Edge-Loc,Edge-Loc,True,0.9684223532676697,0.7679880261421204,0.9811849516775187,-0.03031289577484131,-0.02372521162033081,-0.008553862571716309,-0.006587684154510498,-0.021759033203125,False
Grad-CAM,8723,Edge-Loc,Edge-Loc,True,0.9774320125579834,0.8605620265007019,1.0987724627639885,0.927034504711628,0.9707069667056203,0.003941893577575684,-0.04367246199399233,0.9230926111340523,True
Grad-CAM,8794,Edge-Loc,none,False,0.5525240302085876,0.8408849239349365,1.0786923421351393,-0.41192013025283813,-0.44242703914642334,-0.4457104802131653,0.030506908893585205,0.03379034996032715,False
Grad-CAM,8993,Edge-Loc,Edge-Loc,True,0.9942967295646667,0.7659134268760681,0.9934076619646532,0.0004559159278869629,-0.005314946174621582,-0.005030214786529541,0.005770862102508545,0.005486130714416504,False
Grad-CAM,9133,Edge-Loc,Edge-Loc,True,0.9793047308921814,0.7918485403060913,1.0199407613502358,0.4247528314590454,0.7620181888341904,-0.0020285844802856445,-0.33726535737514496,0.42678141593933105,False
Grad-CAM,9315,Edge-Loc,Edge-Loc,True,0.9944431185722351,0.7964339256286621,1.0258469683569182,0.043290555477142334,0.002933800220489502,-0.00541764497756958,0.04035675525665283,0.048708200454711914,False
Grad-CAM,11261,Edge-Loc,Edge-Loc,True,0.9957078695297241,0.8783718943595886,1.1194185685428983,0.9931111300829798,-0.003781259059906006,0.0005806684494018555,0.9968923891428858,0.9925304616335779,True
Grad-CAM,13904,Edge-Loc,Edge-Loc,True,0.9985576272010803,0.8517245054244995,1.0787456939451918,0.0019009709358215332,-0.0010963678359985352,-0.0012226104736328125,0.0029973387718200684,0.0031235814094543457,False
Grad-CAM,20769,Edge-Loc,Edge-Loc,True,0.9997174143791199,0.7902979850769043,0.9845074655945864,-0.00027674436569213867,-0.00020736455917358398,-0.00016456842422485352,-6.937980651855469e-05,-0.00011217594146728516,False
Grad-CAM,21608,Edge-Loc,Edge-Loc,True,0.9528493285179138,0.8923244476318359,1.1379081374533002,0.9205827973783016,0.9505773852579296,-0.01645839214324951,-0.029994587879627943,0.9370411895215511,True
Grad-CAM,24356,Edge-Loc,Edge-Loc,True,0.9873589873313904,0.784062385559082,1.026700617407289,0.9849210097454488,0.8493170440196991,-0.009054899215698242,0.13560396572574973,0.9939759089611471,True
Grad-CAM,24589,Edge-Loc,Edge-Loc,True,0.9934788942337036,0.7708452939987183,0.9897750232660658,0.9852205170318484,0.0049746036529541016,-0.005288243293762207,0.9802459133788943,0.9905087603256106,True
Grad-CAM,24733,Edge-Loc,Edge-Loc,True,0.9976044297218323,0.8936594128608704,1.1378392773012511,0.9927155063487589,0.0215340256690979,-0.0021551847457885742,0.971181480679661,0.9948706910945475,True
Grad-CAM,24984,Edge-Loc,Edge-Loc,True,0.999962329864502,0.773973822593689,1.013490018332401,4.8041343688964844e-05,0.00045043230056762695,-3.445148468017578e-05,-0.0004023909568786621,8.249282836914062e-05,False
Grad-CAM,25715,Edge-Loc,Edge-Loc,True,0.9943813681602478,0.8063816428184509,1.0492183001856337,-0.0055335164070129395,-0.005573689937591553,-0.003501415252685547,4.017353057861328e-05,-0.0020321011543273926,False
Grad-CAM,39567,Edge-Loc,Edge-Loc,True,0.9862923622131348,0.6758054494857788,0.8883501672316271,0.9763557780534029,0.12635278701782227,0.010721147060394287,0.8500029910355806,0.9656346309930086,True
Grad-CAM,49927,Edge-Loc,Edge-Loc,True,0.994821310043335,0.8001015186309814,1.0254117084832604,0.9941658122115768,0.3828089237213135,-0.00046449899673461914,0.6113568884902634,0.9946303112083115,True
Grad-CAM,50943,Edge-Loc,Edge-Loc,True,0.9998776912689209,0.766185998916626,0.9844096146682874,-3.0040740966796875e-05,3.218650817871094e-05,-6.9141387939453125e-06,-6.222724914550781e-05,-2.3126602172851562e-05,False
Grad-CAM,53051,Edge-Loc,none,False,0.5916815400123596,0.8489817976951599,1.091471890571053,-0.3806198239326477,-0.40098071098327637,-0.4081478714942932,0.020360887050628662,0.027528047561645508,False
Grad-CAM,53548,Edge-Loc,Edge-Loc,True,0.9969755411148071,0.7695063948631287,0.9862009365955491,0.7812292575836182,0.013668060302734375,-0.001962602138519287,0.7675611972808838,0.7831918597221375,True
Grad-CAM,95993,Edge-Loc,Edge-Loc,True,0.794322669506073,0.8442971706390381,1.090927826794164,0.7940321819041856,0.7707515861839056,0.3301153779029846,0.023280595720279962,0.46391680400120094,True
Grad-CAM,100167,Edge-Loc,Edge-Loc,True,0.9980138540267944,0.8397475481033325,1.085049197801656,0.0037084221839904785,0.13546967506408691,-0.000849604606628418,-0.13176125288009644,0.0045580267906188965,False
Grad-CAM,100770,Edge-Loc,Edge-Loc,True,0.9993230104446411,0.8500165939331055,1.098317971214511,0.997037495020777,0.42757129669189453,-0.00045734643936157227,0.5694661983288825,0.9974948414601386,True
Grad-CAM,107243,Edge-Loc,Edge-Loc,True,0.4336813986301422,0.9209094047546387,1.172170578581417,0.4292772845365107,0.43225072405766696,0.17512881755828857,-0.0029734395211562514,0.25414846697822213,True
Grad-CAM,120150,Edge-Loc,Edge-Loc,True,0.9435237050056458,0.8883771896362305,1.1559062797808133,0.9426740233320743,0.9147989843040705,0.20507508516311646,0.027875039028003812,0.7375989381689578,True
Grad-CAM,120346,Edge-Loc,none,False,0.753803014755249,0.8728550672531128,1.1357097698439484,-0.13035684823989868,-0.24356436729431152,-0.2457759976387024,0.11320751905441284,0.11541914939880371,False
Grad-CAM,121601,Edge-Loc,Edge-Loc,True,0.8820939064025879,0.7526388168334961,0.9792911670108005,0.8616641256958246,0.4718248248100281,-0.08923792839050293,0.38983930088579655,0.9509020540863276,True
Grad-CAM,121612,Edge-Loc,Loc,False,0.5183530449867249,0.8750192523002625,1.1385256853309642,0.45909150317311287,0.5121854236349463,-0.17063546180725098,-0.05309392046183348,0.6297269649803638,True
Grad-CAM,121649,Edge-Loc,Edge-Loc,True,0.9101166725158691,0.7834929823875427,1.0194368665372855,0.887645747512579,0.9039188674651086,0.04998946189880371,-0.01627311995252967,0.8376562856137753,True
Grad-CAM,129349,Edge-Loc,Edge-Loc,True,0.9984318614006042,0.8283213973045349,1.0860449562610035,0.9949582836125046,0.5719601511955261,-0.0009465813636779785,0.4229981324169785,0.9959048649761826,True
Grad-CAM,129398,Edge-Loc,Edge-Loc,True,0.5104449391365051,0.7444617748260498,0.9760932873519527,0.5027891681529582,0.5085807889699936,0.455203328281641,-0.005791620817035437,0.04758583987131715,True
Grad-CAM,130901,Edge-Loc,Edge-Loc,True,0.932378351688385,0.8755201697349548,1.1479291341979434,0.9307494446402416,0.9319195287243929,0.26795893907546997,-0.0011700840841513127,0.6627905055647716,True
Grad-CAM,131098,Edge-Loc,Edge-Loc,True,0.9764617085456848,0.8512669801712036,1.1161298177916934,0.9752653237665072,0.9752753116190434,0.11342072486877441,-9.987852536141872e-06,0.8618445988977328,True
Grad-CAM,131220,Edge-Loc,Edge-Loc,True,0.9985213875770569,0.8415786623954773,1.103427081040933,0.9831603104248643,0.4581792950630188,-0.0010066628456115723,0.5249810153618455,0.9841669732704759,True
Grad-CAM,131459,Edge-Loc,Edge-Loc,True,0.9283291697502136,0.8853444457054138,1.1608101311169574,0.9275239924318157,0.9269888980779797,0.13547396659851074,0.0005350943538360298,0.792050025833305,True
Grad-CAM,132979,Edge-Loc,Edge-Loc,True,0.7117932438850403,0.8711912631988525,1.1422533335667413,0.7107961315196007,0.7095154505223036,0.4226941466331482,0.0012806809972971678,0.28810198488645256,True
Grad-CAM,139798,Edge-Loc,Edge-Loc,True,0.9961897730827332,0.858985960483551,1.1092075958829208,0.9743692129850388,0.7431969344615936,-0.0015610456466674805,0.23117227852344513,0.9759302586317062,True
Grad-CAM,142937,Edge-Loc,Edge-Loc,True,0.9973819851875305,0.742394745349884,0.9702772421675574,0.9934945409186184,0.9428747668862343,0.0004259943962097168,0.05061977403238416,0.9930685465224087,True
Grad-CAM,147242,Edge-Loc,Edge-Loc,True,0.999731719493866,0.8050112128257751,1.034292950983179,0.7552785873413086,0.0001431107521057129,-0.00018733739852905273,0.7551354765892029,0.7554659247398376,True
Grad-CAM,152123,Edge-Loc,Edge-Loc,True,0.6142712831497192,0.774376392364502,0.9986919720166877,0.6128622947726399,0.6095282821916044,0.10720080137252808,0.003334012581035495,0.5056614934001118,True
Grad-CAM,156067,Edge-Loc,none,False,0.5141288638114929,0.7723038196563721,1.027063780945617,0.04299786686897278,-0.4824563264846802,-0.48572689294815063,0.525454193353653,0.5287247598171234,True
Grad-CAM,159010,Edge-Loc,Edge-Loc,True,0.6191698908805847,0.8729655742645264,1.1609308416193183,0.6187970915052574,0.5604569688439369,0.5577380508184433,0.05834012266132049,0.061059040686814114,True
Grad-CAM,169840,Edge-Loc,Edge-Loc,True,0.9991931319236755,0.8053805232048035,1.0328236139783578,0.003472447395324707,2.968311309814453e-05,-0.00037920475006103516,0.0034427642822265625,0.003851652145385742,False
Grad-CAM,171723,Edge-Loc,Edge-Loc,True,0.9495413303375244,0.8419549465179443,1.0885882136797664,0.9420766504481435,0.5029610991477966,0.18309414386749268,0.43911555130034685,0.7589825065806508,True
Grad-CAM,172207,Edge-Loc,Edge-Loc,True,0.9787966012954712,0.7554811835289001,0.9767837524414062,0.004503726959228516,0.3065013289451599,-0.003655672073364258,-0.3019976019859314,0.008159399032592773,False
Grad-CAM,6897,Edge-Ring,Edge-Ring,True,0.9999998807907104,0.7954134941101074,1.0159069759510446,0.00013756752014160156,0.8503778427839279,7.748603820800781e-06,-0.8502402752637863,0.00012981891632080078,False
Grad-CAM,6911,Edge-Ring,Edge-Ring,True,0.9999996423721313,0.7971523404121399,1.018127841075187,0.0017510652542114258,0.9552278853952885,1.823902130126953e-05,-0.953476820141077,0.0017328262329101562,False
Grad-CAM,7109,Edge-Ring,Edge-Ring,True,0.9162749648094177,0.7989964485168457,1.0323941492507887,0.9098551133647561,0.887384433299303,0.6736663281917572,0.022470680065453053,0.2361887851729989,True
Grad-CAM,7426,Edge-Ring,Edge-Ring,True,1.0,0.7925852537155151,1.0110336964244004,2.9087066650390625e-05,0.4715780019760132,9.5367431640625e-07,-0.4715489149093628,2.8133392333984375e-05,False
Grad-CAM,7431,Edge-Ring,Edge-Ring,True,0.9999998807907104,0.7836980223655701,0.99969701015552,0.00021189451217651367,0.22339016199111938,6.794929504394531e-06,-0.22317826747894287,0.00020509958267211914,False
Grad-CAM,7445,Edge-Ring,Edge-Ring,True,1.0,0.7857608795166016,1.0023284218312052,7.700920104980469e-05,0.15479600429534912,1.1920928955078125e-06,-0.15471899509429932,7.581710815429688e-05,False
Grad-CAM,7449,Edge-Ring,Edge-Ring,True,0.9999998807907104,0.776025652885437,0.9899100199996107,0.0002486109733581543,0.6674320101737976,3.2186508178710938e-06,-0.6671833992004395,0.0002453923225402832,False
Grad-CAM,7874,Edge-Ring,Edge-Ring,True,1.0,0.7866365313529968,1.003445416512574,0.0004633665084838867,0.4372462034225464,2.0265579223632812e-06,-0.4367828369140625,0.00046133995056152344,False
Grad-CAM,7896,Edge-Ring,Edge-Ring,True,1.0,0.7807704210281372,0.9959625177612115,3.814697265625e-06,0.11197584867477417,2.384185791015625e-07,-0.11197203397750854,3.5762786865234375e-06,False
Grad-CAM,7901,Edge-Ring,Edge-Ring,True,1.0,0.7771554589271545,0.9913512176162022,1.990795135498047e-05,0.4862750172615051,1.9073486328125e-06,-0.48625510931015015,1.800060272216797e-05,False
Grad-CAM,8253,Edge-Ring,Edge-Ring,True,0.9999998807907104,0.7938216924667358,1.0126109163325288,3.635883331298828e-05,0.1657484769821167,5.0067901611328125e-06,-0.1657121181488037,3.135204315185547e-05,False
Grad-CAM,9934,Edge-Ring,Edge-Ring,True,0.9999997615814209,0.7977679371833801,1.02691938111349,0.0008872151374816895,0.9994968352839351,2.658367156982422e-05,-0.9986096201464534,0.0008606314659118652,False
Grad-CAM,10064,Edge-Ring,Edge-Ring,True,0.9999997615814209,0.797175943851471,1.0261573431853002,2.181529998779297e-05,0.9991373386001214,1.4424324035644531e-05,-0.9991155233001336,7.3909759521484375e-06,False
Grad-CAM,10336,Edge-Ring,Edge-Ring,True,0.9999998807907104,0.785970151424408,1.0025953722311975,0.00012028217315673828,0.9532150402665138,7.62939453125e-06,-0.9530947580933571,0.00011265277862548828,False
Grad-CAM,10529,Edge-Ring,Edge-Ring,True,0.9999998807907104,0.7632385492324829,0.9981561614483557,0.00020521879196166992,0.8296142816543579,3.933906555175781e-06,-0.8294090628623962,0.00020128488540649414,False
Grad-CAM,11031,Edge-Ring,Edge-Ring,True,0.9999874830245972,0.8004199266433716,1.030333129959538,0.002542853355407715,0.9186225831508636,0.0003132820129394531,-0.9160797297954559,0.0022295713424682617,False
Grad-CAM,11039,Edge-Ring,Edge-Ring,True,0.9999977350234985,0.8082438111305237,1.0404043527311833,0.00020760297775268555,0.9453221186995506,0.00012683868408203125,-0.9451145157217979,8.07642936706543e-05,False
Grad-CAM,11040,Edge-Ring,Edge-Ring,True,0.9999953508377075,0.8021062016487122,1.0325037718268777,0.002520620822906494,0.8562448769807816,6.73532485961914e-05,-0.8537242561578751,0.0024532675743103027,False
Grad-CAM,11185,Edge-Ring,Edge-Ring,True,0.9999998807907104,0.7860297560691833,1.0039220083752338,3.826618194580078e-05,0.9769048132002354,5.364418029785156e-06,-0.9768665470182896,3.2901763916015625e-05,False
Grad-CAM,11193,Edge-Ring,Edge-Ring,True,0.9999998807907104,0.7880873084068298,1.0065499267958762,4.0411949157714844e-05,0.8713052868843079,1.2874603271484375e-05,-0.8712648749351501,2.753734588623047e-05,False
Grad-CAM,11285,Edge-Ring,Edge-Ring,True,0.9999984502792358,0.7990153431892395,1.0205072796080839,0.00043147802352905273,0.7043852806091309,0.00017327070236206055,-0.7039538025856018,0.0002582073211669922,False
Grad-CAM,11289,Edge-Ring,Edge-Ring,True,0.9999998807907104,0.7985135912895203,1.01986643901524,0.0002116560935974121,0.9766005408018827,1.0609626770019531e-05,-0.9763888847082853,0.00020104646682739258,False
Grad-CAM,11293,Edge-Ring,Edge-Ring,True,0.9999998807907104,0.7944480776786804,1.0146739401845573,0.0015124082565307617,0.9761190116405487,2.6226043701171875e-06,-0.9746066033840179,0.0015097856521606445,False
Grad-CAM,11581,Edge-Ring,Edge-Ring,True,0.9999998807907104,0.7881563305854797,1.006638082344286,0.0011930465698242188,0.9533480927348137,4.76837158203125e-06,-0.9521550461649895,0.0011882781982421875,False
Grad-CAM,12295,Edge-Ring,Edge-Ring,True,0.9999896287918091,0.8100373148918152,1.0345846092288353,0.001839756965637207,0.752390056848526,0.0009657144546508789,-0.7505502998828888,0.0008740425109863281,False
Grad-CAM,12308,Edge-Ring,Edge-Ring,True,0.9999996423721313,0.7853285670280457,1.0030264454464843,0.047029852867126465,0.9695824775844812,2.562999725341797e-05,-0.9225526247173548,0.04700422286987305,False
Grad-CAM,12320,Edge-Ring,Edge-Ring,True,0.9999996423721313,0.7907619476318359,1.0099659923604616,0.0014924407005310059,0.9918811060488224,1.621246337890625e-05,-0.9903886653482914,0.0014762282371520996,False
Grad-CAM,12322,Edge-Ring,Edge-Ring,True,0.9999994039535522,0.7976266741752625,1.0187336630564001,0.0010830163955688477,0.9573001898825169,4.494190216064453e-05,-0.956217173486948,0.0010380744934082031,False
Grad-CAM,13071,Edge-Ring,Edge-Ring,True,0.9999982118606567,0.7694546580314636,0.9815279599180551,0.015582859516143799,0.5433132946491241,9.012222290039062e-05,-0.5277304351329803,0.015492737293243408,False
Grad-CAM,13586,Edge-Ring,Edge-Ring,True,0.9999994039535522,0.7983636260032654,0.9903384046363947,0.0025455355644226074,0.9983475087210536,1.0251998901367188e-05,-0.995801973156631,0.0025352835655212402,False
Grad-CAM,14243,Edge-Ring,Edge-Ring,True,0.9999996423721313,0.7963405251502991,0.9914318513725304,0.003721296787261963,0.29615193605422974,1.3589859008789062e-05,-0.2924306392669678,0.003707706928253174,False
Grad-CAM,19752,Edge-Ring,Edge-Ring,True,1.0,0.7965577840805054,1.013261081861413,4.124641418457031e-05,0.9340188950300217,1.3113021850585938e-06,-0.9339776486158371,3.993511199951172e-05,False
Grad-CAM,19815,Edge-Ring,Edge-Ring,True,0.9795807003974915,0.7821981906890869,0.9993399217287897,0.9093335419893265,0.9744153940118849,0.5178676843643188,-0.06508185202255845,0.39146585762500763,True
Grad-CAM,21186,Edge-Ring,Edge-Ring,True,0.9999991655349731,0.7581684589385986,0.9765591219536164,0.001337885856628418,0.9966212573926896,2.753734588623047e-05,-0.9952833715360612,0.0013103485107421875,False
Grad-CAM,21188,Edge-Ring,Edge-Ring,True,0.9999990463256836,0.7724936008453369,0.9950106254913522,0.0005936622619628906,0.9993045001174323,3.7789344787597656e-05,-0.9987108378554694,0.000555872917175293,False
Grad-CAM,21822,Edge-Ring,Edge-Ring,True,0.9940839409828186,0.7473068237304688,0.9479618302880148,0.9900133046321571,0.9940790574405582,0.5999984443187714,-0.004065752808401157,0.3900148603133857,True
Grad-CAM,21825,Edge-Ring,Edge-Ring,True,0.999808132648468,0.7217051982879639,0.9154860613773614,0.9839202146977186,0.999799562005137,0.18070203065872192,-0.015879347307418357,0.8032181840389967,True
Grad-CAM,21836,Edge-Ring,Edge-Ring,True,0.9999678134918213,0.73108971118927,0.9273903552280117,0.40693533420562744,0.9999536729692409,0.005999088287353516,-0.5930183387636134,0.4009362459182739,False
Grad-CAM,22158,Edge-Ring,Edge-Ring,True,0.9957401752471924,0.7519854307174683,0.953896662811629,0.990398193243891,0.9957372326682616,0.2771373391151428,-0.00533903942437064,0.7132608541287482,True
Grad-CAM,22244,Edge-Ring,Edge-Ring,True,0.9999998807907104,0.7760608196258545,0.9996053827633647,1.1682510375976562e-05,0.9961390397511423,1.3589859008789062e-05,-0.9961273572407663,-1.9073486328125e-06,False
Grad-CAM,22259,Edge-Ring,Edge-Ring,True,0.9999997615814209,0.7659435272216797,0.986573801100629,0.0024475455284118652,0.9866256611421704,2.4199485778808594e-05,-0.9841781156137586,0.0024233460426330566,False
Grad-CAM,23009,Edge-Ring,Edge-Ring,True,1.0,0.7785589098930359,1.0028230487175707,0.0006412863731384277,0.9914461094886065,1.7881393432617188e-06,-0.990804823115468,0.000639498233795166,False
Grad-CAM,23404,Edge-Ring,Edge-Ring,True,0.9999994039535522,0.7766240239143372,1.0003308182242532,0.00010704994201660156,0.9989270764635876,2.4437904357910156e-05,-0.998820026521571,8.26120376586914e-05,False
Grad-CAM,23976,Edge-Ring,Edge-Ring,True,0.9999995231628418,0.7905812859535217,1.008477404941023,0.0009544491767883301,0.7920026034116745,1.6570091247558594e-05,-0.7910481542348862,0.0009378790855407715,False
Grad-CAM,107221,Edge-Ring,Edge-Ring,True,0.9913301467895508,0.8043118715286255,1.0237605425050498,0.9868091330863535,0.9902300370158628,0.3461165428161621,-0.0034209039295092225,0.6406925902701914,True
Grad-CAM,107353,Edge-Ring,Edge-Ring,True,0.8766373991966248,0.7661980986595154,0.9752477974236715,0.8648413764312863,0.8747260511154309,0.6170379817485809,-0.009884674684144557,0.2478033946827054,True
Grad-CAM,107886,Edge-Ring,Edge-Ring,True,0.9997953772544861,0.788436770439148,1.0035540744930858,0.008751094341278076,0.3769991993904114,0.016975104808807373,-0.3682481050491333,-0.008224010467529297,False
Grad-CAM,130046,Edge-Ring,Edge-Loc,False,0.8924444317817688,0.8068671226501465,1.0579154079305377,-0.10215115547180176,-0.104483962059021,-0.10310584306716919,0.0023328065872192383,0.0009546875953674316,False
Grad-CAM,172689,Edge-Ring,none,False,0.8074962496757507,0.837325930595398,1.08260322339607,-0.1507377028465271,-0.19086503982543945,-0.19150054454803467,0.040127336978912354,0.04076284170150757,False
Grad-CAM,172703,Edge-Ring,Edge-Loc,False,0.7095906734466553,0.8552702069282532,1.1058039039072365,0.6744609735906124,0.70588329131715,0.2892920970916748,-0.031422317726537585,0.3851688764989376,True
Grad-CAM,5704,Loc,Loc,True,0.990794837474823,0.9104552268981934,1.1432325595876762,0.9898495518718846,0.6394315659999847,0.001385033130645752,0.3504179858718999,0.9884645187412389,True
Grad-CAM,6665,Loc,Loc,True,0.9998395442962646,0.8983631134033203,1.1782565842138968,0.9997511075125658,0.08677399158477783,0.00024813413619995117,0.912977115927788,0.9995029733763658,True
Grad-CAM,8673,Loc,Loc,True,0.9970765113830566,0.8798637986183167,1.1419271606909458,0.3767871856689453,0.7001317143440247,0.0026088953018188477,-0.32334452867507935,0.37417829036712646,False
Grad-CAM,9387,Loc,Loc,True,0.999984622001648,0.8091114163398743,1.0421762142541273,0.014545023441314697,0.13394802808761597,5.841255187988281e-06,-0.11940300464630127,0.014539182186126709,False
Grad-CAM,9397,Loc,Loc,True,0.999970555305481,0.8078463077545166,1.0405466907429246,0.9293747097253799,0.5513197183609009,-2.6226043701171875e-06,0.37805499136447906,0.9293773323297501,True
Grad-CAM,9523,Loc,Loc,True,0.9990450739860535,0.9692426919937134,1.2421833749706666,0.9990184525722725,0.6542837917804718,0.0014526844024658203,0.3447346607918007,0.9975657681698067,True
Grad-CAM,10944,Loc,Loc,True,0.9734359979629517,0.9261350035667419,1.162921206195394,0.7245137393474579,0.6719449162483215,0.02740257978439331,0.05256882309913635,0.6971111595630646,True
Grad-CAM,11062,Loc,Loc,True,0.9853165745735168,0.881466805934906,1.1254638519667628,0.9713491415604949,0.9843930449569598,0.04644143581390381,-0.013043903396464884,0.9249077057465911,True
Grad-CAM,11569,Loc,Loc,True,0.9770161509513855,0.8857512474060059,1.148113009295886,0.965023404918611,0.6965078115463257,-0.0017567276954650879,0.26851559337228537,0.9667801326140761,True
Grad-CAM,14048,Loc,Loc,True,0.5767860412597656,0.8926256895065308,1.143990871157306,0.5764849965635221,0.5766198771016207,0.24291667342185974,-0.00013488053809851408,0.3335683231416624,True
Grad-CAM,19455,Loc,Center,False,0.8394013047218323,0.9070193767547607,1.1716024494441817,0.8394013041377468,0.8393996246322786,0.7994099371135235,1.679505468255016e-06,0.039991367024223345,True
Grad-CAM,19530,Loc,Loc,True,0.9984068274497986,0.9143048524856567,1.160518337707236,0.8492339700460434,0.9983603494838462,-0.0004519820213317871,-0.14912637943780283,0.8496859520673752,True
Grad-CAM,20251,Loc,Loc,True,0.9643145799636841,0.9311104416847229,1.2092036680851697,0.049395859241485596,0.6895107626914978,-0.020309031009674072,-0.6401149034500122,0.06970489025115967,False
Grad-CAM,20392,Loc,Loc,True,0.9933089017868042,0.9310106635093689,1.2090740893260543,0.9553009159862995,0.8473292589187622,0.0025120973587036133,0.10797165706753731,0.9527888186275959,True
Grad-CAM,21053,Loc,Loc,True,0.5791271924972534,0.8676308989524841,1.1064184813541018,0.5554812662303448,0.5791172121034833,0.18464958667755127,-0.023635945873138553,0.3708316795527935,True
Grad-CAM,21528,Loc,Loc,True,0.9614085555076599,0.9630351662635803,1.2040879246079441,0.9607190133538097,0.9587384411133826,0.04868656396865845,0.0019805722404271364,0.9120324493851513,True
Grad-CAM,21604,Loc,none,False,0.5035805702209473,0.875599205493927,1.1165798087494163,-0.16789811849594116,-0.49616891145706177,-0.4825928211212158,0.3282707929611206,0.31469470262527466,False
Grad-CAM,22468,Loc,Loc,True,0.9011790156364441,0.8947951793670654,1.1389313407978559,0.8933311635628343,0.9011706477831467,0.012526452541351318,-0.007839484220312443,0.8808047110214829,True
Grad-CAM,24209,Loc,none,False,0.6988397836685181,0.9293705224990845,1.1807387283363058,0.15327882766723633,-0.3007412552833557,-0.27896958589553833,0.45402008295059204,0.43224841356277466,False
Grad-CAM,24427,Loc,Loc,True,0.7012313008308411,0.9675310254096985,1.2345816448841511,-0.2859436273574829,0.21484467387199402,0.05965155363082886,-0.5007883012294769,-0.34559518098831177,False
Grad-CAM,24592,Loc,Loc,True,0.9998670816421509,0.9685141444206238,1.2435843058140674,0.998897124256473,0.03603452444076538,4.225969314575195e-05,0.9628625998157077,0.9988548645633273,True
Grad-CAM,27580,Loc,Loc,True,0.9827330112457275,0.9037184119224548,1.1758674127174,0.9776972020044923,0.9824706290091854,0.04280894994735718,-0.004773427004693076,0.9348882520571351,True
Grad-CAM,27626,Loc,Loc,True,0.5959572792053223,0.9071224331855774,1.1802965331410817,0.5681471098214388,0.5959383724421059,0.45788609981536865,-0.027791262620667112,0.11026101000607014,True
Grad-CAM,27651,Loc,Loc,True,0.7974656820297241,0.9012479782104492,1.172653023745235,0.7871419228613377,0.7974630020710265,0.025314152240753174,-0.010321079209688833,0.7618277706205845,True
Grad-CAM,27715,Loc,Loc,True,0.9757639169692993,0.8983790278434753,1.1659570652873494,0.9756020767963491,0.9539402518421412,0.00610506534576416,0.021661824954207987,0.969497011450585,True
Grad-CAM,28872,Loc,none,False,0.6212061047554016,0.8688430786132812,1.0909813764561618,-0.14127486944198608,-0.3483300805091858,0.14930611848831177,0.2070552110671997,-0.29058098793029785,False
Grad-CAM,32059,Loc,Loc,True,0.7277117371559143,0.8823888897895813,1.1079904636965436,0.68808838352561,0.7231030138209462,-0.21491628885269165,-0.035014630295336246,0.9030046723783016,True
Grad-CAM,35630,Loc,Loc,True,0.4567785859107971,0.982471227645874,1.2914641041198651,0.4565658616484143,0.4535342373419553,-0.2732049226760864,0.00303162430645898,0.7297707843245007,True
Grad-CAM,39805,Loc,Scratch,False,0.7298641204833984,0.9137898683547974,1.2011820605844834,0.729848220364147,0.35653096437454224,-0.2280881404876709,0.37331725598960475,0.9579363608518179,True
Grad-CAM,49645,Loc,Loc,True,0.9686973094940186,0.8180723190307617,1.0272299873543838,0.9685285301238764,0.7399380505084991,0.09041911363601685,0.22859047961537726,0.8781094164878596,True
Grad-CAM,51801,Loc,Loc,True,0.9018498659133911,0.9759981632232666,1.252408670602287,0.9007881626021117,0.8875562157481909,-0.08368223905563354,0.013231946853920817,0.9844704016577452,True
Grad-CAM,53042,Loc,Loc,True,0.5548804998397827,0.9461545944213867,1.214874363244514,0.5548496336450626,0.554801340236736,0.22979000210762024,4.829340832657181e-05,0.32505963153744233,True
Grad-CAM,64066,Loc,Loc,True,0.9960066676139832,0.9301450848579407,1.2010952924268994,0.9312713220715523,0.9952127927681431,0.001565098762512207,-0.06394147069659084,0.9297062233090401,True
Grad-CAM,64402,Loc,Loc,True,0.7872535586357117,0.9420869946479797,1.2165158669855376,0.7842404663097113,0.7315551266074181,0.09446394443511963,0.05268533970229328,0.6897765218745917,True
Grad-CAM,66387,Loc,Loc,True,0.9974260926246643,0.9555040597915649,1.2511971320032769,0.9715799931436777,0.3031434416770935,0.0020827054977416992,0.6684365514665842,0.969497287645936,True
Grad-CAM,76913,Loc,Loc,True,0.9026426076889038,0.9842067360877991,1.288782222191696,0.9025965151922719,0.44443994760513306,-0.0867815613746643,0.45815656758713885,0.9893780765669362,True
Grad-CAM,83261,Loc,none,False,0.6083853840827942,0.8908216953277588,1.1366995838200935,-0.21797186136245728,-0.39090269804000854,-0.38838332891464233,0.17293083667755127,0.17041146755218506,False
Grad-CAM,89413,Loc,Loc,True,0.6865522265434265,0.9363768100738525,1.1721880849824267,0.6855451774317771,0.6863672980689444,0.2560647428035736,-0.0008221206371672451,0.4294804346282035,True
Grad-CAM,92397,Loc,Loc,True,0.9841430187225342,0.9427756667137146,1.1801983896269483,0.9814178752712905,0.37421518564224243,0.032938480377197266,0.6072026896290481,0.9484793948940933,True
Grad-CAM,93577,Loc,none,False,0.5413098335266113,0.7410703897476196,0.9741413082176669,-0.39741748571395874,-0.45534753799438477,-0.45865321159362793,0.057930052280426025,0.06123572587966919,False
Grad-CAM,94748,Loc,Loc,True,0.6891576647758484,0.8593401908874512,1.1296076450176509,0.5939584970474243,0.6869830577634275,0.060279667377471924,-0.09302456071600318,0.5336788296699524,True
Grad-CAM,95585,Loc,Loc,True,0.9928709864616394,0.903067946434021,1.136046163573019,0.9906600383110344,0.7691867053508759,0.002943277359008789,0.2214733329601586,0.9877167609520257,True
Grad-CAM,116384,Loc,Loc,True,0.999544084072113,0.9265298247337341,1.2434685983320364,0.99895486200694,0.2652643918991089,0.0009258389472961426,0.7336904701078311,0.9980290230596438,True
Grad-CAM,121652,Loc,Loc,True,0.999240517616272,0.9434065818786621,1.2275074203859593,0.029000401496887207,0.16094380617141724,-0.00015366077423095703,-0.13194340467453003,0.029154062271118164,False
Grad-CAM,124473,Loc,Loc,True,0.9860954880714417,0.8640832901000977,1.1242964282878019,0.984406491741538,0.9858772372826934,0.03659099340438843,-0.0014707455411553383,0.9478154983371496,True
Grad-CAM,127762,Loc,Loc,True,0.7889748215675354,0.96006178855896,1.2304171107438986,0.6255952566862106,0.7580249197781086,-0.19200068712234497,-0.13242966309189796,0.8175959438085556,True
Grad-CAM,161295,Loc,Loc,True,0.9998182654380798,0.8691051006317139,1.1557969130478896,0.44745856523513794,0.2064964771270752,0.00024235248565673828,0.24096208810806274,0.4472162127494812,False
Grad-CAM,163385,Loc,Loc,True,0.961125910282135,0.9110015630722046,1.211513766994724,0.7418907880783081,0.8429288417100906,-0.013643801212310791,-0.10103805363178253,0.7555345892906189,True
Grad-CAM,166568,Loc,none,False,0.4938114881515503,0.8115448355674744,1.0407287559437617,-0.46821850538253784,-0.5055109262466431,-0.4725582003593445,0.037292420864105225,0.004339694976806641,False
Grad-CAM,172822,Loc,Scratch,False,0.38960468769073486,0.8926442265510559,1.1541258686720723,0.3881008444586769,0.36433145962655544,-0.5277259349822998,0.023769384832121432,0.9158267794409767,True
Grad-CAM,15873,Near-full,Near-full,True,0.9959702491760254,0.8162223100662231,1.0112663587511344,0.0066849589347839355,0.05168330669403076,-0.00015938282012939453,-0.044998347759246826,0.00684434175491333,False
Grad-CAM,16702,Near-full,Near-full,True,0.9132184386253357,0.7906883358955383,0.9898103373557839,0.3355071544647217,0.29943352937698364,-0.047589004039764404,0.03607362508773804,0.3830961585044861,False
Grad-CAM,18065,Near-full,Near-full,True,0.9939084053039551,0.7518875002861023,0.9531820492639662,0.008959829807281494,0.47094905376434326,0.03322046995162964,-0.46198922395706177,-0.024260640144348145,False
Grad-CAM,64016,Near-full,Near-full,True,0.9995110034942627,0.7404471635818481,0.9386789173727175,0.0010579824447631836,0.001696169376373291,0.007594048976898193,-0.0006381869316101074,-0.00653606653213501,False
Grad-CAM,66025,Near-full,Near-full,True,0.993941068649292,0.7244245409965515,0.9486070715862772,0.019176900386810303,0.3910735845565796,0.003656327724456787,-0.3718966841697693,0.015520572662353516,False
Grad-CAM,69404,Near-full,Near-full,True,0.9753115773200989,0.7254322171211243,0.9499265861023417,0.08652102947235107,0.754090279340744,0.01697671413421631,-0.6675692498683929,0.06954431533813477,False
Grad-CAM,72378,Near-full,Random,False,0.45910024642944336,0.7718079090118408,1.010653834818574,0.06253308057785034,-0.4166954755783081,0.2503516674041748,0.47922855615615845,-0.18781858682632446,False
Grad-CAM,95997,Near-full,Near-full,True,0.9991922974586487,0.7541643381118774,0.9744659712638013,0.0018225312232971191,0.035117387771606445,0.04657876491546631,-0.033294856548309326,-0.04475623369216919,False
Grad-CAM,96036,Near-full,Near-full,True,0.9992769360542297,0.7434595227241516,0.9606341340940457,0.002825319766998291,0.019666612148284912,0.019639968872070312,-0.01684129238128662,-0.01681464910507202,False
Grad-CAM,96316,Near-full,Near-full,True,0.998994767665863,0.7372550964355469,0.952617310725552,0.0033362507820129395,0.0183829665184021,0.021610915660858154,-0.01504671573638916,-0.018274664878845215,False
Grad-CAM,98621,Near-full,Near-full,True,0.9995088577270508,0.7435914874076843,0.9608046474516956,0.0011684894561767578,0.003232598304748535,0.036708056926727295,-0.0020641088485717773,-0.03553956747055054,False
Grad-CAM,102701,Near-full,Near-full,True,0.9990330934524536,0.7513037323951721,0.9707697438140773,0.0030719637870788574,0.03348207473754883,0.03986847400665283,-0.03041011095046997,-0.036796510219573975,False
Grad-CAM,112748,Near-full,Near-full,True,0.9993845224380493,0.7348079085350037,0.9576115791789294,0.0014110207557678223,0.0029324889183044434,0.03710150718688965,-0.001521468162536621,-0.035690486431121826,False
Grad-CAM,122743,Near-full,Near-full,True,0.6698509454727173,0.741391122341156,0.9646563014959895,0.08093833923339844,0.6652026055380702,-0.22932928800582886,-0.5842642663046718,0.3102676272392273,False
Grad-CAM,126184,Near-full,Random,False,0.5011453628540039,0.7525759339332581,0.979209347328661,0.451713677495718,-0.4254201650619507,0.43923094123601913,0.8771338425576687,0.012482736259698868,True
Grad-CAM,127759,Near-full,Near-full,True,0.8786493539810181,0.7293617129325867,0.9347514318435153,0.17790037393569946,0.6131130754947662,0.07769471406936646,-0.4352127015590668,0.10020565986633301,False
Grad-CAM,127768,Near-full,Near-full,True,0.9939834475517273,0.755429208278656,0.9681595860792788,0.015663623809814453,0.1606488823890686,0.0007672309875488281,-0.14498525857925415,0.014896392822265625,False
Grad-CAM,136999,Near-full,Near-full,True,0.9996042847633362,0.743604302406311,0.954199004591557,0.0010160207748413086,0.0017393827438354492,0.03420615196228027,-0.0007233619689941406,-0.033190131187438965,False
Grad-CAM,148203,Near-full,Near-full,True,0.9989725351333618,0.759156346321106,0.9753777900035289,0.0022466182708740234,0.00576472282409668,0.002193629741668701,-0.0035181045532226562,5.2988529205322266e-05,False
Grad-CAM,164353,Near-full,Near-full,True,0.9992260932922363,0.725592851638794,0.9649442598417208,0.0025554299354553223,0.004203140735626221,0.041405320167541504,-0.0016477108001708984,-0.03884989023208618,False
Grad-CAM,170717,Near-full,Near-full,True,0.9016708135604858,0.7468767762184143,0.9577981450815983,0.2488378882408142,0.6434207558631897,-0.025527596473693848,-0.3945828676223755,0.27436548471450806,False
Grad-CAM,7193,Random,Random,True,0.9992396831512451,0.8822298049926758,1.1030565571581197,0.006690263748168945,-0.0007390379905700684,0.0013968944549560547,0.007429301738739014,0.005293369293212891,False
Grad-CAM,7194,Random,Random,True,0.9999361038208008,0.8838915228843689,1.1051342117626297,0.00038057565689086914,2.6404857635498047e-05,0.0003293156623840332,0.0003541707992553711,5.125999450683594e-05,False
Grad-CAM,7197,Random,Random,True,0.9904449582099915,0.8663831949234009,1.083243457388965,0.08212244510650635,-0.009481966495513916,0.015556156635284424,0.09160441160202026,0.06656628847122192,False
Grad-CAM,7198,Random,Random,True,0.998869001865387,0.8705000281333923,1.0883907555660486,0.0035212039947509766,-0.0010993480682373047,0.004974365234375,0.004620552062988281,-0.0014531612396240234,False
Grad-CAM,7199,Random,Random,True,0.9887391328811646,0.8527875542640686,1.0662447564913384,0.09791427850723267,-0.011150360107421875,0.01419919729232788,0.10906463861465454,0.08371508121490479,False
Grad-CAM,7200,Random,Random,True,0.9994469285011292,0.8649848699569702,1.081495124341804,0.0024278759956359863,-0.00045675039291381836,7.963180541992188e-05,0.0028846263885498047,0.0023482441902160645,False
Grad-CAM,7206,Random,Random,True,0.9998823404312134,0.8682726621627808,1.0856058681986416,0.002228677272796631,-7.790327072143555e-05,0.0003172755241394043,0.0023065805435180664,0.0019114017486572266,False
Grad-CAM,7209,Random,Random,True,0.99994957447052,0.8750520348548889,1.0940821534693606,0.0004621744155883789,-4.5299530029296875e-05,6.0558319091796875e-05,0.0005074739456176758,0.00040161609649658203,False
Grad-CAM,8187,Random,Random,True,0.9997368454933167,0.9217318296432495,1.1812933586416614,0.0189705491065979,0.017947077751159668,0.0016298890113830566,0.0010234713554382324,0.017340660095214844,False
Grad-CAM,9683,Random,none,False,0.6684271693229675,0.8906487226486206,1.1472003672857705,-0.301588237285614,-0.014766156673431396,-0.16634082794189453,-0.2868220806121826,-0.13524740934371948,False
Grad-CAM,11824,Random,Random,True,0.9999843835830688,0.9093212485313416,1.141808655421329,0.00031447410583496094,0.008482933044433594,0.00022727251052856445,-0.008168458938598633,8.720159530639648e-05,False
Grad-CAM,12660,Random,Random,True,0.9999748468399048,0.8941754102706909,1.1572014156299368,0.00037366151809692383,0.00033974647521972656,0.00023883581161499023,3.3915042877197266e-05,0.0001348257064819336,False
Grad-CAM,12686,Random,Random,True,0.9999953508377075,0.9056054949760437,1.1686704812293243,0.0005949735641479492,-4.0531158447265625e-06,2.0265579223632812e-05,0.0005990266799926758,0.0005747079849243164,False
Grad-CAM,14901,Random,Random,True,0.9943746328353882,0.9407660961151123,1.1860196767274547,0.05992019176483154,-0.005193471908569336,-3.075599670410156e-05,0.06511366367340088,0.059950947761535645,False
Grad-CAM,14947,Random,Random,True,0.9997624754905701,0.9112821817398071,1.168266609203834,0.0060158371925354,-1.4483928680419922e-05,0.0008703470230102539,0.00603032112121582,0.0051454901695251465,False
Grad-CAM,14955,Random,Random,True,0.9997043013572693,0.904877245426178,1.1600554608030125,0.01042330265045166,-0.00010222196578979492,0.0011932849884033203,0.010525524616241455,0.00923001766204834,False
Grad-CAM,14958,Random,Random,True,0.9996820688247681,0.8963001370429993,1.1490595810103679,0.004971504211425781,-0.0002232193946838379,0.00030291080474853516,0.005194723606109619,0.004668593406677246,False
Grad-CAM,14959,Random,Random,True,0.9998430013656616,0.8951722979545593,1.1476136877689749,0.0052495598793029785,-4.035234451293945e-05,0.00035500526428222656,0.005289912223815918,0.004894554615020752,False
Grad-CAM,14962,Random,Random,True,0.9998524188995361,0.903525710105896,1.1583227882922535,0.0036922693252563477,-4.1544437408447266e-05,0.0005721449851989746,0.003733813762664795,0.003120124340057373,False
Grad-CAM,14965,Random,Random,True,0.9999226331710815,0.8940527439117432,1.1461784159820032,0.002144157886505127,-1.901388168334961e-05,8.571147918701172e-05,0.0021631717681884766,0.0020584464073181152,False
Grad-CAM,15935,Random,Random,True,0.9985615611076355,0.8642807006835938,1.1375622589974292,0.04191327095031738,0.014696180820465088,0.00027877092361450195,0.027217090129852295,0.04163450002670288,False
Grad-CAM,21945,Random,Loc,False,0.674010157585144,0.9695572853088379,1.258335437460393,0.6721130680525675,0.6692395224235952,-0.22565507888793945,0.0028735456289723516,0.897768146940507,True
Grad-CAM,22926,Random,Random,True,0.9999725818634033,0.9069747924804688,1.1771130386565272,0.0007947087287902832,0.0002480149269104004,2.9802322387695312e-05,0.0005466938018798828,0.0007649064064025879,False
Grad-CAM,23262,Random,Random,True,0.8542121648788452,0.8502111434936523,1.103442599413815,0.08525389432907104,-0.078774094581604,-0.002692997455596924,0.16402798891067505,0.08794689178466797,False
Grad-CAM,23263,Random,Random,True,0.9254966378211975,0.8098681569099426,1.0510836409072006,0.25604861974716187,-0.06572937965393066,0.13855373859405518,0.32177799940109253,0.11749488115310669,False
Grad-CAM,23265,Random,Random,True,0.9652787446975708,0.8681772351264954,1.126759808326402,0.14615654945373535,-0.0030131936073303223,0.0073233842849731445,0.14916974306106567,0.1388331651687622,False
Grad-CAM,23266,Random,Random,True,0.9535837173461914,0.8216482996940613,1.0663724447233445,0.07975137233734131,-0.027720153331756592,0.040290236473083496,0.1074715256690979,0.03946113586425781,False
Grad-CAM,23267,Random,Random,True,0.5846769213676453,0.8682093024253845,1.1268014267219186,0.2452039122581482,-0.2873069643974304,0.17369344830513,0.5325108766555786,0.07151046395301819,True
Grad-CAM,23268,Random,Donut,False,0.8633936047554016,0.8597871661186218,1.115870796077907,0.40871644020080566,0.18487828969955444,-0.11376780271530151,0.22383815050125122,0.5224842429161072,False
Grad-CAM,25712,Random,Edge-Loc,False,0.8018150329589844,0.7329919338226318,0.9537277512507941,-0.04200464487075806,0.7786558214575052,-0.19442534446716309,-0.8206604663282633,0.15242069959640503,False
Grad-CAM,27611,Random,Random,True,0.9998268485069275,0.8714209794998169,1.1338438157659625,0.0012136101722717285,0.00018078088760375977,0.000810086727142334,0.0010328292846679688,0.00040352344512939453,False
Grad-CAM,27612,Random,Random,True,0.9999966621398926,0.8815181851387024,1.1469817300915264,0.00016546249389648438,0.0005587339401245117,2.09808349609375e-05,-0.00039327144622802734,0.00014448165893554688,False
Grad-CAM,27615,Random,Random,True,0.9722024202346802,0.8449699878692627,1.099427277735864,0.2909303307533264,-0.02755427360534668,0.051276206970214844,0.3184846043586731,0.23965412378311157,False
Grad-CAM,27716,Random,Random,True,0.9991393089294434,0.8566035628318787,1.1117389712799033,0.018310964107513428,0.00412142276763916,0.0022192001342773438,0.014189541339874268,0.016091763973236084,False
Grad-CAM,28157,Random,Random,True,0.9999957084655762,0.8886916041374207,1.1563153781915105,6.222724914550781e-05,0.00031691789627075195,3.5881996154785156e-05,-0.00025469064712524414,2.6345252990722656e-05,False
Grad-CAM,45403,Random,Random,True,0.9542832970619202,0.7983514070510864,1.0361366803806242,0.12268698215484619,-0.03977656364440918,0.07578277587890625,0.16246354579925537,0.04690420627593994,False
Grad-CAM,74139,Random,Random,True,0.9883113503456116,0.8677131533622742,1.1362381957071213,0.07205760478973389,0.0661766529083252,0.0015707015991210938,0.005880951881408691,0.07048690319061279,False
Grad-CAM,78972,Random,Loc,False,0.5583645105361938,0.8794763684272766,1.151641689602981,0.2855771780014038,0.5545253797899932,-0.3663422465324402,-0.26894820178858936,0.651919424533844,True
Grad-CAM,107598,Random,Random,True,0.753068208694458,0.8997870683670044,1.145285218157629,0.24182897806167603,-0.1771945357322693,0.12224102020263672,0.4190235137939453,0.1195879578590393,False
Grad-CAM,121043,Random,Edge-Loc,False,0.8876139521598816,0.81279057264328,1.057557238102565,0.8375885747373104,0.8616571240127087,-0.0838245153427124,-0.024068549275398254,0.9214130900800228,True
Grad-CAM,121083,Random,Random,True,0.9681461453437805,0.8601216673851013,1.1191417883130161,0.04518777132034302,-0.02137964963912964,0.004622340202331543,0.06656742095947266,0.040565431118011475,False
Grad-CAM,122459,Random,none,False,0.8298765420913696,0.8480510711669922,1.103436209498094,-0.1375475525856018,-0.04693049192428589,-0.13630682229995728,-0.09061706066131592,-0.0012407302856445312,False
Grad-CAM,123256,Random,Random,True,0.6499119997024536,0.7323888540267944,0.9529430578442663,-0.02436542510986328,-0.34762370586395264,0.25114911794662476,0.32325828075408936,-0.27551454305648804,False
Grad-CAM,127750,Random,Random,True,0.9965215921401978,0.8662596344947815,1.1102000822561404,0.13514864444732666,0.004599034786224365,0.003560960292816162,0.1305496096611023,0.1315876841545105,False
Grad-CAM,127752,Random,Random,True,0.9987348914146423,0.8823772072792053,1.130856395812148,0.05312556028366089,0.023785829544067383,0.0011167526245117188,0.029339730739593506,0.05200880765914917,False
Grad-CAM,127756,Random,Random,True,0.8892850279808044,0.816572904586792,1.046521469708229,0.4778617322444916,-0.010477125644683838,0.04165172576904297,0.4883388578891754,0.4362100064754486,True
Grad-CAM,127764,Random,Loc,False,0.5513879656791687,0.9405906796455383,1.2054628985695008,0.5490141694899648,0.550760469166562,-0.23921096324920654,-0.0017462996765971184,0.7882251327391714,True
Grad-CAM,127765,Random,Random,True,0.6846650838851929,0.8244181871414185,1.0565759995404411,0.6481810919940472,-0.2993757724761963,-0.12854063510894775,0.9475568644702435,0.7767217271029949,True
Grad-CAM,127766,Random,Random,True,0.9245404601097107,0.8211947083473206,1.0524447826628989,0.17026346921920776,-0.049414098262786865,0.05125439167022705,0.21967756748199463,0.11900907754898071,False
Grad-CAM,165746,Random,Random,True,0.9714694023132324,0.9149460196495056,1.1855801633927159,0.0021546483039855957,-0.006831049919128418,-0.015791654586791992,0.008985698223114014,0.017946302890777588,False
Grad-CAM,657,Scratch,Scratch,True,0.8730250597000122,0.9379585385322571,1.177767680511381,0.8725924244499765,0.8704736228100955,0.07643181085586548,0.002118801639880985,0.796160613594111,True
Grad-CAM,2935,Scratch,none,False,0.9663347601890564,0.8645621538162231,1.0856059417631054,-0.030493617057800293,-0.032182395458221436,-0.033379435539245605,0.0016887784004211426,0.0028858184814453125,False
Grad-CAM,7094,Scratch,Scratch,True,0.6387723684310913,0.9686124324798584,1.251557262914038,0.6363461753353477,0.4984322786331177,-0.3101019859313965,0.13791389670222998,0.9464481612667441,True
Grad-CAM,8383,Scratch,Scratch,True,0.5586962699890137,0.8423653841018677,1.068875035093324,0.4850107431411743,0.5586749206340755,0.15658274292945862,-0.07366417749290122,0.3284280002117157,True
Grad-CAM,11273,Scratch,Scratch,True,0.9994402527809143,0.9082791805267334,1.1489535279300493,0.9578607715666294,0.972956296056509,0.001065671443939209,-0.015095524489879608,0.9567951001226902,True
Grad-CAM,12963,Scratch,Scratch,True,0.9995842576026917,0.9636740684509277,1.269199030345659,0.9886393435299397,0.9492589011788368,0.000253140926361084,0.03938044235110283,0.9883862026035786,True
Grad-CAM,14974,Scratch,Scratch,True,0.999931812286377,0.8540319800376892,1.1154703412737166,0.9988766516325995,0.8126330673694611,-2.193450927734375e-05,0.18624358426313847,0.9988985861418769,True
Grad-CAM,15009,Scratch,none,False,0.985124409198761,0.9178405404090881,1.1719061264076138,0.03978449106216431,-0.014353752136230469,0.0015878677368164062,0.054138243198394775,0.0381966233253479,False
Grad-CAM,20093,Scratch,Scratch,True,0.998530387878418,0.8202633261680603,1.0450384398085149,0.2321966290473938,0.9983692258538213,0.00453561544418335,-0.7661725968064275,0.22766101360321045,False
Grad-CAM,21306,Scratch,Scratch,True,0.9999309778213501,0.891560435295105,1.1316490681650915,0.0010161399841308594,0.9981152527034283,3.075599670410156e-05,-0.9970991127192974,0.0009853839874267578,False
Grad-CAM,21543,Scratch,Scratch,True,0.991858184337616,0.9143652319908142,1.1432356502546932,0.9897668743506074,0.991626191927935,0.012516021728515625,-0.0018593175773276016,0.9772508526220918,True
Grad-CAM,21591,Scratch,Scratch,True,0.9914637207984924,0.940229058265686,1.2087816141419492,0.9896198281785473,0.9909217923413962,-0.006757855415344238,-0.0013019641628488898,0.9963776835938916,True
Grad-CAM,21918,Scratch,Scratch,True,0.987444281578064,0.8834990859031677,1.128058683247935,0.8880486115813255,0.9858549054479226,-0.009317517280578613,-0.09780629386659712,0.8973661288619041,True
Grad-CAM,22095,Scratch,Scratch,True,0.9999310970306396,0.8763089179992676,1.1181810991043615,0.9877547612413764,0.9774802457541227,-4.2438507080078125e-05,0.010274515487253666,0.9877971997484565,True
Grad-CAM,22096,Scratch,Scratch,True,0.9879785776138306,0.802179753780365,1.024229511061214,0.9846294193994254,0.9878239946701797,0.008160829544067383,-0.003194575270754285,0.976468589855358,True
Grad-CAM,22911,Scratch,Scratch,True,0.9969267249107361,0.9152531623840332,1.168602541497818,0.9659385196864605,0.9968705467472319,-0.000811159610748291,-0.03093202706077136,0.9667496792972088,True
Grad-CAM,27701,Scratch,Scratch,True,0.9994410872459412,0.8573872447013855,1.0855821187934698,0.998029469163157,0.9958107178099453,-0.0003362894058227539,0.002218751353211701,0.9983657585689798,True
Grad-CAM,30753,Scratch,none,False,0.9180597066879272,0.8234918713569641,1.03403516403376,-0.06263208389282227,-0.08162444829940796,-0.08174687623977661,0.018992364406585693,0.019114792346954346,False
Grad-CAM,32154,Scratch,Loc,False,0.9326536655426025,0.8572056889533997,1.0763686394706085,0.9282755288295448,0.9080736115574837,0.01243513822555542,0.02020191727206111,0.9158403906039894,True
Grad-CAM,37876,Scratch,Scratch,True,0.9244765639305115,0.906487226486206,1.191582695663511,0.9244650589680532,0.8935747537761927,-0.018382549285888672,0.030890305191860534,0.9428476082539419,True
Grad-CAM,51445,Scratch,Scratch,True,0.9942280054092407,0.8650050163269043,1.1085921610998122,0.9941968637504033,0.9932732299203053,-0.0011716485023498535,0.0009236338300979696,0.9953685122527531,True
Grad-CAM,52317,Scratch,Loc,False,0.9137135148048401,0.9421452283859253,1.2104852118785288,0.9127520192414522,0.7970665693283081,0.018354415893554688,0.11568544991314411,0.8943976033478975,True
Grad-CAM,53046,Scratch,Loc,False,0.6865309476852417,0.8627365827560425,1.1056849320928503,-0.18524307012557983,0.6041899919509888,0.1405215859413147,-0.7894330620765686,-0.32576465606689453,False
Grad-CAM,53454,Scratch,none,False,0.6951999068260193,0.8148425817489624,1.0443038844942898,-0.20384222269058228,-0.30130094289779663,-0.30467063188552856,0.09745872020721436,0.10082840919494629,False
Grad-CAM,58511,Scratch,Scratch,True,0.9928575754165649,0.9369491934776306,1.1874207600508586,0.2764883041381836,0.12866592407226562,-0.005526542663574219,0.14782238006591797,0.2820148468017578,False
Grad-CAM,61545,Scratch,none,False,0.8902643918991089,0.849413275718689,1.086569886740709,-0.09300565719604492,-0.10925191640853882,-0.10878866910934448,0.016246259212493896,0.01578301191329956,False
Grad-CAM,63707,Scratch,Scratch,True,0.7983896136283875,0.8107082843780518,1.0277502732319714,0.7968444500584155,0.7982807150256122,0.21393615007400513,-0.001436264967196621,0.5829082999844104,True
Grad-CAM,64618,Scratch,none,False,0.526614785194397,0.8165229558944702,1.054375166249606,-0.3694295287132263,-0.4654509425163269,-0.47298651933670044,0.09602141380310059,0.10355699062347412,False
Grad-CAM,64669,Scratch,none,False,0.9592790007591248,0.8398987650871277,1.0845603221301623,-0.03782200813293457,-0.04027801752090454,-0.04038292169570923,0.0024560093879699707,0.002560913562774658,False
Grad-CAM,85815,Scratch,Scratch,True,0.785247266292572,0.9888294339179993,1.2973239466137492,0.7846290052984841,0.7850089556595776,-0.03233611583709717,-0.0003799503610935062,0.8169651211355813,True
Grad-CAM,87929,Scratch,none,False,0.7512029409408569,0.8420743942260742,1.1047843429692505,-0.15731334686279297,-0.24397337436676025,-0.2418738603591919,0.08666002750396729,0.08456051349639893,False
Grad-CAM,90043,Scratch,none,False,0.7423282861709595,0.8035798668861389,1.00594839082079,-0.12378716468811035,-0.2560064196586609,-0.25758183002471924,0.13221925497055054,0.1337946653366089,False
Grad-CAM,91884,Scratch,Scratch,True,0.9967729449272156,0.95074063539505,1.1901692061669087,0.9964666339219548,0.09674155712127686,-0.0023683905601501465,0.8997250768006779,0.9988350244821049,True
Grad-CAM,92391,Scratch,Scratch,True,0.9998138546943665,0.939981997013092,1.176701179634971,0.09208953380584717,0.4564567804336548,0.00011688470840454102,-0.3643672466278076,0.09197264909744263,False
Grad-CAM,94981,Scratch,Scratch,True,0.9704917073249817,0.9141144752502441,1.2016087582236843,0.9703412085800664,0.9666548937093467,0.07860219478607178,0.003686314870719798,0.8917390137939947,True
Grad-CAM,96819,Scratch,Scratch,True,0.9974736571311951,0.8937054872512817,1.1547689828962935,-0.002503693103790283,0.1575334668159485,0.003932058811187744,-0.16003715991973877,-0.006435751914978027,False
Grad-CAM,97072,Scratch,Scratch,True,0.923762321472168,0.7893627882003784,1.01994636607847,0.9226412400603294,-0.0003114938735961914,-0.05478036403656006,0.9229527339339256,0.9774216040968895,True
Grad-CAM,98622,Scratch,none,False,0.4908227324485779,0.8391708731651306,1.084304068291601,-0.34415990114212036,-0.5084792971611023,-0.5089404582977295,0.16431939601898193,0.16478055715560913,False
Grad-CAM,125988,Scratch,Scratch,True,0.9972414970397949,0.889915406703949,1.1579077210480861,0.9961228155298159,0.9650905430316925,-0.002676248550415039,0.031032272498123348,0.9987990640802309,True
Grad-CAM,134395,Scratch,Scratch,True,0.9957950115203857,0.8147987127304077,1.0683148294954385,0.9953955624368973,0.9952118812361732,0.0063478946685791016,0.0001836812007240951,0.9890476677683182,True
Grad-CAM,145194,Scratch,Scratch,True,0.552259624004364,0.8468822240829468,1.1068377759552488,0.5511445354204625,0.5520792641182197,0.4359382316470146,-0.0009347286977572367,0.11520630377344787,True
Grad-CAM,150637,Scratch,Scratch,True,0.8475497364997864,0.9189993143081665,1.1730200035544562,0.8467519966652617,0.8473603544989601,0.5298225581645966,-0.0006083578336983919,0.31692943850066513,True
Grad-CAM,152137,Scratch,Loc,False,0.9726467132568359,0.9453571438789368,1.2192011528111224,0.10248798131942749,0.9717714915750548,0.08761954307556152,-0.8692835102556273,0.014868438243865967,False
Grad-CAM,154735,Scratch,Loc,False,0.487000435590744,0.9260703921318054,1.231553352653206,0.48692098633910064,0.4708785079419613,0.12334167957305908,0.016042478397139348,0.36357930676604155,True
Grad-CAM,162129,Scratch,Scratch,True,0.9975704550743103,0.883013904094696,1.1742938153155438,0.9972120680322405,0.8911490440368652,0.007318675518035889,0.10606302399537526,0.9898933925142046,True
Grad-CAM,166947,Scratch,Scratch,True,0.46032604575157166,0.7882696390151978,1.0108805389499844,0.45895208371803164,0.45990720350528136,0.340270034968853,-0.0009551197872497141,0.11868204874917865,True
Grad-CAM,167902,Scratch,Scratch,True,0.5636768341064453,0.7519909739494324,0.9643566153089778,0.5628295335336588,0.5629414793802425,-0.06067514419555664,-0.00011194584658369422,0.6235046777292155,True
Grad-CAM,169863,Scratch,Scratch,True,0.9786659479141235,0.926721453666687,1.1884317702626017,-0.014216303825378418,0.006828606128692627,0.027190744876861572,-0.021044909954071045,-0.04140704870223999,False
Grad-CAM,172526,Scratch,Scratch,True,0.7391225099563599,0.8773894906044006,1.1344025737107402,0.7376315775327384,0.7388543197012041,0.37363892793655396,-0.0012227421684656292,0.3639926495961845,True
Grad-CAM,172861,Scratch,none,False,0.7157161235809326,0.8076087832450867,1.0441810530845566,-0.19902640581130981,-0.28405070304870605,-0.28238004446029663,0.08502429723739624,0.08335363864898682,False
Grad-CAM,1476,none,none,True,0.9975312948226929,0.8617730736732483,1.0821037736865804,-0.002387523651123047,-0.0016526579856872559,-0.0012784004211425781,-0.000734865665435791,-0.0011091232299804688,False
Grad-CAM,2586,none,none,True,0.9990500807762146,0.8482313752174377,1.0650998506715588,-0.000773310661315918,-0.000667273998260498,-0.00019592046737670898,-0.00010603666305541992,-0.000577390193939209,False
Grad-CAM,4804,none,none,True,0.9997017979621887,0.8771690130233765,1.1014360139005979,-0.0002537369728088379,0.0005332231521606445,-6.830692291259766e-05,-0.0007869601249694824,-0.00018543004989624023,False
Grad-CAM,30374,none,none,True,0.999617338180542,0.8696603775024414,1.0920076352697732,-0.00033652782440185547,0.00024139881134033203,-0.0001793503761291504,-0.0005779266357421875,-0.00015717744827270508,False
Grad-CAM,31291,none,none,True,0.9996265172958374,0.8672522902488708,1.0889838690556024,-0.0003362894058227539,4.5299530029296875e-06,-0.00013464689254760742,-0.0003408193588256836,-0.00020164251327514648,False
Grad-CAM,42247,none,none,True,0.9995294809341431,0.8250648975372314,1.084552573912869,-0.00025790929794311523,-0.00011563301086425781,-0.0001659393310546875,-0.00014227628707885742,-9.196996688842773e-05,False
Grad-CAM,53488,none,none,True,0.9986575841903687,0.8414072394371033,1.0824133331452184,-0.0008218884468078613,-0.0006797909736633301,-0.001240372657775879,-0.00014209747314453125,0.0004184842109680176,False
Grad-CAM,54465,none,none,True,0.9830779433250427,0.8837062120437622,1.123420435919072,-0.012215495109558105,-0.016630709171295166,-9.173154830932617e-05,0.0044152140617370605,-0.01212376356124878,False
Grad-CAM,56750,none,none,True,0.9963555335998535,0.8726807832717896,1.1059716857305848,-0.002655029296875,-0.0031762123107910156,-0.0014407634735107422,0.0005211830139160156,-0.0012142658233642578,False
Grad-CAM,59980,none,none,True,0.9973721504211426,0.8556404113769531,1.0945356417863834,-0.002390921115875244,-0.0021206140518188477,-0.0009902119636535645,-0.0002703070640563965,-0.0014007091522216797,False
Grad-CAM,61120,none,none,True,0.9958027005195618,0.8692218065261841,1.1119089692477357,-0.003702104091644287,-0.003563404083251953,-0.0021649599075317383,-0.00013870000839233398,-0.0015371441841125488,False
Grad-CAM,61669,none,none,True,0.9939885139465332,0.8639646768569946,1.1051840463479856,-0.003462851047515869,-0.005581855773925781,-0.0017449259757995605,0.002119004726409912,-0.0017179250717163086,False
Grad-CAM,63352,none,none,True,0.9838106632232666,0.9064865708351135,1.1491702241227562,-0.006584465503692627,-0.015948712825775146,-0.0032518506050109863,0.00936424732208252,-0.0033326148986816406,False
Grad-CAM,65319,none,none,True,0.9995480179786682,0.8633366823196411,1.0954854556323574,-0.0004317164421081543,-0.00021785497665405273,-0.00016570091247558594,-0.00021386146545410156,-0.00026601552963256836,False
Grad-CAM,65677,none,none,True,0.9997381567955017,0.8551504611968994,1.1197878161964514,-0.00023883581161499023,0.0001748204231262207,-0.00011807680130004883,-0.00041365623474121094,-0.0001207590103149414,False
Grad-CAM,71058,none,none,True,0.9986767172813416,0.8240391612052917,1.0790487226013028,-0.00124436616897583,-0.0006917715072631836,-0.0009930729866027832,-0.0005525946617126465,-0.0002512931823730469,False
Grad-CAM,77700,none,none,True,0.9996546506881714,0.8467983603477478,1.1088510498671276,-0.0002859830856323242,0.0002644062042236328,2.9921531677246094e-05,-0.000550389289855957,-0.0003159046173095703,False
Grad-CAM,83617,none,none,True,0.9827899932861328,0.8637548089027405,1.1021618994596962,-0.014366626739501953,-0.01693582534790039,-0.01106405258178711,0.0025691986083984375,-0.0033025741577148438,False
Grad-CAM,88631,none,none,True,0.9995860457420349,0.831247866153717,1.0808861142113095,-0.00030487775802612305,6.556510925292969e-05,-0.0001780986785888672,-0.00037044286727905273,-0.00012677907943725586,False
Grad-CAM,91431,none,none,True,0.9982708692550659,0.8349457383155823,1.0452132469867437,-0.0016298294067382812,-0.0015459060668945312,0.0003878474235534668,-8.392333984375e-05,-0.002017676830291748,False
Grad-CAM,93174,none,none,True,0.9989984631538391,0.816375195980072,1.073129911018734,-0.0009472966194152832,-0.0007739663124084473,0.00018209218978881836,-0.00017333030700683594,-0.0011293888092041016,False
Grad-CAM,97086,none,none,True,0.9992258548736572,0.8352913856506348,1.0792913298501576,-0.0005187392234802246,-0.0004500150680541992,-0.0002797842025756836,-6.872415542602539e-05,-0.00023895502090454102,False
Grad-CAM,97513,none,none,True,0.9992235898971558,0.8431069850921631,1.089389971904574,-0.0006780624389648438,-0.00047409534454345703,-0.0003744959831237793,-0.00020396709442138672,-0.00030356645584106445,False
Grad-CAM,102021,none,none,True,0.9996993541717529,0.8686516880989075,1.1223966291650236,-0.00027740001678466797,-3.063678741455078e-05,-6.753206253051758e-05,-0.0002467632293701172,-0.0002098679542541504,False
Grad-CAM,105811,none,none,True,0.9954535961151123,0.8873297572135925,1.1060568124001446,-0.00422978401184082,-0.004173219203948975,-0.002745687961578369,-5.65648078918457e-05,-0.0014840960502624512,False
Grad-CAM,107170,none,Edge-Loc,False,0.9621658325195312,0.7286471724510193,0.9274514662397063,0.9556347066536546,0.9083327427506447,0.16965115070343018,0.04730196390300989,0.7859835559502244,True
Grad-CAM,108373,none,none,True,0.9996117949485779,0.8138313889503479,1.091504050144278,-0.00036829710006713867,-1.6748905181884766e-05,-0.00019085407257080078,-0.0003515481948852539,-0.0001774430274963379,False
Grad-CAM,122286,none,none,True,0.9978654980659485,0.8722953796386719,1.1349815358958069,-0.0020725131034851074,-0.0015850663185119629,-0.0013384819030761719,-0.00048744678497314453,-0.0007340312004089355,False
Grad-CAM,122735,none,none,True,0.7524265646934509,0.8169152140617371,1.0629239888173045,-0.2446863055229187,-0.24704092741012573,-0.246587336063385,0.0023546218872070312,0.0019010305404663086,False
Grad-CAM,125520,none,none,True,0.9959450364112854,0.8589748740196228,1.117649645484236,-0.003433525562286377,-0.003739595413208008,-0.0007555484771728516,0.00030606985092163086,-0.0026779770851135254,False
Grad-CAM,126001,none,none,True,0.9975835084915161,0.8702740669250488,1.1323515178287802,-0.0023577213287353516,-0.0014502406120300293,-0.0014986991882324219,-0.0009074807167053223,-0.0008590221405029297,False
Grad-CAM,128608,none,none,True,0.9963676929473877,0.870292067527771,1.1157171544894366,-0.003146052360534668,-0.0032427310943603516,-0.0019870400428771973,9.66787338256836e-05,-0.0011590123176574707,False
Grad-CAM,133220,none,none,True,0.996250331401825,0.8547757267951965,1.12073027431278,-0.0034656524658203125,-0.003277599811553955,-0.002513706684112549,-0.00018805265426635742,-0.0009519457817077637,False
Grad-CAM,134377,none,none,True,0.9971802234649658,0.8616119027137756,1.1296934550306097,-0.00258558988571167,-0.0023186206817626953,-0.0008459687232971191,-0.0002669692039489746,-0.0017396211624145508,False
Grad-CAM,134379,none,none,True,0.9988700747489929,0.8541691303253174,1.119934941681338,-0.0008498430252075195,-0.00027877092361450195,-0.0005472302436828613,-0.0005710721015930176,-0.0003026127815246582,False
Grad-CAM,134822,none,none,True,0.9959356784820557,0.8472154140472412,1.1108176491477273,-0.004032492637634277,-0.003694593906402588,-0.003258049488067627,-0.00033789873123168945,-0.0007744431495666504,False
Grad-CAM,136245,none,none,True,0.9938522577285767,0.8789746761322021,1.1279073538338034,-0.005292057991027832,-0.005566596984863281,-0.004662215709686279,0.0002745389938354492,-0.0006298422813415527,False
Grad-CAM,141519,none,none,True,0.9199487566947937,0.8455499410629272,1.1050965407127473,-0.04619157314300537,-0.07950061559677124,-0.07282376289367676,0.03330904245376587,0.026632189750671387,False
Grad-CAM,144462,none,none,True,0.9974507689476013,0.8475099205970764,1.10765814765974,-0.002019166946411133,-0.002194643020629883,-0.0009655356407165527,0.00017547607421875,-0.00105363130569458,False
Grad-CAM,148208,none,none,True,0.9989344477653503,0.8607967495918274,1.1059672165395624,-0.0010129809379577637,-0.0005193948745727539,-0.00015300512313842773,-0.0004935860633850098,-0.0008599758148193359,False
Grad-CAM,149898,none,none,True,0.9976500868797302,0.8572587370872498,1.102805209519276,-0.0018426775932312012,-0.0020751357078552246,-0.000499427318572998,0.00023245811462402344,-0.0013432502746582031,False
Grad-CAM,153138,none,none,True,0.9937447905540466,0.8839686512947083,1.1052306458190246,-0.005866050720214844,-0.005804598331451416,-0.0016112923622131348,-6.145238876342773e-05,-0.004254758358001709,False
Grad-CAM,154623,none,none,True,0.9991108775138855,0.8200324177742004,1.0905366179230924,-0.0008572936058044434,-0.0007762312889099121,-8.308887481689453e-05,-8.106231689453125e-05,-0.0007742047309875488,False
Grad-CAM,156119,none,none,True,0.9990668892860413,0.8117349743843079,1.079502095804586,-0.0009223818778991699,-0.0008013248443603516,-0.0007072687149047852,-0.00012105703353881836,-0.00021511316299438477,False
Grad-CAM,159337,none,none,True,0.998536229133606,0.8084339499473572,1.075112162007914,-0.0013074874877929688,-0.0013403892517089844,-0.0010917186737060547,3.2901763916015625e-05,-0.00021576881408691406,False
Grad-CAM,159403,none,none,True,0.9993463158607483,0.808347225189209,1.0749968293425325,-0.0005211234092712402,-0.000520169734954834,-0.0003382563591003418,-9.5367431640625e-07,-0.00018286705017089844,False
Grad-CAM,168043,none,none,True,0.9900404810905457,0.8391351699829102,1.0761107251878521,-0.009799301624298096,-0.009407997131347656,-0.006731867790222168,-0.00039130449295043945,-0.0030674338340759277,False
Grad-CAM,169919,none,none,True,0.9960575103759766,0.8638898730278015,1.1078562679780448,-0.003168463706970215,-0.0033301115036010742,-0.0027440786361694336,0.00016164779663085938,-0.00042438507080078125,False
Grad-CAM,170724,none,none,True,0.9979203343391418,0.8527547717094421,1.093576563845296,-0.0019972920417785645,-0.001530468463897705,-0.0014703869819641113,-0.0004668235778808594,-0.0005269050598144531,False
Grad-CAM,171268,none,none,True,0.9956159591674805,0.8590638041496277,1.1016672954905682,-0.004215121269226074,-0.004030108451843262,-0.0018568634986877441,-0.0001850128173828125,-0.00235825777053833,False
Integrated Gradients,6320,Center,Center,True,0.6330228447914124,0.9999999403953552,1.2556712924155042,0.6330228212720499,0.6330191462479888,0.633020773815133,3.6750240610672336e-06,2.047456916898227e-06,True
Integrated Gradients,9374,Center,Center,True,0.9958933591842651,1.0000001192092896,1.2880504680129716,0.9958933526149121,0.9956840664090123,0.9954053674591705,0.00020928620589977243,0.0004879851557415549,True
Integrated Gradients,10224,Center,Center,True,0.8172298669815063,0.9999999403953552,1.2677188968924096,0.8172298259081607,0.8172298032648797,0.8172298277707952,2.2643281027967532e-08,-1.8626344910899206e-09,True
Integrated Gradients,12469,Center,Center,True,0.9991869330406189,1.0,1.3170418006430868,0.9991867319057519,0.9991868628469405,0.999186114218162,-1.309411885586087e-07,6.176875899654988e-07,True
Integrated Gradients,12470,Center,Center,True,0.9965456128120422,1.0,1.3170418006430868,0.9965455928863935,0.996543856235121,0.9965174443277647,1.7366512725658367e-06,2.8148558628871e-05,True
Integrated Gradients,12497,Center,Center,True,0.9848954677581787,1.0000001192092896,1.3111397209607074,0.9848954369488006,0.9848427404249378,0.9848901114683031,5.26965238627497e-05,5.32548049747561e-06,True
Integrated Gradients,18814,Center,Center,True,0.9994155168533325,1.0000001192092896,1.316195529653358,0.9994155163598445,0.9994096514228659,0.9994128665987319,5.864936978627888e-06,2.6497611126385934e-06,True
Integrated Gradients,19375,Center,Center,True,0.953316867351532,1.0,1.2917060864080732,0.9533168550691586,0.9487484870478511,0.8766965717077255,0.004568368021307556,0.07662028336143312,True
Integrated Gradients,23384,Center,Center,True,0.942673921585083,1.0,1.3003174603174603,0.9426739215850671,0.9426603007759695,0.9423616110580042,1.3620809097614206e-05,0.00031231052706293116,True
Integrated Gradients,24140,Center,Center,True,0.9962090253829956,1.0000001192092896,1.3264250285884878,0.9962090250917058,0.996207063693646,0.9962057045129313,1.961398059857622e-06,3.320578774501648e-06,True
Integrated Gradients,24389,Center,Center,True,0.8959242701530457,1.0,1.3094629156010231,0.8959242565489278,0.8959241381441814,0.8959240487451439,1.1840474645197219e-07,2.0780378395812704e-07,True
Integrated Gradients,24396,Center,Center,True,0.9983763694763184,1.0,1.3094629156010231,0.9983763689816688,0.9983730917767843,0.9980871425650548,3.277204884466478e-06,0.00028922641661399684,True
Integrated Gradients,24404,Center,Center,True,0.966032862663269,1.0,1.3094629156010231,0.9660328432040259,0.9660319377435371,0.9659995030669961,9.054604888092399e-07,3.3340137029824746e-05,True
Integrated Gradients,25347,Center,Center,True,0.9925960898399353,1.0,1.3111395646606914,0.9925960662132542,0.9925912089288431,0.9925953142941921,4.857284411130536e-06,7.519190621252392e-07,True
Integrated Gradients,25360,Center,Center,True,0.9992709755897522,1.0,1.3111395646606914,0.9992709754225914,0.9992511324544466,0.9989264207542874,1.9842968144723194e-05,0.00034455466830396464,True
Integrated Gradients,25482,Center,Center,True,0.9985296726226807,1.0,1.3111395646606914,0.9985296723030608,0.998294772580266,0.9980086366413161,0.0002348997227947791,0.0005210356617446621,True
Integrated Gradients,25501,Center,Center,True,0.9999899864196777,1.0,1.3111395646606914,0.9999899144553837,0.9998072460584808,0.9989894133759663,0.00018266839690284087,0.001000501079417404,True
Integrated Gradients,25527,Center,Center,True,0.9999310970306396,1.0,1.3111395646606914,0.9999310969476228,0.9995495732291602,0.9985772799700499,0.00038152371846267297,0.0013538169775729747,True
Integrated Gradients,25796,Center,Center,True,0.9999616146087646,0.9999999403953552,1.3111394865106833,0.9999616125179542,0.9997852259257343,0.9999072631908348,0.0001763865922199681,5.434932711945173e-05,True
Integrated Gradients,25838,Center,Center,True,0.9989830851554871,1.0,1.3111395646606914,0.9989830851093146,0.9989631598691631,0.9988861329766223,1.9925240151486e-05,9.695213269222958e-05,True
Integrated Gradients,25871,Center,Center,True,0.9997603297233582,1.0000001192092896,1.3111397209607074,0.9997602926882685,0.9989334306446835,0.9962666328065097,0.0008268620435849527,0.0034936598817587594,True
Integrated Gradients,26239,Center,Center,True,0.999500036239624,1.0,1.3111395646606914,0.9994999138918246,0.9991925815702416,0.9994009748334065,0.00030733232158297596,9.893905841806827e-05,True
Integrated Gradients,26241,Center,Center,True,0.9996610879898071,0.9999998807907104,1.3111394083606753,0.9996610833779109,0.9987288230913691,0.9991253588814288,0.0009322602865418084,0.0005357244964820929,True
Integrated Gradients,26247,Center,Center,True,0.9967516660690308,1.0,1.3111395646606914,0.9967516646477129,0.9961928005213849,0.9967245297957561,0.0005588641263279959,2.7134851956822637e-05,True
Integrated Gradients,26490,Center,Center,True,0.9996980428695679,1.0,1.3111395646606914,0.9996980428528234,0.9996724223074125,0.9996526796494436,2.5620545410887097e-05,4.536320337977795e-05,True
Integrated Gradients,26520,Center,Center,True,0.9998819828033447,1.0,1.3111395646606914,0.9998819765416203,0.9998627565601055,0.9995913603634108,1.921998151477311e-05,0.0002906161782094685,True
Integrated Gradients,26740,Center,Center,True,0.9997503161430359,1.0000001192092896,1.3111397209607074,0.999750316074072,0.9997493607179422,0.9997430371972769,9.5535612987252e-07,7.278876795191458e-06,True
Integrated Gradients,26843,Center,Center,True,0.9999712705612183,1.0000001192092896,1.3111397209607074,0.9999712549845334,0.9999436681209772,0.9999589495037071,2.7586863556194885e-05,1.2305480826313442e-05,True
Integrated Gradients,27048,Center,Center,True,0.9999765157699585,0.9999999403953552,1.3111394865106833,0.9999765072691869,0.9999252141278703,0.9999648492976121,5.129314131657736e-05,1.1657971574763337e-05,True
Integrated Gradients,27144,Center,Center,True,0.9999741315841675,1.0,1.3111395646606914,0.9999741315242889,0.9999683965515942,0.999938724511594,5.73497269473755e-06,3.5407012694887996e-05,True
Integrated Gradients,27224,Center,Center,True,0.9989118576049805,1.0,1.3111395646606914,0.9989118575782049,0.9988894043053733,0.9988130822239327,2.2453272831568505e-05,9.877535427216255e-05,True
Integrated Gradients,27242,Center,Center,True,0.9998188614845276,1.0,1.3111395646606914,0.9998188612998976,0.9998150567002995,0.999807770453117,3.804599598145053e-06,1.1090846780636987e-05,True
Integrated Gradients,27245,Center,Center,True,0.9998981952667236,1.0,1.3111395646606914,0.9998980177320931,0.9990002548438497,0.9832817129790783,0.0008977628882433919,0.016616304753014788,True
Integrated Gradients,27553,Center,Center,True,0.9981210827827454,1.0,1.301143583227446,0.9981210761260684,0.99806335609901,0.9980170290436945,5.772002705839441e-05,0.0001040470823738815,True
Integrated Gradients,27816,Center,Center,True,0.9980520009994507,1.0,1.3027989821882953,0.9980519938749683,0.9980011288789683,0.9978180519829039,5.0864996000044016e-05,0.00023394189206449312,True
Integrated Gradients,27848,Center,Center,True,0.9954108595848083,1.0,1.3027989821882953,0.9954108516450626,0.995403189690478,0.9953818049125402,7.661954584570196e-06,2.9046732522353125e-05,True
Integrated Gradients,27957,Center,Center,True,0.9999233484268188,1.0,1.3111395646606914,0.9999233482558455,0.9998156658693915,0.9983294954290614,0.00010768238645397776,0.0015938528267841479,True
Integrated Gradients,27962,Center,Center,True,0.9994668364524841,0.9999999403953552,1.3111394865106833,0.999466788928089,0.9994343676225981,0.9994595978532743,3.242130549097055e-05,7.191074814727472e-06,True
Integrated Gradients,28068,Center,Center,True,0.9992259740829468,1.0000001192092896,1.3111397209607074,0.9992259668843109,0.9991630189615535,0.9991763514990453,6.29479227574059e-05,4.9615385265600054e-05,True
Integrated Gradients,28098,Center,Center,True,0.9999890327453613,1.0000001192092896,1.3111397209607074,0.9999890327215046,0.9999566522565146,0.9999373334103439,3.238046498998948e-05,5.169931116077997e-05,True
Integrated Gradients,29379,Center,Center,True,0.9868869185447693,1.0,1.25567136725935,0.9868869185361988,0.9868670629020926,0.986783187763649,1.985563410622504e-05,0.00010373077254977048,True
Integrated Gradients,72469,Center,Center,True,0.9826551675796509,1.0,1.3094629156010231,0.982655152101545,0.9825631895291735,0.9820521807996556,9.196257237142902e-05,0.0006029713018893545,True
Integrated Gradients,119392,Center,Center,True,0.9693149924278259,1.0,1.3032134902958956,0.9693149856501817,0.9693149747573937,0.9693149908555672,1.089278800492366e-08,-5.205385456008571e-09,True
Integrated Gradients,124431,Center,Center,True,0.9976699948310852,1.0,1.301143583227446,0.9976699875623871,0.997654063603477,0.9975273107556859,1.592395891014675e-05,0.00014267680670121408,True
Integrated Gradients,125526,Center,Center,True,0.6181877255439758,1.0000001192092896,1.3011437383358482,0.6181877247307066,0.6181876617544333,0.6181876484699984,6.297627330731359e-08,7.626070819277686e-08,True
Integrated Gradients,125599,Center,Center,True,0.9721587300300598,1.0,1.301143583227446,0.9721587075563605,0.9721585752346016,0.9721584586125118,1.3232175888333586e-07,2.4894384864637686e-07,True
Integrated Gradients,126067,Center,Center,True,0.8857657313346863,0.9999998807907104,1.301143428119044,0.885765727486822,0.8857651449309856,0.8857652847599411,5.825558364591643e-07,4.4272688093371926e-07,True
Integrated Gradients,159273,Center,Center,True,0.512832760810852,1.0000001192092896,1.3298702884030031,0.5128327604916175,0.5128327582575438,0.5128327589323618,2.2340737038106795e-09,1.5592557245369676e-09,True
Integrated Gradients,166573,Center,none,False,0.5854945182800293,1.0,1.28240450845335,-0.4143857955932617,-0.41405296325683594,-0.41411441564559937,-0.00033283233642578125,-0.0002713799476623535,False
Integrated Gradients,169928,Center,Center,True,0.5273635387420654,1.0,1.28240450845335,0.5273635374283351,0.5273634230966451,0.5273635231753993,1.1433169000429899e-07,1.4252935831571278e-08,True
Integrated Gradients,6723,Donut,Donut,True,0.9999998807907104,1.0,1.28,0.9326948821544647,9.59634780883789e-06,1.1920928955078125e-07,0.9326852858066559,0.9326947629451752,True
Integrated Gradients,6724,Donut,Donut,True,0.9999918937683105,1.0,1.2884554891475306,0.9999478958779946,0.00029647350311279297,-4.0531158447265625e-06,0.9996514223748818,0.9999519489938393,True
Integrated Gradients,9668,Donut,Donut,True,0.9998340606689453,1.0000001192092896,1.263807617488815,0.9754320364445448,0.0074615478515625,-6.73532485961914e-05,0.9679704885929823,0.975499389693141,True
Integrated Gradients,9670,Donut,Donut,True,0.9998106360435486,1.0000001192092896,1.263807617488815,0.980991916731,0.010129988193511963,-0.00012928247451782227,0.970861928537488,0.9811211992055178,True
Integrated Gradients,9671,Donut,Donut,True,0.9998540878295898,0.9999999403953552,1.2638073915024297,0.40058284997940063,0.004149794578552246,-8.082389831542969e-05,0.3964330554008484,0.40066367387771606,False
Integrated Gradients,9672,Donut,Donut,True,0.999832272529602,0.9999999403953552,1.2638073915024297,0.9415108487010002,0.007398128509521484,7.921457290649414e-05,0.9341127201914787,0.9414316341280937,True
Integrated Gradients,9673,Donut,Donut,True,0.9997977614402771,1.0,1.263807466831225,0.9305804595351219,0.009138047695159912,-9.506940841674805e-05,0.921442411839962,0.9306755289435387,True
Integrated Gradients,9674,Donut,Donut,True,0.9998387098312378,1.0,1.263807466831225,0.9099135920405388,0.003945887088775635,-0.0001081228256225586,0.9059677049517632,0.9100217148661613,True
Integrated Gradients,9678,Donut,Donut,True,0.9998530149459839,0.9999999403953552,1.2638073915024297,0.9796661213040352,0.012680530548095703,-0.00011205673217773438,0.9669855907559395,0.9797781780362129,True
Integrated Gradients,15047,Donut,Donut,True,0.8018506765365601,1.0,1.2610837438423645,0.798998435260728,-0.056632816791534424,-0.18337899446487427,0.8556312520522624,0.9823774297256023,True
Integrated Gradients,18630,Donut,Donut,True,0.9999788999557495,1.0000001192092896,1.2653693198273865,0.9958381322212517,0.00010561943054199219,-1.811981201171875e-05,0.9957325127907097,0.9958562520332634,True
Integrated Gradients,20239,Donut,Donut,True,0.9997275471687317,1.0,1.2986683576410907,0.9897231189534068,0.0028336644172668457,-0.00010198354721069336,0.98688945453614,0.9898251025006175,True
Integrated Gradients,20242,Donut,Donut,True,0.999995231628418,1.0000001192092896,1.298668512454423,0.5176518261432648,0.00016945600509643555,-2.7418136596679688e-06,0.5174823701381683,0.5176545679569244,False
Integrated Gradients,20246,Donut,Donut,True,0.9847161769866943,1.0,1.2986683576410907,0.9469501040875912,-0.004945516586303711,-0.013782620429992676,0.9518956206738949,0.9607327245175838,True
Integrated Gradients,20265,Donut,Donut,True,0.9970056414604187,1.0,1.2986683576410907,0.9970051959835189,0.026065170764923096,-0.0006784796714782715,0.9709400252185958,0.9976836756549972,True
Integrated Gradients,20266,Donut,Donut,True,0.994384765625,1.0,1.2986683576410907,0.11025714874267578,0.016586661338806152,-0.003972947597503662,0.09367048740386963,0.11423009634017944,False
Integrated Gradients,20268,Donut,Donut,True,0.999725878238678,1.0,1.2986683576410907,0.6760068535804749,0.0030524134635925293,-8.749961853027344e-05,0.6729544401168823,0.6760943531990051,True
Integrated Gradients,20270,Donut,Donut,True,0.999922513961792,0.9999999403953552,1.2986682802344245,0.7090998589992523,0.0013294816017150879,7.390975952148438e-05,0.7077703773975372,0.7090259492397308,True
Integrated Gradients,20271,Donut,Donut,True,0.9996004700660706,0.9999999403953552,1.2986682802344245,0.3572220802307129,0.010647177696228027,-0.00015854835510253906,0.34657490253448486,0.35738062858581543,False
Integrated Gradients,20273,Donut,Donut,True,0.99997878074646,1.0,1.2986683576410907,0.17810183763504028,0.00017255544662475586,-2.0265579223632812e-06,0.17792928218841553,0.17810386419296265,False
Integrated Gradients,20274,Donut,Donut,True,0.9996727705001831,1.0000001192092896,1.298668512454423,0.9939512703567743,0.0016366839408874512,0.00011426210403442383,0.9923145864158869,0.9938370082527399,True
Integrated Gradients,20347,Donut,Donut,True,0.9998369216918945,1.0000001192092896,1.298668512454423,0.9988544437801465,0.013065457344055176,5.4776668548583984e-05,0.9857889864360914,0.998799667111598,True
Integrated Gradients,20394,Donut,Donut,True,0.9983745813369751,1.0,1.2986683576410907,0.9911354067735374,0.0031322836875915527,-0.0013344883918762207,0.9880031230859458,0.9924698951654136,True
Integrated Gradients,20400,Donut,Donut,True,0.9997019171714783,1.0,1.2986683576410907,0.718724399805069,0.0021973252296447754,-0.00016385316848754883,0.7165270745754242,0.7188882529735565,True
Integrated Gradients,21527,Donut,Donut,True,0.8029782772064209,1.0,1.2503052503052503,0.7028096839785576,-0.09108167886734009,-0.18166112899780273,0.7938913628458977,0.8844708129763603,True
Integrated Gradients,21529,Donut,Donut,True,0.9796059727668762,1.0,1.2503052503052503,0.9743401203304529,0.031082093715667725,-0.01698523759841919,0.9432580266147852,0.9913253579288721,True
Integrated Gradients,21530,Donut,Donut,True,0.805378794670105,1.0,1.2503052503052503,0.7720826826989651,-0.12397998571395874,-0.1822527050971985,0.8960626684129238,0.9543353877961636,True
Integrated Gradients,24249,Donut,Donut,True,0.9982876181602478,1.0,1.2978453738910012,0.9982535109484161,0.008130490779876709,0.000726163387298584,0.9901230201685394,0.9975273475611175,True
Integrated Gradients,24250,Donut,Donut,True,0.8496161103248596,1.0,1.2978453738910012,0.45958295464515686,-0.13919109106063843,-0.14724260568618774,0.5987740457057953,0.6068255603313446,True
Integrated Gradients,24252,Donut,Donut,True,0.860526978969574,1.0,1.2978453738910012,0.8605255959588476,0.859693817445077,0.7133133858442307,0.0008317785137705869,0.14721221011461694,True
Integrated Gradients,24254,Donut,Donut,True,0.6655325889587402,1.0,1.2978453738910012,0.6655323043978285,0.05661821365356445,-0.2554645538330078,0.6089140907442641,0.9209968582308363,True
Integrated Gradients,24357,Donut,Donut,True,0.898091197013855,1.0,1.3094629156010231,0.866399809718132,0.12391412258148193,-0.05001288652420044,0.7424856871366501,0.9164126962423325,True
Integrated Gradients,24421,Donut,Donut,True,0.9803873896598816,1.0,1.2720496894409938,0.9801477001310559,0.18650299310684204,-0.00994110107421875,0.7936447070242139,0.9900888012052746,True
Integrated Gradients,45427,Donut,Donut,True,0.9999936819076538,1.0,1.2677189724543485,0.7767261564731598,0.00012767314910888672,0.0,0.7765984833240509,0.7767261564731598,True
Integrated Gradients,49861,Donut,Donut,True,0.5376567840576172,1.0,1.281602002503129,0.5079747624695301,-0.3850519061088562,-0.44285595417022705,0.8930266685783863,0.9508307166397572,True
Integrated Gradients,49926,Donut,Donut,True,0.9944444298744202,1.0,1.281602002503129,0.9935418093809858,0.010212302207946777,-0.002987384796142578,0.983329507173039,0.9965291941771284,True
Integrated Gradients,50140,Donut,Center,False,0.6546688675880432,0.9999999403953552,1.2816019261136968,0.6546688592298553,0.6546607644540927,0.6546214858608437,8.094775762579332e-06,4.737336901161626e-05,True
Integrated Gradients,51404,Donut,Loc,False,0.6546679139137268,1.0,1.281602002503129,0.6544905077898875,0.6166063882410526,0.63360427133739,0.03788411954883486,0.020886236452497542,True
Integrated Gradients,51414,Donut,Loc,False,0.5700942277908325,1.0,1.2848180677540777,0.5641343570314348,0.508660901337862,0.5317074544727802,0.05547345569357276,0.03242690255865455,True
Integrated Gradients,51806,Donut,Donut,True,0.5222098231315613,1.0,1.281602002503129,0.5222021223862612,0.48168524727225304,0.252759724855423,0.040516875114008144,0.2694423975308382,True
Integrated Gradients,52219,Donut,Donut,True,0.8932309746742249,0.9999998807907104,1.2848179145918288,0.4004046320915222,-0.0746801495552063,-0.0960698127746582,0.4750847816467285,0.4964744448661804,False
Integrated Gradients,52301,Donut,Donut,True,0.9915741086006165,1.0000001192092896,1.2832081730204417,0.4327225089073181,0.0008243918418884277,-0.007156848907470703,0.4318981170654297,0.4398793578147888,False
Integrated Gradients,53867,Donut,Loc,False,0.5260698199272156,1.0,1.281602002503129,0.5236566143576056,0.5158391771838069,0.5222928656730801,0.00781743717379868,0.0013637486845254898,True
Integrated Gradients,53869,Donut,Loc,False,0.6853206753730774,1.0000001192092896,1.2816021552819932,0.6838111302349716,0.6425564512610435,0.6687390077859163,0.041254678973928094,0.015072122449055314,True
Integrated Gradients,53871,Donut,Donut,True,0.9925486445426941,1.0,1.2832080200501252,0.9922770915727597,-0.0006862878799438477,-0.004909634590148926,0.9929633794527035,0.9971867261629086,True
Integrated Gradients,53876,Donut,Loc,False,0.9522960186004639,1.0,1.281602002503129,0.9516742892446928,0.7800458371639252,0.8589009270071983,0.1716284520807676,0.09277336223749444,True
Integrated Gradients,93790,Donut,Donut,True,0.9254677295684814,1.0,1.3145057766367136,0.8036144226789474,-0.06741690635681152,-0.07253056764602661,0.871031329035759,0.8761449903249741,True
Integrated Gradients,126174,Donut,Donut,True,0.9175336956977844,1.0,1.301143583227446,0.8886111546307802,0.12025779485702515,-0.03600341081619263,0.7683533597737551,0.9246145654469728,True
Integrated Gradients,132075,Donut,Donut,True,0.9687341451644897,1.0,1.3111395646606914,0.9687319326401393,0.8445504158735275,0.1618034839630127,0.12418151676661182,0.8069284486771267,True
Integrated Gradients,162779,Donut,Donut,True,0.9921033978462219,1.0,1.3298701298701299,0.958154559135437,0.02559882402420044,-0.006431519985198975,0.9325557351112366,0.964586079120636,True
Integrated Gradients,1734,Edge-Loc,Edge-Loc,True,0.7952803373336792,1.0,1.25567136725935,0.7946369398268871,0.4704486131668091,0.5986960530281067,0.324188326660078,0.1959408867987804,True
Integrated Gradients,8283,Edge-Loc,Edge-Loc,True,0.9955477714538574,1.0,1.2880503144654087,0.9949277496198192,0.015713870525360107,0.05224698781967163,0.9792138790944591,0.9426807618001476,True
Integrated Gradients,8308,Edge-Loc,Edge-Loc,True,0.9997761845588684,1.0,1.3145057766367136,0.0010585188865661621,-0.00016868114471435547,0.001082301139831543,0.0012272000312805176,-2.378225326538086e-05,False
Integrated Gradients,8407,Edge-Loc,Edge-Loc,True,0.5169232487678528,0.9999998807907104,1.3119793439201635,0.516720516156056,0.49184038303792477,0.49847981706261635,0.024880133118131198,0.018240699093439616,True
Integrated Gradients,8685,Edge-Loc,Edge-Loc,True,0.9927037954330444,1.0,1.2768079800498753,0.9912909931736067,0.01968485116958618,-0.005464315414428711,0.9716061420040205,0.9967553085880354,True
Integrated Gradients,8706,Edge-Loc,Edge-Loc,True,0.9684223532676697,1.0,1.2776044915782907,-0.02832692861557007,-0.02372521162033081,0.11705893278121948,-0.004601716995239258,-0.14538586139678955,False
Integrated Gradients,8723,Edge-Loc,Edge-Loc,True,0.9774320125579834,0.9999999403953552,1.2768079039461893,0.9769224919728003,0.9707069667056203,0.8257670402526855,0.006215525267180055,0.1511554517201148,True
Integrated Gradients,8794,Edge-Loc,none,False,0.5525240302085876,0.9999999403953552,1.2828060619666066,-0.4472755193710327,-0.44242703914642334,-0.4173416495323181,-0.004848480224609375,-0.0299338698387146,False
Integrated Gradients,8993,Edge-Loc,Edge-Loc,True,0.9942967295646667,1.0,1.2970234325522483,0.9819492334499955,-0.005314946174621582,-0.005465030670166016,0.9872641796246171,0.9874142641201615,True
Integrated Gradients,9133,Edge-Loc,Edge-Loc,True,0.9793047308921814,1.0,1.2880503144654087,0.9759494857862592,0.7620181888341904,0.8633129224181175,0.2139312969520688,0.11263656336814165,True
Integrated Gradients,9315,Edge-Loc,Edge-Loc,True,0.9944431185722351,1.0000001192092896,1.2880504680129716,0.9939188699354418,0.002933800220489502,0.001568138599395752,0.9909850697149523,0.992350731336046,True
Integrated Gradients,11261,Edge-Loc,Edge-Loc,True,0.9957078695297241,0.9999998807907104,1.2744242413561762,0.9952412075945176,-0.003781259059906006,-0.0022125840187072754,0.9990224666544236,0.9974537916132249,True
Integrated Gradients,13904,Edge-Loc,Edge-Loc,True,0.9985576272010803,0.9999999403953552,1.2665429053368507,0.9677914548665285,-0.0010963678359985352,-0.00016617774963378906,0.968887822702527,0.9679576326161623,True
Integrated Gradients,20769,Edge-Loc,Edge-Loc,True,0.9997174143791199,0.9999999403953552,1.245742018205406,3.93986701965332e-05,-0.00020736455917358398,0.0046272873878479,0.0002467632293701172,-0.004587888717651367,False
Integrated Gradients,21608,Edge-Loc,Edge-Loc,True,0.9528493285179138,1.0,1.2752179327521793,0.9526070567371789,0.9505773852579296,0.9073442257940769,0.002029671479249373,0.04526283094310202,True
Integrated Gradients,24356,Edge-Loc,Edge-Loc,True,0.9873589873313904,0.9999998807907104,1.3094627595008792,0.9871909840003354,0.8493170440196991,0.2903973460197449,0.13787393998063635,0.6967936379805906,True
Integrated Gradients,24589,Edge-Loc,Edge-Loc,True,0.9934788942337036,1.000000238418579,1.284012845317398,0.992985742923338,0.0049746036529541016,0.0071866512298583984,0.9880111392703839,0.9857990916934796,True
Integrated Gradients,24733,Edge-Loc,Edge-Loc,True,0.9976044297218323,1.0,1.2732359341000932,0.9966761899413541,0.0215340256690979,-0.001330733299255371,0.9751421642722562,0.9980069232406095,True
Integrated Gradients,24984,Edge-Loc,Edge-Loc,True,0.999962329864502,0.9999998807907104,1.3094627595008792,0.19952070713043213,0.00045043230056762695,0.0034606456756591797,0.1990702748298645,0.19606006145477295,False
Integrated Gradients,25715,Edge-Loc,Edge-Loc,True,0.9943813681602478,0.9999998807907104,1.301143428119044,0.9478016160428524,-0.005573689937591553,-0.005572140216827393,0.953375305980444,0.9533737562596798,True
Integrated Gradients,39567,Edge-Loc,Edge-Loc,True,0.9862923622131348,1.0,1.3145057766367136,0.9857147638686001,0.12635278701782227,0.0863465666770935,0.8593619768507779,0.8993681971915066,True
Integrated Gradients,49927,Edge-Loc,Edge-Loc,True,0.994821310043335,1.0000001192092896,1.2816021552819932,0.994544446351938,0.3828089237213135,0.013909578323364258,0.6117355226306245,0.9806348680285737,True
Integrated Gradients,50943,Edge-Loc,Edge-Loc,True,0.9998776912689209,1.0,1.2848180677540777,0.0028718113899230957,3.218650817871094e-05,0.00299680233001709,0.0028396248817443848,-0.00012499094009399414,False
Integrated Gradients,53051,Edge-Loc,none,False,0.5916815400123596,1.0,1.285624607658506,-0.40807175636291504,-0.40098071098327637,-0.34810763597488403,-0.007091045379638672,-0.059964120388031006,False
Integrated Gradients,53548,Edge-Loc,Edge-Loc,True,0.9969755411148071,1.0000001192092896,1.2816021552819932,0.9969222242070828,0.013668060302734375,-0.001726984977722168,0.9832541639043484,0.9986492091848049,True
Integrated Gradients,95993,Edge-Loc,Edge-Loc,True,0.794322669506073,1.0,1.2921135646687698,0.7942364824266406,0.7707515861839056,0.675100602209568,0.023484896242734976,0.11913588021707255,True
Integrated Gradients,100167,Edge-Loc,Edge-Loc,True,0.9980138540267944,1.0000001192092896,1.2921137187007097,0.9974463217658922,0.13546967506408691,0.02258080244064331,0.8619766467018053,0.9748655193252489,True
Integrated Gradients,100770,Edge-Loc,Edge-Loc,True,0.9993230104446411,1.0,1.2921135646687698,0.9988272752962075,0.42757129669189453,0.00964730978012085,0.571255978604313,0.9891799655160867,True
Integrated Gradients,107243,Edge-Loc,Edge-Loc,True,0.4336813986301422,1.0000001192092896,1.2728404251961623,0.43334573446190916,0.43225072405766696,0.43135102605447173,0.0010950104042422026,0.001994708407437429,True
Integrated Gradients,120150,Edge-Loc,Edge-Loc,True,0.9435237050056458,0.9999998807907104,1.301143428119044,0.943456486260402,0.9147989843040705,0.7226003706455231,0.028657501956331544,0.22085611561487895,True
Integrated Gradients,120346,Edge-Loc,none,False,0.753803014755249,1.0,1.301143583227446,-0.24611806869506836,-0.24356436729431152,-0.24394434690475464,-0.002553701400756836,-0.0021737217903137207,False
Integrated Gradients,121601,Edge-Loc,Edge-Loc,True,0.8820939064025879,1.0,1.301143583227446,0.8820112946923473,0.4718248248100281,0.10606199502944946,0.4101864698823192,0.7759492996628978,True
Integrated Gradients,121612,Edge-Loc,Loc,False,0.5183530449867249,1.0,1.301143583227446,0.5183372191968374,0.5121854236349463,0.48955591209232807,0.006151795561891049,0.028781307104509324,True
Integrated Gradients,121649,Edge-Loc,Edge-Loc,True,0.9101166725158691,1.0,1.301143583227446,0.909994664194528,0.9039188674651086,0.875836256891489,0.00607579672941938,0.034158407303038985,True
Integrated Gradients,129349,Edge-Loc,Edge-Loc,True,0.9984318614006042,1.0,1.3111395646606914,0.9982912138220854,0.5719601511955261,0.0013927817344665527,0.4263310626265593,0.9968984320876189,True
Integrated Gradients,129398,Edge-Loc,Edge-Loc,True,0.5104449391365051,1.0,1.3111395646606914,0.5103445528729935,0.5085807889699936,0.501616389490664,0.0017637639029999264,0.008728163382329512,True
Integrated Gradients,130901,Edge-Loc,Edge-Loc,True,0.932378351688385,1.0000001192092896,1.3111397209607074,0.9322161575109931,0.9319195287243929,0.9313602502224967,0.00029662878660019487,0.0008559072884963825,True
Integrated Gradients,131098,Edge-Loc,Edge-Loc,True,0.9764617085456848,1.0,1.3111395646606914,0.9763759794441285,0.9752753116190434,0.9632445676252246,0.001100667825085111,0.013131411818903871,True
Integrated Gradients,131220,Edge-Loc,Edge-Loc,True,0.9985213875770569,1.0,1.3111395646606914,0.998403326018888,0.4581792950630188,-0.00019210577011108398,0.5402240309558692,0.9985954317889991,True
Integrated Gradients,131459,Edge-Loc,Edge-Loc,True,0.9283291697502136,0.9999999403953552,1.3111394865106833,0.9282576259865891,0.9269888980779797,0.9247473087161779,0.001268727908609435,0.0035103172704111785,True
Integrated Gradients,132979,Edge-Loc,Edge-Loc,True,0.7117932438850403,1.0,1.3111395646606914,0.7117321892728796,0.7095154505223036,0.7038296097889543,0.0022167387505760416,0.007902579483925365,True
Integrated Gradients,139798,Edge-Loc,Edge-Loc,True,0.9961897730827332,1.0,1.2912988650693569,0.9957618279149756,0.7431969344615936,0.031141281127929688,0.25256489345338196,0.9646205467870459,True
Integrated Gradients,142937,Edge-Loc,Edge-Loc,True,0.9973819851875305,1.0,1.3069559668155712,0.9971396287292009,0.9428747668862343,0.05810379981994629,0.05426486184296664,0.9390358289092546,True
Integrated Gradients,147242,Edge-Loc,Edge-Loc,True,0.999731719493866,1.0,1.2848180677540777,0.9994574723241385,0.0001431107521057129,0.00023227930068969727,0.9993143615720328,0.9992251930234488,True
Integrated Gradients,152123,Edge-Loc,Edge-Loc,True,0.6142712831497192,1.0,1.2896725440806045,0.614193470144528,0.6095282821916044,0.6042200122028589,0.0046651879529235885,0.00997345794166904,True
Integrated Gradients,156067,Edge-Loc,none,False,0.5141288638114929,1.0,1.3298701298701299,-0.48548561334609985,-0.4824563264846802,-0.47386330366134644,-0.0030292868614196777,-0.011622309684753418,False
Integrated Gradients,159010,Edge-Loc,Edge-Loc,True,0.6191698908805847,1.0,1.3298701298701299,0.6191126852172602,0.5604569688439369,0.36011597514152527,0.05865571637332323,0.2589967100757349,True
Integrated Gradients,169840,Edge-Loc,Edge-Loc,True,0.9991931319236755,1.0,1.28240450845335,0.9976888803066686,2.968311309814453e-05,-0.00010222196578979492,0.9976591971935704,0.9977911022724584,True
Integrated Gradients,171723,Edge-Loc,Edge-Loc,True,0.9495413303375244,1.0,1.292929292929293,0.9493873543688096,0.5029610991477966,0.2962983250617981,0.446426255221013,0.6530890293070115,True
Integrated Gradients,172207,Edge-Loc,Edge-Loc,True,0.9787966012954712,1.0,1.292929292929293,0.19946199655532837,0.3065013289451599,0.19543367624282837,-0.10703933238983154,0.0040283203125,False
Integrated Gradients,6897,Edge-Ring,Edge-Ring,True,0.9999998807907104,0.9999999403953552,1.277206035503391,0.999982534605806,0.8503778427839279,0.8694178462028503,0.14960469182187808,0.13056468840295565,True
Integrated Gradients,6911,Edge-Ring,Edge-Ring,True,0.9999996423721313,1.0,1.2772061116308076,0.9999949115299387,0.9552278853952885,0.6954953074455261,0.04476702613465022,0.30449960408441257,True
Integrated Gradients,7109,Edge-Ring,Edge-Ring,True,0.9162749648094177,1.0000001192092896,1.2921137187007097,0.9150105206063017,0.887384433299303,0.9041632376611233,0.02762608730699867,0.01084728294517845,True
Integrated Gradients,7426,Edge-Ring,Edge-Ring,True,1.0,1.0000001192092896,1.27561522525109,0.9059616923332214,0.4715780019760132,0.4848913550376892,0.43438369035720825,0.4210703372955322,True
Integrated Gradients,7431,Edge-Ring,Edge-Ring,True,0.9999998807907104,1.0,1.2756150731859235,0.8880158215761185,0.22339016199111938,0.15882611274719238,0.6646256595849991,0.7291897088289261,True
Integrated Gradients,7445,Edge-Ring,Edge-Ring,True,1.0,1.0000001192092896,1.27561522525109,0.9741958230733871,0.15479600429534912,0.20162242650985718,0.819399818778038,0.77257339656353,True
Integrated Gradients,7449,Edge-Ring,Edge-Ring,True,0.9999998807907104,0.9999998807907104,1.2756149211207568,0.9987083039013669,0.6674320101737976,0.4476401209831238,0.3312762937275693,0.5510681829182431,True
Integrated Gradients,7874,Edge-Ring,Edge-Ring,True,1.0,1.0,1.2756150731859235,0.9949566959403455,0.4372462034225464,0.5027457177639008,0.5577104925177991,0.49221097817644477,True
Integrated Gradients,7896,Edge-Ring,Edge-Ring,True,1.0,1.0,1.2756150731859235,0.8020069599151611,0.11197584867477417,0.02865368127822876,0.690031111240387,0.7733532786369324,True
Integrated Gradients,7901,Edge-Ring,Edge-Ring,True,1.0,1.0,1.2756150731859235,0.21539729833602905,0.4862750172615051,0.38486725091934204,-0.2708777189254761,-0.169469952583313,False
Integrated Gradients,8253,Edge-Ring,Edge-Ring,True,0.9999998807907104,1.0,1.2756150731859235,0.8505561053752899,0.1657484769821167,0.08214980363845825,0.6848076283931732,0.7684063017368317,True
Integrated Gradients,9934,Edge-Ring,Edge-Ring,True,0.9999997615814209,1.0,1.2872407291011942,0.9999939041658763,0.9994968352839351,0.9850503131747246,0.0004970688819412317,0.014943590991151723,True
Integrated Gradients,10064,Edge-Ring,Edge-Ring,True,0.9999997615814209,1.0,1.2872407291011942,0.9999967272026424,0.9991373386001214,0.9982885906938463,0.000859388602520994,0.0017081365087960876,True
Integrated Gradients,10336,Edge-Ring,Edge-Ring,True,0.9999998807907104,1.0,1.2756150731859235,0.9999938582732284,0.9532150402665138,0.8010775297880173,0.04677881800671457,0.19891632848521112,True
Integrated Gradients,10529,Edge-Ring,Edge-Ring,True,0.9999998807907104,1.0,1.3077905491698596,0.9995446274697315,0.8296142816543579,0.6080972254276276,0.16993034581537358,0.39144740204210393,True
Integrated Gradients,11031,Edge-Ring,Edge-Ring,True,0.9999874830245972,1.0,1.2872407291011942,0.9991402448504232,0.9186225831508636,0.9167616441845894,0.08051766169955954,0.0823786006658338,True
Integrated Gradients,11039,Edge-Ring,Edge-Ring,True,0.9999977350234985,1.0,1.2872407291011942,0.9999775427022541,0.9453221186995506,0.8012425303459167,0.05465542400270351,0.1987350123563374,True
Integrated Gradients,11040,Edge-Ring,Edge-Ring,True,0.9999953508377075,1.0,1.2872407291011942,0.9997909089433961,0.8562448769807816,0.6082290709018707,0.1435460319626145,0.39156183804152533,True
Integrated Gradients,11185,Edge-Ring,Edge-Ring,True,0.9999998807907104,1.0000001192092896,1.2772062638856407,0.9999991018827359,0.9769048132002354,0.8868611752986908,0.02309428868250052,0.11313792658404509,True
Integrated Gradients,11193,Edge-Ring,Edge-Ring,True,0.9999998807907104,1.0,1.2772061116308076,0.9999253451314871,0.8713052868843079,0.9480692371726036,0.12862005824717926,0.05185610795888351,True
Integrated Gradients,11285,Edge-Ring,Edge-Ring,True,0.9999984502792358,1.0,1.2772061116308076,0.9990672756102867,0.7043852806091309,0.5716504454612732,0.2946819950011559,0.42741683014901355,True
Integrated Gradients,11289,Edge-Ring,Edge-Ring,True,0.9999998807907104,1.0,1.2772061116308076,0.9998368201922858,0.9766005408018827,0.9133142232894897,0.02323627939040307,0.08652259690279607,True
Integrated Gradients,11293,Edge-Ring,Edge-Ring,True,0.9999998807907104,1.0,1.2772061116308076,0.9999812753230799,0.9761190116405487,0.9487515799701214,0.023862263682531193,0.051229695352958515,True
Integrated Gradients,11581,Edge-Ring,Edge-Ring,True,0.9999998807907104,1.0,1.2772061116308076,0.9999731177813374,0.9533480927348137,0.6322025954723358,0.04662502504652366,0.36777052230900154,True
Integrated Gradients,12295,Edge-Ring,Edge-Ring,True,0.9999896287918091,1.0,1.2772061116308076,0.9998337986180559,0.752390056848526,0.6971094906330109,0.24744374176952988,0.302724307985045,True
Integrated Gradients,12308,Edge-Ring,Edge-Ring,True,0.9999996423721313,1.0,1.2772061116308076,0.9999909937841949,0.9695824775844812,0.9721419122070074,0.03040851619971363,0.027849081577187462,True
Integrated Gradients,12320,Edge-Ring,Edge-Ring,True,0.9999996423721313,1.0,1.2772061116308076,0.9999974465192736,0.9918811060488224,0.7806333154439926,0.008116340470451178,0.21936413107528097,True
Integrated Gradients,12322,Edge-Ring,Edge-Ring,True,0.9999994039535522,1.0000001192092896,1.2772062638856407,0.9999585876466881,0.9573001898825169,0.9194754064083099,0.04265839776417124,0.08048318123837817,True
Integrated Gradients,13071,Edge-Ring,Edge-Ring,True,0.9999982118606567,0.9999998807907104,1.2756149211207568,0.9999651244033885,0.5433132946491241,0.3359460234642029,0.4566518297542643,0.6640191009391856,True
Integrated Gradients,13586,Edge-Ring,Edge-Ring,True,0.9999994039535522,1.0,1.2404603270745003,0.9999942570661915,0.9983475087210536,0.957252886146307,0.001646748345137894,0.0427413709198845,True
Integrated Gradients,14243,Edge-Ring,Edge-Ring,True,0.9999996423721313,1.0,1.244984802431611,0.999966061586747,0.29615193605422974,0.6880401372909546,0.7038141255325172,0.31192592429579236,True
Integrated Gradients,19752,Edge-Ring,Edge-Ring,True,1.0,1.0000001192092896,1.2720498410811336,0.9995935037150048,0.9340188950300217,0.5171812474727631,0.0655746086849831,0.4824122562422417,True
Integrated Gradients,19815,Edge-Ring,Edge-Ring,True,0.9795807003974915,1.0000001192092896,1.2776046438806146,0.9795802380104419,0.9744153940118849,0.9762486652471125,0.005164843998556989,0.0033315727633294046,True
Integrated Gradients,21186,Edge-Ring,Edge-Ring,True,0.9999991655349731,0.9999999403953552,1.2880502376916274,0.9999989010555623,0.9966212573926896,0.9783416595309973,0.0033776436628727424,0.021657241524565052,True
Integrated Gradients,21188,Edge-Ring,Edge-Ring,True,0.9999990463256836,0.9999999403953552,1.2880502376916274,0.9999976542612785,0.9993045001174323,0.9335604384541512,0.0006931541438461863,0.06643721580712736,True
Integrated Gradients,21822,Edge-Ring,Edge-Ring,True,0.9940839409828186,1.0,1.2685041808609476,0.9940838461895041,0.9940790574405582,0.9940254133871349,4.788748945827592e-06,5.843280236916826e-05,True
Integrated Gradients,21825,Edge-Ring,Edge-Ring,True,0.999808132648468,1.0,1.2685041808609476,0.9998080388520165,0.999799562005137,0.9997651361736644,8.476846879545974e-06,4.290267835216355e-05,True
Integrated Gradients,21836,Edge-Ring,Edge-Ring,True,0.9999678134918213,1.0,1.2685041808609476,0.9999676232434211,0.9999536729692409,0.9987939848797396,1.3950274180274391e-05,0.0011736383636815617,True
Integrated Gradients,22158,Edge-Ring,Edge-Ring,True,0.9957401752471924,1.0,1.2685041808609476,0.9957401515758217,0.9957372326682616,0.9957236841619306,2.9189075601010472e-06,1.6467413891163574e-05,True
Integrated Gradients,22244,Edge-Ring,Edge-Ring,True,0.9999998807907104,1.0,1.2880503144654087,0.9999981508861993,0.9961390397511423,0.902101181447506,0.0038591111350569918,0.0978969694386933,True
Integrated Gradients,22259,Edge-Ring,Edge-Ring,True,0.9999997615814209,0.9999998807907104,1.2880501609178459,0.99999345121023,0.9866256611421704,0.9524099230766296,0.013367790068059549,0.04758352813360034,True
Integrated Gradients,23009,Edge-Ring,Edge-Ring,True,1.0,1.0,1.2880503144654087,0.9999977468357883,0.9914461094886065,0.6765406131744385,0.008551637347181895,0.32345713366134987,True
Integrated Gradients,23404,Edge-Ring,Edge-Ring,True,0.9999994039535522,1.0,1.2880503144654087,0.9999885435527176,0.9989270764635876,0.9865602413192391,0.0010614670891300193,0.013428302233478462,True
Integrated Gradients,23976,Edge-Ring,Edge-Ring,True,0.9999995231628418,0.9999998807907104,1.2756149211207568,0.9995087468996644,0.7920026034116745,0.7158417105674744,0.2075061434879899,0.28366703633219004,True
Integrated Gradients,107221,Edge-Ring,Edge-Ring,True,0.9913301467895508,1.0,1.2728402734617774,0.9913252940000348,0.9902300370158628,0.989038577536121,0.0010952569841720106,0.0022867164639137627,True
Integrated Gradients,107353,Edge-Ring,Edge-Ring,True,0.8766373991966248,0.9999999403953552,1.272840197594585,0.8766358860159471,0.8747260511154309,0.8756364247528836,0.0019098349005162163,0.0009994612630634947,True
Integrated Gradients,107886,Edge-Ring,Edge-Ring,True,0.9997953772544861,1.0,1.2728402734617774,0.999788453360452,0.3769991993904114,0.5500029623508453,0.6227892539700406,0.44978549100960663,True
Integrated Gradients,130046,Edge-Ring,Edge-Loc,False,0.8924444317817688,1.0000001192092896,1.3111397209607074,0.8922881480248179,-0.104483962059021,-0.10375607013702393,0.9967721100838389,0.9960442181618419,True
Integrated Gradients,172689,Edge-Ring,none,False,0.8074962496757507,1.0000001192092896,1.2929294470584753,-0.19232845306396484,-0.19086503982543945,-0.18899667263031006,-0.0014634132385253906,-0.003331780433654785,False
Integrated Gradients,172703,Edge-Ring,Edge-Loc,False,0.7095906734466553,0.9999999403953552,1.2929292158647017,0.7095361441679415,0.70588329131715,0.7064660633914173,0.0036528528507915325,0.0030700807765242644,True
Integrated Gradients,5704,Loc,Loc,True,0.990794837474823,1.0000001192092896,1.2556715169470416,0.9895214284770191,0.6394315659999847,0.5199594795703888,0.35008986247703433,0.4695619489066303,True
Integrated Gradients,6665,Loc,Loc,True,0.9998395442962646,1.0000001192092896,1.3115595543647935,0.9998322523042589,0.08677399158477783,0.051701366901397705,0.913058260719481,0.9481308854028612,True
Integrated Gradients,8673,Loc,Loc,True,0.9970765113830566,0.9999999403953552,1.2978452965333889,0.9970188810111722,0.7001317143440247,0.781661331653595,0.29688716666714754,0.21535754935757723,True
Integrated Gradients,9387,Loc,Loc,True,0.999984622001648,1.0,1.2880503144654087,0.9999728080138084,0.13394802808761597,0.004429161548614502,0.8660247799261924,0.9955436464651939,True
Integrated Gradients,9397,Loc,Loc,True,0.999970555305481,1.0,1.2880503144654087,0.999959784647217,0.5513197183609009,0.0036182403564453125,0.44864006628631614,0.9963415442907717,True
Integrated Gradients,9523,Loc,Loc,True,0.9990450739860535,0.9999999403953552,1.2816019261136968,0.9990405774647115,0.6542837917804718,0.4410019516944885,0.34475678568423973,0.558038625770223,True
Integrated Gradients,10944,Loc,Loc,True,0.9734359979629517,1.0,1.25567136725935,0.9686653534881771,0.6719449162483215,0.5664751529693604,0.29672043723985553,0.4021902005188167,True
Integrated Gradients,11062,Loc,Loc,True,0.9853165745735168,0.9999999403953552,1.2768079039461893,0.9852983471409971,0.9843930449569598,0.982154376571998,0.0009053021840372821,0.003143970568999066,True
Integrated Gradients,11569,Loc,Loc,True,0.9770161509513855,1.0,1.2962025316455696,0.9607628900557756,0.6965078115463257,0.38096582889556885,0.26425507850944996,0.5797970611602068,True
Integrated Gradients,14048,Loc,Loc,True,0.5767860412597656,1.0,1.281602002503129,0.5767783937853892,0.5766198771016207,0.5760117976460606,0.00015851668376853922,0.0007665961393286125,True
Integrated Gradients,19455,Loc,Center,False,0.8394013047218323,1.0000001192092896,1.291706240391438,0.8394013047218323,0.8393996246322786,0.8099292125552893,1.6800895537016913e-06,0.029472092166543007,True
Integrated Gradients,19530,Loc,Loc,True,0.9984068274497986,0.9999999403953552,1.2692902869102494,0.9983759587230452,0.9983603494838462,0.9973886722000316,1.5609239198965952e-05,0.0009872865230136085,True
Integrated Gradients,20251,Loc,Loc,True,0.9643145799636841,1.0,1.2986683576410907,0.9633080348139629,0.6895107626914978,0.8995835334062576,0.2737972721224651,0.06372450140770525,True
Integrated Gradients,20392,Loc,Loc,True,0.9933089017868042,1.0,1.2986683576410907,0.8628042042255402,0.8473292589187622,0.7920006662607193,0.015474945306777954,0.07080353796482086,True
Integrated Gradients,21053,Loc,Loc,True,0.5791271924972534,1.0,1.2752179327521793,0.5791214106593543,0.5791172121034833,0.5791034666144697,4.198555870971177e-06,1.7944044884643517e-05,True
Integrated Gradients,21528,Loc,Loc,True,0.9614085555076599,0.9999998807907104,1.2503051012572497,0.9614063295500728,0.9587384411133826,0.9394931830465794,0.002667888436690191,0.021913146503493408,True
Integrated Gradients,21604,Loc,none,False,0.5035805702209473,1.0,1.2752179327521793,-0.4961983561515808,-0.49616891145706177,-0.4962872266769409,-2.944469451904297e-05,8.887052536010742e-05,False
Integrated Gradients,22468,Loc,Loc,True,0.9011790156364441,1.0,1.2728402734617774,0.901172082587891,0.9011706477831467,0.9011681189040246,1.4348047443490941e-06,3.963683866459178e-06,True
Integrated Gradients,24209,Loc,none,False,0.6988397836685181,1.0000001192092896,1.2704716154718518,-0.30093103647232056,-0.3007412552833557,-0.3007824420928955,-0.00018978118896484375,-0.00014859437942504883,False
Integrated Gradients,24427,Loc,Loc,True,0.7012313008308411,1.0,1.27601246105919,0.700732919445727,0.21484467387199402,0.6664808094501495,0.485888245573733,0.034252109995577484,True
Integrated Gradients,24592,Loc,Loc,True,0.9998670816421509,1.0,1.284012539184953,0.9998469011752604,0.03603452444076538,0.02825605869293213,0.963812376734495,0.9715908424823283,True
Integrated Gradients,27580,Loc,Loc,True,0.9827330112457275,0.9999999403953552,1.301143505673245,0.9827274406538891,0.9824706290091854,0.9176383391022682,0.00025681164470370277,0.06508910155162084,True
Integrated Gradients,27626,Loc,Loc,True,0.5959572792053223,1.0,1.301143583227446,0.595956461994092,0.5959383724421059,0.595956130021932,1.8089551986122387e-05,3.3197215998370666e-07,True
Integrated Gradients,27651,Loc,Loc,True,0.7974656820297241,1.0,1.301143583227446,0.7974639943695365,0.7974630020710265,0.7974619795359104,9.922985100274673e-07,2.0148336261627264e-06,True
Integrated Gradients,27715,Loc,Loc,True,0.9757639169692993,1.0000001192092896,1.2978455286062263,0.9757479494219297,0.9539402518421412,0.7391183972358704,0.02180769757978851,0.2366295521860593,True
Integrated Gradients,28872,Loc,none,False,0.6212061047554016,1.0,1.25567136725935,-0.3786631226539612,-0.3483300805091858,-0.35667598247528076,-0.03033304214477539,-0.02198714017868042,False
Integrated Gradients,32059,Loc,Loc,True,0.7277117371559143,1.0,1.25567136725935,0.7276138770030229,0.7231030138209462,0.7155061420053244,0.004510863182076719,0.012107734997698572,True
Integrated Gradients,35630,Loc,Loc,True,0.4567785859107971,1.0000001192092896,1.3145059333380136,0.4567699040408115,0.4535342373419553,0.44873867370188236,0.003235666698856221,0.008031230338929163,True
Integrated Gradients,39805,Loc,Scratch,False,0.7298641204833984,1.0000001192092896,1.3145059333380136,0.7298571622445706,0.35653096437454224,-0.19832229614257812,0.3733261978700284,0.9281794583871488,True
Integrated Gradients,49645,Loc,Loc,True,0.9686973094940186,1.0,1.25567136725935,0.9685538477497175,0.7399380505084991,0.5172587037086487,0.2286157972412184,0.45129514404106885,True
Integrated Gradients,51801,Loc,Loc,True,0.9018498659133911,1.0000001192092896,1.2832081730204417,0.9017906078843225,0.8875562157481909,0.839321106672287,0.014234392136131646,0.06246950121203554,True
Integrated Gradients,53042,Loc,Loc,True,0.5548804998397827,0.9999999403953552,1.2840124626518417,0.5548610641453706,0.554801340236736,0.5546843274787534,5.972390863462351e-05,0.00017673666661721654,True
Integrated Gradients,64066,Loc,Loc,True,0.9960066676139832,1.0,1.2912988650693569,0.9959673309749633,0.9952127927681431,0.992196736857295,0.0007545382068201434,0.0037705941176682245,True
Integrated Gradients,64402,Loc,Loc,True,0.7872535586357117,0.9999998807907104,1.2912987111345366,0.7845785818062723,0.7315551266074181,0.6509855389595032,0.05302345519885421,0.1335930428467691,True
Integrated Gradients,66387,Loc,Loc,True,0.9974260926246643,1.0,1.3094629156010231,0.8766790702939034,0.3031434416770935,0.4405890703201294,0.5735356286168098,0.43608999997377396,True
Integrated Gradients,76913,Loc,Loc,True,0.9026426076889038,0.9999999403953552,1.3094628375509512,0.9026025566054159,0.44443994760513306,0.17186766862869263,0.45816260900028283,0.7307348879767233,True
Integrated Gradients,83261,Loc,none,False,0.6083853840827942,1.0,1.27601246105919,-0.39153486490249634,-0.39090269804000854,-0.3910876512527466,-0.000632166862487793,-0.00044721364974975586,False
Integrated Gradients,89413,Loc,Loc,True,0.6865522265434265,1.0,1.2518337408312958,0.686399263315252,0.6863672980689444,0.686462160469091,3.196524630766362e-05,-6.28971538390033e-05,True
Integrated Gradients,92397,Loc,Loc,True,0.9841430187225342,1.0,1.2518337408312958,0.9799186666496098,0.37421518564224243,0.15266269445419312,0.6057034810073674,0.8272559721954167,True
Integrated Gradients,93577,Loc,none,False,0.5413098335266113,1.0,1.3145057766367136,-0.4585902690887451,-0.45534753799438477,-0.45498353242874146,-0.0032427310943603516,-0.003606736660003662,False
Integrated Gradients,94748,Loc,Loc,True,0.6891576647758484,1.0,1.3145057766367136,0.6891481990178363,0.6869830577634275,0.6322108544409275,0.002165141254408809,0.0569373445769088,True
Integrated Gradients,95585,Loc,Loc,True,0.9928709864616394,1.0,1.257985257985258,0.9928571060636386,0.7691867053508759,0.2615468502044678,0.22367040071276278,0.7313102558591709,True
Integrated Gradients,116384,Loc,Loc,True,0.999544084072113,1.0,1.3420707732634338,0.9644174948334694,0.2652643918991089,0.8140522986650467,0.6991531029343605,0.1503651961684227,True
Integrated Gradients,121652,Loc,Loc,True,0.999240517616272,0.9999999403953552,1.301143505673245,0.9992265497749031,0.16094380617141724,0.12804466485977173,0.8382827436034859,0.8711818849151314,True
Integrated Gradients,124473,Loc,Loc,True,0.9860954880714417,1.0000001192092896,1.3011437383358482,0.9860927492998144,0.9858772372826934,0.9836455702316016,0.0002155120171210001,0.0024471790682127903,True
Integrated Gradients,127762,Loc,Loc,True,0.7889748215675354,1.0,1.281602002503129,0.7887721261795377,0.7580249197781086,0.7783705284819007,0.03074720640142914,0.010401597697637044,True
Integrated Gradients,161295,Loc,Loc,True,0.9998182654380798,1.0,1.3298701298701299,0.9997955517064838,0.2064964771270752,0.42918336391448975,0.7932990745794086,0.5706121877919941,True
Integrated Gradients,163385,Loc,Loc,True,0.961125910282135,1.0,1.3298701298701299,0.9611166269896785,0.8429288417100906,0.7260293066501617,0.11818778527958784,0.23508732033951674,True
Integrated Gradients,166568,Loc,none,False,0.4938114881515503,0.9999998807907104,1.2824043555788196,-0.5060067772865295,-0.5055109262466431,-0.5051391124725342,-0.0004958510398864746,-0.0008676648139953613,False
Integrated Gradients,172822,Loc,Scratch,False,0.38960468769073486,1.0,1.292929292929293,0.38814344094134867,0.36433145962655544,-0.3043288588523865,0.02381198131479323,0.6924722997937351,True
Integrated Gradients,15873,Near-full,Near-full,True,0.9959702491760254,1.0,1.2389594676346039,0.05049562454223633,0.05168330669403076,0.03124302625656128,-0.0011876821517944336,0.01925259828567505,False
Integrated Gradients,16702,Near-full,Near-full,True,0.9132184386253357,1.0,1.2518337408312958,0.32158851623535156,0.29943352937698364,0.07975822687149048,0.02215498685836792,0.24183028936386108,False
Integrated Gradients,18065,Near-full,Near-full,True,0.9939084053039551,1.0,1.2677189724543485,0.8513768166303635,0.47094905376434326,0.054045915603637695,0.3804277628660202,0.7973309010267258,True
Integrated Gradients,64016,Near-full,Near-full,True,0.9995110034942627,1.0,1.2677189724543485,0.005617678165435791,0.001696169376373291,0.005470335483551025,0.0039215087890625,0.00014734268188476562,False
Integrated Gradients,66025,Near-full,Near-full,True,0.993941068649292,1.0,1.3094629156010231,0.2902193069458008,0.3910735845565796,0.06361931562423706,-0.10085427761077881,0.22659999132156372,False
Integrated Gradients,69404,Near-full,Near-full,True,0.9753115773200989,1.0,1.3094629156010231,0.6996945142745972,0.754090279340744,0.3494844436645508,-0.05439576506614685,0.3502100706100464,True
Integrated Gradients,72378,Near-full,Random,False,0.45910024642944336,0.9999999403953552,1.3094628375509512,-0.2721076011657715,-0.4166954755783081,-0.3409360647201538,0.14458787441253662,0.06882846355438232,False
Integrated Gradients,95997,Near-full,Near-full,True,0.9991922974586487,0.9999998211860657,1.2921133336208597,0.06135517358779907,0.035117387771606445,0.001549363136291504,0.026237785816192627,0.05980581045150757,False
Integrated Gradients,96036,Near-full,Near-full,True,0.9992769360542297,0.9999999403953552,1.2921134876527998,0.08994907140731812,0.019666612148284912,0.0030379891395568848,0.0702824592590332,0.08691108226776123,False
Integrated Gradients,96316,Near-full,Near-full,True,0.998994767665863,0.9999998807907104,1.2921134106368297,0.06477290391921997,0.0183829665184021,0.00460660457611084,0.04638993740081787,0.06016629934310913,False
Integrated Gradients,98621,Near-full,Near-full,True,0.9995088577270508,1.0,1.2921135646687698,0.005475223064422607,0.003232598304748535,0.04299569129943848,0.0022426247596740723,-0.03752046823501587,False
Integrated Gradients,102701,Near-full,Near-full,True,0.9990330934524536,1.0,1.2921135646687698,0.03021639585494995,0.03348207473754883,0.00105363130569458,-0.003265678882598877,0.02916276454925537,False
Integrated Gradients,112748,Near-full,Near-full,True,0.9993845224380493,0.9999999403953552,1.3032134126183186,0.004246234893798828,0.0029324889183044434,0.016050994396209717,0.0013137459754943848,-0.011804759502410889,False
Integrated Gradients,122743,Near-full,Near-full,True,0.6698509454727173,1.0000001192092896,1.3011437383358482,0.6696512377966428,0.6652026055380702,0.3689211308956146,0.004448632258572616,0.3007301069010282,True
Integrated Gradients,126184,Near-full,Random,False,0.5011453628540039,0.9999999403953552,1.301143505673245,-0.11801391839981079,-0.4254201650619507,-0.3114411234855652,0.3074062466621399,0.1934272050857544,False
Integrated Gradients,127759,Near-full,Near-full,True,0.8786493539810181,0.9999998807907104,1.2816018497242647,0.6779805272817612,0.6131130754947662,0.19880133867263794,0.06486745178699493,0.47917918860912323,True
Integrated Gradients,127768,Near-full,Near-full,True,0.9939834475517273,1.0,1.281602002503129,0.25654786825180054,0.1606488823890686,0.024424314498901367,0.09589898586273193,0.23212355375289917,False
Integrated Gradients,136999,Near-full,Near-full,True,0.9996042847633362,1.0000001192092896,1.2832081730204417,0.010687410831451416,0.0017393827438354492,0.0173799991607666,0.008948028087615967,-0.0066925883293151855,False
Integrated Gradients,148203,Near-full,Near-full,True,0.9989725351333618,1.0,1.2848180677540777,0.0071128010749816895,0.00576472282409668,0.011074602603912354,0.0013480782508850098,-0.003961801528930664,False
Integrated Gradients,164353,Near-full,Near-full,True,0.9992260932922363,1.0,1.3298701298701299,0.013262391090393066,0.004203140735626221,0.013296663761138916,0.009059250354766846,-3.427267074584961e-05,False
Integrated Gradients,170717,Near-full,Near-full,True,0.9016708135604858,1.0,1.28240450845335,0.541630357503891,0.6434207558631897,0.3701364994049072,-0.1017903983592987,0.17149385809898376,True
Integrated Gradients,7193,Random,Random,True,0.9992396831512451,1.0,1.2503052503052503,0.006912291049957275,-0.0007390379905700684,-0.0007512569427490234,0.007651329040527344,0.007663547992706299,False
Integrated Gradients,7194,Random,Random,True,0.9999361038208008,0.9999998807907104,1.2503051012572497,0.0004398822784423828,2.6404857635498047e-05,-1.0013580322265625e-05,0.00041347742080688477,0.00044989585876464844,False
Integrated Gradients,7197,Random,Random,True,0.9904449582099915,1.0,1.2503052503052503,-0.0023787617683410645,-0.009481966495513916,-0.009522974491119385,0.0071032047271728516,0.00714421272277832,False
Integrated Gradients,7198,Random,Random,True,0.998869001865387,1.0000001192092896,1.250305399353251,-0.0006427168846130371,-0.0010993480682373047,-0.0011237263679504395,0.0004566311836242676,0.00048100948333740234,False
Integrated Gradients,7199,Random,Random,True,0.9887391328811646,1.0,1.2503052503052503,-0.0018764734268188477,-0.011150360107421875,-0.01118922233581543,0.009273886680603027,0.009312748908996582,False
Integrated Gradients,7200,Random,Random,True,0.9994469285011292,1.0000001192092896,1.250305399353251,0.001220703125,-0.00045675039291381836,-0.0004342198371887207,0.0016774535179138184,0.0016549229621887207,False
Integrated Gradients,7206,Random,Random,True,0.9998823404312134,1.0,1.2503052503052503,-6.794929504394531e-05,-7.790327072143555e-05,-6.341934204101562e-05,9.953975677490234e-06,-4.5299530029296875e-06,False
Integrated Gradients,7209,Random,Random,True,0.99994957447052,1.0,1.2503052503052503,0.0001335740089416504,-4.5299530029296875e-05,-4.76837158203125e-05,0.00017887353897094727,0.0001812577247619629,False
Integrated Gradients,8187,Random,Random,True,0.9997368454933167,1.0,1.281602002503129,0.36671435832977295,0.017947077751159668,0.007209479808807373,0.3487672805786133,0.3595048785209656,False
Integrated Gradients,9683,Random,none,False,0.6684271693229675,1.0000001192092896,1.2880504680129716,-0.32898271083831787,-0.014766156673431396,-0.12509053945541382,-0.3142165541648865,-0.20389217138290405,False
Integrated Gradients,11824,Random,Random,True,0.9999843835830688,0.9999998807907104,1.2556712175716584,0.005219459533691406,0.008482933044433594,0.00453948974609375,-0.0032634735107421875,0.0006799697875976562,False
Integrated Gradients,12660,Random,Random,True,0.9999748468399048,1.0000001192092896,1.2941549726007109,0.0009748339653015137,0.00033974647521972656,0.00017505884170532227,0.0006350874900817871,0.0007997751235961914,False
Integrated Gradients,12686,Random,Random,True,0.9999953508377075,1.0000001192092896,1.2904853460243384,-1.9073486328125e-06,-4.0531158447265625e-06,-1.430511474609375e-06,2.1457672119140625e-06,-4.76837158203125e-07,False
Integrated Gradients,14901,Random,Random,True,0.9943746328353882,1.0,1.260695598645737,-0.0015677809715270996,-0.005193471908569336,-0.004714250564575195,0.0036256909370422363,0.0031464695930480957,False
Integrated Gradients,14947,Random,Random,True,0.9997624754905701,0.9999998807907104,1.2820029770637715,0.0017172694206237793,-1.4483928680419922e-05,-0.00010329484939575195,0.0017317533493041992,0.0018205642700195312,False
Integrated Gradients,14955,Random,Random,True,0.9997043013572693,1.0,1.2820031298904537,0.0036463141441345215,-0.00010222196578979492,3.129243850708008e-05,0.0037485361099243164,0.0036150217056274414,False
Integrated Gradients,14958,Random,Random,True,0.9996820688247681,0.9999999403953552,1.2820030534771127,8.225440979003906e-06,-0.0002232193946838379,-0.00019884109497070312,0.0002314448356628418,0.00020706653594970703,False
Integrated Gradients,14959,Random,Random,True,0.9998430013656616,1.0,1.2820031298904537,0.00038737058639526367,-4.035234451293945e-05,-7.152557373046875e-05,0.0004277229309082031,0.0004588961601257324,False
Integrated Gradients,14962,Random,Random,True,0.9998524188995361,1.0,1.2820031298904537,0.002750694751739502,-4.1544437408447266e-05,0.00010854005813598633,0.0027922391891479492,0.0026421546936035156,False
Integrated Gradients,14965,Random,Random,True,0.9999226331710815,1.0,1.2820031298904537,0.00019913911819458008,-1.901388168334961e-05,2.300739288330078e-05,0.0002181529998779297,0.0001761317253112793,False
Integrated Gradients,15935,Random,Random,True,0.9985615611076355,1.0000001192092896,1.316195529653358,0.02401411533355713,0.014696180820465088,0.0074694156646728516,0.009317934513092041,0.016544699668884277,False
Integrated Gradients,21945,Random,Loc,False,0.674010157585144,0.9999998807907104,1.2978452191757763,0.6739377892736229,0.6692395224235952,0.6706529015209526,0.004698266850027721,0.003284887752670329,True
Integrated Gradients,22926,Random,Random,True,0.9999725818634033,1.0000001192092896,1.2978455286062263,0.009486019611358643,0.0002480149269104004,4.649162292480469e-05,0.009238004684448242,0.009439527988433838,False
Integrated Gradients,23262,Random,Random,True,0.8542121648788452,1.0000001192092896,1.2978455286062263,-0.09270000457763672,-0.078774094581604,0.09635061025619507,-0.013925909996032715,-0.1890506148338318,False
Integrated Gradients,23263,Random,Random,True,0.9254966378211975,1.0,1.2978453738910012,-0.0698767900466919,-0.06572937965393066,-0.05484133958816528,-0.0041474103927612305,-0.015035450458526611,False
Integrated Gradients,23265,Random,Random,True,0.9652787446975708,1.0000001192092896,1.2978455286062263,-0.024097681045532227,-0.0030131936073303223,-0.01652318239212036,-0.021084487438201904,-0.007574498653411865,False
Integrated Gradients,23266,Random,Random,True,0.9535837173461914,1.0,1.2978453738910012,0.010977327823638916,-0.027720153331756592,-0.010603904724121094,0.03869748115539551,0.02158123254776001,False
Integrated Gradients,23267,Random,Random,True,0.5846769213676453,1.0000001192092896,1.2978455286062263,-0.3828656077384949,-0.2873069643974304,-0.09601074457168579,-0.09555864334106445,-0.2868548631668091,False
Integrated Gradients,23268,Random,Donut,False,0.8633936047554016,1.0,1.2978453738910012,0.05653303861618042,0.18487828969955444,-0.05828094482421875,-0.12834525108337402,0.11481398344039917,False
Integrated Gradients,25712,Random,Edge-Loc,False,0.8018150329589844,0.9999999403953552,1.301143505673245,0.7897280156612396,0.7786558214575052,0.7888533230870962,0.011072194203734398,0.0008746925741434097,True
Integrated Gradients,27611,Random,Random,True,0.9998268485069275,1.0,1.301143583227446,0.0006473064422607422,0.00018078088760375977,9.09566879272461e-05,0.0004665255546569824,0.0005563497543334961,False
Integrated Gradients,27612,Random,Random,True,0.9999966621398926,1.0,1.301143583227446,0.005495429039001465,0.0005587339401245117,0.00011813640594482422,0.004936695098876953,0.005377292633056641,False
Integrated Gradients,27615,Random,Random,True,0.9722024202346802,1.0,1.301143583227446,-0.027528345584869385,-0.02755427360534668,-0.025778234004974365,2.5928020477294922e-05,-0.0017501115798950195,False
Integrated Gradients,27716,Random,Random,True,0.9991393089294434,1.0,1.2978453738910012,0.0038080811500549316,0.00412142276763916,0.0003597140312194824,-0.0003133416175842285,0.0034483671188354492,False
Integrated Gradients,28157,Random,Random,True,0.9999957084655762,1.0000001192092896,1.3011437383358482,0.0027460455894470215,0.00031691789627075195,0.00026100873947143555,0.0024291276931762695,0.002485036849975586,False
Integrated Gradients,45403,Random,Random,True,0.9542832970619202,1.0000001192092896,1.2978455286062263,0.018359839916229248,-0.03977656364440918,-0.04361790418624878,0.05813640356063843,0.06197774410247803,False
Integrated Gradients,74139,Random,Random,True,0.9883113503456116,1.0,1.3094629156010231,0.003005504608154297,0.0661766529083252,0.10113614797592163,-0.0631711483001709,-0.09813064336776733,False
Integrated Gradients,78972,Random,Loc,False,0.5583645105361938,1.0,1.3094629156010231,0.5575541702564806,0.5545253797899932,0.5565924608381465,0.0030287904664874077,0.0009617094183340669,True
Integrated Gradients,107598,Random,Random,True,0.753068208694458,1.0,1.2728402734617774,0.5869012922048569,-0.1771945357322693,-0.21486002206802368,0.7640958279371262,0.8017613142728806,True
Integrated Gradients,121043,Random,Edge-Loc,False,0.8876139521598816,0.9999998807907104,1.301143428119044,0.8805246404372156,0.8616571240127087,0.8790857661515474,0.018867516424506903,0.0014388742856681347,True
Integrated Gradients,121083,Random,Random,True,0.9681461453437805,1.0,1.301143583227446,0.6730711758136749,-0.02137964963912964,-0.028532683849334717,0.6944508254528046,0.7016038596630096,True
Integrated Gradients,122459,Random,none,False,0.8298765420913696,1.0,1.301143583227446,-0.16744190454483032,-0.04693049192428589,0.09432858228683472,-0.12051141262054443,-0.26177048683166504,False
Integrated Gradients,123256,Random,Random,True,0.6499119997024536,1.0,1.301143583227446,-0.34495991468429565,-0.34762370586395264,-0.33858102560043335,0.0026637911796569824,-0.006378889083862305,False
Integrated Gradients,127750,Random,Random,True,0.9965215921401978,0.9999998807907104,1.2816018497242647,0.0022815465927124023,0.004599034786224365,0.02357923984527588,-0.002317488193511963,-0.021297693252563477,False
Integrated Gradients,127752,Random,Random,True,0.9987348914146423,1.0000001192092896,1.2816021552819932,0.021341025829315186,0.023785829544067383,0.04136151075363159,-0.0024448037147521973,-0.020020484924316406,False
Integrated Gradients,127756,Random,Random,True,0.8892850279808044,1.0,1.281602002503129,-0.06979537010192871,-0.010477125644683838,0.2686226963996887,-0.05931824445724487,-0.33841806650161743,False
Integrated Gradients,127764,Random,Loc,False,0.5513879656791687,1.0000001192092896,1.2816021552819932,0.5227665100246668,0.550760469166562,0.5496900040889159,-0.027993959141895175,-0.0269234940642491,True
Integrated Gradients,127765,Random,Random,True,0.6846650838851929,1.0,1.281602002503129,-0.29075998067855835,-0.2993757724761963,-0.2888583540916443,0.00861579179763794,-0.0019016265869140625,False
Integrated Gradients,127766,Random,Random,True,0.9245404601097107,1.0,1.281602002503129,-0.06993085145950317,-0.049414098262786865,-0.03443026542663574,-0.02051675319671631,-0.03550058603286743,False
Integrated Gradients,165746,Random,Random,True,0.9714694023132324,1.0,1.2957924707371085,0.09397745132446289,-0.006831049919128418,-0.009144425392150879,0.10080850124359131,0.10312187671661377,False
Integrated Gradients,657,Scratch,Scratch,True,0.8730250597000122,1.0,1.25567136725935,0.8730167470885135,0.8704736228100955,0.7427568584680557,0.002543124278417963,0.1302598886204578,True
Integrated Gradients,2935,Scratch,none,False,0.9663347601890564,1.0,1.25567136725935,-0.03357416391372681,-0.032182395458221436,-0.027593791484832764,-0.001391768455505371,-0.005980372428894043,False
Integrated Gradients,7094,Scratch,Scratch,True,0.6387723684310913,1.0,1.2921135646687698,0.5864964425563812,0.4984322786331177,0.5643895789980888,0.08806416392326355,0.02210686355829239,True
Integrated Gradients,8383,Scratch,Scratch,True,0.5586962699890137,1.0,1.2688971499380421,0.5585894362811814,0.5586749206340755,0.5586431878291478,-8.548435289412737e-05,-5.375154796638526e-05,True
Integrated Gradients,11273,Scratch,Scratch,True,0.9994402527809143,1.0,1.2649783817171094,0.9991069930256344,0.972956296056509,0.1777876615524292,0.02615069696912542,0.8213193314732052,True
Integrated Gradients,12963,Scratch,Scratch,True,0.9995842576026917,1.0,1.3170418006430868,0.9993981979496311,0.9492589011788368,0.004274845123291016,0.05013929677079432,0.9951233528263401,True
Integrated Gradients,14974,Scratch,Scratch,True,0.999931812286377,1.0,1.3061224489795917,0.9996247755188961,0.8126330673694611,0.00033289194107055664,0.186991708149435,0.9992918835778255,True
Integrated Gradients,15009,Scratch,none,False,0.985124409198761,1.0,1.2768079800498753,-0.014730274677276611,-0.014353752136230469,-0.014611124992370605,-0.0003765225410461426,-0.00011914968490600586,False
Integrated Gradients,20093,Scratch,Scratch,True,0.998530387878418,1.0,1.27402799377916,0.9982283861609176,0.9983692258538213,0.996600725222379,-0.0001408396929036826,0.001627660938538611,True
Integrated Gradients,21306,Scratch,Scratch,True,0.9999309778213501,1.0,1.2692903625658507,0.9997816979157506,0.9981152527034283,0.002920985221862793,0.0016664452123222873,0.9968607126938878,True
Integrated Gradients,21543,Scratch,Scratch,True,0.991858184337616,1.0,1.2503052503052503,0.9918510007951227,0.991626191927935,0.9761085398495197,0.0002248088671876758,0.015742460945602943,True
Integrated Gradients,21591,Scratch,Scratch,True,0.9914637207984924,1.0,1.285624607658506,0.9913549575067009,0.9909217923413962,0.5398899614810944,0.000433165165304672,0.4514649960256065,True
Integrated Gradients,21918,Scratch,Scratch,True,0.987444281578064,1.0000001192092896,1.2768081322572475,0.9873549839103362,0.9858549054479226,0.8025389760732651,0.0015000784624135122,0.18481600783707108,True
Integrated Gradients,22095,Scratch,Scratch,True,0.9999310970306396,1.0,1.27601246105919,0.9998509298602585,0.9774802457541227,0.0011345148086547852,0.02237068410613574,0.9987164150516037,True
Integrated Gradients,22096,Scratch,Scratch,True,0.9879785776138306,1.0000001192092896,1.2768081322572475,0.9879504593536694,0.9878239946701797,0.7538419514894485,0.0001264646834897576,0.23410850786422088,True
Integrated Gradients,22911,Scratch,Scratch,True,0.9969267249107361,1.0000001192092896,1.2768081322572475,0.9965396389598027,0.9968705467472319,0.41289663314819336,-0.0003309077874291688,0.5836430058116093,True
Integrated Gradients,27701,Scratch,Scratch,True,0.9994410872459412,1.0,1.2661514683153015,0.9993923013316817,0.9958107178099453,0.021338582038879395,0.00358158352173632,0.9780537192928023,True
Integrated Gradients,30753,Scratch,none,False,0.9180597066879272,0.9999999403953552,1.2556712924155042,-0.08176475763320923,-0.08162444829940796,-0.07958585023880005,-0.00014030933380126953,-0.0021789073944091797,False
Integrated Gradients,32154,Scratch,Loc,False,0.9326536655426025,0.9999999403953552,1.2556712924155042,0.9224137365818024,0.9080736115574837,0.8090691119432449,0.014340125024318695,0.11334462463855743,True
Integrated Gradients,37876,Scratch,Scratch,True,0.9244765639305115,0.9999999403953552,1.314505698286064,0.9244651787621478,0.8935747537761927,0.5819185972213745,0.03089042498595518,0.34254658154077333,True
Integrated Gradients,51445,Scratch,Scratch,True,0.9942280054092407,1.0,1.281602002503129,0.994127284597198,0.9932732299203053,0.09859192371368408,0.0008540546768927015,0.8955353608835139,True
Integrated Gradients,52317,Scratch,Loc,False,0.9137135148048401,1.0,1.2848180677540777,0.9137071699883563,0.7970665693283081,0.8525430150330067,0.11664060066004822,0.06116415495534966,True
Integrated Gradients,53046,Scratch,Loc,False,0.6865309476852417,1.0,1.281602002503129,0.6865254692907001,0.6041899919509888,0.6667847223579884,0.08233547733971136,0.019740746932711772,True
Integrated Gradients,53454,Scratch,none,False,0.6951999068260193,1.0000001192092896,1.2816021552819932,-0.30458998680114746,-0.30130094289779663,-0.26663678884506226,-0.00328904390335083,-0.037953197956085205,False
Integrated Gradients,58511,Scratch,Scratch,True,0.9928575754165649,1.0,1.2673267326732673,0.9925521369732451,0.12866592407226562,0.009788990020751953,0.8638862129009794,0.9827631469524931,True
Integrated Gradients,61545,Scratch,none,False,0.8902643918991089,1.0,1.2792004996876951,-0.10960376262664795,-0.10925191640853882,-0.10919755697250366,-0.00035184621810913086,-0.0004062056541442871,False
Integrated Gradients,63707,Scratch,Scratch,True,0.7983896136283875,1.0,1.2677189724543485,0.7983724373352743,0.7982807150256122,0.7966980466153473,9.172230966214556e-05,0.0016743907199270325,True
Integrated Gradients,64618,Scratch,none,False,0.526614785194397,1.0,1.2912988650693569,-0.47321951389312744,-0.4654509425163269,-0.403201162815094,-0.007768571376800537,-0.07001835107803345,False
Integrated Gradients,64669,Scratch,none,False,0.9592790007591248,1.0,1.2912988650693569,-0.04066425561904907,-0.04027801752090454,-0.04027104377746582,-0.00038623809814453125,-0.00039321184158325195,False
Integrated Gradients,85815,Scratch,Scratch,True,0.785247266292572,1.0,1.3119795003203074,0.7852342827636676,0.7850089556595776,0.7776963505893946,0.00022532710408995626,0.00753793217427301,True
Integrated Gradients,87929,Scratch,none,False,0.7512029409408569,1.0,1.3119795003203074,-0.24821031093597412,-0.24397337436676025,-0.2437227964401245,-0.004236936569213867,-0.004487514495849609,False
Integrated Gradients,90043,Scratch,none,False,0.7423282861709595,1.0,1.2518337408312958,-0.2546478509902954,-0.2560064196586609,-0.25537848472595215,0.0013585686683654785,0.0007306337356567383,False
Integrated Gradients,91884,Scratch,Scratch,True,0.9967729449272156,1.0,1.2518337408312958,0.9967065655073384,0.09674155712127686,0.08375221490859985,0.8999650083860615,0.9129543505987385,True
Integrated Gradients,92391,Scratch,Scratch,True,0.9998138546943665,1.0,1.2518337408312958,0.9998042965708009,0.4564567804336548,0.2175160050392151,0.5433475161371462,0.7822882915315859,True
Integrated Gradients,94981,Scratch,Scratch,True,0.9704917073249817,0.9999999403953552,1.314505698286064,0.9704897587434971,0.9666548937093467,0.9541387483477592,0.0038348650341504253,0.01635101039573783,True
Integrated Gradients,96819,Scratch,Scratch,True,0.9974736571311951,1.0,1.2921135646687698,0.010458290576934814,0.1575334668159485,0.053872764110565186,-0.14707517623901367,-0.04341447353363037,False
Integrated Gradients,97072,Scratch,Scratch,True,0.923762321472168,1.0,1.2921135646687698,0.9237285898962,-0.0003114938735961914,-0.009849011898040771,0.9240400837697962,0.9335776017942408,True
Integrated Gradients,98622,Scratch,none,False,0.4908227324485779,1.0,1.2921135646687698,-0.5090339779853821,-0.5084792971611023,-0.5058262348175049,-0.0005546808242797852,-0.0032077431678771973,False
Integrated Gradients,125988,Scratch,Scratch,True,0.9972414970397949,1.0,1.301143583227446,0.9968909207382239,0.9650905430316925,0.0016617178916931152,0.031800377706531435,0.9952292028465308,True
Integrated Gradients,134395,Scratch,Scratch,True,0.9957950115203857,1.0,1.3111395646606914,0.9957623140326177,0.9952118812361732,0.44413459300994873,0.000550432796444511,0.551627721022669,True
Integrated Gradients,145194,Scratch,Scratch,True,0.552259624004364,1.0000001192092896,1.3069561226168633,0.5522228644804272,0.5520792641182197,0.5483157909475267,0.00014360036220750771,0.00390707353290054,True
Integrated Gradients,150637,Scratch,Scratch,True,0.8475497364997864,0.9999999403953552,1.2764100205233329,0.8468148083193228,0.8473603544989601,0.8253283947706223,-0.0005455461796373129,0.02148641354870051,True
Integrated Gradients,152137,Scratch,Loc,False,0.9726467132568359,1.0,1.2896725440806045,0.9726408172919037,0.9717714915750548,0.8780626952648163,0.0008693257168488344,0.09457812202708737,True
Integrated Gradients,154735,Scratch,Loc,False,0.487000435590744,1.0,1.3298701298701299,0.48698934571621066,0.4708785079419613,0.3576625883579254,0.016110837774249376,0.12932675735828525,True
Integrated Gradients,162129,Scratch,Scratch,True,0.9975704550743103,1.0,1.3298701298701299,0.9974924554408062,0.8911490440368652,0.055137813091278076,0.10634341140394099,0.9423546423495281,True
Integrated Gradients,166947,Scratch,Scratch,True,0.46032604575157166,1.0,1.28240450845335,0.4602735568623757,0.45990720350528136,0.4499860182404518,0.00036635335709434,0.010287538621923886,True
Integrated Gradients,167902,Scratch,Scratch,True,0.5636768341064453,1.0,1.28240450845335,0.5636731153517758,0.5629414793802425,0.5388016104698181,0.000731635971533251,0.024871504881957662,True
Integrated Gradients,169863,Scratch,Scratch,True,0.9786659479141235,1.0,1.28240450845335,0.9786361349870276,0.006828606128692627,0.027796447277069092,0.971807528858335,0.9508396877099585,True
Integrated Gradients,172526,Scratch,Scratch,True,0.7391225099563599,1.0,1.292929292929293,0.7391166375728062,0.7388543197012041,0.737740704906173,0.0002623178716021357,0.0013759326666331617,True
Integrated Gradients,172861,Scratch,none,False,0.7157161235809326,1.0,1.292929292929293,-0.28406840562820435,-0.28405070304870605,-0.28406697511672974,-1.7702579498291016e-05,-1.430511474609375e-06,False
Integrated Gradients,1476,none,none,True,0.9975312948226929,0.9999999403953552,1.2556712924155042,-0.002302408218383789,-0.0016526579856872559,-0.001433253288269043,-0.0006497502326965332,-0.0008691549301147461,False
Integrated Gradients,2586,none,none,True,0.9990500807762146,1.0,1.25567136725935,-0.0007999539375305176,-0.000667273998260498,-0.0007425546646118164,-0.00013267993927001953,-5.739927291870117e-05,False
Integrated Gradients,4804,none,none,True,0.9997017979621887,1.0,1.25567136725935,0.00017970800399780273,0.0005332231521606445,0.00018340349197387695,-0.0003535151481628418,-3.6954879760742188e-06,False
Integrated Gradients,30374,none,none,True,0.999617338180542,1.0,1.25567136725935,-0.0002053380012512207,0.00024139881134033203,0.00023508071899414062,-0.00044673681259155273,-0.00044041872024536133,False
Integrated Gradients,31291,none,none,True,0.9996265172958374,1.0,1.25567136725935,-0.00032329559326171875,4.5299530029296875e-06,-0.00012558698654174805,-0.00032782554626464844,-0.0001977086067199707,False
Integrated Gradients,42247,none,none,True,0.9995294809341431,1.0,1.3145057766367136,-0.00035583972930908203,-0.00011563301086425781,-0.0002835392951965332,-0.00024020671844482422,-7.230043411254883e-05,False
Integrated Gradients,53488,none,none,True,0.9986575841903687,1.0000001192092896,1.286432314158684,-0.0012036561965942383,-0.0006797909736633301,-0.0007966160774230957,-0.0005238652229309082,-0.0004070401191711426,False
Integrated Gradients,54465,none,none,True,0.9830779433250427,1.0,1.271260086902545,-0.016744613647460938,-0.016630709171295166,-0.016722559928894043,-0.00011390447616577148,-2.205371856689453e-05,False
Integrated Gradients,56750,none,none,True,0.9963555335998535,1.0000001192092896,1.2673268837503868,-0.003533482551574707,-0.0031762123107910156,-0.0031034350395202637,-0.0003572702407836914,-0.00043004751205444336,False
Integrated Gradients,59980,none,none,True,0.9973721504211426,1.0,1.2792004996876951,-0.002461075782775879,-0.0021206140518188477,-0.0022202134132385254,-0.00034046173095703125,-0.00024086236953735352,False
Integrated Gradients,61120,none,none,True,0.9958027005195618,1.0,1.2792004996876951,-0.003979325294494629,-0.003563404083251953,-0.0038309693336486816,-0.0004159212112426758,-0.00014835596084594727,False
Integrated Gradients,61669,none,none,True,0.9939885139465332,1.0,1.2792004996876951,-0.005915045738220215,-0.005581855773925781,-0.005768477916717529,-0.0003331899642944336,-0.00014656782150268555,False
Integrated Gradients,63352,none,none,True,0.9838106632232666,0.9999999403953552,1.2677188968924096,-0.015986502170562744,-0.015948712825775146,-0.01591116189956665,-3.7789344787597656e-05,-7.534027099609375e-05,False
Integrated Gradients,65319,none,none,True,0.9995480179786682,1.0,1.2688971499380421,-0.00031620264053344727,-0.00021785497665405273,-0.00018703937530517578,-9.834766387939453e-05,-0.00012916326522827148,False
Integrated Gradients,65677,none,none,True,0.9997381567955017,0.9999999403953552,1.3094628375509512,-0.00010126829147338867,0.0001748204231262207,-7.593631744384766e-05,-0.0002760887145996094,-2.5331974029541016e-05,False
Integrated Gradients,71058,none,none,True,0.9986767172813416,1.0000001192092896,1.3094630717011668,-0.0011175870895385742,-0.0006917715072631836,-0.0010668039321899414,-0.0004258155822753906,-5.078315734863281e-05,False
Integrated Gradients,77700,none,none,True,0.9996546506881714,1.0,1.3094629156010231,0.0002155900001525879,0.0002644062042236328,4.488229751586914e-05,-4.881620407104492e-05,0.00017070770263671875,False
Integrated Gradients,83617,none,none,True,0.9827899932861328,1.0000001192092896,1.2760126131717289,-0.01711893081665039,-0.01693582534790039,-0.016946732997894287,-0.00018310546875,-0.00017219781875610352,False
Integrated Gradients,88631,none,none,True,0.9995860457420349,1.0,1.3003174603174603,-7.873773574829102e-05,6.556510925292969e-05,8.612871170043945e-05,-0.0001443028450012207,-0.00016486644744873047,False
Integrated Gradients,91431,none,none,True,0.9982708692550659,1.0,1.2518337408312958,-0.00150376558303833,-0.0015459060668945312,-0.001646280288696289,4.214048385620117e-05,0.00014251470565795898,False
Integrated Gradients,93174,none,none,True,0.9989984631538391,0.9999999403953552,1.314505698286064,-0.0008701682090759277,-0.0007739663124084473,-0.0007750988006591797,-9.620189666748047e-05,-9.506940841674805e-05,False
Integrated Gradients,97086,none,none,True,0.9992258548736572,1.0,1.2921135646687698,-0.0006519556045532227,-0.0004500150680541992,-0.0005874037742614746,-0.00020194053649902344,-6.455183029174805e-05,False
Integrated Gradients,97513,none,none,True,0.9992235898971558,1.0,1.2921135646687698,-0.0006678104400634766,-0.00047409534454345703,-0.0005214810371398926,-0.00019371509552001953,-0.00014632940292358398,False
Integrated Gradients,102021,none,none,True,0.9996993541717529,0.9999999403953552,1.2921134876527998,-0.00022149085998535156,-3.063678741455078e-05,-0.00019598007202148438,-0.00019085407257080078,-2.5510787963867188e-05,False
Integrated Gradients,105811,none,none,True,0.9954535961151123,0.9999998807907104,1.2465001557269477,-0.004385590553283691,-0.004173219203948975,-0.0042517781257629395,-0.0002123713493347168,-0.00013381242752075195,False
Integrated Gradients,107170,none,Edge-Loc,False,0.9621658325195312,1.0000001192092896,1.2728404251961623,0.9611623861128464,0.9083327427506447,0.7827011197805405,0.05282964336220175,0.17846126633230597,True
Integrated Gradients,108373,none,none,True,0.9996117949485779,1.0,1.3411918795022921,5.2094459533691406e-05,-1.6748905181884766e-05,3.695487976074219e-05,6.884336471557617e-05,1.5139579772949219e-05,False
Integrated Gradients,122286,none,none,True,0.9978654980659485,1.0,1.301143583227446,-0.001934647560119629,-0.0015850663185119629,-0.0017322301864624023,-0.000349581241607666,-0.00020241737365722656,False
Integrated Gradients,122735,none,none,True,0.7524265646934509,1.0,1.301143583227446,-0.24740320444107056,-0.24704092741012573,-0.24728286266326904,-0.0003622770309448242,-0.00012034177780151367,False
Integrated Gradients,125520,none,none,True,0.9959450364112854,1.0,1.301143583227446,-0.0038115978240966797,-0.003739595413208008,-0.0037084221839904785,-7.200241088867188e-05,-0.00010317564010620117,False
Integrated Gradients,126001,none,none,True,0.9975835084915161,1.0,1.301143583227446,-0.0021546483039855957,-0.0014502406120300293,-0.0011139512062072754,-0.0007044076919555664,-0.0010406970977783203,False
Integrated Gradients,128608,none,none,True,0.9963676929473877,1.0,1.2820031298904537,-0.003465890884399414,-0.0032427310943603516,-0.0029457807540893555,-0.0002231597900390625,-0.0005201101303100586,False
Integrated Gradients,133220,none,none,True,0.996250331401825,1.0,1.3111395646606914,-0.003480076789855957,-0.003277599811553955,-0.002829611301422119,-0.00020247697830200195,-0.0006504654884338379,False
Integrated Gradients,134377,none,none,True,0.9971802234649658,1.0,1.3111395646606914,-0.0026999711990356445,-0.0023186206817626953,-0.002435922622680664,-0.0003813505172729492,-0.00026404857635498047,False
Integrated Gradients,134379,none,none,True,0.9988700747489929,1.0,1.3111395646606914,-0.0010005831718444824,-0.00027877092361450195,0.00017261505126953125,-0.0007218122482299805,-0.0011731982231140137,False
Integrated Gradients,134822,none,none,True,0.9959356784820557,1.0,1.3111395646606914,-0.003919124603271484,-0.003694593906402588,-0.003848254680633545,-0.00022453069686889648,-7.086992263793945e-05,False
Integrated Gradients,136245,none,none,True,0.9938522577285767,1.0,1.2832080200501252,-0.0059455037117004395,-0.005566596984863281,-0.005679488182067871,-0.0003789067268371582,-0.00026601552963256836,False
Integrated Gradients,141519,none,none,True,0.9199487566947937,1.0,1.3069559668155712,-0.07983314990997314,-0.07950061559677124,-0.07942235469818115,-0.0003325343132019043,-0.0004107952117919922,False
Integrated Gradients,144462,none,none,True,0.9974507689476013,1.0000001192092896,1.3069561226168633,-0.0024314522743225098,-0.002194643020629883,-0.0023841261863708496,-0.00023680925369262695,-4.7326087951660156e-05,False
Integrated Gradients,148208,none,none,True,0.9989344477653503,1.0,1.2848180677540777,-0.0007849931716918945,-0.0005193948745727539,-0.00028187036514282227,-0.0002655982971191406,-0.0005031228065490723,False
Integrated Gradients,149898,none,none,True,0.9976500868797302,1.0000001192092896,1.286432314158684,-0.0018827319145202637,-0.0020751357078552246,-0.0020689964294433594,0.00019240379333496094,0.0001862645149230957,False
Integrated Gradients,153138,none,none,True,0.9937447905540466,1.0,1.2503052503052503,-0.006137192249298096,-0.005804598331451416,-0.005843758583068848,-0.0003325939178466797,-0.00029343366622924805,False
Integrated Gradients,154623,none,none,True,0.9991108775138855,1.0,1.3298701298701299,-0.0007783770561218262,-0.0007762312889099121,-0.0008171200752258301,-2.1457672119140625e-06,3.8743019104003906e-05,False
Integrated Gradients,156119,none,none,True,0.9990668892860413,1.0,1.3298701298701299,-0.0008510947227478027,-0.0008013248443603516,-0.0008066296577453613,-4.976987838745117e-05,-4.4465065002441406e-05,False
Integrated Gradients,159337,none,none,True,0.998536229133606,1.0,1.3298701298701299,-0.0013580322265625,-0.0013403892517089844,-0.001297593116760254,-1.7642974853515625e-05,-6.0439109802246094e-05,False
Integrated Gradients,159403,none,none,True,0.9993463158607483,1.0000001192092896,1.3298702884030031,-0.0005977749824523926,-0.000520169734954834,-0.0006057620048522949,-7.76052474975586e-05,7.987022399902344e-06,False
Integrated Gradients,168043,none,none,True,0.9900404810905457,0.9999998807907104,1.2824043555788196,-0.009821712970733643,-0.009407997131347656,-0.009334921836853027,-0.00041371583938598633,-0.00048679113388061523,False
Integrated Gradients,169919,none,none,True,0.9960575103759766,1.0,1.28240450845335,-0.0036773085594177246,-0.0033301115036010742,-0.0032393932342529297,-0.0003471970558166504,-0.0004379153251647949,False
Integrated Gradients,170724,none,none,True,0.9979203343391418,1.0,1.28240450845335,-0.0018862485885620117,-0.001530468463897705,-0.0014178752899169922,-0.00035578012466430664,-0.00046837329864501953,False
Integrated Gradients,171268,none,none,True,0.9956159591674805,1.0,1.28240450845335,-0.004291415214538574,-0.004030108451843262,-0.004164159297943115,-0.0002613067626953125,-0.00012725591659545898,False
