model,test_position,original_row_index,true_label,repeat,top_k_jaccard,top_k_sign_agreement,absolute_rank_spearman,probability_change_under_noise,prediction_flipped_under_noise,top_shap_mask_effect,random_mask_effect,fidelity_advantage,top_shap_mask_wins
CatBoost,0,246,0,1,0.8181818181818182,0.9,0.9314809884006555,0.0820242614685393,True,0.15406836622894332,0.0046043686108320474,0.14946399761811127,True
CatBoost,1,1315,0,1,0.6666666666666666,1.0,0.9523965603237166,0.012255394615344951,False,0.1229150338423026,0.00739254843192471,0.11552248541037788,True
CatBoost,2,444,0,1,0.8181818181818182,1.0,0.961620533052319,0.001221922754735389,False,0.0657753631850751,0.0020155924347545285,0.06375977075032056,True
CatBoost,3,296,0,1,0.8181818181818182,1.0,0.9600259513300056,0.002768510030014522,False,0.06293376534646482,0.0017831133504078184,0.061150651996057,True
CatBoost,4,1295,0,1,0.8181818181818182,1.0,0.9650137069524813,0.0046464571513019776,False,0.1016895113000643,0.0055741984282258955,0.0961153128718384,True
CatBoost,5,1239,0,1,0.6666666666666666,1.0,0.9312289754849936,0.01648994946735463,False,0.13199023436253568,0.017361021980664214,0.11462921238187146,True
CatBoost,6,1432,0,1,1.0,1.0,0.9551552017040873,0.00048373376689671483,False,0.06465061841627708,0.00040228067554568296,0.0642483377407314,True
CatBoost,7,973,0,1,0.8181818181818182,1.0,0.9729161119507375,0.00043626072507056343,False,0.23212823840390417,0.003421959992097906,0.22870627841180627,True
CatBoost,8,283,0,1,0.8181818181818182,1.0,0.9419140230936836,0.008574713979179843,False,0.059471031603800906,0.004189743158679908,0.055281288445121,True
CatBoost,9,553,0,1,0.8181818181818182,1.0,0.93164449678046,2.982249016373435e-05,False,0.02293489097725326,0.0006042755113495389,0.02233061546590372,True
CatBoost,10,726,0,1,0.8181818181818182,1.0,0.9783178887918007,0.000661158880811594,False,0.12311530002661236,0.0021117724463926946,0.12100352758021966,True
CatBoost,11,1122,0,1,1.0,1.0,0.9773818408193419,0.00028301698913430536,False,0.16511525103654004,0.0011866062151854556,0.16392864482135458,True
CatBoost,12,1274,0,1,1.0,1.0,0.9514215103524055,0.009426764593506463,False,0.10319279445323754,0.005067374508510283,0.09812541994472725,True
CatBoost,13,337,0,1,0.8181818181818182,1.0,0.9679433570970513,0.001956409164404157,False,0.1545161884393177,0.0009177578868022514,0.15359843055251543,True
CatBoost,14,512,0,1,1.0,1.0,0.9391958837890442,0.0006252282348349252,False,0.04099022476914503,0.0011994405273455851,0.039790784241799444,True
CatBoost,15,792,0,1,0.8181818181818182,1.0,0.9133165574735705,3.210663018621447e-05,False,0.10935210259988196,0.0016150282538842653,0.10773707434599769,True
CatBoost,16,643,0,1,0.8181818181818182,1.0,0.9673223252691701,0.008441926799161614,False,0.2668797525988139,0.00582579137916571,0.2610539612196482,True
CatBoost,17,1032,0,1,0.8181818181818182,1.0,0.9570512988790676,0.010154268710985417,False,0.20696675436542922,0.005961340684505295,0.20100541368092392,True
CatBoost,18,1396,0,1,0.8181818181818182,1.0,0.9856652653448489,0.0006409021247178546,False,0.10644335053388361,0.0016321240037556796,0.10481122653012793,True
CatBoost,19,959,0,1,0.8181818181818182,1.0,0.9360892245727592,0.003741943771627093,False,0.11489410658121431,0.007789719448980244,0.10710438713223407,True
CatBoost,20,1525,0,1,1.0,1.0,0.964193164899701,0.0005044210006493991,False,0.06893602159910144,0.0008511545883799277,0.06808486701072151,True
CatBoost,21,1442,0,1,1.0,1.0,0.9213059669308052,0.0001802450648225153,False,0.06371566087901506,0.00012295632575731248,0.06359270455325775,True
CatBoost,22,264,0,1,1.0,1.0,0.9693849309777126,0.0028654829150620773,False,0.0969457215434475,0.0036511961438462108,0.09329452539960129,True
CatBoost,23,1541,0,1,0.8181818181818182,1.0,0.9557417317637529,0.00016292002437153733,False,0.08190779657273078,0.000817153037265294,0.0810906435354655,True
CatBoost,24,1529,0,1,1.0,1.0,0.9815355536971269,8.479231897134151e-05,False,0.012107663685029893,0.00012232721077910436,0.011985336474250789,True
CatBoost,25,798,0,1,0.8181818181818182,1.0,0.9635106299197833,0.016837396220769213,False,0.014770371012781489,0.011904431578524907,0.0028659394342565817,True
CatBoost,26,1208,0,1,1.0,1.0,0.9804404975755007,0.00042398435329008,False,0.25114986071289747,0.019858450261030246,0.2312914104518672,True
CatBoost,27,1474,0,1,0.8181818181818182,1.0,0.9680513626323349,0.00131768957096726,False,0.010844587009029513,0.005425041301882002,0.00541954570714751,True
CatBoost,28,1493,0,1,1.0,1.0,0.9883969053413988,0.0006807960890054584,False,0.02396067204774007,0.0007418063847464205,0.02321886566299365,True
CatBoost,29,1142,0,1,0.8181818181818182,1.0,0.9600064503305795,0.012789249781409256,False,0.09285721273036987,0.0050542437926840355,0.08780296893768584,True
CatBoost,30,530,0,1,0.8181818181818182,1.0,0.9421765365474981,0.0009040456955902105,False,0.06908974759598101,0.0013823907071060261,0.06770735688887498,True
CatBoost,31,116,0,1,1.0,1.0,0.9435071047391179,0.025083882862841245,True,0.021057315846598493,0.006421825987319359,0.014635489859279134,True
CatBoost,32,527,0,1,0.8181818181818182,1.0,0.9479518325314171,0.10133563304241038,False,0.09552460023519711,0.007954562216034513,0.0875700380191626,True
CatBoost,33,1036,0,1,0.8181818181818182,1.0,0.9554297157729332,0.0044839773628485916,False,0.2484562459024538,0.0032676920813534648,0.24518855382110033,True
CatBoost,34,834,0,1,1.0,1.0,0.9454842060655607,0.008161150703539451,False,0.19390315339797004,0.0053960385423314754,0.18850711485563856,True
CatBoost,35,865,0,1,1.0,1.0,0.962240064803321,0.0006008391116740458,False,0.04814177065537125,0.0004099042743859062,0.047731866380985345,True
CatBoost,36,232,0,1,0.8181818181818182,1.0,0.9561587531360981,0.006525641127478263,False,0.21047317174142727,0.004601640744154574,0.2058715309972727,True
CatBoost,37,154,1,1,1.0,1.0,0.9680393620173033,0.0013313003036188736,False,0.11867434566948515,0.002615836673690434,0.11605850899579472,True
CatBoost,38,140,0,1,0.6666666666666666,1.0,0.960816491845207,0.02151547513319562,False,0.2735857522074487,0.004378702220006854,0.2692070499874418,True
CatBoost,39,1360,0,1,0.8181818181818182,1.0,0.9612335132175523,0.005501031340825677,False,0.18005005230430743,0.005886694026954251,0.1741633582773532,True
CatBoost,40,903,0,1,0.8181818181818182,1.0,0.943877623728216,0.005489428701426165,False,0.1433578160647061,0.002070369753109355,0.14128744631159673,True
CatBoost,41,1479,0,1,1.0,1.0,0.9397209106966732,0.0008444660278515946,False,0.2991916390339902,0.004796704396116661,0.29439493463787353,True
CatBoost,42,1283,0,1,0.8181818181818182,1.0,0.9423490453885761,0.001160026445662446,False,0.09783528003099728,0.012840296632821996,0.0849949833981753,True
CatBoost,43,1498,0,1,1.0,1.0,0.9763752892335732,0.014568243028289067,False,0.15860124952342472,0.006275961905338903,0.1523252876180858,True
CatBoost,44,1156,0,1,0.8181818181818182,1.0,0.9673283255766858,0.0024567122810122445,False,0.21666109508078682,0.0012725382071579264,0.2153885568736289,True
CatBoost,45,1563,0,1,0.8181818181818182,1.0,0.9264812321631484,0.002283568856273418,False,0.10079065942987524,0.0016638078300140555,0.09912685159986118,True
CatBoost,46,954,0,1,0.8181818181818182,1.0,0.9464967579588454,0.0001318597209060805,False,0.021795470132747533,0.00018213148498027928,0.021613338647767252,True
CatBoost,47,1090,0,1,0.8181818181818182,1.0,0.9241531128470334,0.0278890267246829,False,0.05475192482193209,0.005904227013246407,0.04884769780868568,True
CatBoost,48,1478,0,1,1.0,1.0,0.9794144449903057,0.00022899678500588492,False,0.048469846475502114,0.0006854733887376466,0.04778437308676447,True
CatBoost,49,390,0,1,0.8181818181818182,1.0,0.9351126745245694,1.3072892776806299e-05,False,0.05701224672609238,0.0005046222838342264,0.05650762444225816,True
CatBoost,50,440,0,1,0.8181818181818182,1.0,0.9521535478693282,2.763962043285926e-05,False,0.02116439361144881,0.0003132615349846902,0.020851132076464118,True
CatBoost,51,258,0,1,0.8181818181818182,1.0,0.9322805293771306,0.00608916829528653,False,0.20466386833401182,0.0052117667967867334,0.1994521015372251,True
CatBoost,52,255,0,1,0.8181818181818182,1.0,0.9609845004556483,0.01607382848882674,False,0.002102321857863021,0.011157578778841257,-0.009055256920978236,False
CatBoost,53,369,0,1,0.8181818181818182,1.0,0.9319640131556742,0.004215267966753214,False,0.486294323174238,0.003835284223182957,0.482459038951055,True
CatBoost,54,786,0,1,0.8181818181818182,1.0,0.97898392292605,0.0005156977764756987,False,0.11683462781225383,0.022758577088121568,0.09407605072413226,True
CatBoost,55,1106,0,1,0.8181818181818182,1.0,0.9374947966083262,0.0026108155986791087,False,0.11521069864434354,0.0037455213747098143,0.11146517726963372,True
CatBoost,56,62,1,1,0.8181818181818182,0.9,0.9493949064889575,0.001413156489044099,False,0.07269910443513333,0.004562017448282377,0.06813708698685096,True
CatBoost,57,1448,0,1,1.0,1.0,0.9645276820437046,0.0008139634256897395,False,0.047791878134924484,0.0018864436551462908,0.04590543447977819,True
CatBoost,58,187,0,1,0.8181818181818182,1.0,0.9679148556363513,0.06198055835025151,False,0.3733534809520246,0.024186268362307195,0.3491672125897174,True
CatBoost,59,1027,0,1,0.8181818181818182,1.0,0.9778708658818764,0.010282346536315212,True,0.08036106800519671,0.008878165532441598,0.07148290247275511,True
CatBoost,60,1242,1,1,0.8181818181818182,1.0,0.9413379935721705,0.04484226251874973,False,0.22931274176595098,0.01971966847631789,0.2095930732896331,True
CatBoost,61,693,0,1,0.8181818181818182,1.0,0.9783238890993163,0.00023817525772993915,False,0.04817275929508756,0.0005892825187672105,0.04758347677632035,True
CatBoost,62,141,0,1,0.8181818181818182,1.0,0.9305749419657757,0.030218260230123556,False,0.017643326635307294,0.022857050582679558,-0.005213723947372264,False
CatBoost,63,1236,0,1,1.0,1.0,0.9699849617292886,0.0038091074796159363,False,0.0921232581972086,0.007699646074288001,0.0844236121229206,True
CatBoost,64,79,0,1,0.8181818181818182,0.9,0.9600004500230637,0.005431261833220097,False,0.10280914659403667,0.002201005146983804,0.10060814144705287,True
CatBoost,65,195,0,1,0.8181818181818182,0.9,0.9395574023168688,0.1017643234312792,False,0.02398362276656002,0.010453563218478429,0.013530059548081591,True
CatBoost,66,1411,0,1,1.0,1.0,0.959691434186002,0.005099702899200087,False,0.11392655147524257,0.001861625411314121,0.11206492606392844,True
CatBoost,67,730,0,1,0.8181818181818182,1.0,0.95138700858419,1.3111836413513974e-05,False,0.010879952258512026,5.508762346450629e-05,0.01082486463504752,True
CatBoost,68,1397,0,1,0.8181818181818182,1.0,0.9459657307437006,0.03347909900400371,False,0.24962222253464006,0.010891401291241998,0.23873082124339806,True
CatBoost,69,68,0,1,0.8181818181818182,1.0,0.919208859454047,0.01905468856262102,True,0.07610442903614448,0.014327042641331163,0.06177738639481331,True
CatBoost,70,269,0,1,0.8181818181818182,1.0,0.9571578043374723,0.004805174624716982,False,0.2178607923628582,0.006627476370414978,0.21123331599244324,True
CatBoost,71,306,0,1,0.8181818181818182,1.0,0.9488218771212025,0.02321111098609102,True,0.04372154892383866,0.0063615303837641956,0.03736001854007446,True
CatBoost,72,1361,0,1,0.6666666666666666,1.0,0.9464727567287823,0.00494764896624085,False,0.1843782109194762,0.003680780743126033,0.18069743017635018,True
CatBoost,73,576,1,1,1.0,1.0,0.9428950733725103,0.0045038569128761675,False,0.08376480719265024,0.0013565475408173935,0.08240825965183285,True
CatBoost,74,946,0,1,0.6666666666666666,1.0,0.9659602554630925,0.00016400519565910572,False,0.10446012719368884,0.0005005366708001139,0.10395959052288872,True
CatBoost,75,715,0,1,0.8181818181818182,1.0,0.9151841531878508,0.005073171100846157,False,0.10445867948171378,0.0028141617738597015,0.10164451770785407,True
CatBoost,76,1453,0,1,1.0,1.0,0.9645411827356153,0.0015014622500758665,False,0.02661455784424606,0.0005929846245211108,0.02602157321972495,True
CatBoost,77,604,0,1,1.0,1.0,0.9467937731808754,0.0015786964370187147,False,0.03658378376085386,0.00043234366610857224,0.03615144009474529,True
CatBoost,78,518,1,1,0.8181818181818182,1.0,0.9455727106014183,0.010853001769637952,False,0.06314089856238898,0.0120534150362455,0.051087483526143486,True
CatBoost,79,1099,0,1,0.8181818181818182,1.0,0.9506819724510881,0.005193524846748086,False,0.05931897702318333,0.006031023084403812,0.05328795393877952,True
CatBoost,80,1540,0,1,1.0,1.0,0.935670703123535,0.0031619365879641884,False,0.24447026843318692,0.006662619269073767,0.23780764916411315,True
CatBoost,81,245,0,1,0.8181818181818182,1.0,0.9243721240713587,0.06280645574264301,False,0.31792425858810736,0.012216467751364136,0.3057077908367432,True
CatBoost,82,58,1,1,0.8181818181818182,0.9,0.9676568424131737,0.1502456064414402,False,0.051235945663225896,0.024153255812438077,0.02708268985078782,True
CatBoost,83,750,0,1,0.8181818181818182,1.0,0.9508634817534399,0.02696652471440226,False,0.03949925896048924,0.007017685834857445,0.032481573125631796,True
CatBoost,84,1486,0,1,0.8181818181818182,1.0,0.9741326742995579,0.005228392628825464,False,0.06168778463261932,0.002977112913168412,0.05871067171945091,True
CatBoost,85,1499,0,1,1.0,1.0,0.9516975244981304,0.0008477402359985159,False,0.023925116889296102,0.000857576906692628,0.023067539982603472,True
CatBoost,86,31,0,1,0.6666666666666666,1.0,0.9366487532486039,0.005300659982436756,False,0.03912995819590258,0.019564307084984956,0.019565651110917622,True
CatBoost,87,112,0,1,0.8181818181818182,1.0,0.9451616895365887,0.03260917544752452,False,0.05738240527319051,0.01897198831782857,0.03841041695536194,True
CatBoost,88,326,1,1,0.8181818181818182,1.0,0.9585843774493442,0.046941955830205634,False,0.03331415681924452,0.031838623319801085,0.0014755334994434322,True
CatBoost,89,366,0,1,0.8181818181818182,1.0,0.9748602115858438,0.0034460347340378172,False,0.07622386391967048,0.0023209873032976067,0.07390287661637288,True
CatBoost,90,1522,0,1,0.8181818181818182,1.0,0.9439121254964317,0.01048241676415395,False,0.22654047801088043,0.0028696171851725753,0.22367086082570786,True
CatBoost,91,689,0,1,0.8181818181818182,1.0,0.9312994790983037,0.06478245813068928,False,0.1566069330601646,0.024537475013068178,0.1320694580470964,True
CatBoost,92,449,0,1,1.0,1.0,0.9620495550396958,0.007588467349175024,False,0.09195441206585163,0.006269311342623285,0.08568510072322834,True
CatBoost,93,1394,0,1,0.8181818181818182,1.0,0.9775768508136042,0.0019538044365552745,False,0.033050002471141385,0.0033644679050356075,0.029685534566105776,True
CatBoost,94,1366,0,1,0.8181818181818182,1.0,0.9712165248468984,0.029260548736032732,False,0.05981999416184221,0.014088194549774908,0.0457317996120673,True
CatBoost,95,165,0,1,1.0,1.0,0.9642336669754326,0.017885119581586312,False,0.04544780075998417,0.02270152016853691,0.02274628059144726,True
CatBoost,96,725,0,1,0.8181818181818182,1.0,0.9806295072622473,0.0027166945058343366,False,0.0234004932221988,0.002423517423722749,0.02097697579847605,True
CatBoost,97,1433,0,1,0.8181818181818182,1.0,0.9790439260012076,0.00623254326696911,False,0.10263132586835234,0.0021179334000934052,0.10051339246825894,True
CatBoost,98,342,0,1,0.8181818181818182,1.0,0.9652042167161068,0.008545386927549053,True,0.11613231962575213,0.010813087480553965,0.10531923214519816,True
CatBoost,99,877,0,1,1.0,1.0,0.9460152332807057,0.008581450762969955,False,0.17779752422742404,0.014370921164738726,0.1634266030626853,True
CatBoost,100,706,0,1,0.8181818181818182,1.0,0.9750132194274956,0.0007526767966621554,False,0.15525623101504074,0.0007904491159514384,0.1544657818990893,True
CatBoost,101,345,0,1,0.8181818181818182,1.0,0.9529890906908979,0.00031497936503253367,False,0.10284700751934556,0.0029847373546373086,0.09986227016470825,True
CatBoost,102,41,0,1,0.8181818181818182,1.0,0.932243027455157,0.02175726271869885,False,0.11174667831079915,0.014621968515020517,0.09712470979577864,True
CatBoost,103,817,0,1,0.8181818181818182,1.0,0.9154916689480336,0.0011305162871067176,False,0.05265631134187388,0.0005572417394290319,0.05209906960244485,True
CatBoost,104,1052,0,1,0.8181818181818182,1.0,0.9512310005887801,0.006320598382678101,False,0.08346669338452334,0.007119687734256738,0.0763470056502666,True
CatBoost,105,930,0,1,1.0,1.0,0.966222768916907,0.0009810543624405343,False,0.0459100338438668,0.0003441595416673189,0.04556587430219948,True
CatBoost,106,476,0,1,1.0,1.0,0.8848360978500148,0.0012020202839313938,False,0.06457211937669537,0.0029834013200896506,0.061588718056605714,True
CatBoost,107,1439,0,1,0.8181818181818182,1.0,0.9422065380850769,0.00033621109745402347,False,0.01241538116309653,0.0005010894436339241,0.011914291719462606,True
CatBoost,108,862,0,1,0.8181818181818182,1.0,0.9586428804476229,0.0006929317661102205,False,0.06486257350008441,0.00039396669542671024,0.0644686068046577,True
CatBoost,109,1005,0,1,1.0,1.0,0.9640161558279862,0.003943341530809719,False,0.10575670802268003,0.010489830334088698,0.09526687768859134,True
CatBoost,110,11,1,1,0.8181818181818182,1.0,0.9777358589627718,0.06336890168838866,False,0.21717921339548585,0.022956321333513406,0.19422289206197244,True
CatBoost,111,9,0,1,0.8181818181818182,1.0,0.9708610066265897,0.02343159114514707,False,0.17977831215528095,0.007549005410804055,0.1722293067444769,True
CatBoost,112,313,0,1,0.8181818181818182,1.0,0.980536502495753,0.00346183389248806,False,0.21800289711878862,0.003605264381160274,0.21439763273762835,True
CatBoost,113,1352,0,1,0.8181818181818182,1.0,0.9687218969972211,0.0016306847083990932,False,0.11879432632301229,0.0035514485146778143,0.11524287780833448,True
CatBoost,114,1175,0,1,1.0,1.0,0.9365857500196886,0.0005529583006105227,False,0.035619408922392085,0.0019394622598526985,0.03367994666253939,True
CatBoost,115,1129,0,1,0.8181818181818182,0.9,0.9531525990707024,0.009987627015094692,False,0.053673184129217476,0.010203145871624573,0.0434700382575929,True
CatBoost,116,524,0,1,0.8181818181818182,1.0,0.973354134399388,0.008446886639532261,False,0.040888899606671886,0.0035076050510334357,0.03738129455563845,True
CatBoost,117,1205,0,1,1.0,1.0,0.9634356260758363,0.0010515410611174267,False,0.23878077441878365,0.003765702747191441,0.23501507167159222,True
CatBoost,118,176,0,1,1.0,1.0,0.9773023367447581,0.004992310663200272,False,0.15837588755602083,0.011386753956163884,0.14698913359985694,True
CatBoost,119,1482,0,1,0.8181818181818182,1.0,0.9572553093346035,0.017795929531045696,True,0.054891117068869,0.011946627037576842,0.04294449003129215,True
CatBoost,120,1092,0,1,0.8181818181818182,1.0,0.9179622955676479,0.0029778856508792806,False,0.07456049266632922,0.01828702351944341,0.05627346914688581,True
CatBoost,121,563,0,1,0.8181818181818182,1.0,0.9618275436616127,0.026545742961036234,False,0.0927222746746949,0.02742087029210079,0.06530140438259412,True
CatBoost,122,967,0,1,0.6666666666666666,1.0,0.9323885349124141,0.005317500844802906,False,0.21326359009299586,0.001397206475929345,0.21186638361706653,True
CatBoost,123,1271,0,1,0.8181818181818182,1.0,0.9646236869639568,0.06858049094908375,False,0.2890308679064147,0.025939989088368365,0.2630908788180463,True
CatBoost,124,1472,0,1,1.0,1.0,0.9611465087585739,0.0010400115921357055,False,0.034644085095061374,0.0004337306077515618,0.03421035448730981,True
CatBoost,125,464,0,1,1.0,1.0,0.9583353646874402,0.00222457661089058,False,0.07503412166229265,0.005648500963319154,0.0693856206989735,True
CatBoost,126,621,0,1,1.0,1.0,0.9754692427986935,0.0001487188884918343,False,0.05103230063943632,0.00047136921688810846,0.05056093142254821,True
CatBoost,127,1166,0,1,1.0,1.0,0.9830281301916722,0.003547623556927275,False,0.3227285240552201,0.0051090760226527145,0.3176194480325674,True
CatBoost,128,629,0,1,0.8181818181818182,1.0,0.923961103006529,0.004259098648219181,False,0.10573144493362685,0.0014044948721328304,0.10432695006149402,True
CatBoost,129,1441,0,1,1.0,1.0,0.9595054246530135,0.000604677611380844,False,0.07985063475493435,0.0007338627479838451,0.07911677200695051,True
CatBoost,130,108,0,1,1.0,1.0,0.959514425114287,0.0005178929649410358,False,0.15944862955489786,0.016872672163388773,0.14257595739150908,True
CatBoost,131,549,0,1,0.8181818181818182,0.9,0.9457212182124334,0.0035824196105208334,False,0.0371499328489038,0.0015303194863171793,0.03561961336258662,True
CatBoost,132,26,0,1,0.8181818181818182,1.0,0.972551593269155,0.0007910733843937666,False,0.12857362321181304,0.0038537377712087283,0.1247198854406043,True
CatBoost,133,615,0,1,1.0,1.0,0.9282348220346291,0.00023510223346594455,False,0.051352186177403496,0.0006280709271498064,0.050724115250253686,True
CatBoost,134,872,0,1,0.8181818181818182,1.0,0.9264602310868432,0.0017667021142251426,False,0.19258465244173675,0.0014009393449643452,0.1911837130967724,True
CatBoost,135,1344,0,1,0.5384615384615384,1.0,0.9166257270685122,0.033930469105579286,False,0.005439748508578909,0.013971745758895829,-0.00853199725031692,False
CatBoost,136,17,0,1,1.0,1.0,0.9719680633632474,0.002008957078081494,False,0.028816370212521814,0.0011089124948143111,0.027707457717707502,True
CatBoost,137,765,0,1,1.0,1.0,0.9374332934562896,0.004401654051255777,False,0.12936002561684265,0.003083864363028079,0.12627616125381458,True
CatBoost,138,1231,0,1,0.8181818181818182,1.0,0.9310924684890101,0.011526825799326658,False,0.013683382151296615,0.009871588119586158,0.0038117940317104575,True
CatBoost,139,104,0,1,1.0,1.0,0.9811020314791132,0.003609743470175883,False,0.041177470921689774,0.006180638075366063,0.03499683284632371,True
CatBoost,140,268,0,1,0.8181818181818182,1.0,0.9438311213449689,0.030193592161600835,False,0.186877081575792,0.032541882900692064,0.15433519867509993,True
CatBoost,141,1058,0,1,1.0,1.0,0.9763362872347208,0.00536668305776104,False,0.19653434787607535,0.005888565933737672,0.19064578194233767,True
CatBoost,142,48,1,1,0.8181818181818182,1.0,0.9688404030706573,0.010000765187136745,False,0.05007066959731843,0.02785776115547587,0.02221290844184256,True
CatBoost,143,1385,0,1,1.0,1.0,0.9420460298590302,0.007446214676723323,False,0.16770408914882734,0.0050411156358099365,0.1626629735130174,True
CatBoost,144,1314,0,1,1.0,1.0,0.95396264058533,0.0027633508760030352,False,0.09901504479798855,0.003171236229108467,0.09584380856888008,True
CatBoost,145,1031,0,1,1.0,1.0,0.9670133094321084,0.0009848357588568002,False,0.3001242158189106,0.006217569153862922,0.2939066466650477,True
CatBoost,146,190,0,1,1.0,1.0,0.9666442905198891,0.15553105879937223,False,0.07399054022729301,0.03278479294782275,0.04120574727947026,True
CatBoost,147,1456,0,1,0.8181818181818182,1.0,0.9445736594000442,0.02262962070802607,False,0.1282736327119285,0.009369104519543514,0.11890452819238498,True
CatBoost,148,989,0,1,0.8181818181818182,1.0,0.9635751332255779,0.00011914308904210805,False,0.07753707566637366,0.0002866404793896828,0.07725043518698398,True
CatBoost,149,936,0,1,0.8181818181818182,1.0,0.9565937754309907,0.00014039817722112733,False,0.04549857372018708,0.00031452430460906025,0.04518404941557802,True
CatBoost,150,1491,0,1,1.0,1.0,0.9590599018199684,0.0017749687458258577,False,0.15128941007035102,0.0008662212995622472,0.15042318877078878,True
CatBoost,151,708,0,1,0.8181818181818182,1.0,0.9601744589410207,0.0002446411329486489,False,0.1490251010059234,0.0029762434312233807,0.14604885757470001,True
CatBoost,152,1543,0,1,1.0,1.0,0.903546556761034,0.008458751037512986,False,0.20444707613611954,0.0010543005232727097,0.20339277561284683,True
CatBoost,153,51,0,1,0.8181818181818182,1.0,0.9649597041848393,0.02431114184808117,False,0.36728748382283827,0.024148280607784935,0.3431392032150533,True
CatBoost,154,1354,0,1,1.0,1.0,0.9915365662490202,5.613181159121183e-05,False,0.0997617147218143,0.004504072805806968,0.09525764191600733,True
CatBoost,155,907,0,1,1.0,1.0,0.9625535808710196,0.0005197303881816294,False,0.05911494325046208,0.00025287640555306083,0.058862066844909015,True
CatBoost,156,714,0,1,0.8181818181818182,1.0,0.9595969293426287,0.005327049122359042,False,0.0749144784110865,0.0015854839105161236,0.07332899450057039,True
CatBoost,157,628,0,1,1.0,1.0,0.9458232234402013,0.0019499380516715265,False,0.1308362891169816,0.0028929661664691417,0.12794332295051247,True
CatBoost,158,1466,0,1,0.8181818181818182,1.0,0.9674303308044537,3.8049846563608346e-07,False,0.051110682790747895,0.00011851583753054104,0.05099216695321736,True
CatBoost,159,500,0,1,0.8181818181818182,1.0,0.9499814365486231,0.010601173860320251,False,0.1759862481219202,0.009181616080657823,0.1668046320412624,True
CatBoost,160,460,0,1,0.8181818181818182,1.0,0.971428035686829,0.005231686788005313,False,0.03535303741458404,0.02373051138864244,0.011622526025941597,True
CatBoost,161,288,0,1,0.6666666666666666,0.9,0.9107199243961253,0.04462900844435481,True,0.0872256900707572,0.011365078459745107,0.0758606116110121,True
CatBoost,162,320,0,1,0.6666666666666666,1.0,0.9347346551510765,0.05267324223129011,False,0.05365610859247982,0.035880684958997176,0.017775423633482647,True
CatBoost,163,1218,0,1,1.0,1.0,0.9667597964395674,0.0024032622074241228,False,0.12149036805532473,0.009477224683734787,0.11201314337158995,True
CatBoost,164,1282,0,1,0.8181818181818182,1.0,0.9263732266278647,0.0010776607457061507,False,0.10381399441908855,0.0053998426580139395,0.09841415176107461,True
CatBoost,165,587,0,1,0.8181818181818182,1.0,0.8719864393050144,9.361570433155664e-05,False,0.18743756720339688,0.00979317577516727,0.1776443914282296,True
CatBoost,166,175,0,1,1.0,1.0,0.9401589331453238,0.018805147903526026,False,0.028437637150913075,0.013120240765917501,0.015317396384995574,True
CatBoost,167,1353,0,1,0.8181818181818182,1.0,0.972277079200309,0.003433259946141862,False,0.025348241197413347,0.0037742854299243206,0.021573955767489026,True
CatBoost,168,297,0,1,0.5384615384615384,1.0,0.9244216266083637,0.16223368126875226,False,0.14708677126386865,0.025074354377205003,0.12201241688666364,True
CatBoost,169,233,0,1,0.8181818181818182,1.0,0.9257476945693466,0.0016774633188197177,False,0.44848999101133996,0.0094474997037353,0.43904249130760464,True
CatBoost,170,1137,0,1,0.8181818181818182,1.0,0.9775138475846886,0.011634164910013983,False,0.16772143007150525,0.040089286780504545,0.1276321432910007,True
CatBoost,171,570,0,1,0.8181818181818182,1.0,0.9376943068332253,0.01736150682302836,False,0.01237713406163947,0.015079641972888797,-0.0027025079112493276,False
CatBoost,172,1095,0,1,0.8181818181818182,1.0,0.951835531570993,0.00600832465164404,False,0.14756704364206208,0.012373885662231316,0.13519315797983075,True
CatBoost,173,811,0,1,0.8181818181818182,1.0,0.9294153825383551,0.0011835589778801986,False,0.05153715934136277,0.0010565386540917325,0.050480620687271036,True
CatBoost,174,1097,0,1,0.8181818181818182,1.0,0.9553622123133811,0.023895448147475337,False,0.1400796872766863,0.008891434220541183,0.13118825305614512,True
CatBoost,175,533,0,1,1.0,1.0,0.9562697588251396,0.0001723919182661268,False,0.019034096580728497,5.4718487538707106e-05,0.01897937809318979,True
CatBoost,176,435,0,1,0.8181818181818182,1.0,0.9622385647264422,0.00554272958539332,False,0.11009616103475083,0.0032017282420492635,0.10689443279270155,True
CatBoost,177,820,0,1,0.8181818181818182,1.0,0.9563552632072395,0.0007352714594061546,False,0.18890230648569173,0.0014192896061372418,0.1874830168795545,True
CatBoost,178,611,0,1,1.0,1.0,0.9485218617454144,9.577560589210709e-05,False,0.011835417783027354,0.00020050816383148152,0.011634909619195872,True
CatBoost,179,776,0,1,0.8181818181818182,1.0,0.9668798025898827,0.0017136629483353212,False,0.0460953662136549,0.0024456333304023747,0.04364973288325252,True
CatBoost,180,219,0,1,0.8181818181818182,1.0,0.9169812452888211,0.05710135716957612,False,0.25290337249175043,0.016141962677256556,0.23676140981449387,True
CatBoost,181,96,1,1,1.0,1.0,0.979759462672462,0.014348593989718994,False,0.5744382133495518,0.06550495819997518,0.5089332551495767,True
CatBoost,182,1213,0,1,0.8181818181818182,1.0,0.9584988730672447,7.601884179060095e-05,False,0.03278505743410209,0.0006151983003344827,0.0321698591337676,True
CatBoost,183,1212,0,1,0.8181818181818182,1.0,0.9489538838865491,0.004132855406731693,False,0.05896153937564325,0.0014252238208418255,0.057536315554801425,True
CatBoost,184,23,1,1,0.8181818181818182,1.0,0.948535362437325,0.053784327048669395,False,0.07354908476696348,0.030736340666065603,0.04281274410089787,True
CatBoost,185,336,1,1,0.8181818181818182,1.0,0.9840241812392885,0.011463861686650312,False,0.1063677668306689,0.03830839963518765,0.06805936719548125,True
CatBoost,186,1305,0,1,0.6666666666666666,1.0,0.9195508769824453,0.030837422224052315,True,0.39549670473862203,0.017286862303669524,0.3782098424349525,True
CatBoost,187,914,1,1,0.8181818181818182,1.0,0.9761772790855532,0.021195982866272167,False,0.08772476923719774,0.029515492271911394,0.05820927696528635,True
CatBoost,188,1382,0,1,0.8181818181818182,1.0,0.9256261883421525,6.219515063226114e-05,False,0.1986939399623389,0.0020770126218071757,0.1966169273405317,True
CatBoost,189,1334,0,1,0.8181818181818182,1.0,0.976175779008674,0.027275774461963706,False,0.07772829075547986,0.00841412631040749,0.06931416444507238,True
CatBoost,190,515,0,1,0.8181818181818182,1.0,0.9712450263075982,0.03707853808324371,False,0.10820644604360302,0.04684891108770904,0.06135753495589398,True
CatBoost,191,325,0,1,0.6666666666666666,1.0,0.9663967778348639,0.04450802243314039,False,0.2276795870501117,0.008810935629526834,0.21886865142058487,True
CatBoost,192,44,0,1,0.8181818181818182,0.9,0.945002681387421,0.24270097555816694,False,0.3418810282219227,0.03967204143532068,0.302208986786602,True
CatBoost,193,458,0,1,0.6666666666666666,1.0,0.9531570993013392,0.05685746505999134,False,0.0831283611309806,0.022675850613805903,0.06045251051717469,True
CatBoost,194,846,0,1,0.8181818181818182,1.0,0.9598504423351697,0.025211991258813737,False,0.14527814671404993,0.004795667604811565,0.14048247910923836,True
CatBoost,195,1103,0,1,0.8181818181818182,1.0,0.9465597611877609,0.0238465561426503,False,0.13099247294146305,0.011364071381202104,0.11962840156026094,True
CatBoost,196,1528,0,1,1.0,1.0,0.9619070477361964,0.0011531484747856436,False,0.19233036939476808,0.000841295721720646,0.19148907367304743,True
CatBoost,197,1123,0,1,0.8181818181818182,1.0,0.9466842675687129,0.002485101524908424,False,0.0624552395596031,0.0013653748318364952,0.061089864727766605,True
CatBoost,198,1098,0,1,1.0,1.0,0.9731951262502202,0.0008491750636089668,False,0.022172606934731845,0.001381101968556085,0.02079150496617576,True
CatBoost,199,1034,0,1,0.5384615384615384,0.9,0.9260672109445609,0.011375147689169501,False,0.114735995101546,0.023196539663319773,0.09153945543822622,True
CatBoost,200,397,0,1,0.8181818181818182,1.0,0.9628400955548971,0.017086786599845333,True,0.015536389089810379,0.01737664041034982,-0.0018402513205394398,False
CatBoost,201,705,0,1,1.0,1.0,0.9842296917717033,0.007023785642635415,False,0.07814862611600752,0.009580684720757387,0.06856794139525013,True
CatBoost,202,434,0,1,1.0,1.0,0.9365377475595623,0.020561709788616156,False,0.12124138089883596,0.01217540406262908,0.10906597683620688,True
CatBoost,203,1259,0,1,0.8181818181818182,1.0,0.9178527899554852,0.00013017848237891622,False,0.16702395715352483,0.009774784591439737,0.1572491725620851,True
CatBoost,204,392,1,1,0.8181818181818182,1.0,0.9776653553494616,0.01791859560831866,False,0.09346350773273554,0.00159056670854893,0.09187294102418661,True
CatBoost,205,215,0,1,0.8181818181818182,1.0,0.9683423775468492,0.06951088178310333,False,0.21186798033052703,0.030612897345871627,0.1812550829846554,True
CatBoost,206,666,0,1,0.5384615384615384,1.0,0.9226245345073936,0.01604903859841074,False,0.20585881934453948,0.0032974267301764866,0.20256139261436298,True
CatBoost,207,1204,0,1,0.8181818181818182,1.0,0.9872823482203462,0.00201924005409157,False,0.2531897825209925,0.0146614161054054,0.2385283664155871,True
CatBoost,208,121,0,1,0.8181818181818182,1.0,0.9265232343157587,0.0015328673311714724,False,0.12286732010441351,0.017004644508457876,0.10586267559595564,True
CatBoost,209,953,0,1,0.8181818181818182,0.9,0.9227400404270719,0.000635088353532055,False,0.2141269786329822,0.0006722578460734745,0.21345472078690872,True
CatBoost,210,153,0,1,1.0,1.0,0.9528135816960619,0.004662443689767981,False,0.037817145161745835,0.009793151375904804,0.02802399378584103,True
CatBoost,211,1446,0,1,1.0,1.0,0.9311299704109834,0.0006863371054813168,False,0.10646177511205641,0.001082082560071591,0.10537969255198483,True
CatBoost,212,766,0,1,0.8181818181818182,1.0,0.926940255688104,0.011899547071337876,True,0.010109670315565755,0.024752356614903243,-0.014642686299337487,False
CatBoost,213,455,0,1,1.0,1.0,0.9581433548469359,0.0008217906623610091,False,0.04926719904529782,0.004195378538053645,0.045071820507244176,True
CatBoost,214,1249,0,1,1.0,1.0,0.9307024485004856,0.04799857842528932,False,0.031001949944273133,0.022125531620723234,0.0088764183235499,True
CatBoost,215,1116,0,1,0.8181818181818182,1.0,0.9283593284155813,0.01364867922923764,False,0.10769587397985173,0.011340864094534253,0.09635500988531748,True
CatBoost,216,383,0,1,0.8181818181818182,1.0,0.9647871953437613,0.009860920623729917,False,0.24052437096371862,0.004708077373492337,0.2358162935902263,True
CatBoost,217,1033,0,1,0.8181818181818182,1.0,0.919262862221689,0.014052850025785834,False,0.21493134228828187,0.004355911146228045,0.21057543114205382,True
CatBoost,218,170,0,1,1.0,1.0,0.9621380595755533,0.07358975312081945,False,0.2504190758640028,0.038958757417077175,0.21146031844692564,True
CatBoost,219,1367,0,1,1.0,1.0,0.9710065140838468,0.0015333473433891132,False,0.06357966819170219,0.005185716125249565,0.05839395206645262,True
CatBoost,220,887,0,1,1.0,1.0,0.9561467525210667,0.0003272083305128591,False,0.26868500177298665,0.0013589433229545121,0.26732605845003216,True
CatBoost,221,1073,0,1,1.0,1.0,0.945682216213581,0.0022034481253993925,False,0.09892527069868137,0.0010138062263859277,0.09791146447229544,True
CatBoost,222,1565,0,1,0.8181818181818182,1.0,0.9271937686806448,0.005489956133841928,False,0.287647134169216,0.0024852956442596797,0.2851618385249563,True
CatBoost,223,216,0,1,1.0,1.0,0.927789299201584,0.004672501659542361,False,0.17479805917076896,0.025172192422307026,0.14962586674846193,True
CatBoost,224,1184,0,1,1.0,1.0,0.9822390897533498,0.006748738515838348,False,0.05140203768188166,0.007010546961532334,0.04439149072034933,True
CatBoost,225,1,0,1,0.8181818181818182,1.0,0.9624365748744624,0.00027759004075678627,False,0.07986214886167158,0.0008963560844347815,0.0789657927772368,True
CatBoost,226,1150,0,1,1.0,1.0,0.9187528360828492,0.001830982640839006,False,0.08435505077715709,0.0004606437206400471,0.08389440705651705,True
CatBoost,227,582,0,1,1.0,1.0,0.9643041705887426,0.01073397769328608,False,0.09457700264368704,0.004217381480938142,0.0903596211627489,True
CatBoost,228,1191,0,1,0.6666666666666666,1.0,0.9788969184670714,0.0050027122019700165,False,0.06973098392807736,0.019799309342344872,0.049931674585732486,True
CatBoost,229,1398,0,1,0.8181818181818182,0.9,0.9396579074677578,0.0035503276176316254,False,0.12018203021442758,0.004112785568255849,0.11606924464617173,True
CatBoost,230,876,0,1,1.0,1.0,0.9621230588067637,0.0009598734686240649,False,0.052397601100596776,0.0010935252047225914,0.051304075895874185,True
CatBoost,231,956,0,1,0.8181818181818182,1.0,0.9851717400516776,0.001559313288039245,False,0.06423702622322744,0.0007629387723978862,0.06347408745082955,True
CatBoost,232,1375,0,1,0.6666666666666666,1.0,0.9140020926072461,0.031190786468675208,False,0.0030750313234161747,0.010073606963047684,-0.006998575639631509,False
CatBoost,233,712,0,1,1.0,1.0,0.9521670485612387,0.0012806381403141307,False,0.2172899885413413,0.0023309174282734693,0.21495907111306783,True
CatBoost,234,231,1,1,0.8181818181818182,1.0,0.9465117587276347,0.005661705169035282,False,0.028219045705493842,0.005212431918283909,0.02300661378720993,True
CatBoost,235,569,0,1,0.8181818181818182,1.0,0.9636891390683772,0.001455007836045727,False,0.029618521336387798,0.005024315212273872,0.024594206124113928,True
CatBoost,236,1219,0,1,0.8181818181818182,1.0,0.9076207655642352,0.002403777277055614,False,0.0839185110375269,0.0034493843488557175,0.08046912668867118,True
CatBoost,237,868,0,1,1.0,1.0,0.9606199817740659,0.0007664440464874994,False,0.11966396900302084,0.008716270898084364,0.11094769810493647,True
CatBoost,238,769,0,1,0.8181818181818182,1.0,0.9969023412449888,0.0005841720851870492,False,0.06158698572284883,0.0033942110409576226,0.05819277468189121,True
CatBoost,239,1254,1,1,0.6666666666666666,1.0,0.9592549118142304,0.0013126953828140608,False,0.023661320908677647,0.030033583286651844,-0.006372262377974197,False
CatBoost,240,658,0,1,1.0,1.0,0.9581568555388463,0.022417219777762294,False,0.05236204030692149,0.003220883611257737,0.04914115669566375,True
CatBoost,241,1189,1,1,1.0,1.0,0.9419665257844463,0.0006108649475718964,False,0.36870259402049904,0.0002934911217794036,0.36840910289871964,True
CatBoost,242,866,0,1,0.8181818181818182,1.0,0.9429490761401522,0.02986484008788029,False,0.28592635192889926,0.01683916620075452,0.2690871857281447,True
CatBoost,243,1049,0,1,1.0,1.0,0.9531255976868814,0.0036172849559363562,False,0.1354804000235572,0.010186572413365489,0.12529382761019173,True
CatBoost,244,939,0,1,0.6666666666666666,1.0,0.9711130195422516,0.00014117556217654176,False,0.11428913723384951,0.0014697455779025149,0.112819391655947,True
CatBoost,245,535,0,1,0.8181818181818182,1.0,0.9045591086543185,0.007019715596216142,False,0.18460148340246416,0.0033592259698125874,0.18124225743265157,True
CatBoost,246,545,0,1,1.0,1.0,0.9188533412337382,0.00043469685213480547,False,0.24560979668448799,0.0023578445382801605,0.24325195214620782,True
CatBoost,247,627,0,1,0.6666666666666666,1.0,0.9560897495996669,0.00016724472204701635,False,0.1423467388022969,0.008642783775680032,0.13370395502661686,True
CatBoost,248,18,0,1,0.6666666666666666,1.0,0.9318335064672064,0.056801864711938016,True,0.013159647262623891,0.010048774627767066,0.0031108726348568257,True
CatBoost,249,238,1,1,0.8181818181818182,1.0,0.9075172602595882,0.25104625086787,False,0.2767313784664995,0.01520944413419858,0.2615219343323009,True
CatBoost,250,1351,0,1,0.8181818181818182,1.0,0.9764442927700044,0.0010271403306632695,False,0.05386829665056142,0.0012970668480256557,0.052571229802535764,True
CatBoost,251,1245,0,1,1.0,1.0,0.9733991367057562,0.004944429771498449,False,0.030844969401722933,0.005076758858213895,0.025768210543509036,True
CatBoost,252,1552,0,1,0.8181818181818182,1.0,0.9796229556764785,0.00017146642839885535,False,0.06093755305154161,0.0004148473588652799,0.06052270569267633,True
CatBoost,253,1431,0,1,1.0,1.0,0.9374167926106213,0.0015588928084704495,False,0.03926375802218837,0.012602196478271991,0.02666156154391638,True
CatBoost,254,698,0,1,0.8181818181818182,1.0,0.9303319295113873,0.002132628232410912,False,0.058112119268566034,0.0009140220004060182,0.05719809726816002,True
CatBoost,255,25,0,1,0.6666666666666666,1.0,0.9767338076076398,0.01914384017554184,True,0.24079806986148106,0.012999132603408816,0.22779893725807224,True
CatBoost,256,1377,0,1,0.8181818181818182,1.0,0.9570212973414888,0.07064212118845428,False,0.028919821163616216,0.014002354748670554,0.014917466414945662,True
CatBoost,257,630,0,1,0.8181818181818182,1.0,0.9588783925176164,0.0008655246004251865,False,0.07274805015526517,0.003543112007216008,0.06920493814804916,True
CatBoost,258,1237,0,1,0.8181818181818182,1.0,0.9343371347781573,8.972272252694494e-05,False,0.08352680440570873,0.002266970652054585,0.08125983375365414,True
CatBoost,259,442,0,1,0.8181818181818182,1.0,0.9576753308607066,0.00012632132995875865,False,0.1519110225191579,0.0015383217024671114,0.15037270081669077,True
CatBoost,260,837,0,1,0.6666666666666666,1.0,0.958563376373039,0.00037084304282127,False,0.1433009875019207,0.0024959129933270416,0.14080507450859364,True
CatBoost,261,450,0,1,1.0,1.0,0.9652012165623489,0.003047738497554388,False,0.16838052214041604,0.0022353559448927327,0.1661451661955233,True
CatBoost,262,754,0,1,0.8181818181818182,1.0,0.9343341346243995,0.02101793021712795,False,0.09030100755456834,0.0022558010641961584,0.08804520649037217,True
CatBoost,263,130,0,1,1.0,1.0,0.967172317581276,0.005133197641171275,False,0.10325692574956226,0.009381389993556876,0.09387553575600538,True
CatBoost,264,399,0,1,0.8181818181818182,1.0,0.9654907313999843,0.0025858735184039463,False,0.09627028792728246,0.0006495664123214523,0.095620721514961,True
CatBoost,265,149,0,1,0.8181818181818182,1.0,0.9564422676662179,0.005108108799047578,False,0.17573365632950014,0.008016521268677496,0.16771713506082264,True
CatBoost,266,818,0,1,0.8181818181818182,1.0,0.9493934064120786,0.005260813187999027,False,0.06640850392327659,0.0006983243715857566,0.06571017955169083,True
CatBoost,267,496,0,1,0.6666666666666666,1.0,0.9398349165394726,0.014362033704374291,True,0.06755124658752017,0.012907336314603095,0.05464391027291707,True
CatBoost,268,748,0,1,0.8181818181818182,1.0,0.9515535171177523,0.0018768717846664278,False,0.10585633708800339,0.0034454341382315545,0.10241090294977184,True
CatBoost,269,893,0,1,0.8181818181818182,1.0,0.9758007597889391,0.0004244358353156265,False,0.06562648422880896,0.004907230545926862,0.06071925368288209,True
CatBoost,270,912,0,1,0.8181818181818182,1.0,0.9626990883282769,0.0016780485023635272,False,0.14637614273877975,0.010235106673343045,0.1361410360654367,True
CatBoost,271,1162,0,1,0.8181818181818182,1.0,0.9558047349926684,0.02215166268624151,False,0.04368017846895213,0.013977535102204485,0.02970264336674764,True
CatBoost,272,840,0,1,0.6666666666666666,1.0,0.9770368231371857,0.004114469576163859,False,0.21350020106495995,0.004341653603867995,0.20915854746109197,True
CatBoost,273,707,0,1,1.0,1.0,0.968874904838873,0.023532334758185114,False,0.11317308747472081,0.0078040439322179965,0.10536904354250282,True
CatBoost,274,1134,0,1,1.0,1.0,0.9526200717786787,0.0074392429214377165,False,0.07141241850121961,0.009347655831283774,0.06206476266993584,True
CatBoost,275,1477,0,1,1.0,1.0,0.9637011396834088,0.003645682856053753,False,0.030846934690936405,0.002654088986015904,0.0281928457049205,True
CatBoost,276,50,1,1,1.0,1.0,0.9425320547678069,0.017105680214063584,False,0.0828699373182512,0.027453064419201097,0.0554168728990501,True
CatBoost,277,1345,0,1,0.8181818181818182,1.0,0.9188278399267963,0.006830094884703854,False,0.17417010148906892,0.0016844609441200732,0.17248564054494883,True
CatBoost,278,459,0,1,0.8181818181818182,1.0,0.9720010650545841,0.001767115234261915,False,0.07530578869273334,0.002438742706796918,0.07286704598593642,True
CatBoost,279,1316,0,1,0.8181818181818182,1.0,0.9471507914780632,0.017308145971842492,False,0.05482664224715576,0.007442577621766004,0.04738406462538976,True
CatBoost,280,1421,0,1,1.0,1.0,0.9673268254998068,0.00015713580467270052,False,0.019739320010714673,0.0002815335722931395,0.019457786438421533,True
CatBoost,281,571,0,1,0.8181818181818182,1.0,0.9328265573610648,0.022408077848991542,False,0.10587333770548825,0.00982796465569632,0.09604537304979192,True
CatBoost,282,816,0,1,0.6666666666666666,1.0,0.9640656583649913,0.0012144188352215866,False,0.03511634184671694,0.00014840924580016015,0.03496793260091678,True
CatBoost,283,795,1,1,0.8181818181818182,1.0,0.964074658826265,0.0005540739331760074,False,0.03909348153574799,0.003756669733543075,0.03533681180220491,True
CatBoost,284,344,1,1,1.0,1.0,0.9700899671108144,0.000892301386220623,False,0.009660807145782288,0.0013096693798656052,0.008351137765916682,True
CatBoost,285,1094,0,1,0.8181818181818182,1.0,0.9604054707803774,0.025125003262915183,False,0.04973196440204761,0.03600301350149504,0.013728950900552567,True
CatBoost,286,1390,0,1,1.0,1.0,0.9655822360895995,0.0009524953077701646,False,0.026437019705813095,0.0017763543814318682,0.024660665324381225,True
CatBoost,287,847,0,1,0.8181818181818182,1.0,0.9100838917994547,0.0658620698732871,False,0.09216160040191129,0.014377838491676304,0.07778376191023499,True
CatBoost,288,461,0,1,0.8181818181818182,1.0,0.9713950339954922,0.0033986413614895527,False,0.024732770783814327,0.002564706343392139,0.02216806444042219,True
CatBoost,289,1138,0,1,1.0,1.0,0.9451451886909205,0.012912586489703323,False,0.09731118554159267,0.003398197973758106,0.09391298756783456,True
CatBoost,290,1004,0,1,0.8181818181818182,1.0,0.9447101663960279,0.00020838550347750053,False,0.03110043334885998,0.0003478700702256337,0.030752563278634345,True
CatBoost,291,674,0,1,1.0,1.0,0.9747537061274391,0.0009585609555360633,False,0.05848736439864961,0.0014968891683557043,0.05699047523029391,True
CatBoost,292,1336,0,1,1.0,1.0,0.9515055146576261,0.004238346840193669,False,0.2534265404261196,0.0035906118209442133,0.2498359286051754,True
CatBoost,293,331,0,1,0.6666666666666666,1.0,0.9366562536329986,0.006515569335851429,False,0.16905087566495594,0.002790431604612606,0.16626044406034335,True
CatBoost,294,1424,0,1,0.8181818181818182,1.0,0.9779353691876709,0.022182097564227718,False,0.12153340410773297,0.026631184274379306,0.09490221983335367,True
CatBoost,295,1272,0,1,0.8181818181818182,1.0,0.9884194064945827,0.02724240354406393,False,0.13993867179413527,0.022928153714423784,0.1170105180797115,True
CatBoost,296,520,0,1,0.6666666666666666,0.9,0.959046401128058,0.014504971316678954,False,0.013150311734523834,0.0022074187080420265,0.010942893026481807,True
CatBoost,297,1268,0,1,0.8181818181818182,1.0,0.9526995758532624,0.005145223584586163,False,0.0227275284906845,0.0019091550673640087,0.02081837342332049,True
CatBoost,298,850,0,1,1.0,1.0,0.9700974674952092,1.6558616794956973e-06,False,0.08496820093603022,0.0006789840678538674,0.08428921686817635,True
CatBoost,299,228,0,1,0.8181818181818182,1.0,0.9710275151601518,0.020421410683796826,True,0.10319681596946162,0.010340782122937367,0.09285603384652426,True
CatBoost,300,947,0,1,0.6666666666666666,0.9,0.8727739796664579,0.0002646296211199833,False,0.01535557076345398,0.0005049448581835299,0.01485062590527045,True
CatBoost,301,678,0,1,1.0,1.0,0.9794969492186474,0.001202476666691269,False,0.1799101487536356,0.002600342898925057,0.17730980585471054,True
CatBoost,302,932,0,1,0.6666666666666666,1.0,0.9766633039943297,0.0013023494008072376,False,0.06835213540310642,0.0014960525576560419,0.06685608284545037,True
CatBoost,303,242,0,1,0.5384615384615384,1.0,0.9372832857683956,0.1602311994162034,False,0.26708953051378886,0.06339576269388777,0.2036937678199011,True
CatBoost,304,652,0,1,0.8181818181818182,1.0,0.9827416155077947,0.028175592151754428,False,0.08518048190210568,0.014908930601861978,0.0702715513002437,True
CatBoost,305,234,0,1,0.8181818181818182,1.0,0.9752967339576153,0.00750898101792305,True,0.0899055904872367,0.010787910155604732,0.07911768033163197,True
CatBoost,306,1226,0,1,1.0,1.0,0.9515610175021469,0.006947393244272779,False,0.1788500532353941,0.010268703186108886,0.1685813500492852,True
CatBoost,307,753,0,1,1.0,1.0,0.9572268078739035,0.0029266481604310795,False,0.0390927910231224,0.0012734808591038026,0.0378193101640186,True
CatBoost,308,713,0,1,0.8181818181818182,0.9,0.9678128504085834,0.016073355884241497,False,0.06323834759509689,0.00689038141174525,0.05634796618335164,True
CatBoost,309,174,0,1,1.0,1.0,0.9705954930190172,0.007315962293298936,False,0.061074266169565565,0.00940837984560956,0.05166588632395601,True
CatBoost,310,1309,0,1,0.6666666666666666,1.0,0.9121404972004815,0.010286670839523022,False,0.11460937875886376,0.004858333955363993,0.10975104480349977,True
CatBoost,311,1333,0,1,0.8181818181818182,0.9,0.943681113657075,0.06995414884975837,False,0.24859643019189046,0.03490670087400223,0.2136897293178882,True
CatBoost,312,972,0,1,0.8181818181818182,1.0,0.9546496757958846,0.0003352773895239948,False,0.11116464456489446,0.005447993682099474,0.10571665088279499,True
CatBoost,313,1037,0,1,0.8181818181818182,1.0,0.9240001050053814,0.0037937107495308424,False,0.22254957766496306,0.002192967441131597,0.22035661022383146,True
CatBoost,0,246,0,2,0.8181818181818182,1.0,0.9534541145233693,0.007279466322989307,False,0.15406836622894332,0.0046043686108320474,0.14946399761811127,True
CatBoost,1,1315,0,2,0.8181818181818182,1.0,0.9659887569237925,0.0017645103822782268,False,0.1229150338423026,0.00739254843192471,0.11552248541037788,True
CatBoost,2,444,0,2,0.8181818181818182,1.0,0.9191473563020104,0.0007469266913861395,False,0.0657753631850751,0.0020155924347545285,0.06375977075032056,True
CatBoost,3,296,0,2,0.8181818181818182,1.0,0.9524955653977265,0.00464652239032033,False,0.06293376534646482,0.0017831133504078184,0.061150651996057,True
CatBoost,4,1295,0,2,0.8181818181818182,1.0,0.9780793765680492,0.011754611290075274,False,0.1016895113000643,0.0055741984282258955,0.0961153128718384,True
CatBoost,5,1239,0,2,0.8181818181818182,1.0,0.9512295005119012,0.009212780531087233,False,0.13199023436253568,0.017361021980664214,0.11462921238187146,True
CatBoost,6,1432,0,2,0.8181818181818182,1.0,0.9405864550558216,0.00012306431365922488,False,0.06465061841627708,0.00040228067554568296,0.0642483377407314,True
CatBoost,7,973,0,2,0.6666666666666666,1.0,0.9547771823305944,0.001180745954135736,False,0.23212823840390417,0.003421959992097906,0.22870627841180627,True
CatBoost,8,283,0,2,1.0,1.0,0.9590088992060843,0.0048380386096520435,False,0.059471031603800906,0.004189743158679908,0.055281288445121,True
CatBoost,9,553,0,2,1.0,1.0,0.9131155471717926,0.0016584628751337952,False,0.02293489097725326,0.0006042755113495389,0.02233061546590372,True
CatBoost,10,726,0,2,0.8181818181818182,1.0,0.9523320570179221,0.001014501150982566,False,0.12311530002661236,0.0021117724463926946,0.12100352758021966,True
CatBoost,11,1122,0,2,1.0,1.0,0.9448361728538587,0.001685765076189811,False,0.16511525103654004,0.0011866062151854556,0.16392864482135458,True
CatBoost,12,1274,0,2,0.8181818181818182,1.0,0.9410874807333875,0.018194776202377465,False,0.10319279445323754,0.005067374508510283,0.09812541994472725,True
CatBoost,13,337,0,2,0.8181818181818182,1.0,0.9652312180999276,0.0013594451194338083,False,0.1545161884393177,0.0009177578868022514,0.15359843055251543,True
CatBoost,14,512,0,2,1.0,1.0,0.9300244137512047,0.00046184341141948786,False,0.04099022476914503,0.0011994405273455851,0.039790784241799444,True
CatBoost,15,792,0,2,0.6666666666666666,1.0,0.9120459923571083,0.006747863413278557,False,0.10935210259988196,0.0016150282538842653,0.10773707434599769,True
CatBoost,16,643,0,2,0.6666666666666666,1.0,0.9637986446805398,0.00985478421005151,False,0.2668797525988139,0.00582579137916571,0.2610539612196482,True
CatBoost,17,1032,0,2,0.8181818181818182,1.0,0.9628595965543234,0.010561265787193463,False,0.20696675436542922,0.005961340684505295,0.20100541368092392,True
CatBoost,18,1396,0,2,0.8181818181818182,1.0,0.9747087038210708,0.0011274382812410753,False,0.10644335053388361,0.0016321240037556796,0.10481122653012793,True
CatBoost,19,959,0,2,1.0,1.0,0.949760925247419,0.0007669804927598022,False,0.11489410658121431,0.007789719448980244,0.10710438713223407,True
CatBoost,20,1525,0,2,1.0,1.0,0.9437636178854166,0.001475361759081785,False,0.06893602159910144,0.0008511545883799277,0.06808486701072151,True
CatBoost,21,1442,0,2,0.8181818181818182,1.0,0.9434906038934495,0.00024373849217230537,False,0.06371566087901506,0.00012295632575731248,0.06359270455325775,True
CatBoost,22,264,0,2,1.0,1.0,0.9358147105039134,0.007692735094453677,False,0.0969457215434475,0.0036511961438462108,0.09329452539960129,True
CatBoost,23,1541,0,2,1.0,1.0,0.9520920447172917,0.004075647244234017,False,0.08190779657273078,0.000817153037265294,0.0810906435354655,True
CatBoost,24,1529,0,2,1.0,1.0,0.9543751617270384,3.5402296028242634e-05,False,0.012107663685029893,0.00012232721077910436,0.011985336474250789,True
CatBoost,25,798,0,2,1.0,1.0,0.9631626120838692,0.002835850559746049,False,0.014770371012781489,0.011904431578524907,0.0028659394342565817,True
CatBoost,26,1208,0,2,1.0,1.0,0.9748317101251438,0.01999859700754969,False,0.25114986071289747,0.019858450261030246,0.2312914104518672,True
CatBoost,27,1474,0,2,0.6666666666666666,1.0,0.9530205923053557,0.007360393053075186,False,0.010844587009029513,0.005425041301882002,0.00541954570714751,True
CatBoost,28,1493,0,2,0.6666666666666666,1.0,0.9649612042617185,0.0009806426030636983,False,0.02396067204774007,0.0007418063847464205,0.02321886566299365,True
CatBoost,29,1142,0,2,0.8181818181818182,1.0,0.9645366825049784,0.003358288170568338,False,0.09285721273036987,0.0050542437926840355,0.08780296893768584,True
CatBoost,30,530,0,2,0.8181818181818182,1.0,0.9083393023892474,0.0023883203514061084,False,0.06908974759598101,0.0013823907071060261,0.06770735688887498,True
CatBoost,31,116,0,2,1.0,1.0,0.9615665302846771,0.012799130540806516,False,0.021057315846598493,0.006421825987319359,0.014635489859279134,True
CatBoost,32,527,0,2,0.8181818181818182,1.0,0.9309634618774212,0.04467390711167738,True,0.09552460023519711,0.007954562216034513,0.0875700380191626,True
CatBoost,33,1036,0,2,1.0,1.0,0.9747942082031703,0.0010619808404448428,False,0.2484562459024538,0.0032676920813534648,0.24518855382110033,True
CatBoost,34,834,0,2,1.0,1.0,0.9573438138704607,0.009173347543161472,False,0.19390315339797004,0.0053960385423314754,0.18850711485563856,True
CatBoost,35,865,0,2,0.8181818181818182,1.0,0.9753942389547464,0.0006299347598077547,False,0.04814177065537125,0.0004099042743859062,0.047731866380985345,True
CatBoost,36,232,0,2,1.0,1.0,0.9624665764120411,0.010758166319097845,False,0.21047317174142727,0.004601640744154574,0.2058715309972727,True
CatBoost,37,154,1,2,1.0,1.0,0.9450161820793316,0.002591985007601154,False,0.11867434566948515,0.002615836673690434,0.11605850899579472,True
CatBoost,38,140,0,2,0.8181818181818182,1.0,0.9738221583856173,0.014468648930215156,False,0.2735857522074487,0.004378702220006854,0.2692070499874418,True
CatBoost,39,1360,0,2,1.0,1.0,0.9680168608641193,0.006232836908341276,False,0.18005005230430743,0.005886694026954251,0.1741633582773532,True
CatBoost,40,903,0,2,0.8181818181818182,1.0,0.951462012428137,0.006476295736432297,False,0.1433578160647061,0.002070369753109355,0.14128744631159673,True
CatBoost,41,1479,0,2,1.0,1.0,0.9520575429490762,0.004213987076325004,False,0.2991916390339902,0.004796704396116661,0.29439493463787353,True
CatBoost,42,1283,0,2,0.6666666666666666,1.0,0.9539911420460299,0.006438511385196612,False,0.09783528003099728,0.012840296632821996,0.0849949833981753,True
CatBoost,43,1498,0,2,1.0,1.0,0.9554462166186017,0.00254446466917279,False,0.15860124952342472,0.006275961905338903,0.1523252876180858,True
CatBoost,44,1156,0,2,0.8181818181818182,1.0,0.9472512966289522,0.010356552536055497,False,0.21666109508078682,0.0012725382071579264,0.2153885568736289,True
CatBoost,45,1563,0,2,0.8181818181818182,1.0,0.9417955170202472,0.0022158762180556728,False,0.10079065942987524,0.0016638078300140555,0.09912685159986118,True
CatBoost,46,954,0,2,0.8181818181818182,1.0,0.9661687661492653,0.00028518081491211295,False,0.021795470132747533,0.00018213148498027928,0.021613338647767252,True
CatBoost,47,1090,0,2,0.5384615384615384,1.0,0.9418705208641942,0.0021612056163460014,False,0.05475192482193209,0.005904227013246407,0.04884769780868568,True
CatBoost,48,1478,0,2,0.8181818181818182,1.0,0.950710473911788,0.0006923065217409974,False,0.048469846475502114,0.0006854733887376466,0.04778437308676447,True
CatBoost,49,390,0,2,0.8181818181818182,0.9,0.9156191754827434,0.001725981766175754,False,0.05701224672609238,0.0005046222838342264,0.05650762444225816,True
CatBoost,50,440,0,2,1.0,1.0,0.9668663018979723,0.00011080030660380364,False,0.02116439361144881,0.0003132615349846902,0.020851132076464118,True
CatBoost,51,258,0,2,1.0,1.0,0.9404814496742957,0.019263321990590394,False,0.20466386833401182,0.0052117667967867334,0.1994521015372251,True
CatBoost,52,255,0,2,1.0,1.0,0.9951157496821712,0.0112280746422187,False,0.002102321857863021,0.011157578778841257,-0.009055256920978236,False
CatBoost,53,369,0,2,1.0,1.0,0.9394643975503745,0.015242908293361335,False,0.486294323174238,0.003835284223182957,0.482459038951055,True
CatBoost,54,786,0,2,0.8181818181818182,1.0,0.995948292349983,0.01290234972897604,False,0.11683462781225383,0.022758577088121568,0.09407605072413226,True
CatBoost,55,1106,0,2,0.8181818181818182,1.0,0.964068658518749,0.02240611088911889,False,0.11521069864434354,0.0037455213747098143,0.11146517726963372,True
CatBoost,56,62,1,2,0.8181818181818182,1.0,0.9764127911555467,0.011987085678362385,False,0.07269910443513333,0.004562017448282377,0.06813708698685096,True
CatBoost,57,1448,0,2,1.0,1.0,0.977008321676486,0.0015677328905174572,False,0.047791878134924484,0.0018864436551462908,0.04590543447977819,True
CatBoost,58,187,0,2,0.8181818181818182,1.0,0.9636156353013091,0.047174348688519885,False,0.3733534809520246,0.024186268362307195,0.3491672125897174,True
CatBoost,59,1027,0,2,1.0,1.0,0.9637026397602876,0.005840734548230017,False,0.08036106800519671,0.008878165532441598,0.07148290247275511,True
CatBoost,60,1242,1,2,0.8181818181818182,1.0,0.8925659940071928,0.01260410902296899,False,0.22931274176595098,0.01971966847631789,0.2095930732896331,True
CatBoost,61,693,0,2,0.6666666666666666,0.9,0.9476173153874137,0.0012619764152016675,False,0.04817275929508756,0.0005892825187672105,0.04758347677632035,True
CatBoost,62,141,0,2,1.0,1.0,0.9420655308584566,0.020915112160984933,False,0.017643326635307294,0.022857050582679558,-0.005213723947372264,False
CatBoost,63,1236,0,2,1.0,1.0,0.960592980390245,0.018491160294393058,False,0.0921232581972086,0.007699646074288001,0.0844236121229206,True
CatBoost,64,79,0,2,0.8181818181818182,1.0,0.940352443062707,0.010250024194530874,False,0.10280914659403667,0.002201005146983804,0.10060814144705287,True
CatBoost,65,195,0,2,0.8181818181818182,0.9,0.9630456060873118,0.1664473170513541,False,0.02398362276656002,0.010453563218478429,0.013530059548081591,True
CatBoost,66,1411,0,2,1.0,1.0,0.935448691745452,0.0002200497483179336,False,0.11392655147524257,0.001861625411314121,0.11206492606392844,True
CatBoost,67,730,0,2,0.8181818181818182,1.0,0.9733961365519983,7.199591976390549e-05,False,0.010879952258512026,5.508762346450629e-05,0.01082486463504752,True
CatBoost,68,1397,0,2,1.0,1.0,0.9476008145417453,0.00454274269931107,False,0.24962222253464006,0.010891401291241998,0.23873082124339806,True
CatBoost,69,68,0,2,0.8181818181818182,1.0,0.9546976782560106,0.02337916025968352,True,0.07610442903614448,0.014327042641331163,0.06177738639481331,True
CatBoost,70,269,0,2,1.0,1.0,0.9664942828319951,0.0011182146280381,False,0.2178607923628582,0.006627476370414978,0.21123331599244324,True
CatBoost,71,306,0,2,0.8181818181818182,1.0,0.9660382594607974,0.009252948037083077,False,0.04372154892383866,0.0063615303837641956,0.03736001854007446,True
CatBoost,72,1361,0,2,0.8181818181818182,1.0,0.9262352195550022,0.04627561014362254,True,0.1843782109194762,0.003680780743126033,0.18069743017635018,True
CatBoost,73,576,1,2,1.0,1.0,0.9715405414527494,0.003543365871331564,False,0.08376480719265024,0.0013565475408173935,0.08240825965183285,True
CatBoost,74,946,0,2,0.8181818181818182,1.0,0.9764037906942732,0.00011507729758281093,False,0.10446012719368884,0.0005005366708001139,0.10395959052288872,True
CatBoost,75,715,0,2,0.8181818181818182,1.0,0.9357817088125766,0.001280627410342806,False,0.10445867948171378,0.0028141617738597015,0.10164451770785407,True
CatBoost,76,1453,0,2,0.8181818181818182,1.0,0.931820005775296,0.0001731796946533616,False,0.02661455784424606,0.0005929846245211108,0.02602157321972495,True
CatBoost,77,604,0,2,0.8181818181818182,1.0,0.9593599171957563,0.0018474152835007375,False,0.03658378376085386,0.00043234366610857224,0.03615144009474529,True
CatBoost,78,518,1,2,1.0,1.0,0.9415990069491061,0.008164127914082317,False,0.06314089856238898,0.0120534150362455,0.051087483526143486,True
CatBoost,79,1099,0,2,0.8181818181818182,1.0,0.9487228720471924,0.00039643011334852124,False,0.05931897702318333,0.006031023084403812,0.05328795393877952,True
CatBoost,80,1540,0,2,1.0,1.0,0.9606829850029813,0.0014138708577619008,False,0.24447026843318692,0.006662619269073767,0.23780764916411315,True
CatBoost,81,245,0,2,0.6666666666666666,1.0,0.9691194173701403,0.026676538253593188,False,0.31792425858810736,0.012216467751364136,0.3057077908367432,True
CatBoost,82,58,1,2,0.8181818181818182,0.9,0.9644766794298207,0.07572713591491895,False,0.051235945663225896,0.024153255812438077,0.02708268985078782,True
CatBoost,83,750,0,2,0.8181818181818182,1.0,0.9731411234825785,0.0021096014743323295,False,0.03949925896048924,0.007017685834857445,0.032481573125631796,True
CatBoost,84,1486,0,2,1.0,1.0,0.9815625550809479,0.0003268417049218635,False,0.06168778463261932,0.002977112913168412,0.05871067171945091,True
CatBoost,85,1499,0,2,1.0,1.0,0.9620075528870855,0.00011437502234449767,False,0.023925116889296102,0.000857576906692628,0.023067539982603472,True
CatBoost,86,31,0,2,0.8181818181818182,1.0,0.9571743051831406,0.018032644961204033,False,0.03912995819590258,0.019564307084984956,0.019565651110917622,True
CatBoost,87,112,0,2,1.0,1.0,0.9428170693748055,0.001769478395456922,False,0.05738240527319051,0.01897198831782857,0.03841041695536194,True
CatBoost,88,326,1,2,1.0,1.0,0.9646701893472039,0.04877336070647714,False,0.03331415681924452,0.031838623319801085,0.0014755334994434322,True
CatBoost,89,366,0,2,0.8181818181818182,1.0,0.9637281410672297,0.0045458028061293905,False,0.07622386391967048,0.0023209873032976067,0.07390287661637288,True
CatBoost,90,1522,0,2,1.0,1.0,0.8871717175505245,0.02368270061330905,False,0.22654047801088043,0.0028696171851725753,0.22367086082570786,True
CatBoost,91,689,0,2,0.6666666666666666,1.0,0.9638826489857606,0.12593376243922277,False,0.1566069330601646,0.024537475013068178,0.1320694580470964,True
CatBoost,92,449,0,2,1.0,1.0,0.9555482218463696,0.014766175529054792,False,0.09195441206585163,0.006269311342623285,0.08568510072322834,True
CatBoost,93,1394,0,2,0.8181818181818182,1.0,0.9461352394310208,0.017207130654697273,False,0.033050002471141385,0.0033644679050356075,0.029685534566105776,True
CatBoost,94,1366,0,2,0.8181818181818182,1.0,0.9331940761964049,0.03851534289095136,False,0.05981999416184221,0.014088194549774908,0.0457317996120673,True
CatBoost,95,165,0,2,1.0,1.0,0.981009026712619,0.04065774611142001,False,0.04544780075998417,0.02270152016853691,0.02274628059144726,True
CatBoost,96,725,0,2,0.8181818181818182,1.0,0.9787379103179038,0.0004132103965058271,False,0.0234004932221988,0.002423517423722749,0.02097697579847605,True
CatBoost,97,1433,0,2,0.8181818181818182,1.0,0.9544321646484383,0.00013551564715299363,False,0.10263132586835234,0.0021179334000934052,0.10051339246825894,True
CatBoost,98,342,0,2,0.5384615384615384,1.0,0.956466268896281,0.04091240220046444,True,0.11613231962575213,0.010813087480553965,0.10531923214519816,True
CatBoost,99,877,0,2,1.0,1.0,0.9710995188503411,0.029734912099019295,False,0.17779752422742404,0.014370921164738726,0.1634266030626853,True
CatBoost,100,706,0,2,0.8181818181818182,1.0,0.9605599786989084,0.02769630615114083,False,0.15525623101504074,0.0007904491159514384,0.1544657818990893,True
CatBoost,101,345,0,2,0.8181818181818182,1.0,0.9306034434264756,0.0032183323987826414,False,0.10284700751934556,0.0029847373546373086,0.09986227016470825,True
CatBoost,102,41,0,2,0.8181818181818182,1.0,0.951059991824581,0.027861955288140006,False,0.11174667831079915,0.014621968515020517,0.09712470979577864,True
CatBoost,103,817,0,2,1.0,1.0,0.9373072869984587,0.001755583082669771,False,0.05265631134187388,0.0005572417394290319,0.05209906960244485,True
CatBoost,104,1052,0,2,1.0,1.0,0.9417520147907581,0.006251881536611353,False,0.08346669338452334,0.007119687734256738,0.0763470056502666,True
CatBoost,105,930,0,2,0.8181818181818182,1.0,0.9523425575560748,0.00022818351603559844,False,0.0459100338438668,0.0003441595416673189,0.04556587430219948,True
CatBoost,106,476,0,2,0.8181818181818182,1.0,0.8693073019992275,0.009616273665409694,False,0.06457211937669537,0.0029834013200896506,0.061588718056605714,True
CatBoost,107,1439,0,2,0.8181818181818182,1.0,0.9623645711842732,0.00029831468868047684,False,0.01241538116309653,0.0005010894436339241,0.011914291719462606,True
CatBoost,108,862,0,2,0.6666666666666666,1.0,0.9767113064544558,0.0005788214534936803,False,0.06486257350008441,0.00039396669542671024,0.0644686068046577,True
CatBoost,109,1005,0,2,1.0,1.0,0.9497759260162084,0.0032277267395540016,False,0.10575670802268003,0.010489830334088698,0.09526687768859134,True
CatBoost,110,11,1,2,0.8181818181818182,1.0,0.9690114118348565,0.05951498924176929,False,0.21717921339548585,0.022956321333513406,0.19422289206197244,True
CatBoost,111,9,0,2,1.0,1.0,0.9390233749479661,0.025970633393750116,False,0.17977831215528095,0.007549005410804055,0.1722293067444769,True
CatBoost,112,313,0,2,0.6666666666666666,1.0,0.9747177042823444,0.014967839041896962,False,0.21800289711878862,0.003605264381160274,0.21439763273762835,True
CatBoost,113,1352,0,2,0.8181818181818182,1.0,0.9211799604729742,0.002502455824908059,False,0.11879432632301229,0.0035514485146778143,0.11524287780833448,True
CatBoost,114,1175,0,2,1.0,1.0,0.9593629173495142,0.004024422925559866,False,0.035619408922392085,0.0019394622598526985,0.03367994666253939,True
CatBoost,115,1129,0,2,0.8181818181818182,0.9,0.9720835692829258,0.014671812260171311,False,0.053673184129217476,0.010203145871624573,0.0434700382575929,True
CatBoost,116,524,0,2,1.0,1.0,0.9722455775858513,0.0013792769939431557,False,0.040888899606671886,0.0035076050510334357,0.03738129455563845,True
CatBoost,117,1205,0,2,1.0,1.0,0.9811905360149706,0.0031713369017263918,False,0.23878077441878365,0.003765702747191441,0.23501507167159222,True
CatBoost,118,176,0,2,0.8181818181818182,1.0,0.9743471852932464,0.0003762717512283409,False,0.15837588755602083,0.011386753956163884,0.14698913359985694,True
CatBoost,119,1482,0,2,1.0,1.0,0.9647406929605142,0.011540696865258604,True,0.054891117068869,0.011946627037576842,0.04294449003129215,True
CatBoost,120,1092,0,2,1.0,1.0,0.922314018593453,0.00509419742010675,False,0.07456049266632922,0.01828702351944341,0.05627346914688581,True
CatBoost,121,563,0,2,1.0,1.0,0.9744416901366195,0.006984496616573799,False,0.0927222746746949,0.02742087029210079,0.06530140438259412,True
CatBoost,122,967,0,2,0.8181818181818182,1.0,0.9517785286495932,0.00661484826126094,False,0.21326359009299586,0.001397206475929345,0.21186638361706653,True
CatBoost,123,1271,0,2,0.8181818181818182,1.0,0.9477508222296394,0.09645624111303142,False,0.2890308679064147,0.025939989088368365,0.2630908788180463,True
CatBoost,124,1472,0,2,0.8181818181818182,1.0,0.9137080775389739,0.0025594132591385526,False,0.034644085095061374,0.0004337306077515618,0.03421035448730981,True
CatBoost,125,464,0,2,1.0,1.0,0.9584073683776294,0.00435476600680592,False,0.07503412166229265,0.005648500963319154,0.0693856206989735,True
CatBoost,126,621,0,2,0.8181818181818182,1.0,0.9660892620746814,0.0011482297515518587,False,0.05103230063943632,0.00047136921688810846,0.05056093142254821,True
CatBoost,127,1166,0,2,0.8181818181818182,1.0,0.9468012735652701,0.016632872040411945,False,0.3227285240552201,0.0051090760226527145,0.3176194480325674,True
CatBoost,128,629,0,2,1.0,1.0,0.9448166718544326,0.0042988621664902605,False,0.10573144493362685,0.0014044948721328304,0.10432695006149402,True
CatBoost,129,1441,0,2,0.8181818181818182,1.0,0.9477388216146078,0.0003150274493375631,False,0.07985063475493435,0.0007338627479838451,0.07911677200695051,True
CatBoost,130,108,0,2,1.0,1.0,0.9594709228847978,0.014917781749569856,True,0.15944862955489786,0.016872672163388773,0.14257595739150908,True
CatBoost,131,549,0,2,0.6666666666666666,0.9,0.9289428583214888,0.00613251941204423,False,0.0371499328489038,0.0015303194863171793,0.03561961336258662,True
CatBoost,132,26,0,2,0.6666666666666666,1.0,0.9390083741791767,0.020519105562281287,False,0.12857362321181304,0.0038537377712087283,0.1247198854406043,True
CatBoost,133,615,0,2,0.6666666666666666,1.0,0.9448526736995271,0.00010728706856245711,False,0.051352186177403496,0.0006280709271498064,0.050724115250253686,True
CatBoost,134,872,0,2,1.0,1.0,0.9529065864625563,0.00076537205746075,False,0.19258465244173675,0.0014009393449643452,0.1911837130967724,True
CatBoost,135,1344,0,2,0.8181818181818182,1.0,0.9385628513461314,0.010223154810595825,False,0.005439748508578909,0.013971745758895829,-0.00853199725031692,False
CatBoost,136,17,0,2,1.0,1.0,0.959719935646702,0.00040914888530759787,False,0.028816370212521814,0.0011089124948143111,0.027707457717707502,True
CatBoost,137,765,0,2,0.8181818181818182,0.9,0.9340641207861902,0.008114466879428862,False,0.12936002561684265,0.003083864363028079,0.12627616125381458,True
CatBoost,138,1231,0,2,0.8181818181818182,1.0,0.959167907355252,0.002760522102943898,False,0.013683382151296615,0.009871588119586158,0.0038117940317104575,True
CatBoost,139,104,0,2,0.8181818181818182,1.0,0.9699414594997994,0.01874741011999983,False,0.041177470921689774,0.006180638075366063,0.03499683284632371,True
CatBoost,140,268,0,2,0.8181818181818182,1.0,0.9393608922457275,0.007735234997869628,False,0.186877081575792,0.032541882900692064,0.15433519867509993,True
CatBoost,141,1058,0,2,0.8181818181818182,1.0,0.9277382965877001,0.009868447285875888,False,0.19653434787607535,0.005888565933737672,0.19064578194233767,True
CatBoost,142,48,1,2,0.8181818181818182,1.0,0.9910295402639384,0.0038060154537778584,False,0.05007066959731843,0.02785776115547587,0.02221290844184256,True
CatBoost,143,1385,0,2,0.8181818181818182,1.0,0.9459297288986062,0.015357919858190561,False,0.16770408914882734,0.0050411156358099365,0.1626629735130174,True
CatBoost,144,1314,0,2,0.8181818181818182,1.0,0.9702549755674978,0.003027987886993832,False,0.09901504479798855,0.003171236229108467,0.09584380856888008,True
CatBoost,145,1031,0,2,0.6666666666666666,1.0,0.8982092832257654,0.015807037347105993,False,0.3001242158189106,0.006217569153862922,0.2939066466650477,True
CatBoost,146,190,0,2,1.0,1.0,0.9784483954802683,0.15745825447182304,False,0.07399054022729301,0.03278479294782275,0.04120574727947026,True
CatBoost,147,1456,0,2,0.8181818181818182,1.0,0.9654562296317687,0.05080645487073121,False,0.1282736327119285,0.009369104519543514,0.11890452819238498,True
CatBoost,148,989,0,2,0.8181818181818182,1.0,0.9748377104326598,1.2021153884022358e-05,False,0.07753707566637366,0.0002866404793896828,0.07725043518698398,True
CatBoost,149,936,0,2,0.8181818181818182,1.0,0.9596209305726917,0.0008177483923633847,False,0.04549857372018708,0.00031452430460906025,0.04518404941557802,True
CatBoost,150,1491,0,2,1.0,1.0,0.9606229819278237,0.0004300875554283587,False,0.15128941007035102,0.0008662212995622472,0.15042318877078878,True
CatBoost,151,708,0,2,1.0,1.0,0.9860912871784678,0.004629771234522514,False,0.1490251010059234,0.0029762434312233807,0.14604885757470001,True
CatBoost,152,1543,0,2,1.0,1.0,0.9461217387391104,0.0069202615106471604,False,0.20444707613611954,0.0010543005232727097,0.20339277561284683,True
CatBoost,153,51,0,2,0.6666666666666666,1.0,0.9815160526977008,0.011636726965714148,False,0.36728748382283827,0.024148280607784935,0.3431392032150533,True
CatBoost,154,1354,0,2,1.0,1.0,0.9679313564820197,0.0006002722052027929,False,0.0997617147218143,0.004504072805806968,0.09525764191600733,True
CatBoost,155,907,0,2,1.0,1.0,0.9568007860402846,0.0006108831272667208,False,0.05911494325046208,0.00025287640555306083,0.058862066844909015,True
CatBoost,156,714,0,2,0.8181818181818182,1.0,0.9476563173862661,0.0015744839455208801,False,0.0749144784110865,0.0015854839105161236,0.07332899450057039,True
CatBoost,157,628,0,2,0.8181818181818182,1.0,0.9610190022238639,0.003493343767913817,False,0.1308362891169816,0.0028929661664691417,0.12794332295051247,True
CatBoost,158,1466,0,2,0.8181818181818182,1.0,0.9616505345898977,0.00014498312632584237,False,0.051110682790747895,0.00011851583753054104,0.05099216695321736,True
CatBoost,159,500,0,2,0.6666666666666666,1.0,0.9280863144236142,0.013531433075916893,False,0.1759862481219202,0.009181616080657823,0.1668046320412624,True
CatBoost,160,460,0,2,0.8181818181818182,1.0,0.9335225930328929,0.08368054846724138,False,0.03535303741458404,0.02373051138864244,0.011622526025941597,True
CatBoost,161,288,0,2,1.0,1.0,0.9181243038705734,0.0028893090429548546,False,0.0872256900707572,0.011365078459745107,0.0758606116110121,True
CatBoost,162,320,0,2,0.6666666666666666,1.0,0.889160819491999,0.22696984548441101,False,0.05365610859247982,0.035880684958997176,0.017775423633482647,True
CatBoost,163,1218,0,2,1.0,1.0,0.9553922138509598,0.0002758614162441386,False,0.12149036805532473,0.009477224683734787,0.11201314337158995,True
CatBoost,164,1282,0,2,0.6666666666666666,1.0,0.9346056485394876,0.0034000972260292348,False,0.10381399441908855,0.0053998426580139395,0.09841415176107461,True
CatBoost,165,587,0,2,0.6666666666666666,1.0,0.867868728272324,0.11804867132497464,True,0.18743756720339688,0.00979317577516727,0.1776443914282296,True
CatBoost,166,175,0,2,0.8181818181818182,1.0,0.9118719834391512,0.06981204060230417,False,0.028437637150913075,0.013120240765917501,0.015317396384995574,True
CatBoost,167,1353,0,2,0.6666666666666666,1.0,0.9530865956880289,0.0062349840639990845,False,0.025348241197413347,0.0037742854299243206,0.021573955767489026,True
CatBoost,168,297,0,2,0.8181818181818182,1.0,0.9706344950178697,0.03305798614209257,False,0.14708677126386865,0.025074354377205003,0.12201241688666364,True
CatBoost,169,233,0,2,0.8181818181818182,1.0,0.9687068962284318,0.00034775363406461257,False,0.44848999101133996,0.0094474997037353,0.43904249130760464,True
CatBoost,170,1137,0,2,1.0,1.0,0.9728921107206744,0.010216324262203952,False,0.16772143007150525,0.040089286780504545,0.1276321432910007,True
CatBoost,171,570,0,2,1.0,1.0,0.930916959494174,0.016322935300283392,False,0.01237713406163947,0.015079641972888797,-0.0027025079112493276,False
CatBoost,172,1095,0,2,0.6666666666666666,1.0,0.9492133971866058,0.015150351057281408,False,0.14756704364206208,0.012373885662231316,0.13519315797983075,True
CatBoost,173,811,0,2,1.0,1.0,0.9159326915504421,0.0005295874731705251,False,0.05153715934136277,0.0010565386540917325,0.050480620687271036,True
CatBoost,174,1097,0,2,0.8181818181818182,1.0,0.9578988423156687,0.04379937645034147,False,0.1400796872766863,0.008891434220541183,0.13118825305614512,True
CatBoost,175,533,0,2,0.8181818181818182,1.0,0.9660397595376763,0.00012656996072060289,False,0.019034096580728497,5.4718487538707106e-05,0.01897937809318979,True
CatBoost,176,435,0,2,0.8181818181818182,1.0,0.9625520807941407,0.0036916576674980266,False,0.11009616103475083,0.0032017282420492635,0.10689443279270155,True
CatBoost,177,820,0,2,1.0,1.0,0.9671843181963076,0.0013173163948811822,False,0.18890230648569173,0.0014192896061372418,0.1874830168795545,True
CatBoost,178,611,0,2,0.6666666666666666,0.9,0.9612695150626469,0.0008590954113332802,False,0.011835417783027354,0.00020050816383148152,0.011634909619195872,True
CatBoost,179,776,0,2,0.8181818181818182,0.9,0.955237705932429,0.004704694343658635,False,0.0460953662136549,0.0024456333304023747,0.04364973288325252,True
CatBoost,180,219,0,2,0.8181818181818182,1.0,0.9486268671269402,0.01414944162644545,False,0.25290337249175043,0.016141962677256556,0.23676140981449387,True
CatBoost,181,96,1,2,1.0,1.0,0.9932316531222226,0.03113194811008979,False,0.5744382133495518,0.06550495819997518,0.5089332551495767,True
CatBoost,182,1213,0,2,0.8181818181818182,1.0,0.9558287362227315,0.0007766745121050981,False,0.03278505743410209,0.0006151983003344827,0.0321698591337676,True
CatBoost,183,1212,0,2,0.8181818181818182,1.0,0.9703314794883238,0.0010405145090514097,False,0.05896153937564325,0.0014252238208418255,0.057536315554801425,True
CatBoost,184,23,1,2,1.0,1.0,0.9336230981837819,0.05984996231672543,False,0.07354908476696348,0.030736340666065603,0.04281274410089787,True
CatBoost,185,336,1,2,0.6666666666666666,1.0,0.9545566710293902,0.006983663829640163,False,0.1063677668306689,0.03830839963518765,0.06805936719548125,True
CatBoost,186,1305,0,2,0.6666666666666666,1.0,0.9586548810626545,0.011866688442773679,True,0.39549670473862203,0.017286862303669524,0.3782098424349525,True
CatBoost,187,914,1,2,1.0,1.0,0.9427855677603478,0.019768078854012244,False,0.08772476923719774,0.029515492271911394,0.05820927696528635,True
CatBoost,188,1382,0,2,1.0,1.0,0.9476518171556292,0.00031629799687550066,False,0.1986939399623389,0.0020770126218071757,0.1966169273405317,True
CatBoost,189,1334,0,2,0.8181818181818182,1.0,0.9699429595766783,0.0041050855559206095,False,0.07772829075547986,0.00841412631040749,0.06931416444507238,True
CatBoost,190,515,0,2,0.8181818181818182,1.0,0.9425350549215648,0.007408056624491288,False,0.10820644604360302,0.04684891108770904,0.06135753495589398,True
CatBoost,191,325,0,2,0.8181818181818182,1.0,0.9754707428755724,0.02289191205739853,False,0.2276795870501117,0.008810935629526834,0.21886865142058487,True
CatBoost,192,44,0,2,0.6666666666666666,0.9,0.9457887216719857,0.20490140531947743,False,0.3418810282219227,0.03967204143532068,0.302208986786602,True
CatBoost,193,458,0,2,0.6666666666666666,1.0,0.9516540222686413,0.05785487196810307,False,0.0831283611309806,0.022675850613805903,0.06045251051717469,True
CatBoost,194,846,0,2,0.8181818181818182,1.0,0.919931896509696,0.04542535918187632,False,0.14527814671404993,0.004795667604811565,0.14048247910923836,True
CatBoost,195,1103,0,2,0.8181818181818182,0.9,0.9466107638016447,0.04557232902822947,False,0.13099247294146305,0.011364071381202104,0.11962840156026094,True
CatBoost,196,1528,0,2,1.0,1.0,0.923484078559026,0.0022940104817500834,False,0.19233036939476808,0.000841295721720646,0.19148907367304743,True
CatBoost,197,1123,0,2,0.8181818181818182,1.0,0.9429115742181786,0.001559710700005771,False,0.0624552395596031,0.0013653748318364952,0.061089864727766605,True
CatBoost,198,1098,0,2,1.0,1.0,0.9696534447390429,0.0007093148588226614,False,0.022172606934731845,0.001381101968556085,0.02079150496617576,True
CatBoost,199,1034,0,2,0.6666666666666666,1.0,0.9661207636891389,0.023214692466312123,False,0.114735995101546,0.023196539663319773,0.09153945543822622,True
CatBoost,200,397,0,2,1.0,1.0,0.9312214751005989,0.006154396980387972,False,0.015536389089810379,0.01737664041034982,-0.0018402513205394398,False
CatBoost,201,705,0,2,0.8181818181818182,1.0,0.9652507190993538,0.004429237931818764,False,0.07814862611600752,0.009580684720757387,0.06856794139525013,True
CatBoost,202,434,0,2,1.0,1.0,0.9560162458325989,0.008560539900058228,False,0.12124138089883596,0.01217540406262908,0.10906597683620688,True
CatBoost,203,1259,0,2,0.5384615384615384,0.9,0.9337041023352447,0.018706327882215976,False,0.16702395715352483,0.009774784591439737,0.1572491725620851,True
CatBoost,204,392,1,2,1.0,1.0,0.9735221430098292,0.004020378092381895,False,0.09346350773273554,0.00159056670854893,0.09187294102418661,True
CatBoost,205,215,0,2,0.8181818181818182,1.0,0.9432055892864509,0.09253877924076953,False,0.21186798033052703,0.030612897345871627,0.1812550829846554,True
CatBoost,206,666,0,2,1.0,1.0,0.9303184288194769,0.0011804906405312385,False,0.20585881934453948,0.0032974267301764866,0.20256139261436298,True
CatBoost,207,1204,0,2,0.6666666666666666,0.9,0.9671558167356077,0.08235799628406038,False,0.2531897825209925,0.0146614161054054,0.2385283664155871,True
CatBoost,208,121,0,2,1.0,1.0,0.9519855392588871,0.01348410840556058,False,0.12286732010441351,0.017004644508457876,0.10586267559595564,True
CatBoost,209,953,0,2,1.0,1.0,0.9598129404131961,0.002520677525278777,False,0.2141269786329822,0.0006722578460734745,0.21345472078690872,True
CatBoost,210,153,0,2,0.8181818181818182,1.0,0.9075457617202882,0.0011009189930669613,False,0.037817145161745835,0.009793151375904804,0.02802399378584103,True
CatBoost,211,1446,0,2,0.8181818181818182,1.0,0.9296058923019805,0.004044577273030198,False,0.10646177511205641,0.001082082560071591,0.10537969255198483,True
CatBoost,212,766,0,2,1.0,1.0,0.948482859746562,0.03940197894477433,True,0.010109670315565755,0.024752356614903243,-0.014642686299337487,False
CatBoost,213,455,0,2,1.0,1.0,0.9598054400288015,0.00393264323424625,False,0.04926719904529782,0.004195378538053645,0.045071820507244176,True
CatBoost,214,1249,0,2,1.0,1.0,0.9559037400666784,0.020295068223297658,False,0.031001949944273133,0.022125531620723234,0.0088764183235499,True
CatBoost,215,1116,0,2,1.0,1.0,0.9809925258669507,0.013434976691099443,True,0.10769587397985173,0.011340864094534253,0.09635500988531748,True
CatBoost,216,383,0,2,0.8181818181818182,1.0,0.9297093976066273,0.0010108443696131876,False,0.24052437096371862,0.004708077373492337,0.2358162935902263,True
CatBoost,217,1033,0,2,0.8181818181818182,1.0,0.9431275852887462,0.005741606462535291,False,0.21493134228828187,0.004355911146228045,0.21057543114205382,True
CatBoost,218,170,0,2,0.8181818181818182,1.0,0.9549976936317985,0.09944636578749472,False,0.2504190758640028,0.038958757417077175,0.21146031844692564,True
CatBoost,219,1367,0,2,0.8181818181818182,1.0,0.9354576922067256,0.0049452691017071344,False,0.06357966819170219,0.005185716125249565,0.05839395206645262,True
CatBoost,220,887,0,2,1.0,1.0,0.9321800242262417,0.0037729709241761857,False,0.26868500177298665,0.0013589433229545121,0.26732605845003216,True
CatBoost,221,1073,0,2,1.0,1.0,0.9793694426839374,3.406668689868303e-05,False,0.09892527069868137,0.0010138062263859277,0.09791146447229544,True
CatBoost,222,1565,0,2,0.8181818181818182,0.9,0.9451091868458258,0.010924756048841269,False,0.287647134169216,0.0024852956442596797,0.2851618385249563,True
CatBoost,223,216,0,2,0.8181818181818182,0.9,0.9229050488837554,0.20204514611180535,False,0.17479805917076896,0.025172192422307026,0.14962586674846193,True
CatBoost,224,1184,0,2,1.0,1.0,0.9806010058015473,0.0027420655631380172,False,0.05140203768188166,0.007010546961532334,0.04439149072034933,True
CatBoost,225,1,0,2,0.8181818181818182,1.0,0.972052067668468,0.000743996240769651,False,0.07986214886167158,0.0008963560844347815,0.0789657927772368,True
CatBoost,226,1150,0,2,1.0,1.0,0.9578568401630584,0.00039240065803824043,False,0.08435505077715709,0.0004606437206400471,0.08389440705651705,True
CatBoost,227,582,0,2,1.0,1.0,0.9625910827929932,0.009659445482168509,False,0.09457700264368704,0.004217381480938142,0.0903596211627489,True
CatBoost,228,1191,0,2,0.8181818181818182,0.9,0.975631251101619,0.09531278269573257,False,0.06973098392807736,0.019799309342344872,0.049931674585732486,True
CatBoost,229,1398,0,2,0.8181818181818182,1.0,0.9600079504074583,0.0008146262385709604,False,0.12018203021442758,0.004112785568255849,0.11606924464617173,True
CatBoost,230,876,0,2,1.0,1.0,0.9644031756627527,0.0013059516318400647,False,0.052397601100596776,0.0010935252047225914,0.051304075895874185,True
CatBoost,231,956,0,2,0.8181818181818182,1.0,0.9702444750293452,0.0005668547362675993,False,0.06423702622322744,0.0007629387723978862,0.06347408745082955,True
CatBoost,232,1375,0,2,0.8181818181818182,1.0,0.9480988400655533,0.04040293715327556,False,0.0030750313234161747,0.010073606963047684,-0.006998575639631509,False
CatBoost,233,712,0,2,0.8181818181818182,1.0,0.96422316643728,0.001206869091629129,False,0.2172899885413413,0.0023309174282734693,0.21495907111306783,True
CatBoost,234,231,1,2,1.0,1.0,0.9724555883489029,0.007898878491951943,False,0.028219045705493842,0.005212431918283909,0.02300661378720993,True
CatBoost,235,569,0,2,1.0,1.0,0.9450626844625786,0.009259256750169326,False,0.029618521336387798,0.005024315212273872,0.024594206124113928,True
CatBoost,236,1219,0,2,0.8181818181818182,1.0,0.9265322347770323,0.008880110771577417,False,0.0839185110375269,0.0034493843488557175,0.08046912668867118,True
CatBoost,237,868,0,2,0.8181818181818182,0.9,0.9324020356043247,0.02567419214779354,True,0.11966396900302084,0.008716270898084364,0.11094769810493647,True
CatBoost,238,769,0,2,0.8181818181818182,1.0,0.9837931693999318,0.0036714882693587823,False,0.06158698572284883,0.0033942110409576226,0.05819277468189121,True
CatBoost,239,1254,1,2,1.0,1.0,0.9430135794459465,0.01058848726587644,False,0.023661320908677647,0.030033583286651844,-0.006372262377974197,False
CatBoost,240,658,0,2,0.8181818181818182,1.0,0.9724195865038084,0.013548242580253455,False,0.05236204030692149,0.003220883611257737,0.04914115669566375,True
CatBoost,241,1189,1,2,0.8181818181818182,1.0,0.9449426783122634,0.0013103108785357366,False,0.36870259402049904,0.0002934911217794036,0.36840910289871964,True
CatBoost,242,866,0,2,0.8181818181818182,1.0,0.9739886669191795,0.04686213508127374,False,0.28592635192889926,0.01683916620075452,0.2690871857281447,True
CatBoost,243,1049,0,2,1.0,1.0,0.9881703937326788,0.0015836720155113782,False,0.1354804000235572,0.010186572413365489,0.12529382761019173,True
CatBoost,244,939,0,2,0.6666666666666666,1.0,0.9667057936719257,0.00040161787793003764,False,0.11428913723384951,0.0014697455779025149,0.112819391655947,True
CatBoost,245,535,0,2,0.6666666666666666,0.9,0.8973947414805009,0.04488022927780703,True,0.18460148340246416,0.0033592259698125874,0.18124225743265157,True
CatBoost,246,545,0,2,1.0,1.0,0.8997288611041316,0.00020210453847392586,False,0.24560979668448799,0.0023578445382801605,0.24325195214620782,True
CatBoost,247,627,0,2,0.6666666666666666,1.0,0.9578703408549688,3.4978104059911475e-05,False,0.1423467388022969,0.008642783775680032,0.13370395502661686,True
CatBoost,248,18,0,2,0.6666666666666666,1.0,0.9338031074092547,0.04258374613259239,True,0.013159647262623891,0.010048774627767066,0.0031108726348568257,True
CatBoost,249,238,1,2,0.8181818181818182,1.0,0.9400209260724612,0.0005770315185118502,False,0.2767313784664995,0.01520944413419858,0.2615219343323009,True
CatBoost,250,1351,0,2,0.8181818181818182,1.0,0.9724495880413871,5.904436167150206e-05,False,0.05386829665056142,0.0012970668480256557,0.052571229802535764,True
CatBoost,251,1245,0,2,1.0,1.0,0.9646746895778409,0.0033996120329553847,True,0.030844969401722933,0.005076758858213895,0.025768210543509036,True
CatBoost,252,1552,0,2,0.8181818181818182,1.0,0.9429175745256944,2.3735774650542486e-05,False,0.06093755305154161,0.0004148473588652799,0.06052270569267633,True
CatBoost,253,1431,0,2,1.0,1.0,0.9574953216352339,0.015370906520552105,True,0.03926375802218837,0.012602196478271991,0.02666156154391638,True
CatBoost,254,698,0,2,1.0,1.0,0.965394726479732,0.00010016664406393245,False,0.058112119268566034,0.0009140220004060182,0.05719809726816002,True
CatBoost,255,25,0,2,0.5384615384615384,1.0,0.9484138562101307,0.026357672983825693,True,0.24079806986148106,0.012999132603408816,0.22779893725807224,True
CatBoost,256,1377,0,2,1.0,1.0,0.9678383517155253,0.04467706824435752,False,0.028919821163616216,0.014002354748670554,0.014917466414945662,True
CatBoost,257,630,0,2,0.8181818181818182,1.0,0.9036065598361916,0.0005756675148387066,False,0.07274805015526517,0.003543112007216008,0.06920493814804916,True
CatBoost,258,1237,0,2,1.0,1.0,0.9724420876569925,0.002281272760723759,False,0.08352680440570873,0.002266970652054585,0.08125983375365414,True
CatBoost,259,442,0,2,0.8181818181818182,1.0,0.9140710961436773,0.005556296237586132,False,0.1519110225191579,0.0015383217024671114,0.15037270081669077,True
CatBoost,260,837,0,2,0.8181818181818182,1.0,0.9913700577154578,0.00087314387123201,False,0.1433009875019207,0.0024959129933270416,0.14080507450859364,True
CatBoost,261,450,0,2,0.8181818181818182,1.0,0.9494594097947519,0.01796527794981459,False,0.16838052214041604,0.0022353559448927327,0.1661451661955233,True
CatBoost,262,754,0,2,0.8181818181818182,1.0,0.9566687792749379,0.002068592172435685,False,0.09030100755456834,0.0022558010641961584,0.08804520649037217,True
CatBoost,263,130,0,2,1.0,1.0,0.9464382549605667,0.01707994475185047,False,0.10325692574956226,0.009381389993556876,0.09387553575600538,True
CatBoost,264,399,0,2,1.0,1.0,0.9581778566151515,3.866150393653893e-05,False,0.09627028792728246,0.0006495664123214523,0.095620721514961,True
CatBoost,265,149,0,2,0.8181818181818182,1.0,0.9619520500425647,0.03414206698077177,False,0.17573365632950014,0.008016521268677496,0.16771713506082264,True
CatBoost,266,818,0,2,1.0,1.0,0.9689409082215463,0.007124687545447532,False,0.06640850392327659,0.0006983243715857566,0.06571017955169083,True
CatBoost,267,496,0,2,0.6666666666666666,1.0,0.9282768241872396,0.018081414555362454,True,0.06755124658752017,0.012907336314603095,0.05464391027291707,True
CatBoost,268,748,0,2,0.8181818181818182,1.0,0.9764127911555467,0.0021068963874638393,False,0.10585633708800339,0.0034454341382315545,0.10241090294977184,True
CatBoost,269,893,0,2,0.8181818181818182,1.0,0.9579033425463056,0.002935829782049315,False,0.06562648422880896,0.004907230545926862,0.06071925368288209,True
CatBoost,270,912,0,2,0.5384615384615384,1.0,0.9481243413724952,0.041817839238623276,True,0.14637614273877975,0.010235106673343045,0.1361410360654367,True
CatBoost,271,1162,0,2,0.8181818181818182,1.0,0.9446486632439911,0.011608126765410037,False,0.04368017846895213,0.013977535102204485,0.02970264336674764,True
CatBoost,272,840,0,2,0.6666666666666666,1.0,0.973103621560605,0.0026087933700855367,False,0.21350020106495995,0.004341653603867995,0.20915854746109197,True
CatBoost,273,707,0,2,0.5384615384615384,0.9,0.887081712937788,0.045847445884764804,True,0.11317308747472081,0.0078040439322179965,0.10536904354250282,True
CatBoost,274,1134,0,2,0.8181818181818182,1.0,0.9753177350339205,0.008363393436811056,True,0.07141241850121961,0.009347655831283774,0.06206476266993584,True
CatBoost,275,1477,0,2,0.8181818181818182,1.0,0.926415228780475,0.0017795460448864556,False,0.030846934690936405,0.002654088986015904,0.0281928457049205,True
CatBoost,276,50,1,2,1.0,1.0,0.9685883901549954,0.019036217871061162,False,0.0828699373182512,0.027453064419201097,0.0554168728990501,True
CatBoost,277,1345,0,2,0.8181818181818182,1.0,0.9236640877844989,0.009161827085361066,False,0.17417010148906892,0.0016844609441200732,0.17248564054494883,True
CatBoost,278,459,0,2,0.8181818181818182,1.0,0.9673448264223542,0.005954768476221138,False,0.07530578869273334,0.002438742706796918,0.07286704598593642,True
CatBoost,279,1316,0,2,0.8181818181818182,1.0,0.9396234056995422,0.028996332956310565,True,0.05482664224715576,0.007442577621766004,0.04738406462538976,True
CatBoost,280,1421,0,2,1.0,1.0,0.9691329180620507,0.00022455964733007804,False,0.019739320010714673,0.0002815335722931395,0.019457786438421533,True
CatBoost,281,571,0,2,0.8181818181818182,1.0,0.9435686078911544,0.010219485478165632,False,0.10587333770548825,0.00982796465569632,0.09604537304979192,True
CatBoost,282,816,0,2,0.6666666666666666,1.0,0.9742841820643309,0.0005443864953844303,False,0.03511634184671694,0.00014840924580016015,0.03496793260091678,True
CatBoost,283,795,1,2,0.8181818181818182,1.0,0.9616550348205345,0.0037887839423944407,False,0.03909348153574799,0.003756669733543075,0.03533681180220491,True
CatBoost,284,344,1,2,0.8181818181818182,1.0,0.968069363554882,3.3069180891662046e-05,False,0.009660807145782288,0.0013096693798656052,0.008351137765916682,True
CatBoost,285,1094,0,2,0.8181818181818182,1.0,0.9658942520804191,0.0025218693153213623,False,0.04973196440204761,0.03600301350149504,0.013728950900552567,True
CatBoost,286,1390,0,2,1.0,1.0,0.954214653500992,0.0006663523961947977,False,0.026437019705813095,0.0017763543814318682,0.024660665324381225,True
CatBoost,287,847,0,2,1.0,1.0,0.9822450900608657,0.027367044164654353,False,0.09216160040191129,0.014377838491676304,0.07778376191023499,True
CatBoost,288,461,0,2,0.8181818181818182,0.9,0.9644301770465736,0.0068199828741171125,False,0.024732770783814327,0.002564706343392139,0.02216806444042219,True
CatBoost,289,1138,0,2,1.0,1.0,0.9682598733185075,0.0013304479560188112,False,0.09731118554159267,0.003398197973758106,0.09391298756783456,True
CatBoost,290,1004,0,2,0.8181818181818182,1.0,0.9315334910914185,0.0004346571739386948,False,0.03110043334885998,0.0003478700702256337,0.030752563278634345,True
CatBoost,291,674,0,2,0.8181818181818182,1.0,0.9557987346851526,0.002863576407558528,False,0.05848736439864961,0.0014968891683557043,0.05699047523029391,True
CatBoost,292,1336,0,2,1.0,1.0,0.9588303900574904,0.010789525664988708,False,0.2534265404261196,0.0035906118209442133,0.2498359286051754,True
CatBoost,293,331,0,2,0.8181818181818182,1.0,0.9671228150442709,0.015215953104439427,False,0.16905087566495594,0.002790431604612606,0.16626044406034335,True
CatBoost,294,1424,0,2,0.6666666666666666,1.0,0.9523590584017431,0.03918133236127913,False,0.12153340410773297,0.026631184274379306,0.09490221983335367,True
CatBoost,295,1272,0,2,0.8181818181818182,1.0,0.9489508837327912,0.04578091365460102,False,0.13993867179413527,0.022928153714423784,0.1170105180797115,True
CatBoost,296,520,0,2,0.8181818181818182,1.0,0.9432970939760662,0.004455197436470567,False,0.013150311734523834,0.0022074187080420265,0.010942893026481807,True
CatBoost,297,1268,0,2,0.8181818181818182,1.0,0.9409854755056195,0.007290529448326767,False,0.0227275284906845,0.0019091550673640087,0.02081837342332049,True
CatBoost,298,850,0,2,1.0,1.0,0.9667582963626886,0.0007153589330348058,False,0.08496820093603022,0.0006789840678538674,0.08428921686817635,True
CatBoost,299,228,0,2,1.0,1.0,0.9657967470832879,0.007978113412723545,False,0.10319681596946162,0.010340782122937367,0.09285603384652426,True
CatBoost,300,947,0,2,0.6666666666666666,1.0,0.9271562667586715,0.0013786726635758545,False,0.01535557076345398,0.0005049448581835299,0.01485062590527045,True
CatBoost,301,678,0,2,1.0,1.0,0.9462387447356676,0.0020795147449975022,False,0.1799101487536356,0.002600342898925057,0.17730980585471054,True
CatBoost,302,932,0,2,1.0,1.0,0.9815655552347058,0.00023992459171178274,False,0.06835213540310642,0.0014960525576560419,0.06685608284545037,True
CatBoost,303,242,0,2,0.8181818181818182,1.0,0.9495029120242413,0.11900401955946804,False,0.26708953051378886,0.06339576269388777,0.2036937678199011,True
CatBoost,304,652,0,2,1.0,1.0,0.9914630624819522,0.006382880088429618,False,0.08518048190210568,0.014908930601861978,0.0702715513002437,True
CatBoost,305,234,0,2,0.8181818181818182,1.0,0.970876007395379,0.00267174953526933,False,0.0899055904872367,0.010787910155604732,0.07911768033163197,True
CatBoost,306,1226,0,2,0.8181818181818182,0.9,0.9378173131372982,0.02352954487870878,False,0.1788500532353941,0.010268703186108886,0.1685813500492852,True
CatBoost,307,753,0,2,1.0,1.0,0.9536281234413264,2.6547266989792283e-05,False,0.0390927910231224,0.0012734808591038026,0.0378193101640186,True
CatBoost,308,713,0,2,1.0,1.0,0.9797114602123358,0.007551437739017196,False,0.06323834759509689,0.00689038141174525,0.05634796618335164,True
CatBoost,309,174,0,2,1.0,1.0,0.9390488762549081,0.00827403202327643,False,0.061074266169565565,0.00940837984560956,0.05166588632395601,True
CatBoost,310,1309,0,2,1.0,1.0,0.97165304721867,0.0025017230076329715,False,0.11460937875886376,0.004858333955363993,0.10975104480349977,True
CatBoost,311,1333,0,2,0.6666666666666666,1.0,0.8796353313107297,0.06359807253408123,False,0.24859643019189046,0.03490670087400223,0.2136897293178882,True
CatBoost,312,972,0,2,0.8181818181818182,1.0,0.9843766993058394,0.004514043694901895,False,0.11116464456489446,0.005447993682099474,0.10571665088279499,True
CatBoost,313,1037,0,2,0.8181818181818182,1.0,0.9543451601894597,0.001020180349239428,False,0.22254957766496306,0.002192967441131597,0.22035661022383146,True
CatBoost,0,246,0,3,0.8181818181818182,0.9,0.9658522499278088,0.07803214179611367,True,0.15406836622894332,0.0046043686108320474,0.14946399761811127,True
CatBoost,1,1315,0,3,0.8181818181818182,1.0,0.9673133248078963,0.0002505229240934159,False,0.1229150338423026,0.00739254843192471,0.11552248541037788,True
CatBoost,2,444,0,3,0.8181818181818182,1.0,0.9277982996628578,0.009416135646662481,False,0.0657753631850751,0.0020155924347545285,0.06375977075032056,True
CatBoost,3,296,0,3,0.8181818181818182,1.0,0.9552197050098817,0.0026135133205980685,False,0.06293376534646482,0.0017831133504078184,0.061150651996057,True
CatBoost,4,1295,0,3,0.8181818181818182,1.0,0.9505139638406469,0.008577632422703568,False,0.1016895113000643,0.0055741984282258955,0.0961153128718384,True
CatBoost,5,1239,0,3,0.6666666666666666,1.0,0.9571728051062617,0.028444786582290077,False,0.13199023436253568,0.017361021980664214,0.11462921238187146,True
CatBoost,6,1432,0,3,0.8181818181818182,1.0,0.9587553862135434,0.0002227505406563312,False,0.06465061841627708,0.00040228067554568296,0.0642483377407314,True
CatBoost,7,973,0,3,0.8181818181818182,1.0,0.9413169924958653,0.0021118700901878087,False,0.23212823840390417,0.003421959992097906,0.22870627841180627,True
CatBoost,8,283,0,3,0.6666666666666666,1.0,0.9385853524993156,0.0007479438154207249,False,0.059471031603800906,0.004189743158679908,0.055281288445121,True
CatBoost,9,553,0,3,1.0,1.0,0.9287598489422583,0.0018047209319477149,False,0.02293489097725326,0.0006042755113495389,0.02233061546590372,True
CatBoost,10,726,0,3,1.0,1.0,0.9822075881388922,0.000478175052609062,False,0.12311530002661236,0.0021117724463926946,0.12100352758021966,True
CatBoost,11,1122,0,3,0.8181818181818182,1.0,0.9601744589410207,0.0005381847716685586,False,0.16511525103654004,0.0011866062151854556,0.16392864482135458,True
CatBoost,12,1274,0,3,0.6666666666666666,1.0,0.9367402579382194,0.01217601252491253,False,0.10319279445323754,0.005067374508510283,0.09812541994472725,True
CatBoost,13,337,0,3,0.8181818181818182,1.0,0.9738371591544066,0.0006585506261860864,False,0.1545161884393177,0.0009177578868022514,0.15359843055251543,True
CatBoost,14,512,0,3,1.0,1.0,0.9278448020461049,0.0008779901136593549,False,0.04099022476914503,0.0011994405273455851,0.039790784241799444,True
CatBoost,15,792,0,3,0.8181818181818182,1.0,0.9194053695251883,0.0037607070111322256,False,0.10935210259988196,0.0016150282538842653,0.10773707434599769,True
CatBoost,16,643,0,3,0.5384615384615384,0.9,0.9157451819405745,0.015068276295528225,False,0.2668797525988139,0.00582579137916571,0.2610539612196482,True
CatBoost,17,1032,0,3,0.8181818181818182,1.0,0.9566687792749379,0.01216812381643137,True,0.20696675436542922,0.005961340684505295,0.20100541368092392,True
CatBoost,18,1396,0,3,0.8181818181818182,1.0,0.9723835846587138,0.0008750322498436176,False,0.10644335053388361,0.0016321240037556796,0.10481122653012793,True
CatBoost,19,959,0,3,1.0,1.0,0.9155171702549756,8.429029853145725e-05,False,0.11489410658121431,0.007789719448980244,0.10710438713223407,True
CatBoost,20,1525,0,3,0.8181818181818182,1.0,0.9302644260518351,0.0010536893860819039,False,0.06893602159910144,0.0008511545883799277,0.06808486701072151,True
CatBoost,21,1442,0,3,1.0,1.0,0.9710365156214256,0.00012251514835155642,False,0.06371566087901506,0.00012295632575731248,0.06359270455325775,True
CatBoost,22,264,0,3,0.8181818181818182,1.0,0.9875058596753084,0.0015093285718141072,False,0.0969457215434475,0.0036511961438462108,0.09329452539960129,True
CatBoost,23,1541,0,3,0.8181818181818182,1.0,0.978406393327658,0.0010301130815101789,False,0.08190779657273078,0.000817153037265294,0.0810906435354655,True
CatBoost,24,1529,0,3,1.0,1.0,0.9492899011074317,0.0004604892319534144,False,0.012107663685029893,0.00012232721077910436,0.011985336474250789,True
CatBoost,25,798,0,3,0.8181818181818182,1.0,0.9677933494091572,0.004152641420785107,False,0.014770371012781489,0.011904431578524907,0.0028659394342565817,True
CatBoost,26,1208,0,3,0.8181818181818182,1.0,0.9710725174665201,0.001231488054726032,False,0.25114986071289747,0.019858450261030246,0.2312914104518672,True
CatBoost,27,1474,0,3,1.0,1.0,0.9660637607677394,0.006347965736738497,False,0.010844587009029513,0.005425041301882002,0.00541954570714751,True
CatBoost,28,1493,0,3,0.5384615384615384,1.0,0.9681053653999767,0.002787346048655387,False,0.02396067204774007,0.0007418063847464205,0.02321886566299365,True
CatBoost,29,1142,0,3,0.8181818181818182,1.0,0.9634626274596573,0.010851448440199443,False,0.09285721273036987,0.0050542437926840355,0.08780296893768584,True
CatBoost,30,530,0,3,1.0,1.0,0.9663187738371591,0.0012082112101411777,False,0.06908974759598101,0.0013823907071060261,0.06770735688887498,True
CatBoost,31,116,0,3,1.0,1.0,0.9609980011475587,0.016225102986006726,True,0.021057315846598493,0.006421825987319359,0.014635489859279134,True
CatBoost,32,527,0,3,0.6666666666666666,1.0,0.9494504093334784,0.0005241249505789358,False,0.09552460023519711,0.007954562216034513,0.0875700380191626,True
CatBoost,33,1036,0,3,0.6666666666666666,1.0,0.9385418502698263,0.0014128317171478132,False,0.2484562459024538,0.0032676920813534648,0.24518855382110033,True
CatBoost,34,834,0,3,1.0,1.0,0.9523665587861377,0.006276756418456375,False,0.19390315339797004,0.0053960385423314754,0.18850711485563856,True
CatBoost,35,865,0,3,0.8181818181818182,1.0,0.9380408245922605,0.0008946847352803461,False,0.04814177065537125,0.0004099042743859062,0.047731866380985345,True
CatBoost,36,232,0,3,1.0,1.0,0.9628370954011393,0.005074770124104025,False,0.21047317174142727,0.004601640744154574,0.2058715309972727,True
CatBoost,37,154,1,3,1.0,1.0,0.93894687102714,0.004923701801079816,False,0.11867434566948515,0.002615836673690434,0.11605850899579472,True
CatBoost,38,140,0,3,0.6666666666666666,1.0,0.9673808282674488,0.013835414892278533,False,0.2735857522074487,0.004378702220006854,0.2692070499874418,True
CatBoost,39,1360,0,3,0.8181818181818182,1.0,0.9633261204636737,0.0018800706268022882,False,0.18005005230430743,0.005886694026954251,0.1741633582773532,True
CatBoost,40,903,0,3,0.8181818181818182,1.0,0.9627770923259816,0.0015428201921149007,False,0.1433578160647061,0.002070369753109355,0.14128744631159673,True
CatBoost,41,1479,0,3,0.8181818181818182,1.0,0.905724668389255,0.0022542397011621473,False,0.2991916390339902,0.004796704396116661,0.29439493463787353,True
CatBoost,42,1283,0,3,0.8181818181818182,1.0,0.9526620739312889,0.001649256877940486,False,0.09783528003099728,0.012840296632821996,0.0849949833981753,True
CatBoost,43,1498,0,3,0.8181818181818182,1.0,0.9794519469122792,0.026468431903902703,False,0.15860124952342472,0.006275961905338903,0.1523252876180858,True
CatBoost,44,1156,0,3,1.0,1.0,0.9644271768928157,0.0024018245113654295,False,0.21666109508078682,0.0012725382071579264,0.2153885568736289,True
CatBoost,45,1563,0,3,1.0,0.9,0.9333545844224517,0.008242421776906726,False,0.10079065942987524,0.0016638078300140555,0.09912685159986118,True
CatBoost,46,954,0,3,1.0,1.0,0.9829726273471515,0.000518915064199478,False,0.021795470132747533,0.00018213148498027928,0.021613338647767252,True
CatBoost,47,1090,0,3,0.6666666666666666,1.0,0.9413409937259285,0.015064009823789175,False,0.05475192482193209,0.005904227013246407,0.04884769780868568,True
CatBoost,48,1478,0,3,0.8181818181818182,1.0,0.9861767915605674,0.001041279247549901,False,0.048469846475502114,0.0006854733887376466,0.04778437308676447,True
CatBoost,49,390,0,3,0.6666666666666666,1.0,0.915304159338166,0.00010732404363592105,False,0.05701224672609238,0.0005046222838342264,0.05650762444225816,True
CatBoost,50,440,0,3,1.0,1.0,0.968774399687984,0.00015285267062795354,False,0.02116439361144881,0.0003132615349846902,0.020851132076464118,True
CatBoost,51,258,0,3,0.8181818181818182,1.0,0.9315514920139657,0.01589345054000342,False,0.20466386833401182,0.0052117667967867334,0.1994521015372251,True
CatBoost,52,255,0,3,0.8181818181818182,1.0,0.9610640045302322,0.01343366039471372,False,0.002102321857863021,0.011157578778841257,-0.009055256920978236,False
CatBoost,53,369,0,3,0.6666666666666666,1.0,0.9440126306473205,0.009867074467734056,False,0.486294323174238,0.003835284223182957,0.482459038951055,True
CatBoost,54,786,0,3,0.8181818181818182,1.0,0.9714670376856813,0.009334093928350315,False,0.11683462781225383,0.022758577088121568,0.09407605072413226,True
CatBoost,55,1106,0,3,1.0,1.0,0.9722395772783355,0.002605783011991998,False,0.11521069864434354,0.0037455213747098143,0.11146517726963372,True
CatBoost,56,62,1,3,1.0,1.0,0.9724705891176922,0.00019062900563319649,False,0.07269910443513333,0.004562017448282377,0.06813708698685096,True
CatBoost,57,1448,0,3,1.0,1.0,0.96709581366045,0.0008725281615050949,False,0.047791878134924484,0.0018864436551462908,0.04590543447977819,True
CatBoost,58,187,0,3,0.6666666666666666,1.0,0.9796469569065415,0.03730335758449943,False,0.3733534809520246,0.024186268362307195,0.3491672125897174,True
CatBoost,59,1027,0,3,0.8181818181818182,1.0,0.9650542090282126,0.00326472084572621,True,0.08036106800519671,0.008878165532441598,0.07148290247275511,True
CatBoost,60,1242,1,3,0.6666666666666666,0.9,0.9340566204017957,0.13781099083323503,False,0.22931274176595098,0.01971966847631789,0.2095930732896331,True
CatBoost,61,693,0,3,0.6666666666666666,1.0,0.9348411606094813,0.002918539727846451,False,0.04817275929508756,0.0005892825187672105,0.04758347677632035,True
CatBoost,62,141,0,3,1.0,1.0,0.9416605101011427,0.016689761906364425,False,0.017643326635307294,0.022857050582679558,-0.005213723947372264,False
CatBoost,63,1236,0,3,0.8181818181818182,1.0,0.9801719838141704,0.0038969357571787475,False,0.0921232581972086,0.007699646074288001,0.0844236121229206,True
CatBoost,64,79,0,3,0.6666666666666666,0.8,0.9423370447735445,0.015605690438353567,False,0.10280914659403667,0.002201005146983804,0.10060814144705287,True
CatBoost,65,195,0,3,0.8181818181818182,0.9,0.9705624913276806,0.24780288743673376,False,0.02398362276656002,0.010453563218478429,0.013530059548081591,True
CatBoost,66,1411,0,3,0.8181818181818182,1.0,0.963920150907734,0.0014329062815062205,False,0.11392655147524257,0.001861625411314121,0.11206492606392844,True
CatBoost,67,730,0,3,1.0,1.0,0.9736211480838393,4.5964729287513526e-05,False,0.010879952258512026,5.508762346450629e-05,0.01082486463504752,True
CatBoost,68,1397,0,3,0.8181818181818182,1.0,0.9608584939978174,0.016618661414300476,False,0.24962222253464006,0.010891401291241998,0.23873082124339806,True
CatBoost,69,68,0,3,0.8181818181818182,1.0,0.9603019654757305,0.005198499946090632,False,0.07610442903614448,0.014327042641331163,0.06177738639481331,True
CatBoost,70,269,0,3,0.8181818181818182,1.0,0.9805665040333317,0.005524526407974371,False,0.2178607923628582,0.006627476370414978,0.21123331599244324,True
CatBoost,71,306,0,3,1.0,1.0,0.9488893805807548,0.005971847135551968,False,0.04372154892383866,0.0063615303837641956,0.03736001854007446,True
CatBoost,72,1361,0,3,0.8181818181818182,1.0,0.9408804701240939,0.02051547985219626,True,0.1843782109194762,0.003680780743126033,0.18069743017635018,True
CatBoost,73,576,1,3,1.0,1.0,0.9479008299175332,0.001609936590898529,False,0.08376480719265024,0.0013565475408173935,0.08240825965183285,True
CatBoost,74,946,0,3,0.8181818181818182,1.0,0.95806685092611,0.0009361914290671766,False,0.10446012719368884,0.0005005366708001139,0.10395959052288872,True
CatBoost,75,715,0,3,1.0,1.0,0.9649357029547764,0.005426822650429569,False,0.10445867948171378,0.0028141617738597015,0.10164451770785407,True
CatBoost,76,1453,0,3,1.0,1.0,0.9804704991130795,0.002138432975053237,False,0.02661455784424606,0.0005929846245211108,0.02602157321972495,True
CatBoost,77,604,0,3,0.8181818181818182,1.0,0.9818700708411306,0.0010802462225447612,False,0.03658378376085386,0.00043234366610857224,0.03615144009474529,True
CatBoost,78,518,1,3,1.0,1.0,0.9777718608078665,0.01590191793058933,False,0.06314089856238898,0.0120534150362455,0.051087483526143486,True
CatBoost,79,1099,0,3,0.8181818181818182,1.0,0.9153266604913503,0.0017332644378398182,False,0.05931897702318333,0.006031023084403812,0.05328795393877952,True
CatBoost,80,1540,0,3,1.0,1.0,0.9487183718165557,0.01999799776817,False,0.24447026843318692,0.006662619269073767,0.23780764916411315,True
CatBoost,81,245,0,3,0.6666666666666666,1.0,0.9547516810236524,0.007319176812882189,False,0.31792425858810736,0.012216467751364136,0.3057077908367432,True
CatBoost,82,58,1,3,0.8181818181818182,0.9,0.9342621309342104,0.17304803669828878,False,0.051235945663225896,0.024153255812438077,0.02708268985078782,True
CatBoost,83,750,0,3,0.6666666666666666,1.0,0.9583278643030455,0.006663807386321257,False,0.03949925896048924,0.007017685834857445,0.032481573125631796,True
CatBoost,84,1486,0,3,1.0,1.0,0.9633891236925892,0.0002929957277004059,False,0.06168778463261932,0.002977112913168412,0.05871067171945091,True
CatBoost,85,1499,0,3,1.0,1.0,0.9734351385508508,0.0006001788048262402,False,0.023925116889296102,0.000857576906692628,0.023067539982603472,True
CatBoost,86,31,0,3,0.8181818181818182,1.0,0.9784603960952998,0.009067197041135774,False,0.03912995819590258,0.019564307084984956,0.019565651110917622,True
CatBoost,87,112,0,3,0.8181818181818182,1.0,0.9607279873093496,0.0097338131266358,False,0.05738240527319051,0.01897198831782857,0.03841041695536194,True
CatBoost,88,326,1,3,1.0,1.0,0.9581763565382727,0.0008607179139775434,False,0.03331415681924452,0.031838623319801085,0.0014755334994434322,True
CatBoost,89,366,0,3,0.6666666666666666,1.0,0.9235290808653943,0.008079194268589465,False,0.07622386391967048,0.0023209873032976067,0.07390287661637288,True
CatBoost,90,1522,0,3,0.8181818181818182,1.0,0.8787322850296077,0.010575280466602482,False,0.22654047801088043,0.0028696171851725753,0.22367086082570786,True
CatBoost,91,689,0,3,0.6666666666666666,1.0,0.9240181059279289,0.21055788499607797,False,0.1566069330601646,0.024537475013068178,0.1320694580470964,True
CatBoost,92,449,0,3,1.0,1.0,0.9605104761619033,0.010121580209705452,False,0.09195441206585163,0.006269311342623285,0.08568510072322834,True
CatBoost,93,1394,0,3,0.8181818181818182,1.0,0.9630621069329803,0.009290387900864797,False,0.033050002471141385,0.0033644679050356075,0.029685534566105776,True
CatBoost,94,1366,0,3,0.8181818181818182,1.0,0.9038720734437641,0.055282189984499755,False,0.05981999416184221,0.014088194549774908,0.0457317996120673,True
CatBoost,95,165,0,3,0.8181818181818182,1.0,0.9555227205394276,0.00027544913670421445,False,0.04544780075998417,0.02270152016853691,0.02274628059144726,True
CatBoost,96,725,0,3,1.0,1.0,0.9794399462972477,0.0008252249605117633,False,0.0234004932221988,0.002423517423722749,0.02097697579847605,True
CatBoost,97,1433,0,3,0.8181818181818182,1.0,0.9418165180965524,0.006226419799702527,False,0.10263132586835234,0.0021179334000934052,0.10051339246825894,True
CatBoost,98,342,0,3,0.6666666666666666,1.0,0.9747432055892864,0.028894900595317893,True,0.11613231962575213,0.010813087480553965,0.10531923214519816,True
CatBoost,99,877,0,3,0.8181818181818182,1.0,0.9670898133529343,0.03870874844590069,False,0.17779752422742404,0.014370921164738726,0.1634266030626853,True
CatBoost,100,706,0,3,0.8181818181818182,1.0,0.9793529418382692,0.009440631972948005,False,0.15525623101504074,0.0007904491159514384,0.1544657818990893,True
CatBoost,101,345,0,3,1.0,1.0,0.9748932132771805,0.0032202055207231142,False,0.10284700751934556,0.0029847373546373086,0.09986227016470825,True
CatBoost,102,41,0,3,0.8181818181818182,1.0,0.9605719793139398,0.019151528769709936,False,0.11174667831079915,0.014621968515020517,0.09712470979577864,True
CatBoost,103,817,0,3,0.8181818181818182,1.0,0.9676538422594159,0.0011918321638065554,False,0.05265631134187388,0.0005572417394290319,0.05209906960244485,True
CatBoost,104,1052,0,3,1.0,1.0,0.9668212995916041,0.0023628996295258706,False,0.08346669338452334,0.007119687734256738,0.0763470056502666,True
CatBoost,105,930,0,3,1.0,1.0,0.9522645535583698,0.0004139174968230471,False,0.0459100338438668,0.0003441595416673189,0.04556587430219948,True
CatBoost,106,476,0,3,0.6666666666666666,1.0,0.8714029093991067,0.010706181564089288,False,0.06457211937669537,0.0029834013200896506,0.061588718056605714,True
CatBoost,107,1439,0,3,1.0,1.0,0.9374947966083262,4.045562086418299e-05,False,0.01241538116309653,0.0005010894436339241,0.011914291719462606,True
CatBoost,108,862,0,3,0.6666666666666666,1.0,0.959016399590479,0.0007601963358493168,False,0.06486257350008441,0.00039396669542671024,0.0644686068046577,True
CatBoost,109,1005,0,3,0.8181818181818182,0.9,0.9633846234619524,0.011224541575815879,False,0.10575670802268003,0.010489830334088698,0.09526687768859134,True
CatBoost,110,11,1,3,0.8181818181818182,1.0,0.9580803516180204,0.03618264778387109,False,0.21717921339548585,0.022956321333513406,0.19422289206197244,True
CatBoost,111,9,0,3,0.8181818181818182,1.0,0.9414519994149699,0.0172210473174094,False,0.17977831215528095,0.007549005410804055,0.1722293067444769,True
CatBoost,112,313,0,3,1.0,1.0,0.9801059804314971,0.006555938142468569,False,0.21800289711878862,0.003605264381160274,0.21439763273762835,True
CatBoost,113,1352,0,3,0.8181818181818182,1.0,0.971527040760839,0.007713375733938637,False,0.11879432632301229,0.0035514485146778143,0.11524287780833448,True
CatBoost,114,1175,0,3,1.0,1.0,0.9532201025302547,0.002786362896092089,False,0.035619408922392085,0.0019394622598526985,0.03367994666253939,True
CatBoost,115,1129,0,3,0.8181818181818182,0.9,0.9733556344762669,0.006789929301255021,False,0.053673184129217476,0.010203145871624573,0.0434700382575929,True
CatBoost,116,524,0,3,0.8181818181818182,1.0,0.9722425774320934,0.0057833736065179275,False,0.040888899606671886,0.0035076050510334357,0.03738129455563845,True
CatBoost,117,1205,0,3,1.0,1.0,0.9468552763329121,0.0029504902080981985,False,0.23878077441878365,0.003765702747191441,0.23501507167159222,True
CatBoost,118,176,0,3,0.8181818181818182,1.0,0.9831976388789925,0.00835825316265279,True,0.15837588755602083,0.011386753956163884,0.14698913359985694,True
CatBoost,119,1482,0,3,0.8181818181818182,1.0,0.970346480257113,0.015454136107182742,True,0.054891117068869,0.011946627037576842,0.04294449003129215,True
CatBoost,120,1092,0,3,1.0,1.0,0.9434726029709023,0.04532870902298489,False,0.07456049266632922,0.01828702351944341,0.05627346914688581,True
CatBoost,121,563,0,3,1.0,1.0,0.9805260019576003,0.009568895239095682,False,0.0927222746746949,0.02742087029210079,0.06530140438259412,True
CatBoost,122,967,0,3,0.6666666666666666,1.0,0.925890201872846,0.0008081712642520247,False,0.21326359009299586,0.001397206475929345,0.21186638361706653,True
CatBoost,123,1271,0,3,0.8181818181818182,1.0,0.9784828972484839,0.07695751059391415,False,0.2890308679064147,0.025939989088368365,0.2630908788180463,True
CatBoost,124,1472,0,3,0.8181818181818182,1.0,0.961092505990932,0.0007017740871568369,False,0.034644085095061374,0.0004337306077515618,0.03421035448730981,True
CatBoost,125,464,0,3,0.8181818181818182,1.0,0.9486928705096136,0.013978471755473086,False,0.07503412166229265,0.005648500963319154,0.0693856206989735,True
CatBoost,126,621,0,3,1.0,1.0,0.9874833585221242,0.0004087401787511843,False,0.05103230063943632,0.00047136921688810846,0.05056093142254821,True
CatBoost,127,1166,0,3,0.6666666666666666,1.0,0.977581351044241,0.008580913055706622,False,0.3227285240552201,0.0051090760226527145,0.3176194480325674,True
CatBoost,128,629,0,3,0.8181818181818182,1.0,0.9299059076777685,0.003068173192881906,False,0.10573144493362685,0.0014044948721328304,0.10432695006149402,True
CatBoost,129,1441,0,3,1.0,1.0,0.9571713050293827,0.0010172869950393479,False,0.07985063475493435,0.0007338627479838451,0.07911677200695051,True
CatBoost,130,108,0,3,0.8181818181818182,1.0,0.9466962681837445,0.016108467694862724,True,0.15944862955489786,0.016872672163388773,0.14257595739150908,True
CatBoost,131,549,0,3,0.6666666666666666,1.0,0.9672473214252231,0.0005515411651861105,False,0.0371499328489038,0.0015303194863171793,0.03561961336258662,True
CatBoost,132,26,0,3,1.0,1.0,0.9581943574608198,0.003964541304577716,False,0.12857362321181304,0.0038537377712087283,0.1247198854406043,True
CatBoost,133,615,0,3,1.0,1.0,0.9300409145968731,0.0020727258076227747,False,0.051352186177403496,0.0006280709271498064,0.050724115250253686,True
CatBoost,134,872,0,3,1.0,1.0,0.9336530997213607,0.0016883397330056723,False,0.19258465244173675,0.0014009393449643452,0.1911837130967724,True
CatBoost,135,1344,0,3,0.5384615384615384,0.9,0.9032555418465196,0.04661263457809177,True,0.005439748508578909,0.013971745758895829,-0.00853199725031692,False
CatBoost,136,17,0,3,1.0,1.0,0.9747447056661654,0.0016681467983084225,False,0.028816370212521814,0.0011089124948143111,0.027707457717707502,True
CatBoost,137,765,0,3,1.0,1.0,0.9582663611510089,0.0046872942576326685,False,0.12936002561684265,0.003083864363028079,0.12627616125381458,True
CatBoost,138,1231,0,3,1.0,1.0,0.946004732742553,0.021103507263159828,False,0.013683382151296615,0.009871588119586158,0.0038117940317104575,True
CatBoost,139,104,0,3,0.8181818181818182,1.0,0.9730631194848735,0.004318297873815609,False,0.041177470921689774,0.006180638075366063,0.03499683284632371,True
CatBoost,140,268,0,3,0.8181818181818182,1.0,0.9668873029742775,0.04892571661024714,False,0.186877081575792,0.032541882900692064,0.15433519867509993,True
CatBoost,141,1058,0,3,0.8181818181818182,1.0,0.983137635803835,0.004489105993739102,False,0.19653434787607535,0.005888565933737672,0.19064578194233767,True
CatBoost,142,48,1,3,0.8181818181818182,1.0,0.9732911311704725,0.015963952719162844,False,0.05007066959731843,0.02785776115547587,0.02221290844184256,True
CatBoost,143,1385,0,3,1.0,1.0,0.9353541869020787,0.00498999353643103,False,0.16770408914882734,0.0050411156358099365,0.1626629735130174,True
CatBoost,144,1314,0,3,1.0,1.0,0.9377783111384457,0.0011212752154869596,False,0.09901504479798855,0.003171236229108467,0.09584380856888008,True
CatBoost,145,1031,0,3,0.8181818181818182,1.0,0.9568262873472265,0.00846393003596456,False,0.3001242158189106,0.006217569153862922,0.2939066466650477,True
CatBoost,146,190,0,3,1.0,1.0,0.972028066438405,0.03130412296111251,False,0.07399054022729301,0.03278479294782275,0.04120574727947026,True
CatBoost,147,1456,0,3,0.8181818181818182,1.0,0.9320885195366262,0.004645146528014482,False,0.1282736327119285,0.009369104519543514,0.11890452819238498,True
CatBoost,148,989,0,3,0.8181818181818182,1.0,0.9429580766014258,0.0002835682769465975,False,0.07753707566637366,0.0002866404793896828,0.07725043518698398,True
CatBoost,149,936,0,3,0.8181818181818182,1.0,0.9553502116983495,0.0005182818169911737,False,0.04549857372018708,0.00031452430460906025,0.04518404941557802,True
CatBoost,150,1491,0,3,1.0,1.0,0.9456057122927549,0.0029885495110202522,False,0.15128941007035102,0.0008662212995622472,0.15042318877078878,True
CatBoost,151,708,0,3,0.8181818181818182,1.0,0.9801929848904756,0.008776216499293757,False,0.1490251010059234,0.0029762434312233807,0.14604885757470001,True
CatBoost,152,1543,0,3,1.0,1.0,0.9084143062331944,0.009352158272661414,False,0.20444707613611954,0.0010543005232727097,0.20339277561284683,True
CatBoost,153,51,0,3,1.0,1.0,0.9700929672645723,0.03423353783180112,False,0.36728748382283827,0.024148280607784935,0.3431392032150533,True
CatBoost,154,1354,0,3,1.0,1.0,0.9702459751062242,0.0017755735129438253,False,0.0997617147218143,0.004504072805806968,0.09525764191600733,True
CatBoost,155,907,0,3,0.8181818181818182,1.0,0.9273017742159285,0.0005773032853307058,False,0.05911494325046208,0.00025287640555306083,0.058862066844909015,True
CatBoost,156,714,0,3,0.8181818181818182,1.0,0.9294228829227499,0.00170182435691189,False,0.0749144784110865,0.0015854839105161236,0.07332899450057039,True
CatBoost,157,628,0,3,0.8181818181818182,1.0,0.9783463902525004,0.001285028841800484,False,0.1308362891169816,0.0028929661664691417,0.12794332295051247,True
CatBoost,158,1466,0,3,1.0,1.0,0.9792524366873803,0.0001285873107158375,False,0.051110682790747895,0.00011851583753054104,0.05099216695321736,True
CatBoost,159,500,0,3,0.6666666666666666,1.0,0.9569792951888785,0.003500133889819651,False,0.1759862481219202,0.009181616080657823,0.1668046320412624,True
CatBoost,160,460,0,3,0.6666666666666666,1.0,0.9630546065485855,0.06067406556883663,True,0.03535303741458404,0.02373051138864244,0.011622526025941597,True
CatBoost,161,288,0,3,0.8181818181818182,1.0,0.922309518362816,0.009614664085447984,False,0.0872256900707572,0.011365078459745107,0.0758606116110121,True
CatBoost,162,320,0,3,0.6666666666666666,1.0,0.9059031775378489,0.11324501039489021,False,0.05365610859247982,0.035880684958997176,0.017775423633482647,True
CatBoost,163,1218,0,3,1.0,1.0,0.9709015087023211,0.016935494538965007,False,0.12149036805532473,0.009477224683734787,0.11201314337158995,True
CatBoost,164,1282,0,3,0.8181818181818182,1.0,0.9828241197361365,0.003344219469525553,False,0.10381399441908855,0.0053998426580139395,0.09841415176107461,True
CatBoost,165,587,0,3,0.6666666666666666,1.0,0.9199288963559382,0.005324098090591797,True,0.18743756720339688,0.00979317577516727,0.1776443914282296,True
CatBoost,166,175,0,3,0.8181818181818182,1.0,0.9475813135423191,0.0693618055441057,False,0.028437637150913075,0.013120240765917501,0.015317396384995574,True
CatBoost,167,1353,0,3,1.0,1.0,0.9741251739151631,0.0026041711039017194,False,0.025348241197413347,0.0037742854299243206,0.021573955767489026,True
CatBoost,168,297,0,3,0.8181818181818182,1.0,0.9790229249249024,0.03281387406435318,False,0.14708677126386865,0.025074354377205003,0.12201241688666364,True
CatBoost,169,233,0,3,0.6666666666666666,0.9,0.9414865011831856,0.006098851230858744,False,0.44848999101133996,0.0094474997037353,0.43904249130760464,True
CatBoost,170,1137,0,3,0.8181818181818182,1.0,0.9622220638807739,0.01884616436293493,False,0.16772143007150525,0.040089286780504545,0.1276321432910007,True
CatBoost,171,570,0,3,1.0,1.0,0.9746321999002449,0.0314782921726753,False,0.01237713406163947,0.015079641972888797,-0.0027025079112493276,False
CatBoost,172,1095,0,3,1.0,1.0,0.9690159120654933,0.0019105919785895181,False,0.14756704364206208,0.012373885662231316,0.13519315797983075,True
CatBoost,173,811,0,3,1.0,1.0,0.978554900938673,0.00040943320172408607,False,0.05153715934136277,0.0010565386540917325,0.050480620687271036,True
CatBoost,174,1097,0,3,0.8181818181818182,1.0,0.9522675537121277,0.023083450269686293,False,0.1400796872766863,0.008891434220541183,0.13118825305614512,True
CatBoost,175,533,0,3,0.6666666666666666,1.0,0.9512820032026642,0.0015000875914548625,False,0.019034096580728497,5.4718487538707106e-05,0.01897937809318979,True
CatBoost,176,435,0,3,0.8181818181818182,0.9,0.9342411298579052,0.009398067634755126,False,0.11009616103475083,0.0032017282420492635,0.10689443279270155,True
CatBoost,177,820,0,3,0.6666666666666666,0.9,0.9232215651052116,0.006688299544220934,False,0.18890230648569173,0.0014192896061372418,0.1874830168795545,True
CatBoost,178,611,0,3,1.0,1.0,0.9826951131245476,5.981200907051367e-05,False,0.011835417783027354,0.00020050816383148152,0.011634909619195872,True
CatBoost,179,776,0,3,1.0,1.0,0.9432820932072769,0.0069955857020415815,False,0.0460953662136549,0.0024456333304023747,0.04364973288325252,True
CatBoost,180,219,0,3,0.6666666666666666,1.0,0.9417655154826685,0.03582678937592412,False,0.25290337249175043,0.016141962677256556,0.23676140981449387,True
CatBoost,181,96,1,3,1.0,1.0,0.9649417032622922,0.10738438111995041,False,0.5744382133495518,0.06550495819997518,0.5089332551495767,True
CatBoost,182,1213,0,3,0.8181818181818182,1.0,0.9515580173483892,0.001785254738184324,False,0.03278505743410209,0.0006151983003344827,0.0321698591337676,True
CatBoost,183,1212,0,3,0.8181818181818182,1.0,0.9813915463167486,0.00044282354099874945,False,0.05896153937564325,0.0014252238208418255,0.057536315554801425,True
CatBoost,184,23,1,3,1.0,1.0,0.991295053871511,0.04563253441719761,False,0.07354908476696348,0.030736340666065603,0.04281274410089787,True
CatBoost,185,336,1,3,0.6666666666666666,1.0,0.9497219232485664,0.004000464765783862,False,0.1063677668306689,0.03830839963518765,0.06805936719548125,True
CatBoost,186,1305,0,3,0.8181818181818182,1.0,0.9327380528252072,0.0343903076839247,True,0.39549670473862203,0.017286862303669524,0.3782098424349525,True
CatBoost,187,914,1,3,0.8181818181818182,1.0,0.94803283668288,0.03574664276015463,False,0.08772476923719774,0.029515492271911394,0.05820927696528635,True
CatBoost,188,1382,0,3,1.0,1.0,0.9372802856146378,0.00974445562840554,False,0.1986939399623389,0.0020770126218071757,0.1966169273405317,True
CatBoost,189,1334,0,3,0.8181818181818182,1.0,0.9666682917499522,0.022832110387739427,False,0.07772829075547986,0.00841412631040749,0.06931416444507238,True
CatBoost,190,515,0,3,1.0,1.0,0.9409359729686146,0.0015081400550247814,False,0.10820644604360302,0.04684891108770904,0.06135753495589398,True
CatBoost,191,325,0,3,1.0,1.0,0.9612815156776785,0.003203332556084043,False,0.2276795870501117,0.008810935629526834,0.21886865142058487,True
CatBoost,192,44,0,3,0.8181818181818182,0.9,0.9470127844052008,0.21369119494617872,False,0.3418810282219227,0.03967204143532068,0.302208986786602,True
CatBoost,193,458,0,3,1.0,1.0,0.9798089652094669,0.014776065287766538,False,0.0831283611309806,0.022675850613805903,0.06045251051717469,True
CatBoost,194,846,0,3,0.8181818181818182,1.0,0.9533836109100591,0.041653806554088985,False,0.14527814671404993,0.004795667604811565,0.14048247910923836,True
CatBoost,195,1103,0,3,0.8181818181818182,1.0,0.966347275297859,0.025795461876714387,False,0.13099247294146305,0.011364071381202104,0.11962840156026094,True
CatBoost,196,1528,0,3,0.8181818181818182,1.0,0.9617195381263289,0.00010265461437842724,False,0.19233036939476808,0.000841295721720646,0.19148907367304743,True
CatBoost,197,1123,0,3,0.8181818181818182,1.0,0.941726513483816,0.0030159396158584003,False,0.0624552395596031,0.0013653748318364952,0.061089864727766605,True
CatBoost,198,1098,0,3,1.0,1.0,0.9981309042088408,0.0004363481923645449,False,0.022172606934731845,0.001381101968556085,0.02079150496617576,True
CatBoost,199,1034,0,3,0.8181818181818182,1.0,0.941199986499308,0.019150571015138715,False,0.114735995101546,0.023196539663319773,0.09153945543822622,True
CatBoost,200,397,0,3,1.0,1.0,0.9661312642272916,0.018358720601392417,False,0.015536389089810379,0.01737664041034982,-0.0018402513205394398,False
CatBoost,201,705,0,3,0.8181818181818182,1.0,0.9744146887527985,0.016690498802834255,False,0.07814862611600752,0.009580684720757387,0.06856794139525013,True
CatBoost,202,434,0,3,0.8181818181818182,1.0,0.9469752824832273,0.00843420199289216,False,0.12124138089883596,0.01217540406262908,0.10906597683620688,True
CatBoost,203,1259,0,3,0.8181818181818182,1.0,0.9340791215549797,0.0020759782888523995,False,0.16702395715352483,0.009774784591439737,0.1572491725620851,True
CatBoost,204,392,1,3,0.8181818181818182,1.0,0.9687653992267103,0.010245526494419354,False,0.09346350773273554,0.00159056670854893,0.09187294102418661,True
CatBoost,205,215,0,3,0.8181818181818182,1.0,0.962220563803895,0.013822476930920202,False,0.21186798033052703,0.030612897345871627,0.1812550829846554,True
CatBoost,206,666,0,3,1.0,1.0,0.9255046821149583,0.0037499391176076154,False,0.20585881934453948,0.0032974267301764866,0.20256139261436298,True
CatBoost,207,1204,0,3,0.6666666666666666,1.0,0.9584838722984552,0.00483867401771676,False,0.2531897825209925,0.0146614161054054,0.2385283664155871,True
CatBoost,208,121,0,3,1.0,1.0,0.9657997472370459,0.01750135099639763,False,0.12286732010441351,0.017004644508457876,0.10586267559595564,True
CatBoost,209,953,0,3,0.8181818181818182,1.0,0.939200384019681,0.004424850624473042,False,0.2141269786329822,0.0006722578460734745,0.21345472078690872,True
CatBoost,210,153,0,3,0.8181818181818182,1.0,0.9436856138877118,0.02540443468385814,True,0.037817145161745835,0.009793151375904804,0.02802399378584103,True
CatBoost,211,1446,0,3,0.8181818181818182,1.0,0.9174732705051134,0.00864890121275518,False,0.10646177511205641,0.001082082560071591,0.10537969255198483,True
CatBoost,212,766,0,3,1.0,1.0,0.9471717925543683,0.015255323270378027,False,0.010109670315565755,0.024752356614903243,-0.014642686299337487,False
CatBoost,213,455,0,3,0.8181818181818182,1.0,0.9747702069731073,0.002316636253374575,False,0.04926719904529782,0.004195378538053645,0.045071820507244176,True
CatBoost,214,1249,0,3,0.8181818181818182,1.0,0.970224974029919,0.06359815972714422,False,0.031001949944273133,0.022125531620723234,0.0088764183235499,True
CatBoost,215,1116,0,3,1.0,1.0,0.9448376729307377,0.00020732367775520844,False,0.10769587397985173,0.011340864094534253,0.09635500988531748,True
CatBoost,216,383,0,3,0.8181818181818182,1.0,0.9764667939231886,0.005153682043563437,False,0.24052437096371862,0.004708077373492337,0.2358162935902263,True
CatBoost,217,1033,0,3,0.8181818181818182,1.0,0.9435371062766967,0.008529961265204205,False,0.21493134228828187,0.004355911146228045,0.21057543114205382,True
CatBoost,218,170,0,3,0.8181818181818182,1.0,0.9695559397419117,0.027209073411400997,False,0.2504190758640028,0.038958757417077175,0.21146031844692564,True
CatBoost,219,1367,0,3,0.8181818181818182,1.0,0.9513585071234901,0.005829353423163493,False,0.06357966819170219,0.005185716125249565,0.05839395206645262,True
CatBoost,220,887,0,3,0.8181818181818182,0.9,0.9389918733335083,0.004680015707282379,False,0.26868500177298665,0.0013589433229545121,0.26732605845003216,True
CatBoost,221,1073,0,3,1.0,1.0,0.9407634641275365,0.003195233240160786,False,0.09892527069868137,0.0010138062263859277,0.09791146447229544,True
CatBoost,222,1565,0,3,0.8181818181818182,0.9,0.9416470094092323,0.009720541670241669,False,0.287647134169216,0.0024852956442596797,0.2851618385249563,True
CatBoost,223,216,0,3,0.8181818181818182,1.0,0.9454077021447349,0.053815983968939884,False,0.17479805917076896,0.025172192422307026,0.14962586674846193,True
CatBoost,224,1184,0,3,0.8181818181818182,1.0,0.9824731017464645,0.007938579368180695,False,0.05140203768188166,0.007010546961532334,0.04439149072034933,True
CatBoost,225,1,0,3,1.0,1.0,0.9826516108950584,0.0016860183808741509,False,0.07986214886167158,0.0008963560844347815,0.0789657927772368,True
CatBoost,226,1150,0,3,1.0,1.0,0.9431215849812302,0.0013873208964744277,False,0.08435505077715709,0.0004606437206400471,0.08389440705651705,True
CatBoost,227,582,0,3,1.0,1.0,0.9595954292657498,0.00665872849542554,False,0.09457700264368704,0.004217381480938142,0.0903596211627489,True
CatBoost,228,1191,0,3,0.8181818181818182,1.0,0.970523489328828,0.1319426699464275,False,0.06973098392807736,0.019799309342344872,0.049931674585732486,True
CatBoost,229,1398,0,3,0.6666666666666666,1.0,0.9556592275354111,0.004911054571576683,False,0.12018203021442758,0.004112785568255849,0.11606924464617173,True
CatBoost,230,876,0,3,1.0,1.0,0.9526935755457467,0.0011321269833313849,False,0.052397601100596776,0.0010935252047225914,0.051304075895874185,True
CatBoost,231,956,0,3,0.8181818181818182,1.0,0.9861782916374464,0.000503304519406062,False,0.06423702622322744,0.0007629387723978862,0.06347408745082955,True
CatBoost,232,1375,0,3,0.8181818181818182,0.9,0.9137095776158528,0.015903627569338996,True,0.0030750313234161747,0.010073606963047684,-0.006998575639631509,False
CatBoost,233,712,0,3,1.0,1.0,0.958665381600807,0.006699905873760575,False,0.2172899885413413,0.0023309174282734693,0.21495907111306783,True
CatBoost,234,231,1,3,1.0,1.0,0.9294228829227499,0.014629720012685143,False,0.028219045705493842,0.005212431918283909,0.02300661378720993,True
CatBoost,235,569,0,3,1.0,1.0,0.9650857106426705,0.014166584796021137,False,0.029618521336387798,0.005024315212273872,0.024594206124113928,True
CatBoost,236,1219,0,3,0.8181818181818182,1.0,0.9608974959966698,0.005780125554070228,False,0.0839185110375269,0.0034493843488557175,0.08046912668867118,True
CatBoost,237,868,0,3,0.8181818181818182,0.9,0.8833345208941958,0.045886842283747314,False,0.11966396900302084,0.008716270898084364,0.11094769810493647,True
CatBoost,238,769,0,3,0.8181818181818182,1.0,0.9848492235227054,0.0027182562527594684,False,0.06158698572284883,0.0033942110409576226,0.05819277468189121,True
CatBoost,239,1254,1,3,0.6666666666666666,0.9,0.959767938106828,0.05360866654223112,False,0.023661320908677647,0.030033583286651844,-0.006372262377974197,False
CatBoost,240,658,0,3,0.6666666666666666,0.9,0.9426355600724536,0.007958832918368453,False,0.05236204030692149,0.003220883611257737,0.04914115669566375,True
CatBoost,241,1189,1,3,0.8181818181818182,1.0,0.9156821787116589,0.0010812151714131514,False,0.36870259402049904,0.0002934911217794036,0.36840910289871964,True
CatBoost,242,866,0,3,0.8181818181818182,1.0,0.9467622715664178,0.05283699250329721,False,0.28592635192889926,0.01683916620075452,0.2690871857281447,True
CatBoost,243,1049,0,3,0.6666666666666666,1.0,0.9176157778086126,0.009264541510764519,False,0.1354804000235572,0.010186572413365489,0.12529382761019173,True
CatBoost,244,939,0,3,0.6666666666666666,1.0,0.9835771583293644,0.003246045550981784,False,0.11428913723384951,0.0014697455779025149,0.112819391655947,True
CatBoost,245,535,0,3,0.8181818181818182,1.0,0.9037505672165699,0.005853130885251252,False,0.18460148340246416,0.0033592259698125874,0.18124225743265157,True
CatBoost,246,545,0,3,1.0,1.0,0.900142882322719,0.0004658141139188528,False,0.24560979668448799,0.0023578445382801605,0.24325195214620782,True
CatBoost,247,627,0,3,0.8181818181818182,1.0,0.9537766310523415,0.0003916081933857535,False,0.1423467388022969,0.008642783775680032,0.13370395502661686,True
CatBoost,248,18,0,3,0.6666666666666666,1.0,0.9574218178681658,0.021792108098128385,False,0.013159647262623891,0.010048774627767066,0.0031108726348568257,True
CatBoost,249,238,1,3,0.6666666666666666,1.0,0.9548521861745414,0.0700542659363318,False,0.2767313784664995,0.01520944413419858,0.2615219343323009,True
CatBoost,250,1351,0,3,0.8181818181818182,1.0,0.9817620653058469,0.00045580310751963584,False,0.05386829665056142,0.0012970668480256557,0.052571229802535764,True
CatBoost,251,1245,0,3,1.0,1.0,0.9432325906702718,0.0009155011010074099,False,0.030844969401722933,0.005076758858213895,0.025768210543509036,True
CatBoost,252,1552,0,3,0.6666666666666666,1.0,0.9310084641837895,0.00021720702848695766,False,0.06093755305154161,0.0004148473588652799,0.06052270569267633,True
CatBoost,253,1431,0,3,0.8181818181818182,0.9,0.92721476975695,0.03289502700801125,False,0.03926375802218837,0.012602196478271991,0.02666156154391638,True
CatBoost,254,698,0,3,0.8181818181818182,1.0,0.9219705009881757,0.0007690710324641248,False,0.058112119268566034,0.0009140220004060182,0.05719809726816002,True
CatBoost,255,25,0,3,0.8181818181818182,1.0,0.9633846234619524,0.014907813611880885,True,0.24079806986148106,0.012999132603408816,0.22779893725807224,True
CatBoost,256,1377,0,3,0.8181818181818182,1.0,0.9392123846347126,0.043664598974415825,False,0.028919821163616216,0.014002354748670554,0.014917466414945662,True
CatBoost,257,630,0,3,0.8181818181818182,1.0,0.9502409498486798,0.0017071941696497651,False,0.07274805015526517,0.003543112007216008,0.06920493814804916,True
CatBoost,258,1237,0,3,1.0,1.0,0.9923106059185534,0.002177989195619647,False,0.08352680440570873,0.002266970652054585,0.08125983375365414,True
CatBoost,259,442,0,3,0.8181818181818182,1.0,0.9351276752933588,0.0013078799675662924,False,0.1519110225191579,0.0015383217024671114,0.15037270081669077,True
CatBoost,260,837,0,3,1.0,1.0,0.9660877619978024,0.00018491962842760896,False,0.1433009875019207,0.0024959129933270416,0.14080507450859364,True
CatBoost,261,450,0,3,0.8181818181818182,1.0,0.9500834417763911,0.0007420758258757307,False,0.16838052214041604,0.0022353559448927327,0.1661451661955233,True
CatBoost,262,754,0,3,0.8181818181818182,1.0,0.9481018402193112,0.002374486386552223,False,0.09030100755456834,0.0022558010641961584,0.08804520649037217,True
CatBoost,263,130,0,3,0.8181818181818182,1.0,0.9467037685681391,0.020797635708810935,False,0.10325692574956226,0.009381389993556876,0.09387553575600538,True
CatBoost,264,399,0,3,1.0,1.0,0.980485499881869,0.0010115647594384014,False,0.09627028792728246,0.0006495664123214523,0.095620721514961,True
CatBoost,265,149,0,3,0.8181818181818182,1.0,0.9701304691865459,0.0039648531762222355,False,0.17573365632950014,0.008016521268677496,0.16771713506082264,True
CatBoost,266,818,0,3,1.0,1.0,0.967772348332852,0.0012351915954666596,False,0.06640850392327659,0.0006983243715857566,0.06571017955169083,True
CatBoost,267,496,0,3,0.6666666666666666,1.0,0.92698825814823,0.005848712303703943,False,0.06755124658752017,0.012907336314603095,0.05464391027291707,True
CatBoost,268,748,0,3,1.0,1.0,0.9833326457980971,0.0019597344846988447,False,0.10585633708800339,0.0034454341382315545,0.10241090294977184,True
CatBoost,269,893,0,3,0.8181818181818182,1.0,0.929589391456312,0.0010862392307930194,False,0.06562648422880896,0.004907230545926862,0.06071925368288209,True
CatBoost,270,912,0,3,0.6666666666666666,1.0,0.9232725677190956,0.0242966715680257,False,0.14637614273877975,0.010235106673343045,0.1361410360654367,True
CatBoost,271,1162,0,3,1.0,1.0,0.960045452329432,0.012709298202405503,False,0.04368017846895213,0.013977535102204485,0.02970264336674764,True
CatBoost,272,840,0,3,0.8181818181818182,0.9,0.9387833626473358,0.0060019346966448325,False,0.21350020106495995,0.004341653603867995,0.20915854746109197,True
CatBoost,273,707,0,3,0.8181818181818182,1.0,0.9660082579232185,0.0013103011982343107,False,0.11317308747472081,0.0078040439322179965,0.10536904354250282,True
CatBoost,274,1134,0,3,1.0,1.0,0.958692382984628,0.031626256956003074,True,0.07141241850121961,0.009347655831283774,0.06206476266993584,True
CatBoost,275,1477,0,3,0.8181818181818182,1.0,0.9409464735067672,0.0044442845686765535,False,0.030846934690936405,0.002654088986015904,0.0281928457049205,True
CatBoost,276,50,1,3,0.8181818181818182,1.0,0.9431665872875985,0.06248904340962613,False,0.0828699373182512,0.027453064419201097,0.0554168728990501,True
CatBoost,277,1345,0,3,0.8181818181818182,1.0,0.9204749243398724,0.005201564512119089,False,0.17417010148906892,0.0016844609441200732,0.17248564054494883,True
CatBoost,278,459,0,3,0.8181818181818182,1.0,0.971774553445864,0.0013870134210740778,False,0.07530578869273334,0.002438742706796918,0.07286704598593642,True
CatBoost,279,1316,0,3,1.0,1.0,0.9935796709581366,0.017799671167994788,False,0.05482664224715576,0.007442577621766004,0.04738406462538976,True
CatBoost,280,1421,0,3,1.0,1.0,0.9688659043775993,0.0006861147618870197,False,0.019739320010714673,0.0002815335722931395,0.019457786438421533,True
CatBoost,281,571,0,3,1.0,1.0,0.9425575560747488,0.01587664294372572,False,0.10587333770548825,0.00982796465569632,0.09604537304979192,True
CatBoost,282,816,0,3,0.8181818181818182,1.0,0.9609484986105538,4.7679710993298865e-05,False,0.03511634184671694,0.00014840924580016015,0.03496793260091678,True
CatBoost,283,795,1,3,0.8181818181818182,1.0,0.9785669015537046,0.00039405490528799866,False,0.03909348153574799,0.003756669733543075,0.03533681180220491,True
CatBoost,284,344,1,3,0.6666666666666666,1.0,0.9630366056260383,0.001739664523334258,False,0.009660807145782288,0.0013096693798656052,0.008351137765916682,True
CatBoost,285,1094,0,3,1.0,1.0,0.9711895234630775,7.30122168629832e-05,False,0.04973196440204761,0.03600301350149504,0.013728950900552567,True
CatBoost,286,1390,0,3,1.0,1.0,0.967196318811339,0.0008026076315840285,False,0.026437019705813095,0.0017763543814318682,0.024660665324381225,True
CatBoost,287,847,0,3,1.0,1.0,0.8742410548540612,0.011208696382883548,False,0.09216160040191129,0.014377838491676304,0.07778376191023499,True
CatBoost,288,461,0,3,0.6666666666666666,1.0,0.9506684717591776,0.001872321397164034,False,0.024732770783814327,0.002564706343392139,0.02216806444042219,True
CatBoost,289,1138,0,3,1.0,1.0,0.9485518632829933,0.0034353036726603777,False,0.09731118554159267,0.003398197973758106,0.09391298756783456,True
CatBoost,290,1004,0,3,0.8181818181818182,1.0,0.9721405722043254,0.00034591462826189055,False,0.03110043334885998,0.0003478700702256337,0.030752563278634345,True
CatBoost,291,674,0,3,1.0,1.0,0.9473743029330254,0.0006024859774741501,False,0.05848736439864961,0.0014968891683557043,0.05699047523029391,True
CatBoost,292,1336,0,3,1.0,1.0,0.9621290591142796,0.006146715813619655,False,0.2534265404261196,0.0035906118209442133,0.2498359286051754,True
CatBoost,293,331,0,3,0.8181818181818182,1.0,0.9280698135779458,0.011111554382470384,False,0.16905087566495594,0.002790431604612606,0.16626044406034335,True
CatBoost,294,1424,0,3,0.8181818181818182,1.0,0.9657352439312514,0.025776059592335657,False,0.12153340410773297,0.026631184274379306,0.09490221983335367,True
CatBoost,295,1272,0,3,0.8181818181818182,1.0,0.979934971667298,0.0249338366543998,False,0.13993867179413527,0.022928153714423784,0.1170105180797115,True
CatBoost,296,520,0,3,0.6666666666666666,0.9,0.953865135588199,0.0025800977240601364,False,0.013150311734523834,0.0022074187080420265,0.010942893026481807,True
CatBoost,297,1268,0,3,0.8181818181818182,1.0,0.9625550809478985,0.0007200958050859411,False,0.0227275284906845,0.0019091550673640087,0.02081837342332049,True
CatBoost,298,850,0,3,1.0,1.0,0.9499784363948652,0.0013589612581427473,False,0.08496820093603022,0.0006789840678538674,0.08428921686817635,True
CatBoost,299,228,0,3,1.0,1.0,0.9662377696856964,0.004036018157387147,True,0.10319681596946162,0.010340782122937367,0.09285603384652426,True
CatBoost,300,947,0,3,0.8181818181818182,0.9,0.8914304358098352,0.0014573379302379474,False,0.01535557076345398,0.0005049448581835299,0.01485062590527045,True
CatBoost,301,678,0,3,1.0,1.0,0.9738536600000751,0.0037618866560457653,False,0.1799101487536356,0.002600342898925057,0.17730980585471054,True
CatBoost,302,932,0,3,0.6666666666666666,1.0,0.9703659812565394,0.0011375699123717074,False,0.06835213540310642,0.0014960525576560419,0.06685608284545037,True
CatBoost,303,242,0,3,1.0,1.0,0.9559682433724728,0.015053575405057307,False,0.26708953051378886,0.06339576269388777,0.2036937678199011,True
CatBoost,304,652,0,3,0.8181818181818182,1.0,0.9627440906346451,0.017676217368897948,False,0.08518048190210568,0.014908930601861978,0.0702715513002437,True
CatBoost,305,234,0,3,0.6666666666666666,1.0,0.9626780872519717,0.011524558517449893,False,0.0899055904872367,0.010787910155604732,0.07911768033163197,True
CatBoost,306,1226,0,3,1.0,1.0,0.948806876352413,0.0031555118089065803,False,0.1788500532353941,0.010268703186108886,0.1685813500492852,True
CatBoost,307,753,0,3,0.8181818181818182,1.0,0.926739245386326,0.000713633036433411,False,0.0390927910231224,0.0012734808591038026,0.0378193101640186,True
CatBoost,308,713,0,3,1.0,1.0,0.9713965340723713,0.006957242320720151,False,0.06323834759509689,0.00689038141174525,0.05634796618335164,True
CatBoost,309,174,0,3,0.8181818181818182,1.0,0.9695844412026117,0.0014375700311017175,False,0.061074266169565565,0.00940837984560956,0.05166588632395601,True
CatBoost,310,1309,0,3,0.6666666666666666,1.0,0.9284538332589546,0.00689671039635462,False,0.11460937875886376,0.004858333955363993,0.10975104480349977,True
CatBoost,311,1333,0,3,0.8181818181818182,1.0,0.922087506984733,0.06427376668093843,False,0.24859643019189046,0.03490670087400223,0.2136897293178882,True
CatBoost,312,972,0,3,0.8181818181818182,1.0,0.9717460519851644,0.0021302280524826203,False,0.11116464456489446,0.005447993682099474,0.10571665088279499,True
CatBoost,313,1037,0,3,0.8181818181818182,1.0,0.9673613272680224,0.007340396046863906,False,0.22254957766496306,0.002192967441131597,0.22035661022383146,True
XGBoost,0,246,0,1,0.8181818181818182,1.0,0.9739327676631903,0.0031216302886605263,False,0.02172294445335865,0.004377673380076885,0.01734527200460434,True
XGBoost,1,1315,0,1,0.8181818181818182,1.0,0.9742208033796191,0.0013148142024874687,False,0.006093291565775871,0.0025133430026471615,0.00357994856312871,True
XGBoost,2,444,0,1,1.0,1.0,0.9506138761206391,0.003887813538312912,False,0.022541824728250504,0.007161655463278294,0.01538016926497221,True
XGBoost,3,296,0,1,0.6666666666666666,1.0,0.9364401185747034,0.002025823574513197,False,0.0004890793934464455,0.002832551719620824,-0.0023434723261743784,False
XGBoost,4,1295,0,1,1.0,1.0,0.9636474922890438,0.0004698885604739189,False,0.0013488586992025375,0.002777619520202279,-0.0014287608209997416,False
XGBoost,5,1239,0,1,1.0,1.0,0.935335981661726,0.005438662134110928,False,0.0015872083604335785,0.0009402621653862298,0.0006469461950473487,True
XGBoost,6,1432,0,1,1.0,1.0,0.9787213614488197,5.617819260805845e-05,False,0.0095716193318367,0.00027337943902239203,0.009298239834606647,True
XGBoost,7,973,0,1,0.8181818181818182,1.0,0.9770291516148003,0.0006969317328184843,False,0.018652210012078285,0.0010612657060846686,0.017590943723917007,True
XGBoost,8,283,0,1,1.0,1.0,0.9706923658533659,0.0025637149810791016,False,0.000954698771238327,0.004860673565417528,-0.003905974794179201,False
XGBoost,9,553,0,1,0.8181818181818182,1.0,0.8757965987782486,0.00375882419757545,False,0.008574485778808594,0.0015225399984046817,0.00705194566398859,True
XGBoost,10,726,0,1,0.8181818181818182,1.0,0.9757089879145016,0.00032669492065906525,False,0.0022414415143430233,0.000575057347305119,0.0016663841670379043,True
XGBoost,11,1122,0,1,1.0,1.0,0.9845180802419501,0.00023032771423459053,False,0.008327795192599297,0.0008024816634133458,0.007525313645601273,True
XGBoost,12,1274,0,1,1.0,1.0,0.9694802155467279,0.00459500215947628,True,0.016438623890280724,0.004001820459961891,0.012436803430318832,True
XGBoost,13,337,0,1,1.0,1.0,0.9861622841232314,9.752577170729637e-05,False,0.00681866891682148,0.0007840952021069825,0.006034573540091515,True
XGBoost,14,512,0,1,0.8181818181818182,1.0,0.9646916217610984,0.0001818144228309393,False,0.003929717931896448,0.0003132341371383518,0.0036164838820695877,True
XGBoost,15,792,0,1,0.6666666666666666,1.0,0.9524861082774264,0.0012631677091121674,False,0.030681198462843895,0.001750547788105905,0.028930651023983955,True
XGBoost,16,643,0,1,0.8181818181818182,1.0,0.9099408326632503,0.00652692373842001,False,0.00115295872092247,0.0021434861700981855,-0.0009905274491757154,False
XGBoost,17,1032,0,1,0.8181818181818182,1.0,0.9649556545011583,0.001057610847055912,False,0.011750767938792706,0.0018356984946876764,0.009915069676935673,True
XGBoost,18,1396,0,1,1.0,1.0,0.9677399997599703,4.024920053780079e-05,False,0.002091753762215376,0.0008218185976147652,0.0012699351646006107,True
XGBoost,19,959,0,1,0.8181818181818182,1.0,0.9160015841964404,0.0008487235754728317,False,0.004189766012132168,0.0012410597410053015,0.0029487062711268663,True
XGBoost,20,1525,0,1,0.8181818181818182,1.0,0.9923550520264514,1.7249491065740585e-05,False,0.0069692498072981834,0.0013238601386547089,0.005645389668643475,True
XGBoost,21,1442,0,1,1.0,1.0,0.9771371650084612,4.5933935325592756e-05,False,0.00369179155677557,0.00015786424046382308,0.003533927258104086,True
XGBoost,22,264,0,1,1.0,1.0,0.9856342186431118,0.002010999247431755,True,0.004265110939741135,0.004486090503633022,-0.00022097956389188766,False
XGBoost,23,1541,0,1,1.0,1.0,0.9915989582708256,0.00011871429160237312,False,0.0003148633986711502,0.001489025424234569,-0.0011741620255634189,False
XGBoost,24,1529,0,1,1.0,1.0,0.9886345906892456,4.6086031943559647e-05,False,0.00013138889335095882,0.0001179447426693514,1.3444150681607425e-05,True
XGBoost,25,798,0,1,0.8181818181818182,1.0,0.9944433109705604,0.009012117981910706,False,0.20868128538131714,0.0715532898902893,0.13712799549102783,True
XGBoost,26,1208,0,1,0.8181818181818182,1.0,0.9365001260156262,0.005400504916906357,False,0.023273911327123642,0.019220421090722084,0.004053490236401558,True
XGBoost,27,1474,0,1,1.0,1.0,0.9440250591073294,0.0007907343097031116,False,0.002218062523752451,0.000473344320198521,0.0017447181744500995,True
XGBoost,28,1493,0,1,1.0,1.0,0.9623753345414833,0.0004140827804803848,False,0.0030324894469231367,0.0003176172322127968,0.0027148721273988485,True
XGBoost,29,1142,0,1,0.8181818181818182,1.0,0.9711124179398245,0.0026135705411434174,False,0.019919976592063904,0.002050878945738077,0.017869098111987114,True
XGBoost,30,530,0,1,0.8181818181818182,1.0,0.932167588781009,0.0007147025316953659,False,0.0015271063894033432,0.0011399833019822836,0.0003871230874210596,True
XGBoost,31,116,0,1,1.0,1.0,0.9750369045761675,0.0011050961911678314,False,0.028356818482279778,0.004079777747392654,0.024277040734887123,True
XGBoost,32,527,0,1,0.8181818181818182,0.9,0.9828378718961153,0.001694684848189354,False,0.002679990604519844,0.0016581524396315217,0.0010218381648883224,True
XGBoost,33,1036,0,1,1.0,1.0,0.9790213986534331,0.006787259131669998,False,0.022847266867756844,0.007826910354197025,0.015020356513559818,True
XGBoost,34,834,0,1,0.8181818181818182,1.0,0.952450103812873,0.005354342050850391,False,0.014282576739788055,0.0036765479017049074,0.010606029070913792,True
XGBoost,35,865,0,1,1.0,1.0,0.9640435413991336,0.0011724862270057201,False,0.01183988805860281,0.0011008487781509757,0.0107390396296978,True
XGBoost,36,232,0,1,0.8181818181818182,1.0,0.9232024771071613,0.031367093324661255,False,0.14303113520145416,0.022102098912000656,0.12092903256416321,True
XGBoost,37,154,1,1,0.8181818181818182,1.0,0.935443995055387,0.0026157358661293983,False,0.05000809580087662,0.0024086921475827694,0.04759940505027771,True
XGBoost,38,140,0,1,0.6666666666666666,1.0,0.9813376858730483,5.559157580137253e-05,False,0.015417147427797318,0.001856855466030538,0.013560292311012745,True
XGBoost,39,1360,0,1,0.8181818181818182,1.0,0.9780132736459322,0.0002888515591621399,False,0.009760256856679916,0.0003722427354659885,0.009388013742864132,True
XGBoost,40,903,0,1,1.0,1.0,0.9548504014497797,0.0004858656320720911,False,0.004815925844013691,0.0005766677786596119,0.004239257890731096,True
XGBoost,41,1479,0,1,1.0,1.0,0.9898227380195146,0.0006812508217990398,False,0.026415955275297165,0.001673464896157384,0.02474248968064785,True
XGBoost,42,1283,0,1,0.8181818181818182,0.9,0.9468814132952487,0.011670339852571487,True,0.013080962002277374,0.003378313733264804,0.009702648036181927,True
XGBoost,43,1498,0,1,0.6666666666666666,1.0,0.9269229384443672,0.0048385486006736755,False,0.008203767240047455,0.0031577192712575197,0.005046048201620579,True
XGBoost,44,1156,0,1,0.8181818181818182,1.0,0.9473854757989992,0.005775103345513344,False,0.0019730348140001297,0.002502682153135538,-0.0005296473391354084,False
XGBoost,45,1563,0,1,0.8181818181818182,1.0,0.9515859966635863,0.0005729463882744312,False,0.015171357430517673,0.0016567459097132087,0.01351461187005043,True
XGBoost,46,954,0,1,1.0,1.0,0.9783493153150992,0.0007662281859666109,False,0.012782351113855839,0.0012927219504490495,0.011489628814160824,True
XGBoost,47,1090,0,1,1.0,1.0,0.970920394128872,0.010414483025670052,False,0.019631829112768173,0.005374799482524395,0.014257029630243778,True
XGBoost,48,1478,0,1,1.0,1.0,0.9734287051594399,2.921425038948655e-05,False,0.0006387758767232299,0.00019998164498247206,0.0004387942317407578,True
XGBoost,49,390,0,1,0.8181818181818182,1.0,0.971928519136373,8.508533937856555e-05,False,0.005098267458379269,0.0003235068288631737,0.004774760454893112,True
XGBoost,50,440,0,1,0.6666666666666666,1.0,0.9657957586740757,0.00013718544505536556,False,0.004326860420405865,0.00038955375202931464,0.003937306813895702,True
XGBoost,51,258,0,1,0.5384615384615384,0.9,0.9321075813400863,0.002974027767777443,False,0.02382868342101574,0.0056829736568033695,0.018145710229873657,True
XGBoost,52,255,0,1,0.6666666666666666,1.0,0.9653277006348787,0.002420065924525261,False,0.015206139534711838,0.004629907198250294,0.010576232336461544,True
XGBoost,53,369,0,1,1.0,1.0,0.9392484668098845,0.0017066756263375282,False,0.0020027756690979004,0.0015715372283011675,0.0004312384407967329,True
XGBoost,54,786,0,1,1.0,1.0,0.9596870011881474,0.018305517733097076,False,0.07961960136890411,0.01928836479783058,0.06033123657107353,True
XGBoost,55,1106,0,1,1.0,1.0,0.9797654909208743,0.0006473958492279053,False,0.002226627431809902,0.0017228620126843452,0.000503765419125557,True
XGBoost,56,62,1,1,0.8181818181818182,1.0,0.9629754089507099,0.0036870427429676056,False,0.0045195892453193665,0.00944930873811245,-0.004929719492793083,False
XGBoost,57,1448,0,1,1.0,1.0,0.9792374254407546,0.002184302546083927,False,0.008964127860963345,0.0004180776886641979,0.008546050637960434,True
XGBoost,58,187,0,1,1.0,1.0,0.9930631398293388,0.046021878719329834,False,0.5433672666549683,0.030276775360107422,0.5130904912948608,True
XGBoost,59,1027,0,1,0.8181818181818182,0.9,0.9197460485100153,0.06601832807064056,False,0.08384393155574799,0.04120920971035957,0.04263472184538841,True
XGBoost,60,1242,1,1,0.8181818181818182,1.0,0.8426364869243786,0.0430232435464859,False,0.08487467467784882,0.029023919254541397,0.05585075542330742,True
XGBoost,61,693,0,1,0.8181818181818182,1.0,0.9677159967836013,0.0004718862473964691,False,0.012689132243394852,0.0002675179566722363,0.012421614490449429,True
XGBoost,62,141,0,1,0.8181818181818182,1.0,0.9536262496549573,0.01040392555296421,False,0.016539406031370163,0.002625157590955496,0.01391424797475338,True
XGBoost,63,1236,0,1,1.0,1.0,0.9661558033196117,0.004758911207318306,True,0.004052961245179176,0.003824001643806696,0.0002289596013724804,True
XGBoost,64,79,0,1,1.0,1.0,0.9680760414291373,0.00571851059794426,False,0.0055665746331214905,0.006830565631389618,-0.0012639909982681274,False
XGBoost,65,195,0,1,0.8181818181818182,1.0,0.9833059299353121,0.03868253529071808,False,0.05705355107784271,0.03505932539701462,0.021994225680828094,True
XGBoost,66,1411,0,1,1.0,1.0,0.9809296352747742,0.0012823967263102531,False,0.0034332023933529854,0.0013719173148274422,0.002061285078525543,True
XGBoost,67,730,0,1,0.8181818181818182,1.0,0.9900747692713897,1.0123359970748425e-05,False,0.0010659722611308098,0.00013995992776472121,0.0009260123479180038,True
XGBoost,68,1397,0,1,0.8181818181818182,1.0,0.9506498805851926,0.03157443553209305,False,0.07516666501760483,0.015867527574300766,0.05929913744330406,True
XGBoost,69,68,0,1,0.8181818181818182,1.0,0.9378322912041095,0.0018549002707004547,False,0.022221680730581284,0.008611420169472694,0.01361026056110859,True
XGBoost,70,269,0,1,0.8181818181818182,1.0,0.9304753789469895,0.008489862084388733,False,0.03530550375580788,0.01368667185306549,0.021618831902742386,True
XGBoost,71,306,0,1,1.0,1.0,0.9877824850281436,0.0013594264164566994,False,0.009351566433906555,0.0008685104548931122,0.008483055979013443,True
XGBoost,72,1361,0,1,1.0,1.0,0.979981517708196,0.006698893383145332,False,0.02154124528169632,0.007505337707698345,0.014035907573997974,True
XGBoost,73,576,1,1,0.8181818181818182,1.0,0.9633114506198769,0.0002385927364230156,False,0.007586757652461529,0.0031133764423429966,0.004473381210118532,True
XGBoost,74,946,0,1,1.0,1.0,0.9541783181114459,0.0006205020472407341,False,0.0041009122505784035,0.0015269526047632098,0.002573959529399872,True
XGBoost,75,715,0,1,0.8181818181818182,1.0,0.9346999027879457,0.041254401206970215,False,0.07379958778619766,0.04836704209446907,0.025432545691728592,True
XGBoost,76,1453,0,1,0.8181818181818182,1.0,0.9769211382211395,0.00010184478014707565,False,0.0016622389666736126,0.0016417292645201087,2.0509702153503895e-05,True
XGBoost,77,604,0,1,1.0,1.0,0.9738487572458986,0.0014210017397999763,False,0.008137170225381851,0.0022774816025048494,0.005859688855707645,True
XGBoost,78,518,1,1,0.6666666666666666,1.0,0.9504818597506092,0.04416123032569885,False,0.24370652437210083,0.06985149532556534,0.1738550364971161,True
XGBoost,79,1099,0,1,0.8181818181818182,1.0,0.9731886753957493,0.004492107778787613,False,0.006159750744700432,0.004702751524746418,0.0014569992199540138,True
XGBoost,80,1540,0,1,0.8181818181818182,1.0,0.9945513243642212,0.0009223856031894684,False,0.0022850017994642258,0.001787327928468585,0.0004976738709956408,True
XGBoost,81,245,0,1,0.8181818181818182,1.0,0.9802215474718866,0.012324310839176178,False,0.06131361424922943,0.00648976257070899,0.0548238530755043,True
XGBoost,82,58,1,1,1.0,1.0,0.9509859222543597,8.576363325119019e-05,False,0.004541993141174316,0.0028683640994131565,0.00167362904176116,True
XGBoost,83,750,0,1,0.8181818181818182,1.0,0.962999411927079,0.013957008719444275,True,0.00679382961243391,0.003984135575592518,0.0028096940368413925,True
XGBoost,84,1486,0,1,1.0,1.0,0.982405818321472,0.00016971188597381115,False,0.003891186323016882,0.00017594541714061052,0.0037152408622205257,True
XGBoost,85,1499,0,1,1.0,1.0,0.9861742856114158,0.00017334846779704094,False,0.00531169306486845,0.00047707761405035853,0.004834615625441074,True
XGBoost,86,31,0,1,0.8181818181818182,1.0,0.9272829830899032,0.0008482914417982101,False,0.00416669063270092,0.004605461843311787,-0.00043877121061086655,False
XGBoost,87,112,0,1,0.8181818181818182,1.0,0.9426568894542925,0.011315077543258667,True,0.005135523155331612,0.005211160518229008,-7.563736289739609e-05,False
XGBoost,88,326,1,1,1.0,1.0,0.9193259964235565,0.019041109830141068,False,0.0014001093804836273,0.008809288963675499,-0.007409179583191872,False
XGBoost,89,366,0,1,0.8181818181818182,1.0,0.9637074997299665,0.0010745394974946976,False,0.0035586156882345676,0.0010971266310662031,0.0024614890571683645,True
XGBoost,90,1522,0,1,1.0,1.0,0.9856582216194808,0.0003893626853823662,False,0.01530389953404665,0.0019445091020315886,0.013359390199184418,True
XGBoost,91,689,0,1,1.0,1.0,0.956602618724722,0.009862713515758514,False,0.1216406375169754,0.013997641392052174,0.1076429933309555,True
XGBoost,92,449,0,1,0.8181818181818182,1.0,0.9465813760906352,0.0043344199657440186,False,0.006447039544582367,0.008702004328370094,-0.0022549647837877274,False
XGBoost,93,1394,0,1,0.8181818181818182,1.0,0.9914669419007958,0.0006802435964345932,False,0.009720662608742714,0.002323336433619261,0.007397326175123453,True
XGBoost,94,1366,0,1,0.6666666666666666,0.9,0.97509691201709,0.011255905032157898,False,0.005401948466897011,0.005462002940475941,-6.00544735789299e-05,False
XGBoost,95,165,0,1,0.8181818181818182,1.0,0.9608751485184164,0.00196731835603714,False,0.02383064106106758,0.01444111205637455,0.009389529004693031,True
XGBoost,96,725,0,1,0.8181818181818182,1.0,0.9650516664066345,0.00018158834427595139,False,0.00013746647164225578,0.000745257711969316,-0.0006077912403270602,False
XGBoost,97,1433,0,1,1.0,1.0,0.9926670907192493,0.0008467501029372215,False,0.004518096335232258,0.0033110440708696842,0.0012070522643625736,True
XGBoost,98,342,0,1,0.8181818181818182,1.0,0.9751449179698283,0.007403329014778137,False,0.006796855479478836,0.005994942970573902,0.0008019125089049339,True
XGBoost,99,877,0,1,1.0,1.0,0.9228544339498099,0.01644994504749775,False,0.01315053179860115,0.011516540311276913,0.0016339914873242378,True
XGBoost,100,706,0,1,0.8181818181818182,1.0,0.9561585636618941,0.002427559345960617,False,0.005911847576498985,0.002708929358050227,0.003202918218448758,True
XGBoost,101,345,0,1,1.0,1.0,0.9657477527213375,0.016603942960500717,False,0.02911960706114769,0.014176157303154469,0.014943449757993221,True
XGBoost,102,41,0,1,0.8181818181818182,1.0,0.959410966959903,0.00436311773955822,False,0.013544686138629913,0.0017044276464730501,0.011840258724987507,True
XGBoost,103,817,0,1,0.8181818181818182,1.0,0.9363801111337806,0.0012494837865233421,False,0.0010773544199764729,0.0008873706683516502,0.00018998375162482262,True
XGBoost,104,1052,0,1,0.8181818181818182,1.0,0.9576947541495148,0.0018909219652414322,False,0.10005880147218704,0.002966719912365079,0.09709208458662033,True
XGBoost,105,930,0,1,0.8181818181818182,1.0,0.9751329164816438,0.0004418562166392803,False,0.000182832358404994,0.0001767475187079981,6.084839696995914e-06,True
XGBoost,106,476,0,1,0.6666666666666666,1.0,0.9341118298669036,0.00621071457862854,False,0.02251078188419342,0.0013262404827401042,0.021184541285037994,True
XGBoost,107,1439,0,1,0.8181818181818182,1.0,0.9742328048678037,0.00010960979852825403,False,0.0008080751867964864,0.00015690052532590926,0.0006511746905744076,True
XGBoost,108,862,0,1,0.8181818181818182,1.0,0.9828258704079307,2.278480678796768e-06,False,0.030130211263895035,0.0007286096806637943,0.02940160222351551,True
XGBoost,109,1005,0,1,0.8181818181818182,1.0,0.9558345234809117,0.00893776398152113,True,0.017704304307699203,0.0012654026504606009,0.01643890142440796,True
XGBoost,110,11,1,1,0.8181818181818182,1.0,0.9467613984134033,0.07283163070678711,False,0.3324054479598999,0.04114606976509094,0.29125937819480896,True
XGBoost,111,9,0,1,0.8181818181818182,1.0,0.9904108109405566,0.026797980070114136,False,0.15158995985984802,0.0431232824921608,0.10846667736768723,True
XGBoost,112,313,0,1,0.8181818181818182,1.0,0.9683880801219353,0.004008494317531586,False,0.00302785262465477,0.008574636653065681,-0.0055467840284109116,False
XGBoost,113,1352,0,1,0.8181818181818182,1.0,0.9548143969852263,0.0017493721097707748,False,0.016430091112852097,0.001207863911986351,0.015222227200865746,True
XGBoost,114,1175,0,1,0.8181818181818182,1.0,0.9874104388944229,0.0010426831431686878,False,0.0014619138091802597,0.0014052162878215313,5.669752135872841e-05,True
XGBoost,115,1129,0,1,0.8181818181818182,1.0,0.970380327160568,0.00019356003031134605,False,0.00015099812299013138,0.001910703838802874,-0.0017597057158127427,False
XGBoost,116,524,0,1,1.0,1.0,0.9905188243342176,0.0016900207847356796,False,0.03825363889336586,0.0007194986683316529,0.037534140050411224,True
XGBoost,117,1205,0,1,0.8181818181818182,1.0,0.9851061531629923,0.0016882400959730148,False,0.008769342675805092,0.001487551024183631,0.007281791418790817,True
XGBoost,118,176,0,1,1.0,1.0,0.9365601334565486,0.004791580140590668,False,0.00551161915063858,0.006130910944193602,-0.0006192917935550213,False
XGBoost,119,1482,0,1,1.0,1.0,0.9173097464085547,0.0007846876978874207,False,0.0003267396241426468,0.004386808257550001,-0.004060068633407354,False
XGBoost,120,1092,0,1,0.8181818181818182,1.0,0.9673919566026189,0.0032861530780792236,False,0.031667858362197876,0.02812446653842926,0.0035433918237686157,True
XGBoost,121,563,0,1,1.0,1.0,0.9334517480167541,0.0009366627782583237,False,0.022531814873218536,0.0052981022745370865,0.01723371259868145,True
XGBoost,122,967,0,1,1.0,1.0,0.9861742856114158,3.2708048820495605e-05,False,0.00577194569632411,0.0010244057048112154,0.004747539758682251,True
XGBoost,123,1271,0,1,0.8181818181818182,1.0,0.9609831619120771,0.05503968521952629,False,0.10201603919267654,0.012459698133170605,0.08955634385347366,True
XGBoost,124,1472,0,1,1.0,1.0,0.9695162200112815,0.0007485281676054001,False,2.3253029212355614e-05,0.0006562997004948556,-0.0006330466712825,False
XGBoost,125,464,0,1,0.8181818181818182,1.0,0.9543463389460294,0.0059511698782444,True,0.011716329492628574,0.008669385686516762,0.0030469438061118126,True
XGBoost,126,621,0,1,1.0,1.0,0.9817937424240608,0.0003670700825750828,False,0.004428219050168991,0.0006905178306624293,0.00373770110309124,True
XGBoost,127,1166,0,1,0.6666666666666666,0.9,0.9751689209461973,0.0033640824258327484,False,0.04896574467420578,0.003032098291441798,0.045933645218610764,True
XGBoost,128,629,0,1,1.0,1.0,0.9864623213278447,0.0001040976494550705,False,0.0070271664299070835,0.0003951949183829129,0.006631971336901188,True
XGBoost,129,1441,0,1,0.8181818181818182,0.9,0.9545143597806129,0.0010896685998886824,False,0.0011918789241462946,0.0004385437350720167,0.0007533351890742779,True
XGBoost,130,108,0,1,0.8181818181818182,1.0,0.9910348883261525,0.005175139755010605,False,0.010057535022497177,0.009535539895296097,0.0005219951272010803,True
XGBoost,131,549,0,1,0.8181818181818182,1.0,0.9645596053910686,0.0005965388845652342,False,0.03332095220685005,0.00025440711760893464,0.03306654468178749,True
XGBoost,132,26,0,1,0.6666666666666666,1.0,0.9693121947121444,0.014146528206765652,True,0.024080820381641388,0.0016543850069865584,0.022426435723900795,True
XGBoost,133,615,0,1,0.8181818181818182,1.0,0.9481415695546249,3.1944713555276394e-05,False,0.0011733873980119824,7.65802469686605e-05,0.00109680718742311,True
XGBoost,134,872,0,1,0.6666666666666666,1.0,0.9529181618520698,0.0010784361511468887,False,0.005532476585358381,0.001073177088983357,0.004459299612790346,True
XGBoost,135,1344,0,1,0.8181818181818182,1.0,0.9663118226660106,0.0066487714648246765,False,0.060612767934799194,0.011306293308734894,0.0493064746260643,True
XGBoost,136,17,0,1,0.6666666666666666,1.0,0.9885505802719537,0.0009826915338635445,False,0.007767967879772186,0.001915227621793747,0.005852740257978439,True
XGBoost,137,765,0,1,0.6666666666666666,1.0,0.9653877080758014,0.005240860860794783,False,0.02181597612798214,0.0007525524124503136,0.0210634246468544,True
XGBoost,138,1231,0,1,0.8181818181818182,1.0,0.9659997839732128,0.004541322588920593,True,0.0074005816131830215,0.01251229364424944,-0.005111712031066418,False
XGBoost,139,104,0,1,0.8181818181818182,0.9,0.949737767483168,0.0036635398864746094,False,0.003220954444259405,0.0014894461492076516,0.0017315082950517535,True
XGBoost,140,268,0,1,0.8181818181818182,1.0,0.9734407066476243,0.0002759210765361786,False,0.03142033517360687,0.00452205678448081,0.026898277923464775,True
XGBoost,141,1058,0,1,1.0,1.0,0.9881425296736797,0.0006346076261252165,False,0.0010431073606014252,0.0017479388043284416,-0.0007048314437270164,False
XGBoost,142,48,1,1,1.0,1.0,0.9729846500966121,0.003236565738916397,False,0.05363883450627327,0.003737841499969363,0.04990099370479584,True
XGBoost,143,1385,0,1,0.8181818181818182,1.0,0.9665158479651478,0.0009305411949753761,False,0.002454252913594246,0.0014262206386774778,0.001028032274916768,True
XGBoost,144,1314,0,1,0.8181818181818182,1.0,0.9609111529829699,0.000867809634655714,False,0.009555818513035774,0.0020682676695287228,0.0074875508435070515,True
XGBoost,145,1031,0,1,1.0,1.0,0.9740767855214048,0.0031445706263184547,False,0.0352630540728569,0.0011167287593707442,0.034146323800086975,True
XGBoost,146,190,0,1,0.6666666666666666,1.0,0.9369201781020848,0.08432283997535706,False,0.17517733573913574,0.028675656765699387,0.14650167524814606,True
XGBoost,147,1456,0,1,0.8181818181818182,1.0,0.9743288167732801,0.00360262393951416,False,0.08264017850160599,0.031211012974381447,0.05142916738986969,True
XGBoost,148,989,0,1,1.0,1.0,0.9724925890810461,0.0009765308350324631,False,0.001991750206798315,0.0007167969015426934,0.0012749533634632826,True
XGBoost,149,936,0,1,1.0,1.0,0.9669238985634219,0.000340405385941267,False,0.006951021030545235,0.0010921023786067963,0.005858918651938438,True
XGBoost,150,1491,0,1,0.8181818181818182,1.0,0.9638755205645502,0.00020973780192434788,False,0.005155857652425766,0.0005668899393640459,0.004588967654854059,True
XGBoost,151,708,0,1,1.0,1.0,0.9826338465969782,0.0018332991749048233,False,0.06044798716902733,0.004351336508989334,0.056096650660037994,True
XGBoost,152,1543,0,1,0.8181818181818182,1.0,0.9733566962303326,0.0010614879429340363,False,0.0215444453060627,0.0028210137970745564,0.01872343197464943,True
XGBoost,153,51,0,1,1.0,1.0,0.9831259076125441,0.0018820762634277344,False,0.022314289584755898,0.009204130619764328,0.01311015896499157,True
XGBoost,154,1354,0,1,1.0,1.0,0.9876744716344829,0.00037710322067141533,False,0.004371777642518282,0.0005481435800902545,0.0038236340042203665,True
XGBoost,155,907,0,1,0.8181818181818182,1.0,0.9944193079941913,1.9421568140387535e-06,False,0.008468716405332088,0.00010591954924166203,0.00836279708892107,True
XGBoost,156,714,0,1,0.8181818181818182,1.0,0.9739207661750057,0.0007502418011426926,False,0.0034784297458827496,0.0003607699181884527,0.003117659827694297,True
XGBoost,157,628,0,1,0.8181818181818182,1.0,0.9210062047693914,6.376160308718681e-05,False,0.03339560329914093,0.00045161909656599164,0.032943982630968094,True
XGBoost,158,1466,0,1,1.0,1.0,0.9865943376978746,3.495882265269756e-05,False,0.0004159857053309679,0.0004926279070787132,-7.664220174774528e-05,False
XGBoost,159,500,0,1,1.0,1.0,0.9434849921390254,0.0045305173844099045,True,0.003430761396884918,0.004461991600692272,-0.001031230203807354,False
XGBoost,160,460,0,1,1.0,1.0,0.9874584448471612,0.0034491252154111862,False,0.09189005941152573,0.004835932981222868,0.08705412596464157,True
XGBoost,161,288,0,1,1.0,1.0,0.9724925890810461,0.008800417184829712,False,0.05121896415948868,0.014596333727240562,0.036622628569602966,True
XGBoost,162,320,0,1,0.8181818181818182,1.0,0.9416367629586069,0.15078574419021606,False,0.2412618100643158,0.07757067680358887,0.16369113326072693,True
XGBoost,163,1218,0,1,0.8181818181818182,1.0,0.968628109885626,0.0027367398142814636,False,0.03425353392958641,0.00627504289150238,0.02797849103808403,True
XGBoost,164,1282,0,1,1.0,1.0,0.9779892706695631,0.0008420292288064957,False,0.0236667413264513,0.005528510082513094,0.018138231709599495,True
XGBoost,165,587,0,1,0.6666666666666666,1.0,0.9047561897675312,0.007087878882884979,False,0.01037808507680893,0.00445538479834795,0.0059227002784609795,True
XGBoost,166,175,0,1,0.8181818181818182,1.0,0.9473254683580765,0.0022805817425251007,False,0.0070579759776592255,0.0125106330960989,-0.005452657118439674,False
XGBoost,167,1353,0,1,1.0,1.0,0.9832219195180202,0.00011056289076805115,False,0.00017209630459547043,0.001512464601546526,-0.0013403682969510555,False
XGBoost,168,297,0,1,0.6666666666666666,1.0,0.9326476483083904,0.015162542462348938,True,0.012743942439556122,0.0074015408754348755,0.005342401564121246,True
XGBoost,169,233,0,1,0.8181818181818182,1.0,0.9582108181414496,0.02209535241127014,False,0.041256457567214966,0.013859504833817482,0.027396952733397484,True
XGBoost,170,1137,0,1,0.8181818181818182,1.0,0.9668758926106837,0.0008776858448982239,False,0.018831636756658554,0.010228882543742657,0.008602754212915897,True
XGBoost,171,570,0,1,1.0,1.0,0.9710644119870864,0.0014089057222008705,False,0.006928605027496815,0.0021483139134943485,0.004780291114002466,True
XGBoost,172,1095,0,1,0.8181818181818182,1.0,0.9693001932239598,0.021441340446472168,False,0.011924654245376587,0.008826177567243576,0.003098476678133011,True
XGBoost,173,811,0,1,1.0,1.0,0.9581028047477889,0.0007779051084071398,False,0.005713335238397121,0.0005109253106638789,0.005202409811317921,True
XGBoost,174,1097,0,1,0.8181818181818182,1.0,0.9398725441954804,0.0009646471589803696,False,0.053034909069538116,0.003486504079774022,0.04954840615391731,True
XGBoost,175,533,0,1,1.0,1.0,0.9880105133036498,0.0003963196650147438,False,0.033601291477680206,0.001327065983787179,0.03227422386407852,True
XGBoost,176,435,0,1,1.0,1.0,0.9743888242142027,0.0029414016753435135,False,0.025780441239476204,0.0037486697547137737,0.022031771019101143,True
XGBoost,177,820,0,1,0.6666666666666666,1.0,0.9830779016598059,0.0005616480484604836,False,0.004765510559082031,0.002037779428064823,0.002727731131017208,True
XGBoost,178,611,0,1,0.8181818181818182,1.0,0.972624605451076,0.004486545920372009,False,0.01073470339179039,0.005079562310129404,0.005655141081660986,True
XGBoost,179,776,0,1,0.8181818181818182,1.0,0.9925110713728502,0.0013889195397496223,False,0.017277151346206665,0.0020083324052393436,0.015268819406628609,True
XGBoost,180,219,0,1,0.8181818181818182,1.0,0.9285671423256484,0.001848176121711731,False,0.08460003137588501,0.019821861758828163,0.064778171479702,True
XGBoost,181,96,1,1,0.8181818181818182,1.0,0.9647036232492829,0.09156522154808044,False,0.26959896087646484,0.03547324985265732,0.23412570357322693,True
XGBoost,182,1213,0,1,0.8181818181818182,1.0,0.9732246798603027,0.0006097804289311171,False,0.0006624998059123755,0.0005139842396602035,0.000148515566252172,True
XGBoost,183,1212,0,1,1.0,1.0,0.9661798062959808,0.00012706546112895012,False,0.003748219460248947,0.001185878529213369,0.0025623408146202564,True
XGBoost,184,23,1,1,0.8181818181818182,1.0,0.9566746276538292,0.015818752348423004,False,0.014719851315021515,0.0076070381328463554,0.0071128131821751595,True
XGBoost,185,336,1,1,1.0,1.0,0.9789853941888795,0.019250422716140747,False,0.15715892612934113,0.01480926014482975,0.14234966039657593,True
XGBoost,186,1305,0,1,0.6666666666666666,1.0,0.9203821273837957,0.005651172250509262,False,0.0008673779666423798,0.007531554903835058,-0.0066641769371926785,False
XGBoost,187,914,1,1,0.6666666666666666,1.0,0.889670319119571,0.010302547365427017,False,0.014916839078068733,0.00972921121865511,0.005187627859413624,True
XGBoost,188,1382,0,1,0.8181818181818182,1.0,0.9679680280354763,0.0057953945361077785,False,0.000892044510692358,0.0009015902178362012,-9.545707143843174e-06,False
XGBoost,189,1334,0,1,0.8181818181818182,0.9,0.9223383699578749,0.03621749207377434,True,0.007191147655248642,0.002484862692654133,0.004706284962594509,True
XGBoost,190,515,0,1,0.8181818181818182,1.0,0.9338477971268438,0.004574716091156006,False,0.19966252148151398,0.03487998992204666,0.16478252410888672,True
XGBoost,191,325,0,1,0.8181818181818182,1.0,0.9546103716860891,0.02426113560795784,False,0.028537359088659286,0.014530906453728676,0.01400645263493061,True
XGBoost,192,44,0,1,0.8181818181818182,1.0,0.9246426556893055,0.0009676814079284668,False,0.49647533893585205,0.04022970050573349,0.45624563097953796,True
XGBoost,193,458,0,1,0.6666666666666666,1.0,0.9676079833899405,0.0012675803154706955,False,0.002437697723507881,0.0019818320870399475,0.00045586563646793365,True
XGBoost,194,846,0,1,0.6666666666666666,0.9,0.9461613240041765,0.05445777624845505,True,0.00015617907047271729,0.0034501366317272186,-0.0032939575612545013,False
XGBoost,195,1103,0,1,0.6666666666666666,1.0,0.9170817181330486,0.026393048465251923,False,0.047498494386672974,0.009623264893889427,0.0378752276301384,True
XGBoost,196,1528,0,1,0.8181818181818182,1.0,0.9712924402625925,7.836159784346819e-05,False,0.009934891946613789,0.00011417306814109907,0.009820719249546528,True
XGBoost,197,1123,0,1,0.6666666666666666,1.0,0.9264428789169858,0.0055112047120928764,False,0.012013056315481663,0.0012876943219453096,0.010725362226366997,True
XGBoost,198,1098,0,1,1.0,1.0,0.9788413763306651,0.00030071171931922436,False,0.0030316694173961878,0.0012305433629080653,0.0018011260544881225,True
XGBoost,199,1034,0,1,1.0,1.0,0.9564826038428766,0.001563643105328083,False,0.007092802785336971,0.0012321341782808304,0.005860668607056141,True
XGBoost,200,397,0,1,0.8181818181818182,0.9,0.9479855502082258,0.008871076628565788,False,0.004507424309849739,0.003742418484762311,0.0007650058250874281,True
XGBoost,201,705,0,1,0.8181818181818182,1.0,0.9771251635202767,0.0007340048905462027,False,0.0013622709084302187,0.00018122410983778536,0.0011810468276962638,True
XGBoost,202,434,0,1,0.8181818181818182,1.0,0.9382163388260144,0.009602852165699005,False,0.06767181307077408,0.018118841573596,0.04955296963453293,True
XGBoost,203,1259,0,1,0.8181818181818182,1.0,0.8998835855646101,0.0027947649359703064,False,0.08373438566923141,0.004370065871626139,0.07936432212591171,True
XGBoost,204,392,1,1,0.8181818181818182,1.0,0.9636114878244904,0.005985204130411148,False,0.015079555101692677,0.008275044150650501,0.006804510951042175,True
XGBoost,205,215,0,1,0.6666666666666666,1.0,0.9321075813400863,0.06263086199760437,False,0.35040658712387085,0.02726072072982788,0.32314586639404297,True
XGBoost,206,666,0,1,0.6666666666666666,1.0,0.9631914357380316,0.0031189504079520702,False,0.040321238338947296,0.0008184122852981091,0.0395028255879879,True
XGBoost,207,1204,0,1,0.6666666666666666,0.9,0.8739363681096457,0.011485084891319275,False,0.042402125895023346,0.026684070006012917,0.01571805588901043,True
XGBoost,208,121,0,1,0.6666666666666666,1.0,0.9600710488100527,0.016887575387954712,False,0.01216404139995575,0.016760358586907387,-0.004596317186951637,False
XGBoost,209,953,0,1,0.6666666666666666,0.9,0.9455372466185806,0.003525293432176113,False,0.020543940365314484,0.0006965886568650603,0.01984735205769539,True
XGBoost,210,153,0,1,1.0,1.0,0.9798374998499816,0.0007467418909072876,False,0.08000252395868301,0.02415265515446663,0.055849868804216385,True
XGBoost,211,1446,0,1,0.8181818181818182,1.0,0.9758290027963468,0.0010719024576246738,False,0.028941556811332703,0.0018959786975756288,0.02704557776451111,True
XGBoost,212,766,0,1,1.0,1.0,0.9202861154783195,0.007697246968746185,False,0.02986803837120533,0.008573092520236969,0.02129494585096836,True
XGBoost,213,455,0,1,0.8181818181818182,1.0,0.9373522316767281,0.004452294670045376,False,0.006376500241458416,0.0012423346051946282,0.00513416575267911,True
XGBoost,214,1249,0,1,0.8181818181818182,1.0,0.9844460713128429,0.0012469477951526642,False,0.03202604129910469,0.010905270464718342,0.021120771765708923,True
XGBoost,215,1116,0,1,1.0,1.0,0.9629274029979719,0.00605729129165411,False,0.003847625106573105,0.006270747631788254,-0.002423122525215149,False
XGBoost,216,383,0,1,0.8181818181818182,0.9,0.9226744116270418,0.007395460270345211,False,0.022085651755332947,0.002249903744086623,0.01983574777841568,True
XGBoost,217,1033,0,1,0.8181818181818182,1.0,0.9728766367029512,0.0014564767479896545,False,0.018732333555817604,0.005191897042095661,0.013540436513721943,True
XGBoost,218,170,0,1,0.6666666666666666,1.0,0.9626753717460966,0.02764388918876648,False,0.27809664607048035,0.0926344096660614,0.18546223640441895,True
XGBoost,219,1367,0,1,0.8181818181818182,0.9,0.9547543895443036,0.009598879143595695,False,0.0009143175557255745,0.0023201140575110912,-0.0014057965017855167,False
XGBoost,220,887,0,1,0.8181818181818182,1.0,0.9731406694430111,0.0009790211915969849,False,0.013997429981827736,0.0018223099177703261,0.012175120413303375,True
XGBoost,221,1073,0,1,1.0,1.0,0.9701883033496155,0.0002012860495597124,False,0.003882142249494791,0.0005836378550156951,0.003298504278063774,True
XGBoost,222,1565,0,1,0.6666666666666666,1.0,0.9498697838531978,0.00037744734436273575,False,0.010395403951406479,0.0011732124257832766,0.009222191758453846,True
XGBoost,223,216,0,1,0.6666666666666666,0.9,0.933091703371218,0.001923389732837677,False,0.009436339139938354,0.025594055652618408,-0.016157716512680054,False
XGBoost,224,1184,0,1,0.8181818181818182,1.0,0.9408326632502431,0.008573278784751892,False,0.008679598569869995,0.002536635147407651,0.006142963655292988,True
XGBoost,225,1,0,1,0.8181818181818182,1.0,0.9236465321699892,0.019515443593263626,False,0.02325446903705597,0.011065100319683552,0.012189368717372417,True
XGBoost,226,1150,0,1,1.0,1.0,0.9708123807352114,0.0003558974713087082,False,0.0003717578947544098,0.0008243502234108746,-0.0004525923286564648,False
XGBoost,227,582,0,1,0.8181818181818182,1.0,0.9826338465969782,0.0034711509943008423,False,0.02174963429570198,0.005451054312288761,0.016298580914735794,True
XGBoost,228,1191,0,1,0.8181818181818182,1.0,0.9681600518464291,0.014311350882053375,False,0.050985559821128845,0.021230753511190414,0.02975480630993843,True
XGBoost,229,1398,0,1,1.0,1.0,0.976237053394621,0.005419233813881874,False,0.0035651391372084618,0.0014681941829621792,0.0020969449542462826,True
XGBoost,230,876,0,1,0.8181818181818182,1.0,0.9455252451303964,0.00048825982958078384,False,0.011464803479611874,0.0005827065324410796,0.01088209729641676,True
XGBoost,231,956,0,1,0.8181818181818182,1.0,0.9621593077541617,9.134272113442421e-05,False,0.002498163376003504,0.001372310216538608,0.0011258531594648957,True
XGBoost,232,1375,0,1,0.8181818181818182,1.0,0.9717604983017896,0.003811577335000038,False,0.0019139144569635391,0.002374462317675352,-0.000460547860711813,False
XGBoost,233,712,0,1,0.8181818181818182,1.0,0.9831379091007285,0.002433198504149914,False,0.0037767193280160427,0.0013889319961890578,0.002387787215411663,True
XGBoost,234,231,1,1,0.8181818181818182,1.0,0.9568666514647817,0.0009909686632454395,False,0.0008478793315589428,0.0012604149524122477,-0.00041253562085330486,False
XGBoost,235,569,0,1,1.0,1.0,0.9359720605355065,0.009498797357082367,False,0.027069300413131714,0.0030828951857984066,0.02398640476167202,True
XGBoost,236,1219,0,1,0.8181818181818182,0.9,0.9496297540895071,0.00871341023594141,False,0.007072125561535358,0.002752773929387331,0.004319351632148027,True
XGBoost,237,868,0,1,0.8181818181818182,0.9,0.9548143969852263,0.011138901114463806,False,0.001879093237221241,0.002826168667525053,-0.000947075430303812,False
XGBoost,238,769,0,1,1.0,1.0,0.9812536754557566,0.002978432923555374,False,0.024466294795274734,0.010678539983928204,0.013787754811346531,True
XGBoost,239,1254,1,1,0.8181818181818182,0.9,0.9327316587256821,0.050095707178115845,False,0.07553528249263763,0.037378717213869095,0.03815656527876854,True
XGBoost,240,658,0,1,1.0,1.0,0.9700802899559546,0.006784982979297638,False,0.015401123091578484,0.010464607737958431,0.004936515353620052,True
XGBoost,241,1189,1,1,0.8181818181818182,1.0,0.9642595681864552,0.001746058464050293,False,0.017073146998882294,0.0014158075209707022,0.015657339245080948,True
XGBoost,242,866,0,1,0.6666666666666666,1.0,0.8867179530261753,0.005164388567209244,False,0.047877393662929535,0.0012691924348473549,0.046608202159404755,True
XGBoost,243,1049,0,1,0.6666666666666666,1.0,0.9382043373378299,0.004488232545554638,False,0.0706985667347908,0.003423921763896942,0.06727464497089386,True
XGBoost,244,939,0,1,1.0,1.0,0.976081034048222,0.00023402157239615917,False,0.012547923251986504,0.000338777550496161,0.012209145352244377,True
XGBoost,245,535,0,1,0.8181818181818182,1.0,0.9489336677748041,0.00415126234292984,False,0.015275850892066956,0.020752334967255592,-0.005476484075188637,False
XGBoost,246,545,0,1,0.8181818181818182,1.0,0.9681840548227981,0.0011522318236529827,False,0.034173134714365005,0.0010938027407974005,0.03307933360338211,True
XGBoost,247,627,0,1,0.5384615384615384,1.0,0.9356000144017859,0.006976742297410965,True,0.013345728628337383,0.004258462227880955,0.009087266400456429,True
XGBoost,248,18,0,1,1.0,1.0,0.9765130876228654,0.010716240853071213,False,0.01288669928908348,0.006002301815897226,0.0068843974731862545,True
XGBoost,249,238,1,1,1.0,1.0,0.9650876708711882,0.12984991073608398,False,0.35320836305618286,0.045234013348817825,0.30797433853149414,True
XGBoost,250,1351,0,1,1.0,1.0,0.9717244938372359,0.000698053278028965,False,0.004255140200257301,0.001825804472900927,0.002429335843771696,True
XGBoost,251,1245,0,1,0.8181818181818182,1.0,0.9345078789769932,0.0014849165454506874,False,0.02269516885280609,0.0017555247759446502,0.020939644426107407,True
XGBoost,252,1552,0,1,1.0,1.0,0.9735367185531006,0.002374758943915367,False,0.09623859822750092,0.001540053985081613,0.09469854086637497,True
XGBoost,253,1431,0,1,0.8181818181818182,1.0,0.9543463389460294,0.01812836155295372,False,0.04388365522027016,0.013159203343093395,0.030724450945854187,True
XGBoost,254,698,0,1,0.8181818181818182,1.0,0.9628433925806801,0.0021309279836714268,False,0.007214021869003773,0.000944166153203696,0.0062698558904230595,True
XGBoost,255,25,0,1,0.8181818181818182,1.0,0.9698762646568174,0.002343570813536644,False,0.011018056422472,0.006916406564414501,0.004101649858057499,True
XGBoost,256,1377,0,1,1.0,1.0,0.976705111433818,0.0006865207105875015,False,0.012864263728260994,0.006448107771575451,0.006416155956685543,True
XGBoost,257,630,0,1,0.8181818181818182,1.0,0.9726606099156296,0.00018627196550369263,False,0.00526982918381691,0.002412238623946905,0.0028575905598700047,True
XGBoost,258,1237,0,1,0.8181818181818182,1.0,0.9672599402325889,0.0006625708192586899,False,0.007157750427722931,0.0027712297160178423,0.004386520944535732,True
XGBoost,259,442,0,1,1.0,1.0,0.965711748256784,0.009271003305912018,True,0.007833726704120636,0.0032176717650145292,0.004616054706275463,True
XGBoost,260,837,0,1,0.8181818181818182,1.0,0.9664438390360406,0.0012395670637488365,False,0.006139621138572693,0.0013320056023076177,0.004807615652680397,True
XGBoost,261,450,0,1,1.0,1.0,0.9462093299569148,0.03343209624290466,False,0.001384662464261055,0.0019747826736420393,-0.0005901202093809843,False
XGBoost,262,754,0,1,0.6666666666666666,1.0,0.9930391368529699,0.002018071711063385,False,0.011786336079239845,0.0035524708218872547,0.008233865723013878,True
XGBoost,263,130,0,1,1.0,1.0,0.9479975516964104,0.0033726766705513,False,0.1628173589706421,0.0036300444044172764,0.15918731689453125,True
XGBoost,264,399,0,1,1.0,1.0,0.9611511827466607,0.0006627412512898445,False,0.020279789343476295,0.0007424115901812911,0.01953737810254097,True
XGBoost,265,149,0,1,0.8181818181818182,1.0,0.9574427228976394,0.03300097584724426,False,0.08791893720626831,0.023880409076809883,0.06403852999210358,True
XGBoost,266,818,0,1,0.8181818181818182,1.0,0.9264668818933549,0.0009165061637759209,False,0.004672108218073845,0.0010156809585168958,0.003656427375972271,True
XGBoost,267,496,0,1,0.8181818181818182,1.0,0.9729606471202429,0.000583987683057785,False,0.006389760412275791,0.0016755405813455582,0.004714219830930233,True
XGBoost,268,748,0,1,0.8181818181818182,1.0,0.9842660489900749,0.0005057672969996929,False,0.011789734475314617,0.000998575589619577,0.010791159234941006,True
XGBoost,269,893,0,1,0.8181818181818182,1.0,0.9455972540595035,0.0002155303955078125,True,0.014478817582130432,0.004162279423326254,0.010316537693142891,True
XGBoost,270,912,0,1,1.0,1.0,0.9645356024146996,0.0034682657569646835,False,0.10700495541095734,0.003019660711288452,0.10398529469966888,True
XGBoost,271,1162,0,1,0.6666666666666666,1.0,0.9516460041045091,0.002997642382979393,True,0.01424214243888855,0.002894593868404627,0.01134754903614521,True
XGBoost,272,840,0,1,0.8181818181818182,1.0,0.9880105133036498,0.0005003549158573151,False,0.016667935997247696,0.008631890639662743,0.008036045357584953,True
XGBoost,273,707,0,1,0.8181818181818182,1.0,0.9458972912641168,0.004554234445095062,True,0.05412585660815239,0.0041448939591646194,0.04998096078634262,True
XGBoost,274,1134,0,1,1.0,1.0,0.9273309890426413,0.0003470182418823242,False,0.00730657484382391,0.001742223626933992,0.005564351100474596,True
XGBoost,275,1477,0,1,0.8181818181818182,1.0,0.9763210638119127,0.0003468836657702923,False,0.005152243655174971,0.0010542618110775948,0.004097981844097376,True
XGBoost,276,50,1,1,0.8181818181818182,1.0,0.8666154603170795,0.02611769549548626,False,0.027327515184879303,0.010781927034258842,0.01654558815062046,True
XGBoost,277,1345,0,1,0.5384615384615384,1.0,0.891602558717281,0.0009210770949721336,False,0.005856590811163187,0.0019689458422362804,0.0038876449689269066,True
XGBoost,278,459,0,1,0.8181818181818182,1.0,0.9689281470902392,0.00410530436784029,False,0.006021547131240368,0.00209438381716609,0.003927163314074278,True
XGBoost,279,1316,0,1,1.0,1.0,0.9789253867479569,0.004848327487707138,False,0.015853436663746834,0.007974458858370781,0.007878977805376053,True
XGBoost,280,1421,0,1,0.8181818181818182,1.0,0.9712684372862236,4.8610265366733074e-05,False,0.0004291338846087456,0.00024623231729492545,0.00018290156731382012,True
XGBoost,281,571,0,1,0.6666666666666666,1.0,0.976705111433818,0.016954872757196426,False,0.02079133316874504,0.003613781649619341,0.017177551984786987,True
XGBoost,282,816,0,1,0.8181818181818182,1.0,0.9524020978601347,0.0009468784555792809,False,0.0012947134673595428,0.0011333886068314314,0.00016132486052811146,True
XGBoost,283,795,1,1,0.8181818181818182,1.0,0.9484776112237918,0.002489310223609209,False,0.0023493063636124134,0.0011110171908512712,0.0012382891727611423,True
XGBoost,284,344,1,1,1.0,1.0,0.9751689209461973,0.0012576282024383545,False,0.0061518470756709576,0.0018026247853413224,0.004349222406744957,True
XGBoost,285,1094,0,1,1.0,1.0,0.9589429089207062,0.052877336740493774,False,0.019632652401924133,0.02061604894697666,-0.0009833965450525284,False
XGBoost,286,1390,0,1,0.8181818181818182,1.0,0.9894866963503476,3.795325756072998e-05,False,0.007069328799843788,0.0016598498914390802,0.0054094791412353516,True
XGBoost,287,847,0,1,0.8181818181818182,1.0,0.9516220011281399,0.00606686994433403,False,0.03086361289024353,0.009126583114266396,0.021737029775977135,True
XGBoost,288,461,0,1,0.8181818181818182,1.0,0.9507578939788536,0.0011108126491308212,False,0.014863001182675362,0.006622813642024994,0.008240187540650368,True
XGBoost,289,1138,0,1,1.0,1.0,0.9802575519364403,0.0011451197788119316,False,0.036805566400289536,0.004214705433696508,0.03259086236357689,True
XGBoost,290,1004,0,1,0.8181818181818182,1.0,0.98348595225808,7.387751247733831e-05,False,0.008336234837770462,0.00022701287525705993,0.008109222166240215,True
XGBoost,291,674,0,1,1.0,1.0,0.9910828942788906,0.0012807510793209076,False,0.019953258335590363,0.004675763659179211,0.015277494676411152,True
XGBoost,292,1336,0,1,0.8181818181818182,1.0,0.9323596125919615,0.007623407058417797,False,0.007962401956319809,0.004987973719835281,0.0029744282364845276,True
XGBoost,293,331,0,1,0.8181818181818182,1.0,0.981913757305906,0.000826164148747921,False,0.028305508196353912,0.0017964618746191263,0.02650904655456543,True
XGBoost,294,1424,0,1,0.6666666666666666,1.0,0.9324076185446997,0.00020414404571056366,False,0.0022710924968123436,0.0008229321101680398,0.0014481603866443038,True
XGBoost,295,1272,0,1,0.8181818181818182,1.0,0.9367401557793166,0.25456833839416504,False,0.7186903953552246,0.0494685173034668,0.6692218780517578,True
XGBoost,296,520,0,1,0.6666666666666666,1.0,0.9168536898575425,0.005224838852882385,False,0.01759607531130314,0.004507944919168949,0.01308813039213419,True
XGBoost,297,1268,0,1,0.6666666666666666,1.0,0.9632634446671388,0.004351325333118439,False,0.008743148297071457,0.0031872191466391087,0.005555929150432348,True
XGBoost,298,850,0,1,0.8181818181818182,1.0,0.9645716068792531,0.0005081549752503633,False,0.005591986700892448,0.0004471068677958101,0.005144879687577486,True
XGBoost,299,228,0,1,0.8181818181818182,1.0,0.9625433553760667,0.00764581561088562,False,0.40464162826538086,0.060108739882707596,0.34453287720680237,True
XGBoost,300,947,0,1,0.8181818181818182,1.0,0.9421288239741729,0.00011831510346382856,False,0.01876317337155342,0.00017728391685523093,0.018585888668894768,True
XGBoost,301,678,0,1,1.0,1.0,0.9573347095039786,0.0010932856239378452,False,0.013881642371416092,0.0017635843250900507,0.012118058279156685,True
XGBoost,302,932,0,1,1.0,1.0,0.9781092855514084,0.0007817661389708519,False,0.00032751867547631264,0.0010046228999271989,-0.0006771042244508862,False
XGBoost,303,242,0,1,1.0,1.0,0.9439770531545912,0.008871585130691528,False,0.41243356466293335,0.03173679858446121,0.38069677352905273,True
XGBoost,304,652,0,1,1.0,1.0,0.9766090995283416,0.03167670965194702,False,0.32854366302490234,0.035127900540828705,0.29341575503349304,True
XGBoost,305,234,0,1,0.8181818181818182,1.0,0.9533862198912666,0.0023046666756272316,False,0.032694846391677856,0.0047857025638222694,0.02790914475917816,True
XGBoost,306,1226,0,1,0.8181818181818182,1.0,0.9819977677231978,0.16971108317375183,False,0.41930529475212097,0.028819501399993896,0.3904857933521271,True
XGBoost,307,753,0,1,1.0,1.0,0.9830659001716214,0.00017096265219151974,False,0.003198888385668397,0.0003232136368751526,0.0028756747487932444,True
XGBoost,308,713,0,1,0.8181818181818182,1.0,0.98361796862811,0.00017790496349334717,False,0.012199305929243565,0.004247437696903944,0.007951868698000908,True
XGBoost,309,174,0,1,1.0,1.0,0.9263228640351404,0.0024362169206142426,False,0.023694079369306564,0.0031995163299143314,0.02049456350505352,True
XGBoost,310,1309,0,1,0.8181818181818182,0.9,0.9090407210494102,0.028839945793151855,True,0.02800517901778221,0.013589873909950256,0.014415305107831955,True
XGBoost,311,1333,0,1,0.8181818181818182,1.0,0.901743816233213,0.0078022778034210205,False,0.03816878795623779,0.021767737343907356,0.016401050612330437,True
XGBoost,312,972,0,1,0.8181818181818182,1.0,0.9406046349747369,0.0017097871750593185,False,0.011862751096487045,0.0013138910289853811,0.01054885983467102,True
XGBoost,313,1037,0,1,0.8181818181818182,1.0,0.9319515619936873,0.0026425477117300034,False,0.0010252948850393295,0.0013573450269177556,-0.0003320501418784261,False
XGBoost,0,246,0,2,0.8181818181818182,1.0,0.9653637050994324,0.0059172650799155235,False,0.02172294445335865,0.004377673380076885,0.01734527200460434,True
XGBoost,1,1315,0,2,1.0,1.0,0.9569146574175199,0.0010125916451215744,False,0.006093291565775871,0.0025133430026471615,0.00357994856312871,True
XGBoost,2,444,0,2,1.0,1.0,0.9591709371962124,0.0031801611185073853,False,0.022541824728250504,0.007161655463278294,0.01538016926497221,True
XGBoost,3,296,0,2,0.6666666666666666,1.0,0.9474454832399217,0.0021898956038057804,False,0.0004890793934464455,0.002832551719620824,-0.0023434723261743784,False
XGBoost,4,1295,0,2,1.0,1.0,0.9576347467085919,0.0009124325588345528,False,0.0013488586992025375,0.002777619520202279,-0.0014287608209997416,False
XGBoost,5,1239,0,2,0.8181818181818182,1.0,0.9584388464169558,0.0031628934666514397,False,0.0015872083604335785,0.0009402621653862298,0.0006469461950473487,True
XGBoost,6,1432,0,2,0.8181818181818182,1.0,0.9547903940088572,0.0006847134791314602,False,0.0095716193318367,0.00027337943902239203,0.009298239834606647,True
XGBoost,7,973,0,2,0.8181818181818182,1.0,0.9560745532446024,0.0013648595195263624,False,0.018652210012078285,0.0010612657060846686,0.017590943723917007,True
XGBoost,8,283,0,2,1.0,1.0,0.9444571126819726,0.001425866037607193,False,0.000954698771238327,0.004860673565417528,-0.003905974794179201,False
XGBoost,9,553,0,2,0.6666666666666666,1.0,0.9690001560193465,0.00198576133698225,False,0.008574485778808594,0.0015225399984046817,0.00705194566398859,True
XGBoost,10,726,0,2,0.8181818181818182,1.0,0.9773771947721518,0.0010213202331215143,False,0.0022414415143430233,0.000575057347305119,0.0016663841670379043,True
XGBoost,11,1122,0,2,1.0,1.0,0.9359240545827684,0.0002284008078277111,False,0.008327795192599297,0.0008024816634133458,0.007525313645601273,True
XGBoost,12,1274,0,2,0.8181818181818182,1.0,0.9837739879745089,0.004314906895160675,True,0.016438623890280724,0.004001820459961891,0.012436803430318832,True
XGBoost,13,337,0,2,0.8181818181818182,1.0,0.982993891242514,4.1416846215724945e-05,False,0.00681866891682148,0.0007840952021069825,0.006034573540091515,True
XGBoost,14,512,0,2,0.8181818181818182,1.0,0.9385283775188125,4.4020358473062515e-05,False,0.003929717931896448,0.0003132341371383518,0.0036164838820695877,True
XGBoost,15,792,0,2,0.6666666666666666,1.0,0.9671159223743745,0.000539497472345829,False,0.030681198462843895,0.001750547788105905,0.028930651023983955,True
XGBoost,16,643,0,2,0.8181818181818182,1.0,0.9533982213794512,0.006989693269133568,False,0.00115295872092247,0.0021434861700981855,-0.0009905274491757154,False
XGBoost,17,1032,0,2,0.8181818181818182,1.0,0.992703095183803,0.00034195370972156525,False,0.011750767938792706,0.0018356984946876764,0.009915069676935673,True
XGBoost,18,1396,0,2,1.0,1.0,0.9775452156067352,0.0014350148849189281,False,0.002091753762215376,0.0008218185976147652,0.0012699351646006107,True
XGBoost,19,959,0,2,0.6666666666666666,0.9,0.8819653637050995,0.004645209759473801,False,0.004189766012132168,0.0012410597410053015,0.0029487062711268663,True
XGBoost,20,1525,0,2,0.6666666666666666,0.9,0.905764314775032,0.006806467659771442,False,0.0069692498072981834,0.0013238601386547089,0.005645389668643475,True
XGBoost,21,1442,0,2,0.8181818181818182,1.0,0.9822618004632576,6.761314580217004e-05,False,0.00369179155677557,0.00015786424046382308,0.003533927258104086,True
XGBoost,22,264,0,2,1.0,1.0,0.9912509151134742,0.00037491507828235626,True,0.004265110939741135,0.004486090503633022,-0.00022097956389188766,False
XGBoost,23,1541,0,2,0.8181818181818182,1.0,0.9569506618820735,1.0993331670761108e-05,False,0.0003148633986711502,0.001489025424234569,-0.0011741620255634189,False
XGBoost,24,1529,0,2,1.0,1.0,0.9838339954154317,0.00018044817261397839,False,0.00013138889335095882,0.0001179447426693514,1.3444150681607425e-05,True
XGBoost,25,798,0,2,1.0,1.0,0.9955954538362758,0.008313268423080444,False,0.20868128538131714,0.0715532898902893,0.13712799549102783,True
XGBoost,26,1208,0,2,0.8181818181818182,1.0,0.9471094415707548,0.016484085470438004,False,0.023273911327123642,0.019220421090722084,0.004053490236401558,True
XGBoost,27,1474,0,2,1.0,1.0,0.9782413019214382,0.000496287364512682,False,0.002218062523752451,0.000473344320198521,0.0017447181744500995,True
XGBoost,28,1493,0,2,0.8181818181818182,1.0,0.9503138389160256,0.0001592840999364853,False,0.0030324894469231367,0.0003176172322127968,0.0027148721273988485,True
XGBoost,29,1142,0,2,0.8181818181818182,1.0,0.971436458120807,0.004370088689029217,False,0.019919976592063904,0.002050878945738077,0.017869098111987114,True
XGBoost,30,530,0,2,0.6666666666666666,1.0,0.9557745160399891,0.001093276310712099,False,0.0015271063894033432,0.0011399833019822836,0.0003871230874210596,True
XGBoost,31,116,0,2,1.0,1.0,0.9752889358280428,0.004086591303348541,False,0.028356818482279778,0.004079777747392654,0.024277040734887123,True
XGBoost,32,527,0,2,0.8181818181818182,1.0,0.9529661678048078,0.008222779259085655,False,0.002679990604519844,0.0016581524396315217,0.0010218381648883224,True
XGBoost,33,1036,0,2,0.8181818181818182,1.0,0.9677760042245238,0.013197897002100945,False,0.022847266867756844,0.007826910354197025,0.015020356513559818,True
XGBoost,34,834,0,2,0.6666666666666666,1.0,0.9580547987950506,0.004613940604031086,False,0.014282576739788055,0.0036765479017049074,0.010606029070913792,True
XGBoost,35,865,0,2,1.0,1.0,0.965711748256784,0.0008409842848777771,False,0.01183988805860281,0.0011008487781509757,0.0107390396296978,True
XGBoost,36,232,0,2,0.8181818181818182,1.0,0.9048161972084539,0.013881698250770569,False,0.14303113520145416,0.022102098912000656,0.12092903256416321,True
XGBoost,37,154,1,2,0.6666666666666666,1.0,0.9351679608271427,0.0035347742959856987,False,0.05000809580087662,0.0024086921475827694,0.04759940505027771,True
XGBoost,38,140,0,2,1.0,1.0,0.9329836899775573,0.0015190085396170616,False,0.015417147427797318,0.001856855466030538,0.013560292311012745,True
XGBoost,39,1360,0,2,0.6666666666666666,1.0,0.9654597170049086,0.001452447846531868,False,0.009760256856679916,0.0003722427354659885,0.009388013742864132,True
XGBoost,40,903,0,2,0.6666666666666666,1.0,0.9365721349447332,0.0027309053111821413,False,0.004815925844013691,0.0005766677786596119,0.004239257890731096,True
XGBoost,41,1479,0,2,0.6666666666666666,1.0,0.9676559893426786,0.0014377026818692684,False,0.026415955275297165,0.001673464896157384,0.02474248968064785,True
XGBoost,42,1283,0,2,1.0,1.0,0.965219687241218,0.0033351927995681763,False,0.013080962002277374,0.003378313733264804,0.009702648036181927,True
XGBoost,43,1498,0,2,0.6666666666666666,1.0,0.9667198732642849,0.0005864230915904045,False,0.008203767240047455,0.0031577192712575197,0.005046048201620579,True
XGBoost,44,1156,0,2,0.8181818181818182,1.0,0.9806656025347144,0.0058951713144779205,True,0.0019730348140001297,0.002502682153135538,-0.0005296473391354084,False
XGBoost,45,1563,0,2,0.8181818181818182,1.0,0.9835699626753718,0.00014998111873865128,False,0.015171357430517673,0.0016567459097132087,0.01351461187005043,True
XGBoost,46,954,0,2,0.8181818181818182,1.0,0.965555728910385,0.0010850115213543177,False,0.012782351113855839,0.0012927219504490495,0.011489628814160824,True
XGBoost,47,1090,0,2,1.0,1.0,0.9611391812584761,6.328895688056946e-05,False,0.019631829112768173,0.005374799482524395,0.014257029630243778,True
XGBoost,48,1478,0,2,1.0,1.0,0.9811336605739112,2.9100279789417982e-05,False,0.0006387758767232299,0.00019998164498247206,0.0004387942317407578,True
XGBoost,49,390,0,2,0.8181818181818182,1.0,0.9785173361496826,6.276275962591171e-05,False,0.005098267458379269,0.0003235068288631737,0.004774760454893112,True
XGBoost,50,440,0,2,1.0,1.0,0.9751209149934592,0.0004009861731901765,False,0.004326860420405865,0.00038955375202931464,0.003937306813895702,True
XGBoost,51,258,0,2,0.5384615384615384,0.9,0.9367161528029477,0.017669150605797768,False,0.02382868342101574,0.0056829736568033695,0.018145710229873657,True
XGBoost,52,255,0,2,0.8181818181818182,1.0,0.9777492409058725,0.004901116713881493,True,0.015206139534711838,0.004629907198250294,0.010576232336461544,True
XGBoost,53,369,0,2,0.6666666666666666,0.9,0.8986234293052339,0.004471945576369762,False,0.0020027756690979004,0.0015715372283011675,0.0004312384407967329,True
XGBoost,54,786,0,2,1.0,1.0,0.9599630354163917,0.006875090301036835,False,0.07961960136890411,0.01928836479783058,0.06033123657107353,True
XGBoost,55,1106,0,2,0.8181818181818182,1.0,0.9786493525197126,0.00265295896679163,False,0.002226627431809902,0.0017228620126843452,0.000503765419125557,True
XGBoost,56,62,1,2,0.8181818181818182,1.0,0.9655437274222004,0.0003616809844970703,False,0.0045195892453193665,0.00944930873811245,-0.004929719492793083,False
XGBoost,57,1448,0,2,0.8181818181818182,1.0,0.9766090995283416,0.0003900444135069847,False,0.008964127860963345,0.0004180776886641979,0.008546050637960434,True
XGBoost,58,187,0,2,1.0,1.0,0.9539982957886778,0.08356082439422607,False,0.5433672666549683,0.030276775360107422,0.5130904912948608,True
XGBoost,59,1027,0,2,0.6666666666666666,0.9,0.9439890546427758,0.034854523837566376,False,0.08384393155574799,0.04120920971035957,0.04263472184538841,True
XGBoost,60,1242,1,2,0.8181818181818182,1.0,0.9837139805335862,0.010103315114974976,False,0.08487467467784882,0.029023919254541397,0.05585075542330742,True
XGBoost,61,693,0,2,0.6666666666666666,1.0,0.9544543523396902,9.770761243999004e-05,False,0.012689132243394852,0.0002675179566722363,0.012421614490449429,True
XGBoost,62,141,0,2,0.8181818181818182,1.0,0.9688441366729476,0.0032719261944293976,False,0.016539406031370163,0.002625157590955496,0.01391424797475338,True
XGBoost,63,1236,0,2,1.0,1.0,0.9793934447871537,0.004273833706974983,False,0.004052961245179176,0.003824001643806696,0.0002289596013724804,True
XGBoost,64,79,0,2,0.8181818181818182,1.0,0.9808096203929288,0.009817084297537804,False,0.0055665746331214905,0.006830565631389618,-0.0012639909982681274,False
XGBoost,65,195,0,2,0.8181818181818182,1.0,0.9319995679464254,0.053259506821632385,False,0.05705355107784271,0.03505932539701462,0.021994225680828094,True
XGBoost,66,1411,0,2,0.8181818181818182,1.0,0.9880585192563879,0.00035487860441207886,False,0.0034332023933529854,0.0013719173148274422,0.002061285078525543,True
XGBoost,67,730,0,2,0.8181818181818182,1.0,0.964367581580116,8.495186921209097e-05,False,0.0010659722611308098,0.00013995992776472121,0.0009260123479180038,True
XGBoost,68,1397,0,2,0.8181818181818182,0.9,0.880429173217479,0.10518594831228256,False,0.07516666501760483,0.015867527574300766,0.05929913744330406,True
XGBoost,69,68,0,2,1.0,1.0,0.9812536754557566,0.007015760987997055,False,0.022221680730581284,0.008611420169472694,0.01361026056110859,True
XGBoost,70,269,0,2,0.8181818181818182,1.0,0.9607911381011245,0.012647785246372223,False,0.03530550375580788,0.01368667185306549,0.021618831902742386,True
XGBoost,71,306,0,2,0.8181818181818182,1.0,0.9855502082258201,0.003505377098917961,False,0.009351566433906555,0.0008685104548931122,0.008483055979013443,True
XGBoost,72,1361,0,2,1.0,1.0,0.9846380951237955,0.0007073301821947098,False,0.02154124528169632,0.007505337707698345,0.014035907573997974,True
XGBoost,73,576,1,2,1.0,1.0,0.9303553640651442,0.0001397663727402687,False,0.007586757652461529,0.0031133764423429966,0.004473381210118532,True
XGBoost,74,946,0,2,1.0,1.0,0.961091175305738,0.00024827150627970695,False,0.0041009122505784035,0.0015269526047632098,0.002573959529399872,True
XGBoost,75,715,0,2,0.8181818181818182,1.0,0.9465813760906352,0.02807679772377014,False,0.07379958778619766,0.04836704209446907,0.025432545691728592,True
XGBoost,76,1453,0,2,0.8181818181818182,1.0,0.9585708627869857,0.0013157320208847523,False,0.0016622389666736126,0.0016417292645201087,2.0509702153503895e-05,True
XGBoost,77,604,0,2,1.0,1.0,0.9350719489216663,0.000878132414072752,False,0.008137170225381851,0.0022774816025048494,0.005859688855707645,True
XGBoost,78,518,1,2,0.8181818181818182,0.9,0.9407846572975048,0.06743031740188599,False,0.24370652437210083,0.06985149532556534,0.1738550364971161,True
XGBoost,79,1099,0,2,0.8181818181818182,1.0,0.9734047021830708,0.004501108080148697,False,0.006159750744700432,0.004702751524746418,0.0014569992199540138,True
XGBoost,80,1540,0,2,0.8181818181818182,1.0,0.9652916961703253,0.0055037448182702065,False,0.0022850017994642258,0.001787327928468585,0.0004976738709956408,True
XGBoost,81,245,0,2,0.8181818181818182,1.0,0.995667462765383,0.00045823678374290466,False,0.06131361424922943,0.00648976257070899,0.0548238530755043,True
XGBoost,82,58,1,2,1.0,1.0,0.9469414207361714,0.0019222162663936615,False,0.004541993141174316,0.0028683640994131565,0.00167362904176116,True
XGBoost,83,750,0,2,0.8181818181818182,1.0,0.9459212942404859,0.009363856166601181,True,0.00679382961243391,0.003984135575592518,0.0028096940368413925,True
XGBoost,84,1486,0,2,1.0,1.0,0.9660357884377664,0.000323836924508214,False,0.003891186323016882,0.00017594541714061052,0.0037152408622205257,True
XGBoost,85,1499,0,2,1.0,1.0,0.9879145013981735,7.229414768517017e-05,False,0.00531169306486845,0.00047707761405035853,0.004834615625441074,True
XGBoost,86,31,0,2,0.8181818181818182,1.0,0.9461853269805457,0.0015012100338935852,False,0.00416669063270092,0.004605461843311787,-0.00043877121061086655,False
XGBoost,87,112,0,2,0.8181818181818182,1.0,0.9703083182314608,0.011942984536290169,True,0.005135523155331612,0.005211160518229008,-7.563736289739609e-05,False
XGBoost,88,326,1,2,0.8181818181818182,1.0,0.9741007884977738,0.003565847873687744,False,0.0014001093804836273,0.008809288963675499,-0.007409179583191872,False
XGBoost,89,366,0,2,1.0,1.0,0.9607791366129401,0.0007535242475569248,False,0.0035586156882345676,0.0010971266310662031,0.0024614890571683645,True
XGBoost,90,1522,0,2,0.8181818181818182,1.0,0.9550544267489169,0.004116649739444256,False,0.01530389953404665,0.0019445091020315886,0.013359390199184418,True
XGBoost,91,689,0,2,1.0,1.0,0.9088486972384575,0.007305823266506195,False,0.1216406375169754,0.013997641392052174,0.1076429933309555,True
XGBoost,92,449,0,2,1.0,1.0,0.9434249846981027,0.011261217296123505,False,0.006447039544582367,0.008702004328370094,-0.0022549647837877274,False
XGBoost,93,1394,0,2,1.0,1.0,0.9724805875928615,0.0003562280908226967,False,0.009720662608742714,0.002323336433619261,0.007397326175123453,True
XGBoost,94,1366,0,2,0.5384615384615384,1.0,0.903135988862619,0.00011238642036914825,False,0.005401948466897011,0.005462002940475941,-6.00544735789299e-05,False
XGBoost,95,165,0,2,0.8181818181818182,1.0,0.9796334745508445,0.004853375256061554,False,0.02383064106106758,0.01444111205637455,0.009389529004693031,True
XGBoost,96,725,0,2,0.8181818181818182,1.0,0.9768131248274786,0.0005334243178367615,False,0.00013746647164225578,0.000745257711969316,-0.0006077912403270602,False
XGBoost,97,1433,0,2,1.0,1.0,0.9849501338165934,0.0006233155727386475,False,0.004518096335232258,0.0033110440708696842,0.0012070522643625736,True
XGBoost,98,342,0,2,0.8181818181818182,1.0,0.9418287867695594,0.010053515434265137,False,0.006796855479478836,0.005994942970573902,0.0008019125089049339,True
XGBoost,99,877,0,2,1.0,1.0,0.9166256615820363,0.017571477219462395,False,0.01315053179860115,0.011516540311276913,0.0016339914873242378,True
XGBoost,100,706,0,2,0.8181818181818182,1.0,0.9416847689113451,0.029980776831507683,False,0.005911847576498985,0.002708929358050227,0.003202918218448758,True
XGBoost,101,345,0,2,1.0,1.0,0.98877860854746,0.0009682402014732361,False,0.02911960706114769,0.014176157303154469,0.014943449757993221,True
XGBoost,102,41,0,2,1.0,1.0,0.91226912137105,0.0020871544256806374,False,0.013544686138629913,0.0017044276464730501,0.011840258724987507,True
XGBoost,103,817,0,2,0.6666666666666666,1.0,0.946281338886022,0.0027198828756809235,False,0.0010773544199764729,0.0008873706683516502,0.00018998375162482262,True
XGBoost,104,1052,0,2,0.8181818181818182,1.0,0.9488016514047743,0.0029831761494278908,False,0.10005880147218704,0.002966719912365079,0.09709208458662033,True
XGBoost,105,930,0,2,0.8181818181818182,1.0,0.9860662722177552,0.00020505418069660664,False,0.000182832358404994,0.0001767475187079981,6.084839696995914e-06,True
XGBoost,106,476,0,2,0.6666666666666666,1.0,0.956806644023859,0.004828016273677349,False,0.02251078188419342,0.0013262404827401042,0.021184541285037994,True
XGBoost,107,1439,0,2,0.8181818181818182,1.0,0.9708483851997648,1.8027378246188164e-05,False,0.0008080751867964864,0.00015690052532590926,0.0006511746905744076,True
XGBoost,108,862,0,2,0.8181818181818182,1.0,0.9815297096840008,0.00018171453848481178,False,0.030130211263895035,0.0007286096806637943,0.02940160222351551,True
XGBoost,109,1005,0,2,0.8181818181818182,1.0,0.9690841664366383,0.0038477908819913864,False,0.017704304307699203,0.0012654026504606009,0.01643890142440796,True
XGBoost,110,11,1,2,0.8181818181818182,1.0,0.9030759814216964,0.1893523931503296,False,0.3324054479598999,0.04114606976509094,0.29125937819480896,True
XGBoost,111,9,0,2,1.0,1.0,0.9506258776088236,0.11616531014442444,False,0.15158995985984802,0.0431232824921608,0.10846667736768723,True
XGBoost,112,313,0,2,1.0,1.0,0.9526421276238255,0.0072724223136901855,False,0.00302785262465477,0.008574636653065681,-0.0055467840284109116,False
XGBoost,113,1352,0,2,0.8181818181818182,1.0,0.9479975516964104,0.0009272485040128231,False,0.016430091112852097,0.001207863911986351,0.015222227200865746,True
XGBoost,114,1175,0,2,0.8181818181818182,1.0,0.9769571426856931,0.00042655179277062416,False,0.0014619138091802597,0.0014052162878215313,5.669752135872841e-05,True
XGBoost,115,1129,0,2,0.8181818181818182,1.0,0.9695642259640197,0.0015370799228549004,False,0.00015099812299013138,0.001910703838802874,-0.0017597057158127427,False
XGBoost,116,524,0,2,0.8181818181818182,1.0,0.9436890174381624,0.0016498351469635963,False,0.03825363889336586,0.0007194986683316529,0.037534140050411224,True
XGBoost,117,1205,0,2,1.0,1.0,0.9528701558993317,0.0015814825892448425,False,0.008769342675805092,0.001487551024183631,0.007281791418790817,True
XGBoost,118,176,0,2,0.8181818181818182,1.0,0.9742208033796191,0.013381906785070896,True,0.00551161915063858,0.006130910944193602,-0.0006192917935550213,False
XGBoost,119,1482,0,2,0.8181818181818182,1.0,0.9881305281854951,0.0010877521708607674,False,0.0003267396241426468,0.004386808257550001,-0.004060068633407354,False
XGBoost,120,1092,0,2,1.0,1.0,0.965015661942081,0.03374120593070984,False,0.031667858362197876,0.02812446653842926,0.0035433918237686157,True
XGBoost,121,563,0,2,0.6666666666666666,1.0,0.9414807436122081,0.0027405954897403717,False,0.022531814873218536,0.0052981022745370865,0.01723371259868145,True
XGBoost,122,967,0,2,1.0,1.0,0.9550184222843634,0.00019854912534356117,False,0.00577194569632411,0.0010244057048112154,0.004747539758682251,True
XGBoost,123,1271,0,2,0.8181818181818182,1.0,0.9333197316467242,0.04262698441743851,False,0.10201603919267654,0.012459698133170605,0.08955634385347366,True
XGBoost,124,1472,0,2,1.0,1.0,0.9635514803835676,0.00026948656886816025,False,2.3253029212355614e-05,0.0006562997004948556,-0.0006330466712825,False
XGBoost,125,464,0,2,0.6666666666666666,1.0,0.9679800295236609,0.0027533993124961853,False,0.011716329492628574,0.008669385686516762,0.0030469438061118126,True
XGBoost,126,621,0,2,0.6666666666666666,0.9,0.9670799179098208,0.0007196073420345783,False,0.004428219050168991,0.0006905178306624293,0.00373770110309124,True
XGBoost,127,1166,0,2,0.6666666666666666,0.9,0.9673919566026189,0.0029587438330054283,False,0.04896574467420578,0.003032098291441798,0.045933645218610764,True
XGBoost,128,629,0,2,0.8181818181818182,1.0,0.9812656769439412,7.587764412164688e-05,False,0.0070271664299070835,0.0003951949183829129,0.006631971336901188,True
XGBoost,129,1441,0,2,1.0,1.0,0.9563865919374003,0.00039593130350112915,False,0.0011918789241462946,0.0004385437350720167,0.0007533351890742779,True
XGBoost,130,108,0,2,0.8181818181818182,1.0,0.9700442854914011,0.0052629634737968445,False,0.010057535022497177,0.009535539895296097,0.0005219951272010803,True
XGBoost,131,549,0,2,0.8181818181818182,1.0,0.9821777900459657,0.0001176842488348484,False,0.03332095220685005,0.00025440711760893464,0.03306654468178749,True
XGBoost,132,26,0,2,0.6666666666666666,1.0,0.9648356396193128,0.016334235668182373,True,0.024080820381641388,0.0016543850069865584,0.022426435723900795,True
XGBoost,133,615,0,2,1.0,1.0,0.9864743228160293,0.00025555561296641827,False,0.0011733873980119824,7.65802469686605e-05,0.00109680718742311,True
XGBoost,134,872,0,2,1.0,1.0,0.9587028791570155,0.0008027437143027782,False,0.005532476585358381,0.001073177088983357,0.004459299612790346,True
XGBoost,135,1344,0,2,1.0,1.0,0.9677039952954167,0.023730095475912094,False,0.060612767934799194,0.011306293308734894,0.0493064746260643,True
XGBoost,136,17,0,2,0.8181818181818182,1.0,0.958510855346063,0.0011646444909274578,False,0.007767967879772186,0.001915227621793747,0.005852740257978439,True
XGBoost,137,765,0,2,0.6666666666666666,1.0,0.9624593449587748,0.007444414775818586,False,0.02181597612798214,0.0007525524124503136,0.0210634246468544,True
XGBoost,138,1231,0,2,0.8181818181818182,1.0,0.8981913757305907,0.009784727357327938,True,0.0074005816131830215,0.01251229364424944,-0.005111712031066418,False
XGBoost,139,104,0,2,1.0,1.0,0.9879265028863581,0.00040047429502010345,False,0.003220954444259405,0.0014894461492076516,0.0017315082950517535,True
XGBoost,140,268,0,2,1.0,1.0,0.9728406322383977,0.0026785284280776978,False,0.03142033517360687,0.00452205678448081,0.026898277923464775,True
XGBoost,141,1058,0,2,0.8181818181818182,0.9,0.9752529313634891,0.001115190563723445,False,0.0010431073606014252,0.0017479388043284416,-0.0007048314437270164,False
XGBoost,142,48,1,2,0.8181818181818182,1.0,0.9671159223743745,0.0035646073520183563,False,0.05363883450627327,0.003737841499969363,0.04990099370479584,True
XGBoost,143,1385,0,2,0.8181818181818182,1.0,0.9349879385043746,0.00038017332553863525,False,0.002454252913594246,0.0014262206386774778,0.001028032274916768,True
XGBoost,144,1314,0,2,1.0,1.0,0.9669959074925291,0.00045053334906697273,False,0.009555818513035774,0.0020682676695287228,0.0074875508435070515,True
XGBoost,145,1031,0,2,1.0,1.0,0.9829818897543298,0.0012555299326777458,False,0.0352630540728569,0.0011167287593707442,0.034146323800086975,True
XGBoost,146,190,0,2,0.8181818181818182,1.0,0.9638875220527346,0.00015032291412353516,False,0.17517733573913574,0.028675656765699387,0.14650167524814606,True
XGBoost,147,1456,0,2,0.6666666666666666,1.0,0.9559305353863881,0.04198373854160309,False,0.08264017850160599,0.031211012974381447,0.05142916738986969,True
XGBoost,148,989,0,2,1.0,1.0,0.9831379091007285,0.0011123972944915295,False,0.001991750206798315,0.0007167969015426934,0.0012749533634632826,True
XGBoost,149,936,0,2,1.0,1.0,0.9880945237209415,7.159635424613953e-05,False,0.006951021030545235,0.0010921023786067963,0.005858918651938438,True
XGBoost,150,1491,0,2,0.8181818181818182,1.0,0.9644755949737768,0.0004995963536202908,False,0.005155857652425766,0.0005668899393640459,0.004588967654854059,True
XGBoost,151,708,0,2,0.8181818181818182,0.9,0.9209822017930225,0.003966253250837326,True,0.06044798716902733,0.004351336508989334,0.056096650660037994,True
XGBoost,152,1543,0,2,0.8181818181818182,1.0,0.9709443971052412,0.0001034056767821312,False,0.0215444453060627,0.0028210137970745564,0.01872343197464943,True
XGBoost,153,51,0,2,0.8181818181818182,1.0,0.9781452900159621,0.010037653148174286,False,0.022314289584755898,0.009204130619764328,0.01311015896499157,True
XGBoost,154,1354,0,2,0.6666666666666666,1.0,0.9557865175281737,0.0010218992829322815,False,0.004371777642518282,0.0005481435800902545,0.0038236340042203665,True
XGBoost,155,907,0,2,1.0,1.0,0.9641395533046098,0.00020214158575981855,False,0.008468716405332088,0.00010591954924166203,0.00836279708892107,True
XGBoost,156,714,0,2,1.0,1.0,0.9699242706095555,4.0463637560606e-05,False,0.0034784297458827496,0.0003607699181884527,0.003117659827694297,True
XGBoost,157,628,0,2,0.8181818181818182,1.0,0.9743768227260182,0.00042873434722423553,False,0.03339560329914093,0.00045161909656599164,0.032943982630968094,True
XGBoost,158,1466,0,2,1.0,1.0,0.9770411531029849,0.00027703517116606236,False,0.0004159857053309679,0.0004926279070787132,-7.664220174774528e-05,False
XGBoost,159,500,0,2,1.0,1.0,0.9678840176181848,0.002587592229247093,True,0.003430761396884918,0.004461991600692272,-0.001031230203807354,False
XGBoost,160,460,0,2,1.0,1.0,0.9724685861046771,0.004895944148302078,False,0.09189005941152573,0.004835932981222868,0.08705412596464157,True
XGBoost,161,288,0,2,0.8181818181818182,1.0,0.9555824922290365,0.015782952308654785,False,0.05121896415948868,0.014596333727240562,0.036622628569602966,True
XGBoost,162,320,0,2,1.0,1.0,0.9321555872928244,0.20038896799087524,False,0.2412618100643158,0.07757067680358887,0.16369113326072693,True
XGBoost,163,1218,0,2,1.0,1.0,0.9528101484584088,0.0014340542256832123,False,0.03425353392958641,0.00627504289150238,0.02797849103808403,True
XGBoost,164,1282,0,2,1.0,1.0,0.9912149106489205,0.004318026825785637,False,0.0236667413264513,0.005528510082513094,0.018138231709599495,True
XGBoost,165,587,0,2,0.8181818181818182,1.0,0.9318675515763956,0.008514657616615295,False,0.01037808507680893,0.00445538479834795,0.0059227002784609795,True
XGBoost,166,175,0,2,0.8181818181818182,1.0,0.9638875220527346,0.008019037544727325,False,0.0070579759776592255,0.0125106330960989,-0.005452657118439674,False
XGBoost,167,1353,0,2,0.8181818181818182,1.0,0.9644035860446695,0.0007426575757563114,False,0.00017209630459547043,0.001512464601546526,-0.0013403682969510555,False
XGBoost,168,297,0,2,0.8181818181818182,1.0,0.9424168596906017,0.004601573571562767,False,0.012743942439556122,0.0074015408754348755,0.005342401564121246,True
XGBoost,169,233,0,2,0.8181818181818182,1.0,0.940916673667535,0.015303075313568115,False,0.041256457567214966,0.013859504833817482,0.027396952733397484,True
XGBoost,170,1137,0,2,0.8181818181818182,1.0,0.9089807136084876,0.0059580691158771515,False,0.018831636756658554,0.010228882543742657,0.008602754212915897,True
XGBoost,171,570,0,2,0.6666666666666666,1.0,0.96503966491845,0.007021849974989891,False,0.006928605027496815,0.0021483139134943485,0.004780291114002466,True
XGBoost,172,1095,0,2,1.0,1.0,0.964343578603747,0.015044793486595154,False,0.011924654245376587,0.008826177567243576,0.003098476678133011,True
XGBoost,173,811,0,2,0.8181818181818182,1.0,0.9822257959987039,1.9845087081193924e-05,False,0.005713335238397121,0.0005109253106638789,0.005202409811317921,True
XGBoost,174,1097,0,2,0.6666666666666666,0.9,0.943905044225484,0.007603321224451065,True,0.053034909069538116,0.003486504079774022,0.04954840615391731,True
XGBoost,175,533,0,2,1.0,1.0,0.9668758926106837,0.0007477798499166965,False,0.033601291477680206,0.001327065983787179,0.03227422386407852,True
XGBoost,176,435,0,2,1.0,1.0,0.964883645572051,0.005379561334848404,False,0.025780441239476204,0.0037486697547137737,0.022031771019101143,True
XGBoost,177,820,0,2,0.8181818181818182,1.0,0.9859942632886479,0.0004789866507053375,False,0.004765510559082031,0.002037779428064823,0.002727731131017208,True
XGBoost,178,611,0,2,0.8181818181818182,1.0,0.9652796946821407,0.003444463014602661,False,0.01073470339179039,0.005079562310129404,0.005655141081660986,True
XGBoost,179,776,0,2,0.8181818181818182,0.9,0.9092207433721783,0.009333967231214046,True,0.017277151346206665,0.0020083324052393436,0.015268819406628609,True
XGBoost,180,219,0,2,0.8181818181818182,1.0,0.971904516160004,0.008476346731185913,False,0.08460003137588501,0.019821861758828163,0.064778171479702,True
XGBoost,181,96,1,2,1.0,1.0,0.9775332141185508,0.04717397689819336,False,0.26959896087646484,0.03547324985265732,0.23412570357322693,True
XGBoost,182,1213,0,2,0.8181818181818182,1.0,0.9438690397609303,0.00022348458878695965,False,0.0006624998059123755,0.0005139842396602035,0.000148515566252172,True
XGBoost,183,1212,0,2,1.0,1.0,0.9158695678264106,0.0015455430839210749,False,0.003748219460248947,0.001185878529213369,0.0025623408146202564,True
XGBoost,184,23,1,2,0.8181818181818182,1.0,0.9315795158599667,0.00859919935464859,False,0.014719851315021515,0.0076070381328463554,0.0071128131821751595,True
XGBoost,185,336,1,2,0.8181818181818182,1.0,0.9789013837715878,0.026527538895606995,False,0.15715892612934113,0.01480926014482975,0.14234966039657593,True
XGBoost,186,1305,0,2,0.6666666666666666,0.9,0.898803451628002,0.01959693431854248,True,0.0008673779666423798,0.007531554903835058,-0.0066641769371926785,False
XGBoost,187,914,1,2,0.6666666666666666,1.0,0.9028119486816366,0.010253680869936943,False,0.014916839078068733,0.00972921121865511,0.005187627859413624,True
XGBoost,188,1382,0,2,0.8181818181818182,1.0,0.9610671723293689,0.0008599753491580486,False,0.000892044510692358,0.0009015902178362012,-9.545707143843174e-06,False
XGBoost,189,1334,0,2,0.8181818181818182,1.0,0.954022298765047,0.0014344267547130585,False,0.007191147655248642,0.002484862692654133,0.004706284962594509,True
XGBoost,190,515,0,2,0.6666666666666666,1.0,0.9010597314066945,0.017574623227119446,False,0.19966252148151398,0.03487998992204666,0.16478252410888672,True
XGBoost,191,325,0,2,0.8181818181818182,1.0,0.9484176037828691,0.03392285481095314,False,0.028537359088659286,0.014530906453728676,0.01400645263493061,True
XGBoost,192,44,0,2,1.0,1.0,0.9156055350863508,0.02642613649368286,False,0.49647533893585205,0.04022970050573349,0.45624563097953796,True
XGBoost,193,458,0,2,0.8181818181818182,1.0,0.9595189803535639,0.0006151683628559113,False,0.002437697723507881,0.0019818320870399475,0.00045586563646793365,True
XGBoost,194,846,0,2,0.8181818181818182,1.0,0.9780372766223012,0.004252495244145393,True,0.00015617907047271729,0.0034501366317272186,-0.0032939575612545013,False
XGBoost,195,1103,0,2,0.8181818181818182,1.0,0.9337997911741056,0.011851489543914795,False,0.047498494386672974,0.009623264893889427,0.0378752276301384,True
XGBoost,196,1528,0,2,0.8181818181818182,1.0,0.9828138689197461,9.745208080857992e-05,False,0.009934891946613789,0.00011417306814109907,0.009820719249546528,True
XGBoost,197,1123,0,2,0.6666666666666666,1.0,0.9510219267189133,0.0068320007994771,False,0.012013056315481663,0.0012876943219453096,0.010725362226366997,True
XGBoost,198,1098,0,2,1.0,1.0,0.9803295608655475,0.0008290966507047415,False,0.0030316694173961878,0.0012305433629080653,0.0018011260544881225,True
XGBoost,199,1034,0,2,1.0,1.0,0.9654957214694623,0.000565703958272934,False,0.007092802785336971,0.0012321341782808304,0.005860668607056141,True
XGBoost,200,397,0,2,1.0,1.0,0.9640795458636872,0.0041969772428274155,False,0.004507424309849739,0.003742418484762311,0.0007650058250874281,True
XGBoost,201,705,0,2,0.5384615384615384,0.9,0.9488016514047743,0.0007227011956274509,False,0.0013622709084302187,0.00018122410983778536,0.0011810468276962638,True
XGBoost,202,434,0,2,0.8181818181818182,1.0,0.9088847017030113,0.006178468465805054,False,0.06767181307077408,0.018118841573596,0.04955296963453293,True
XGBoost,203,1259,0,2,0.8181818181818182,1.0,0.932215594733747,0.005488595925271511,False,0.08373438566923141,0.004370065871626139,0.07936432212591171,True
XGBoost,204,392,1,2,0.8181818181818182,1.0,0.9395965099672359,0.013740330934524536,True,0.015079555101692677,0.008275044150650501,0.006804510951042175,True
XGBoost,205,215,0,2,0.6666666666666666,1.0,0.9336917777804449,0.10332468152046204,False,0.35040658712387085,0.02726072072982788,0.32314586639404297,True
XGBoost,206,666,0,2,0.8181818181818182,1.0,0.9797774924090589,0.0008644815534353256,False,0.040321238338947296,0.0008184122852981091,0.0395028255879879,True
XGBoost,207,1204,0,2,1.0,1.0,0.9695642259640197,0.019410260021686554,False,0.042402125895023346,0.026684070006012917,0.01571805588901043,True
XGBoost,208,121,0,2,0.8181818181818182,1.0,0.9818297468886142,0.01530998945236206,False,0.01216404139995575,0.016760358586907387,-0.004596317186951637,False
XGBoost,209,953,0,2,0.6666666666666666,0.9,0.9540943076941542,0.0031230496242642403,False,0.020543940365314484,0.0006965886568650603,0.01984735205769539,True
XGBoost,210,153,0,2,0.8181818181818182,1.0,0.9817337349831381,0.007180236279964447,False,0.08000252395868301,0.02415265515446663,0.055849868804216385,True
XGBoost,211,1446,0,2,0.8181818181818182,1.0,0.9817337349831381,0.0037473677657544613,False,0.028941556811332703,0.0018959786975756288,0.02704557776451111,True
XGBoost,212,766,0,2,0.8181818181818182,1.0,0.9720965399709565,0.0058504268527030945,False,0.02986803837120533,0.008573092520236969,0.02129494585096836,True
XGBoost,213,455,0,2,0.8181818181818182,1.0,0.9778212498349796,0.0038394518196582794,False,0.006376500241458416,0.0012423346051946282,0.00513416575267911,True
XGBoost,214,1249,0,2,1.0,1.0,0.9791894194880165,0.0038036219775676727,False,0.03202604129910469,0.010905270464718342,0.021120771765708923,True
XGBoost,215,1116,0,2,1.0,1.0,0.9732006768839336,0.0003183893859386444,False,0.003847625106573105,0.006270747631788254,-0.002423122525215149,False
XGBoost,216,383,0,2,0.8181818181818182,1.0,0.9274149994599332,0.003713107667863369,False,0.022085651755332947,0.002249903744086623,0.01983574777841568,True
XGBoost,217,1033,0,2,0.6666666666666666,1.0,0.9486936380111134,0.011105824261903763,False,0.018732333555817604,0.005191897042095661,0.013540436513721943,True
XGBoost,218,170,0,2,0.6666666666666666,1.0,0.9277630426172846,0.03909394145011902,False,0.27809664607048035,0.0926344096660614,0.18546223640441895,True
XGBoost,219,1367,0,2,0.8181818181818182,1.0,0.9758410042845314,0.0023146504536271095,False,0.0009143175557255745,0.0023201140575110912,-0.0014057965017855167,False
XGBoost,220,887,0,2,1.0,1.0,0.9915509523180874,0.0004647383466362953,False,0.013997429981827736,0.0018223099177703261,0.012175120413303375,True
XGBoost,221,1073,0,2,1.0,1.0,0.9844340698246583,2.7796137146651745e-05,False,0.003882142249494791,0.0005836378550156951,0.003298504278063774,True
XGBoost,222,1565,0,2,0.6666666666666666,1.0,0.9584508479051403,0.0020568021573126316,False,0.010395403951406479,0.0011732124257832766,0.009222191758453846,True
XGBoost,223,216,0,2,0.8181818181818182,1.0,0.9500978121287039,0.012303754687309265,False,0.009436339139938354,0.025594055652618408,-0.016157716512680054,False
XGBoost,224,1184,0,2,1.0,1.0,0.9757569938672397,0.0060144346207380295,False,0.008679598569869995,0.002536635147407651,0.006142963655292988,True
XGBoost,225,1,0,2,0.6666666666666666,1.0,0.8948069560625518,0.004016757011413574,False,0.02325446903705597,0.011065100319683552,0.012189368717372417,True
XGBoost,226,1150,0,2,1.0,1.0,0.9350599474334818,0.0010767974890768528,False,0.0003717578947544098,0.0008243502234108746,-0.0004525923286564648,False
XGBoost,227,582,0,2,0.8181818181818182,1.0,0.9664078345714869,0.013474933803081512,False,0.02174963429570198,0.005451054312288761,0.016298580914735794,True
XGBoost,228,1191,0,2,0.8181818181818182,1.0,0.9353479831499106,0.014113597571849823,False,0.050985559821128845,0.021230753511190414,0.02975480630993843,True
XGBoost,229,1398,0,2,0.8181818181818182,1.0,0.9818057439122451,0.0053984299302101135,False,0.0035651391372084618,0.0014681941829621792,0.0020969449542462826,True
XGBoost,230,876,0,2,0.8181818181818182,1.0,0.9747368673715542,0.00032146601006388664,False,0.011464803479611874,0.0005827065324410796,0.01088209729641676,True
XGBoost,231,956,0,2,1.0,1.0,0.9897507290904073,9.545125067234039e-05,False,0.002498163376003504,0.001372310216538608,0.0011258531594648957,True
XGBoost,232,1375,0,2,0.8181818181818182,1.0,0.9576467481967765,0.0025127287954092026,False,0.0019139144569635391,0.002374462317675352,-0.000460547860711813,False
XGBoost,233,712,0,2,1.0,1.0,0.973608727482208,0.0012525571510195732,False,0.0037767193280160427,0.0013889319961890578,0.002387787215411663,True
XGBoost,234,231,1,2,0.6666666666666666,0.9,0.9130852225675985,0.002219561953097582,False,0.0008478793315589428,0.0012604149524122477,-0.00041253562085330486,False
XGBoost,235,569,0,2,0.8181818181818182,1.0,0.9719165176481884,0.0057472847402095795,False,0.027069300413131714,0.0030828951857984066,0.02398640476167202,True
XGBoost,236,1219,0,2,0.8181818181818182,0.9,0.9349999399925591,0.012146038003265858,True,0.007072125561535358,0.002752773929387331,0.004319351632148027,True
XGBoost,237,868,0,2,0.8181818181818182,1.0,0.9502058255223649,0.005275167524814606,True,0.001879093237221241,0.002826168667525053,-0.000947075430303812,False
XGBoost,238,769,0,2,1.0,1.0,0.9778572542995332,0.0019231438636779785,False,0.024466294795274734,0.010678539983928204,0.013787754811346531,True
XGBoost,239,1254,1,2,0.8181818181818182,0.9,0.9514059743408183,0.07192322611808777,False,0.07553528249263763,0.037378717213869095,0.03815656527876854,True
XGBoost,240,658,0,2,1.0,1.0,0.9731406694430111,0.015549667179584503,False,0.015401123091578484,0.010464607737958431,0.004936515353620052,True
XGBoost,241,1189,1,2,0.8181818181818182,0.9,0.9599270309518382,0.0009533846750855446,False,0.017073146998882294,0.0014158075209707022,0.015657339245080948,True
XGBoost,242,866,0,2,0.8181818181818182,1.0,0.9264548804051703,0.0013119159266352654,False,0.047877393662929535,0.0012691924348473549,0.046608202159404755,True
XGBoost,243,1049,0,2,0.8181818181818182,1.0,0.9703203197196454,0.0011912807822227478,False,0.0706985667347908,0.003423921763896942,0.06727464497089386,True
XGBoost,244,939,0,2,0.6666666666666666,1.0,0.9798374998499816,0.0001563092228025198,False,0.012547923251986504,0.000338777550496161,0.012209145352244377,True
XGBoost,245,535,0,2,1.0,0.9,0.971928519136373,0.012751210480928421,False,0.015275850892066956,0.020752334967255592,-0.005476484075188637,False
XGBoost,246,545,0,2,1.0,1.0,0.9775452156067352,0.0009641624055802822,False,0.034173134714365005,0.0010938027407974005,0.03307933360338211,True
XGBoost,247,627,0,2,0.6666666666666666,1.0,0.9375562569758651,0.02622785046696663,False,0.013345728628337383,0.004258462227880955,0.009087266400456429,True
XGBoost,248,18,0,2,0.8181818181818182,1.0,0.977401197748521,0.006239153444766998,False,0.01288669928908348,0.006002301815897226,0.0068843974731862545,True
XGBoost,249,238,1,2,1.0,1.0,0.9667078717761004,0.05720633268356323,False,0.35320836305618286,0.045234013348817825,0.30797433853149414,True
XGBoost,250,1351,0,2,0.8181818181818182,0.9,0.9732726858130409,0.002835339866578579,False,0.004255140200257301,0.001825804472900927,0.002429335843771696,True
XGBoost,251,1245,0,2,0.8181818181818182,1.0,0.9658317631386292,0.002589046023786068,False,0.02269516885280609,0.0017555247759446502,0.020939644426107407,True
XGBoost,252,1552,0,2,1.0,1.0,0.9918029835699627,0.0013196039944887161,False,0.09623859822750092,0.001540053985081613,0.09469854086637497,True
XGBoost,253,1431,0,2,0.8181818181818182,1.0,0.9703443226960142,0.0024452991783618927,False,0.04388365522027016,0.013159203343093395,0.030724450945854187,True
XGBoost,254,698,0,2,0.6666666666666666,1.0,0.9643555800919315,0.0007906262762844563,False,0.007214021869003773,0.000944166153203696,0.0062698558904230595,True
XGBoost,255,25,0,2,1.0,1.0,0.9752529313634891,0.0036118216812610626,False,0.011018056422472,0.006916406564414501,0.004101649858057499,True
XGBoost,256,1377,0,2,0.8181818181818182,1.0,0.8894902967968029,0.006873952224850655,True,0.012864263728260994,0.006448107771575451,0.006416155956685543,True
XGBoost,257,630,0,2,1.0,1.0,0.9347479087406839,0.0011306889355182648,False,0.00526982918381691,0.002412238623946905,0.0028575905598700047,True
XGBoost,258,1237,0,2,0.8181818181818182,1.0,0.9722885637819091,0.0003665070980787277,False,0.007157750427722931,0.0027712297160178423,0.004386520944535732,True
XGBoost,259,442,0,2,0.6666666666666666,1.0,0.959206941660766,0.003824370913207531,False,0.007833726704120636,0.0032176717650145292,0.004616054706275463,True
XGBoost,260,837,0,2,0.8181818181818182,1.0,0.9575147318267465,0.002702591009438038,False,0.006139621138572693,0.0013320056023076177,0.004807615652680397,True
XGBoost,261,450,0,2,1.0,1.0,0.9579227824250208,0.006060728803277016,False,0.001384662464261055,0.0019747826736420393,-0.0005901202093809843,False
XGBoost,262,754,0,2,0.6666666666666666,1.0,0.9486936380111134,0.006121443584561348,True,0.011786336079239845,0.0035524708218872547,0.008233865723013878,True
XGBoost,263,130,0,2,1.0,1.0,0.9522100740491822,0.003776775673031807,False,0.1628173589706421,0.0036300444044172764,0.15918731689453125,True
XGBoost,264,399,0,2,1.0,1.0,0.949401725814001,0.0010520790237933397,False,0.020279789343476295,0.0007424115901812911,0.01953737810254097,True
XGBoost,265,149,0,2,1.0,1.0,0.9875304537762684,0.012955620884895325,False,0.08791893720626831,0.023880409076809883,0.06403852999210358,True
XGBoost,266,818,0,2,0.6666666666666666,1.0,0.9693842036412517,0.001499570906162262,False,0.004672108218073845,0.0010156809585168958,0.003656427375972271,True
XGBoost,267,496,0,2,0.6666666666666666,0.9,0.9518500294036462,0.0021933652460575104,False,0.006389760412275791,0.0016755405813455582,0.004714219830930233,True
XGBoost,268,748,0,2,0.8181818181818182,1.0,0.9777252379295034,0.0018794792704284191,False,0.011789734475314617,0.000998575589619577,0.010791159234941006,True
XGBoost,269,893,0,2,0.6666666666666666,1.0,0.9262868595705868,0.005218818783760071,True,0.014478817582130432,0.004162279423326254,0.010316537693142891,True
XGBoost,270,912,0,2,0.8181818181818182,1.0,0.9545503642451666,0.003732966259121895,False,0.10700495541095734,0.003019660711288452,0.10398529469966888,True
XGBoost,271,1162,0,2,0.8181818181818182,1.0,0.9668758926106837,0.002830183133482933,False,0.01424214243888855,0.002894593868404627,0.01134754903614521,True
XGBoost,272,840,0,2,0.6666666666666666,1.0,0.9668758926106837,0.022823918610811234,False,0.016667935997247696,0.008631890639662743,0.008036045357584953,True
XGBoost,273,707,0,2,0.42857142857142855,0.9,0.941840788257744,0.007098829373717308,True,0.05412585660815239,0.0041448939591646194,0.04998096078634262,True
XGBoost,274,1134,0,2,0.8181818181818182,1.0,0.9540703047177851,0.0002212580293416977,False,0.00730657484382391,0.001742223626933992,0.005564351100474596,True
XGBoost,275,1477,0,2,0.6666666666666666,1.0,0.9704763390660444,0.0009029810316860676,False,0.005152243655174971,0.0010542618110775948,0.004097981844097376,True
XGBoost,276,50,1,2,0.8181818181818182,1.0,0.9311474622853234,0.007749874144792557,False,0.027327515184879303,0.010781927034258842,0.01654558815062046,True
XGBoost,277,1345,0,2,0.5384615384615384,1.0,0.9004596569974678,0.00017058709636330605,False,0.005856590811163187,0.0019689458422362804,0.0038876449689269066,True
XGBoost,278,459,0,2,0.8181818181818182,1.0,0.9814096948021556,0.0015747146680951118,False,0.006021547131240368,0.00209438381716609,0.003927163314074278,True
XGBoost,279,1316,0,2,0.8181818181818182,1.0,0.9855622097140047,0.00036051124334335327,False,0.015853436663746834,0.007974458858370781,0.007878977805376053,True
XGBoost,280,1421,0,2,1.0,1.0,0.9830538986834368,8.107011672109365e-05,False,0.0004291338846087456,0.00024623231729492545,0.00018290156731382012,True
XGBoost,281,571,0,2,0.8181818181818182,1.0,0.986786361508827,0.0010579116642475128,False,0.02079133316874504,0.003613781649619341,0.017177551984786987,True
XGBoost,282,816,0,2,0.6666666666666666,1.0,0.9632994491316924,0.0009274939075112343,False,0.0012947134673595428,0.0011333886068314314,0.00016132486052811146,True
XGBoost,283,795,1,2,0.8181818181818182,1.0,0.970560349483336,0.0012879017740488052,False,0.0023493063636124134,0.0011110171908512712,0.0012382891727611423,True
XGBoost,284,344,1,2,0.8181818181818182,1.0,0.9721445459236947,0.004209392704069614,False,0.0061518470756709576,0.0018026247853413224,0.004349222406744957,True
XGBoost,285,1094,0,2,0.6666666666666666,1.0,0.9566146202129064,0.04634609818458557,False,0.019632652401924133,0.02061604894697666,-0.0009833965450525284,False
XGBoost,286,1390,0,2,0.8181818181818182,1.0,0.9529061603638852,0.007167202420532703,False,0.007069328799843788,0.0016598498914390802,0.0054094791412353516,True
XGBoost,287,847,0,2,0.8181818181818182,1.0,0.9673199476735116,0.012564744800329208,False,0.03086361289024353,0.009126583114266396,0.021737029775977135,True
XGBoost,288,461,0,2,0.8181818181818182,1.0,0.9573827154567167,0.004739386960864067,False,0.014863001182675362,0.006622813642024994,0.008240187540650368,True
XGBoost,289,1138,0,2,0.8181818181818182,1.0,0.9781572915041467,4.379916936159134e-05,False,0.036805566400289536,0.004214705433696508,0.03259086236357689,True
XGBoost,290,1004,0,2,0.8181818181818182,1.0,0.9826938540379009,0.00017533847130835056,False,0.008336234837770462,0.00022701287525705993,0.008109222166240215,True
XGBoost,291,674,0,2,1.0,1.0,0.987230416571655,0.008411960676312447,False,0.019953258335590363,0.004675763659179211,0.015277494676411152,True
XGBoost,292,1336,0,2,0.6666666666666666,0.9,0.8973152670931196,0.01101362518966198,False,0.007962401956319809,0.004987973719835281,0.0029744282364845276,True
XGBoost,293,331,0,2,0.8181818181818182,1.0,0.9051042329248827,0.0022179149091243744,False,0.028305508196353912,0.0017964618746191263,0.02650904655456543,True
XGBoost,294,1424,0,2,0.6666666666666666,1.0,0.9583788389760332,0.005325356498360634,False,0.0022710924968123436,0.0008229321101680398,0.0014481603866443038,True
XGBoost,295,1272,0,2,0.8181818181818182,1.0,0.9708843896643184,0.04168963432312012,False,0.7186903953552246,0.0494685173034668,0.6692218780517578,True
XGBoost,296,520,0,2,0.6666666666666666,1.0,0.9238745604454952,0.007507285103201866,False,0.01759607531130314,0.004507944919168949,0.01308813039213419,True
XGBoost,297,1268,0,2,0.8181818181818182,1.0,0.9771011605439075,0.003971763886511326,False,0.008743148297071457,0.0031872191466391087,0.005555929150432348,True
XGBoost,298,850,0,2,0.6666666666666666,1.0,0.9807496129520062,0.0009460733272135258,False,0.005591986700892448,0.0004471068677958101,0.005144879687577486,True
XGBoost,299,228,0,2,1.0,1.0,0.9751089135052746,0.0504036545753479,False,0.40464162826538086,0.060108739882707596,0.34453287720680237,True
XGBoost,300,947,0,2,1.0,1.0,0.9764170757173891,0.00016713689547032118,False,0.01876317337155342,0.00017728391685523093,0.018585888668894768,True
XGBoost,301,678,0,2,1.0,1.0,0.9800895311018567,0.0004677507095038891,False,0.013881642371416092,0.0017635843250900507,0.012118058279156685,True
XGBoost,302,932,0,2,0.8181818181818182,1.0,0.9756009745208406,6.894534453749657e-05,False,0.00032751867547631264,0.0010046228999271989,-0.0006771042244508862,False
XGBoost,303,242,0,2,1.0,1.0,0.9279550664282371,0.013219088315963745,False,0.41243356466293335,0.03173679858446121,0.38069677352905273,True
XGBoost,304,652,0,2,1.0,1.0,0.9616312422740421,0.03406360745429993,False,0.32854366302490234,0.035127900540828705,0.29341575503349304,True
XGBoost,305,234,0,2,0.8181818181818182,1.0,0.9608871500066009,0.00212984811514616,False,0.032694846391677856,0.0047857025638222694,0.02790914475917816,True
XGBoost,306,1226,0,2,0.6666666666666666,1.0,0.96490764854842,0.12674877047538757,False,0.41930529475212097,0.028819501399993896,0.3904857933521271,True
XGBoost,307,753,0,2,0.8181818181818182,1.0,0.9849261308402243,3.4457771107554436e-05,False,0.003198888385668397,0.0003232136368751526,0.0028756747487932444,True
XGBoost,308,713,0,2,0.8181818181818182,1.0,0.9610071648884463,0.001165473833680153,False,0.012199305929243565,0.004247437696903944,0.007951868698000908,True
XGBoost,309,174,0,2,1.0,0.9,0.9306073953170194,0.013054069131612778,False,0.023694079369306564,0.0031995163299143314,0.02049456350505352,True
XGBoost,310,1309,0,2,0.8181818181818182,1.0,0.9671999327916664,0.0031496137380599976,False,0.02800517901778221,0.013589873909950256,0.014415305107831955,True
XGBoost,311,1333,0,2,0.6666666666666666,1.0,0.9214142553676657,0.030065760016441345,False,0.03816878795623779,0.021767737343907356,0.016401050612330437,True
XGBoost,312,972,0,2,0.6666666666666666,1.0,0.9070964799635155,0.00011573918163776398,False,0.011862751096487045,0.0013138910289853811,0.01054885983467102,True
XGBoost,313,1037,0,2,0.8181818181818182,1.0,0.9014677820049687,0.002544158138334751,False,0.0010252948850393295,0.0013573450269177556,-0.0003320501418784261,False
XGBoost,0,246,0,3,1.0,1.0,0.9863423064459994,0.0016729244962334633,False,0.02172294445335865,0.004377673380076885,0.01734527200460434,True
XGBoost,1,1315,0,3,0.8181818181818182,1.0,0.9696482363813113,0.0012091835960745811,False,0.006093291565775871,0.0025133430026471615,0.00357994856312871,True
XGBoost,2,444,0,3,1.0,1.0,0.9516940100572472,0.006660744547843933,False,0.022541824728250504,0.007161655463278294,0.01538016926497221,True
XGBoost,3,296,0,3,1.0,1.0,0.9836299701162945,0.0012982990592718124,False,0.0004890793934464455,0.002832551719620824,-0.0023434723261743784,False
XGBoost,4,1295,0,3,1.0,1.0,0.9793934447871537,5.076918751001358e-05,False,0.0013488586992025375,0.002777619520202279,-0.0014287608209997416,False
XGBoost,5,1239,0,3,0.8181818181818182,1.0,0.9314835039544905,0.002816128544509411,False,0.0015872083604335785,0.0009402621653862298,0.0006469461950473487,True
XGBoost,6,1432,0,3,0.8181818181818182,0.9,0.9556545011581438,0.0010412305127829313,False,0.0095716193318367,0.00027337943902239203,0.009298239834606647,True
XGBoost,7,973,0,3,0.8181818181818182,1.0,0.9321555872928244,0.00109424302354455,False,0.018652210012078285,0.0010612657060846686,0.017590943723917007,True
XGBoost,8,283,0,3,0.8181818181818182,1.0,0.9300433253723461,5.0906091928482056e-06,False,0.000954698771238327,0.004860673565417528,-0.003905974794179201,False
XGBoost,9,553,0,3,0.6666666666666666,1.0,0.95561849669359,0.002341269515454769,False,0.008574485778808594,0.0015225399984046817,0.00705194566398859,True
XGBoost,10,726,0,3,0.8181818181818182,1.0,0.9811216590857267,0.0006962227635085583,False,0.0022414415143430233,0.000575057347305119,0.0016663841670379043,True
XGBoost,11,1122,0,3,0.8181818181818182,1.0,0.9678840176181848,0.00013726856559515,False,0.008327795192599297,0.0008024816634133458,0.007525313645601273,True
XGBoost,12,1274,0,3,0.8181818181818182,1.0,0.9758290027963468,0.001498393714427948,False,0.016438623890280724,0.004001820459961891,0.012436803430318832,True
XGBoost,13,337,0,3,1.0,1.0,0.9770291516148003,0.0008988906629383564,False,0.00681866891682148,0.0007840952021069825,0.006034573540091515,True
XGBoost,14,512,0,3,0.8181818181818182,1.0,0.9882265400909713,0.0002564634196460247,False,0.003929717931896448,0.0003132341371383518,0.0036164838820695877,True
XGBoost,15,792,0,3,0.6666666666666666,1.0,0.9763690697646509,0.0010822908952832222,False,0.030681198462843895,0.001750547788105905,0.028930651023983955,True
XGBoost,16,643,0,3,0.8181818181818182,1.0,0.9493897243258164,0.002936912700533867,True,0.00115295872092247,0.0021434861700981855,-0.0009905274491757154,False
XGBoost,17,1032,0,3,0.6666666666666666,1.0,0.9633354535962461,0.0017810817807912827,False,0.011750767938792706,0.0018356984946876764,0.009915069676935673,True
XGBoost,18,1396,0,3,1.0,1.0,0.9687481247674712,0.0004950400907546282,False,0.002091753762215376,0.0008218185976147652,0.0012699351646006107,True
XGBoost,19,959,0,3,0.8181818181818182,1.0,0.9005316659265749,0.0033018742688000202,False,0.004189766012132168,0.0012410597410053015,0.0029487062711268663,True
XGBoost,20,1525,0,3,0.6666666666666666,1.0,0.9552824550244231,0.0001589832827448845,False,0.0069692498072981834,0.0013238601386547089,0.005645389668643475,True
XGBoost,21,1442,0,3,1.0,1.0,0.9641155503282408,4.965317202731967e-05,False,0.00369179155677557,0.00015786424046382308,0.003533927258104086,True
XGBoost,22,264,0,3,0.8181818181818182,1.0,0.9828018674315615,0.0006198547780513763,False,0.004265110939741135,0.004486090503633022,-0.00022097956389188766,False
XGBoost,23,1541,0,3,0.8181818181818182,1.0,0.9802335489600711,0.000635071424767375,False,0.0003148633986711502,0.001489025424234569,-0.0011741620255634189,False
XGBoost,24,1529,0,3,1.0,1.0,0.9897387276022227,6.089732050895691e-05,False,0.00013138889335095882,0.0001179447426693514,1.3444150681607425e-05,True
XGBoost,25,798,0,3,0.8181818181818182,1.0,0.9257227896259137,0.053583741188049316,False,0.20868128538131714,0.0715532898902893,0.13712799549102783,True
XGBoost,26,1208,0,3,0.8181818181818182,1.0,0.9544063463869521,0.0019936561584472656,False,0.023273911327123642,0.019220421090722084,0.004053490236401558,True
XGBoost,27,1474,0,3,1.0,1.0,0.9844700742892118,0.0008849557489156723,False,0.002218062523752451,0.000473344320198521,0.0017447181744500995,True
XGBoost,28,1493,0,3,0.8181818181818182,1.0,0.9654717184930932,0.0005672895349562168,False,0.0030324894469231367,0.0003176172322127968,0.0027148721273988485,True
XGBoost,29,1142,0,3,1.0,1.0,0.9561945681264478,0.0010827933438122272,False,0.019919976592063904,0.002050878945738077,0.017869098111987114,True
XGBoost,30,530,0,3,0.8181818181818182,1.0,0.9551864431189467,0.0010567503049969673,False,0.0015271063894033432,0.0011399833019822836,0.0003871230874210596,True
XGBoost,31,116,0,3,1.0,1.0,0.9548984074025179,0.015360187739133835,True,0.028356818482279778,0.004079777747392654,0.024277040734887123,True
XGBoost,32,527,0,3,0.8181818181818182,1.0,0.8881821345846885,0.002461538650095463,False,0.002679990604519844,0.0016581524396315217,0.0010218381648883224,True
XGBoost,33,1036,0,3,1.0,1.0,0.9667558777288385,0.002676241099834442,False,0.022847266867756844,0.007826910354197025,0.015020356513559818,True
XGBoost,34,834,0,3,0.8181818181818182,1.0,0.9647156247374675,0.005614539608359337,False,0.014282576739788055,0.0036765479017049074,0.010606029070913792,True
XGBoost,35,865,0,3,0.8181818181818182,1.0,0.9662518152250881,0.0011605685576796532,False,0.01183988805860281,0.0011008487781509757,0.0107390396296978,True
XGBoost,36,232,0,3,0.8181818181818182,1.0,0.8996195528245503,0.013807699084281921,False,0.14303113520145416,0.022102098912000656,0.12092903256416321,True
XGBoost,37,154,1,3,0.6666666666666666,1.0,0.9520660561909677,0.005978001281619072,False,0.05000809580087662,0.0024086921475827694,0.04759940505027771,True
XGBoost,38,140,0,3,0.8181818181818182,0.9,0.9327316587256821,0.007599206641316414,True,0.015417147427797318,0.001856855466030538,0.013560292311012745,True
XGBoost,39,1360,0,3,1.0,1.0,0.9686641143501796,0.0015404378063976765,False,0.009760256856679916,0.0003722427354659885,0.009388013742864132,True
XGBoost,40,903,0,3,0.8181818181818182,1.0,0.9454172317367354,0.0007751577068120241,False,0.004815925844013691,0.0005766677786596119,0.004239257890731096,True
XGBoost,41,1479,0,3,0.6666666666666666,1.0,0.9756129760090252,0.003667522221803665,False,0.026415955275297165,0.001673464896157384,0.02474248968064785,True
XGBoost,42,1283,0,3,0.6666666666666666,0.9,0.9249906988466571,0.002831095829606056,False,0.013080962002277374,0.003378313733264804,0.009702648036181927,True
XGBoost,43,1498,0,3,0.6666666666666666,1.0,0.947721517468166,0.004705362021923065,False,0.008203767240047455,0.0031577192712575197,0.005046048201620579,True
XGBoost,44,1156,0,3,1.0,1.0,0.9836539730926636,0.003772968426346779,False,0.0019730348140001297,0.002502682153135538,-0.0005296473391354084,False
XGBoost,45,1563,0,3,0.8181818181818182,1.0,0.9661918077841654,0.0002786470577120781,False,0.015171357430517673,0.0016567459097132087,0.01351461187005043,True
XGBoost,46,954,0,3,1.0,1.0,0.9891986606339187,0.000683327903971076,False,0.012782351113855839,0.0012927219504490495,0.011489628814160824,True
XGBoost,47,1090,0,3,0.8181818181818182,1.0,0.9800895311018567,0.015350237488746643,False,0.019631829112768173,0.005374799482524395,0.014257029630243778,True
XGBoost,48,1478,0,3,0.8181818181818182,1.0,0.9410846945021183,9.743653936311603e-05,False,0.0006387758767232299,0.00019998164498247206,0.0004387942317407578,True
XGBoost,49,390,0,3,1.0,1.0,0.9892466665866568,6.195931928232312e-05,False,0.005098267458379269,0.0003235068288631737,0.004774760454893112,True
XGBoost,50,440,0,3,0.8181818181818182,1.0,0.977245178402122,0.00016394397243857384,False,0.004326860420405865,0.00038955375202931464,0.003937306813895702,True
XGBoost,51,258,0,3,0.8181818181818182,1.0,0.9392724697862536,0.007413892075419426,False,0.02382868342101574,0.0056829736568033695,0.018145710229873657,True
XGBoost,52,255,0,3,0.8181818181818182,1.0,0.9718685116954503,0.0023038480430841446,False,0.015206139534711838,0.004629907198250294,0.010576232336461544,True
XGBoost,53,369,0,3,0.8181818181818182,1.0,0.9127971868511696,0.002886406145989895,False,0.0020027756690979004,0.0015715372283011675,0.0004312384407967329,True
XGBoost,54,786,0,3,0.8181818181818182,1.0,0.9188579383843597,0.02279812842607498,False,0.07961960136890411,0.01928836479783058,0.06033123657107353,True
XGBoost,55,1106,0,3,1.0,1.0,0.9777252379295034,0.001011834479868412,False,0.002226627431809902,0.0017228620126843452,0.000503765419125557,True
XGBoost,56,62,1,3,0.8181818181818182,1.0,0.9868223659733808,0.006158154457807541,False,0.0045195892453193665,0.00944930873811245,-0.004929719492793083,False
XGBoost,57,1448,0,3,1.0,1.0,0.9707403718061041,0.000529557466506958,False,0.008964127860963345,0.0004180776886641979,0.008546050637960434,True
XGBoost,58,187,0,3,1.0,1.0,0.9495577451604,0.04860407114028931,False,0.5433672666549683,0.030276775360107422,0.5130904912948608,True
XGBoost,59,1027,0,3,0.6666666666666666,0.9,0.9288911825066309,0.011833250522613525,False,0.08384393155574799,0.04120920971035957,0.04263472184538841,True
XGBoost,60,1242,1,3,0.8181818181818182,1.0,0.912581160063848,0.00667746365070343,False,0.08487467467784882,0.029023919254541397,0.05585075542330742,True
XGBoost,61,693,0,3,1.0,1.0,0.9646076113438068,8.090888150036335e-05,False,0.012689132243394852,0.0002675179566722363,0.012421614490449429,True
XGBoost,62,141,0,3,0.8181818181818182,1.0,0.9518980353563843,0.015609625726938248,True,0.016539406031370163,0.002625157590955496,0.01391424797475338,True
XGBoost,63,1236,0,3,1.0,1.0,0.9743048137969109,0.0009323246777057648,False,0.004052961245179176,0.003824001643806696,0.0002289596013724804,True
XGBoost,64,79,0,3,0.8181818181818182,1.0,0.9542383255523685,0.01251056045293808,False,0.0055665746331214905,0.006830565631389618,-0.0012639909982681274,False
XGBoost,65,195,0,3,0.8181818181818182,1.0,0.9555464877644829,0.00274832546710968,False,0.05705355107784271,0.03505932539701462,0.021994225680828094,True
XGBoost,66,1411,0,3,0.8181818181818182,1.0,0.9673799551144343,0.0004208330065011978,False,0.0034332023933529854,0.0013719173148274422,0.002061285078525543,True
XGBoost,67,730,0,3,0.8181818181818182,1.0,0.9751689209461973,5.695241270586848e-05,False,0.0010659722611308098,0.00013995992776472121,0.0009260123479180038,True
XGBoost,68,1397,0,3,0.8181818181818182,1.0,0.9699002676331866,0.012081176042556763,False,0.07516666501760483,0.015867527574300766,0.05929913744330406,True
XGBoost,69,68,0,3,0.8181818181818182,1.0,0.9761650444655138,0.006829719990491867,False,0.022221680730581284,0.008611420169472694,0.01361026056110859,True
XGBoost,70,269,0,3,0.6666666666666666,1.0,0.9669959074925291,0.007044762372970581,False,0.03530550375580788,0.01368667185306549,0.021618831902742386,True
XGBoost,71,306,0,3,1.0,1.0,0.9828978793370379,0.0018950402736663818,False,0.009351566433906555,0.0008685104548931122,0.008483055979013443,True
XGBoost,72,1361,0,3,1.0,1.0,0.9896187127203775,0.006304020062088966,False,0.02154124528169632,0.007505337707698345,0.014035907573997974,True
XGBoost,73,576,1,3,1.0,1.0,0.9776172245358424,0.0005060601979494095,False,0.007586757652461529,0.0031133764423429966,0.004473381210118532,True
XGBoost,74,946,0,3,1.0,1.0,0.9556545011581438,0.0023426478728652,False,0.0041009122505784035,0.0015269526047632098,0.002573959529399872,True
XGBoost,75,715,0,3,0.8181818181818182,1.0,0.9076965543727423,0.06300966441631317,False,0.07379958778619766,0.04836704209446907,0.025432545691728592,True
XGBoost,76,1453,0,3,0.8181818181818182,1.0,0.9630114134152635,0.0005049621686339378,False,0.0016622389666736126,0.0016417292645201087,2.0509702153503895e-05,True
XGBoost,77,604,0,3,1.0,1.0,0.9473134668698919,0.0011116787791252136,False,0.008137170225381851,0.0022774816025048494,0.005859688855707645,True
XGBoost,78,518,1,3,0.6666666666666666,1.0,0.9501818225459958,0.03443160653114319,False,0.24370652437210083,0.06985149532556534,0.1738550364971161,True
XGBoost,79,1099,0,3,1.0,1.0,0.9477935263972733,0.004303439520299435,False,0.006159750744700432,0.004702751524746418,0.0014569992199540138,True
XGBoost,80,1540,0,3,0.8181818181818182,1.0,0.9649316515247891,0.003515082411468029,False,0.0022850017994642258,0.001787327928468585,0.0004976738709956408,True
XGBoost,81,245,0,3,0.8181818181818182,1.0,0.9614632214394586,0.015862636268138885,False,0.06131361424922943,0.00648976257070899,0.0548238530755043,True
XGBoost,82,58,1,3,1.0,1.0,0.9473854757989992,0.004560504108667374,True,0.004541993141174316,0.0028683640994131565,0.00167362904176116,True
XGBoost,83,750,0,3,0.8181818181818182,1.0,0.958306830046926,0.007870515808463097,True,0.00679382961243391,0.003984135575592518,0.0028096940368413925,True
XGBoost,84,1486,0,3,1.0,1.0,0.9869663838315953,0.0002364589599892497,False,0.003891186323016882,0.00017594541714061052,0.0037152408622205257,True
XGBoost,85,1499,0,3,1.0,1.0,0.9828018674315615,0.0002772302832454443,False,0.00531169306486845,0.00047707761405035853,0.004834615625441074,True
XGBoost,86,31,0,3,0.5384615384615384,1.0,0.9380603194796155,0.0010288897901773453,False,0.00416669063270092,0.004605461843311787,-0.00043877121061086655,False
XGBoost,87,112,0,3,0.8181818181818182,1.0,0.9621593077541617,0.0004429090768098831,False,0.005135523155331612,0.005211160518229008,-7.563736289739609e-05,False
XGBoost,88,326,1,3,0.8181818181818182,1.0,0.9516220011281399,0.00015015527606010437,False,0.0014001093804836273,0.008809288963675499,-0.007409179583191872,False
XGBoost,89,366,0,3,1.0,1.0,0.9732366813484873,0.0014162692241370678,False,0.0035586156882345676,0.0010971266310662031,0.0024614890571683645,True
XGBoost,90,1522,0,3,0.8181818181818182,0.9,0.9704283331133061,0.004743879195302725,False,0.01530389953404665,0.0019445091020315886,0.013359390199184418,True
XGBoost,91,689,0,3,0.6666666666666666,1.0,0.9419127971868513,0.011041752994060516,False,0.1216406375169754,0.013997641392052174,0.1076429933309555,True
XGBoost,92,449,0,3,0.8181818181818182,1.0,0.9391644563925927,0.0197043064981699,False,0.006447039544582367,0.008702004328370094,-0.0022549647837877274,False
XGBoost,93,1394,0,3,1.0,1.0,0.9751929239225664,2.6639550924301147e-05,False,0.009720662608742714,0.002323336433619261,0.007397326175123453,True
XGBoost,94,1366,0,3,0.8181818181818182,1.0,0.9707043673415504,0.005589388310909271,True,0.005401948466897011,0.005462002940475941,-6.00544735789299e-05,False
XGBoost,95,165,0,3,0.8181818181818182,1.0,0.9527861454820399,0.01018330454826355,False,0.02383064106106758,0.01444111205637455,0.009389529004693031,True
XGBoost,96,725,0,3,0.8181818181818182,1.0,0.9938552380495183,0.00022829463705420494,False,0.00013746647164225578,0.000745257711969316,-0.0006077912403270602,False
XGBoost,97,1433,0,3,0.8181818181818182,1.0,0.9594829758890103,0.0026337606832385063,False,0.004518096335232258,0.0033110440708696842,0.0012070522643625736,True
XGBoost,98,342,0,3,1.0,1.0,0.9327076557493129,0.012488171458244324,False,0.006796855479478836,0.005994942970573902,0.0008019125089049339,True
XGBoost,99,877,0,3,0.8181818181818182,1.0,0.9132652448903664,0.03247062861919403,False,0.01315053179860115,0.011516540311276913,0.0016339914873242378,True
XGBoost,100,706,0,3,0.6666666666666666,1.0,0.9038920826182447,0.08102117478847504,False,0.005911847576498985,0.002708929358050227,0.003202918218448758,True
XGBoost,101,345,0,3,0.6666666666666666,1.0,0.9621113018014235,0.014983534812927246,False,0.02911960706114769,0.014176157303154469,0.014943449757993221,True
XGBoost,102,41,0,3,0.8181818181818182,1.0,0.9464733626969746,0.004732770845293999,False,0.013544686138629913,0.0017044276464730501,0.011840258724987507,True
XGBoost,103,817,0,3,1.0,1.0,0.9881425296736797,0.000781321432441473,False,0.0010773544199764729,0.0008873706683516502,0.00018998375162482262,True
XGBoost,104,1052,0,3,0.8181818181818182,1.0,0.9781812944805157,0.00048024021089076996,False,0.10005880147218704,0.002966719912365079,0.09709208458662033,True
XGBoost,105,930,0,3,0.8181818181818182,1.0,0.9672119342798507,7.637508679181337e-05,False,0.000182832358404994,0.0001767475187079981,6.084839696995914e-06,True
XGBoost,106,476,0,3,0.8181818181818182,1.0,0.971592477467206,0.001115887425839901,False,0.02251078188419342,0.0013262404827401042,0.021184541285037994,True
XGBoost,107,1439,0,3,0.8181818181818182,1.0,0.9452132064375983,1.3512675650417805e-05,False,0.0008080751867964864,0.00015690052532590926,0.0006511746905744076,True
XGBoost,108,862,0,3,0.8181818181818182,1.0,0.9887906100356445,0.0007639969699084759,False,0.030130211263895035,0.0007286096806637943,0.02940160222351551,True
XGBoost,109,1005,0,3,1.0,1.0,0.9629874104388945,0.002602062188088894,False,0.017704304307699203,0.0012654026504606009,0.01643890142440796,True
XGBoost,110,11,1,3,0.8181818181818182,1.0,0.9630834223443707,0.05973559617996216,False,0.3324054479598999,0.04114606976509094,0.29125937819480896,True
XGBoost,111,9,0,3,1.0,1.0,0.9753129388044118,0.009544849395751953,False,0.15158995985984802,0.0431232824921608,0.10846667736768723,True
XGBoost,112,313,0,3,1.0,1.0,0.959410966959903,0.0036315619945526123,False,0.00302785262465477,0.008574636653065681,-0.0055467840284109116,False
XGBoost,113,1352,0,3,0.8181818181818182,1.0,0.9737767483167913,0.001266388688236475,False,0.016430091112852097,0.001207863911986351,0.015222227200865746,True
XGBoost,114,1175,0,3,0.8181818181818182,1.0,0.9571306842048415,0.0025001955218613148,False,0.0014619138091802597,0.0014052162878215313,5.669752135872841e-05,True
XGBoost,115,1129,0,3,0.8181818181818182,1.0,0.9690361604839001,0.0002739592455327511,False,0.00015099812299013138,0.001910703838802874,-0.0017597057158127427,False
XGBoost,116,524,0,3,0.6666666666666666,1.0,0.9779652676931939,0.0018003163859248161,False,0.03825363889336586,0.0007194986683316529,0.037534140050411224,True
XGBoost,117,1205,0,3,0.8181818181818182,1.0,0.9783373138269146,0.0004180595278739929,False,0.008769342675805092,0.001487551024183631,0.007281791418790817,True
XGBoost,118,176,0,3,1.0,1.0,0.9811456620620957,0.003741404041647911,False,0.00551161915063858,0.006130910944193602,-0.0006192917935550213,False
XGBoost,119,1482,0,3,1.0,1.0,0.9491736975384948,0.0004909876734018326,False,0.0003267396241426468,0.004386808257550001,-0.004060068633407354,False
XGBoost,120,1092,0,3,1.0,1.0,0.9694202081058052,0.026021361351013184,False,0.031667858362197876,0.02812446653842926,0.0035433918237686157,True
XGBoost,121,563,0,3,0.8181818181818182,1.0,0.9436170085090553,0.004110276699066162,False,0.022531814873218536,0.0052981022745370865,0.01723371259868145,True
XGBoost,122,967,0,3,0.8181818181818182,1.0,0.9635394788953832,0.0005889032036066055,False,0.00577194569632411,0.0010244057048112154,0.004747539758682251,True
XGBoost,123,1271,0,3,0.6666666666666666,1.0,0.9274750069008557,0.020951159298419952,False,0.10201603919267654,0.012459698133170605,0.08955634385347366,True
XGBoost,124,1472,0,3,1.0,1.0,0.9622313166832689,0.00011794315651059151,False,2.3253029212355614e-05,0.0006562997004948556,-0.0006330466712825,False
XGBoost,125,464,0,3,0.6666666666666666,1.0,0.9205381467301945,0.0003034006804227829,False,0.011716329492628574,0.008669385686516762,0.0030469438061118126,True
XGBoost,126,621,0,3,1.0,1.0,0.9415287495649461,0.0016635688953101635,False,0.004428219050168991,0.0006905178306624293,0.00373770110309124,True
XGBoost,127,1166,0,3,1.0,1.0,0.9813496873612328,0.0009673638269305229,False,0.04896574467420578,0.003032098291441798,0.045933645218610764,True
XGBoost,128,629,0,3,1.0,1.0,0.9574427228976394,0.00017602043226361275,False,0.0070271664299070835,0.0003951949183829129,0.006631971336901188,True
XGBoost,129,1441,0,3,0.6666666666666666,1.0,0.9510819341598359,0.0010749794309958816,False,0.0011918789241462946,0.0004385437350720167,0.0007533351890742779,True
XGBoost,130,108,0,3,0.8181818181818182,1.0,0.9694442110821742,0.0021885111927986145,False,0.010057535022497177,0.009535539895296097,0.0005219951272010803,True
XGBoost,131,549,0,3,0.8181818181818182,0.9,0.9322996051510388,0.0002088635228574276,False,0.03332095220685005,0.00025440711760893464,0.03306654468178749,True
XGBoost,132,26,0,3,0.8181818181818182,1.0,0.9910348883261525,0.00038353633135557175,False,0.024080820381641388,0.0016543850069865584,0.022426435723900795,True
XGBoost,133,615,0,3,1.0,1.0,0.9771611679848302,2.973864320665598e-05,False,0.0011733873980119824,7.65802469686605e-05,0.00109680718742311,True
XGBoost,134,872,0,3,1.0,1.0,0.9620392928723162,0.0008748900145292282,False,0.005532476585358381,0.001073177088983357,0.004459299612790346,True
XGBoost,135,1344,0,3,0.6666666666666666,1.0,0.9570946797402878,0.026168841868638992,False,0.060612767934799194,0.011306293308734894,0.0493064746260643,True
XGBoost,136,17,0,3,0.8181818181818182,1.0,0.9611031767939225,0.0011269059032201767,False,0.007767967879772186,0.001915227621793747,0.005852740257978439,True
XGBoost,137,765,0,3,0.8181818181818182,1.0,0.961091175305738,0.0020987563766539097,False,0.02181597612798214,0.0007525524124503136,0.0210634246468544,True
XGBoost,138,1231,0,3,0.8181818181818182,1.0,0.9583308330232949,0.0007636062800884247,False,0.0074005816131830215,0.01251229364424944,-0.005111712031066418,False
XGBoost,139,104,0,3,0.6666666666666666,0.9,0.9169737047393877,0.003564912360161543,False,0.003220954444259405,0.0014894461492076516,0.0017315082950517535,True
XGBoost,140,268,0,3,0.8181818181818182,1.0,0.9847701114938253,0.005878705531358719,False,0.03142033517360687,0.00452205678448081,0.026898277923464775,True
XGBoost,141,1058,0,3,1.0,1.0,0.9738127527813449,0.0004512036684900522,False,0.0010431073606014252,0.0017479388043284416,-0.0007048314437270164,False
XGBoost,142,48,1,3,1.0,1.0,0.9816617260540308,0.004932273179292679,False,0.05363883450627327,0.003737841499969363,0.04990099370479584,True
XGBoost,143,1385,0,3,0.8181818181818182,1.0,0.9723605727110163,0.0012533040717244148,False,0.002454252913594246,0.0014262206386774778,0.001028032274916768,True
XGBoost,144,1314,0,3,0.6666666666666666,1.0,0.9496297540895071,6.839027628302574e-05,False,0.009555818513035774,0.0020682676695287228,0.0074875508435070515,True
XGBoost,145,1031,0,3,1.0,1.0,0.976777120362925,0.0004464881494641304,False,0.0352630540728569,0.0011167287593707442,0.034146323800086975,True
XGBoost,146,190,0,3,0.8181818181818182,1.0,0.9633234521080615,0.02963775396347046,False,0.17517733573913574,0.028675656765699387,0.14650167524814606,True
XGBoost,147,1456,0,3,0.8181818181818182,1.0,0.9734047021830708,0.001379847526550293,False,0.08264017850160599,0.031211012974381447,0.05142916738986969,True
XGBoost,148,989,0,3,1.0,1.0,0.9546703791270118,0.0010666381567716599,False,0.001991750206798315,0.0007167969015426934,0.0012749533634632826,True
XGBoost,149,936,0,3,1.0,1.0,0.9820457736759358,0.0001434357836842537,False,0.006951021030545235,0.0010921023786067963,0.005858918651938438,True
XGBoost,150,1491,0,3,1.0,1.0,0.9816257215894771,0.00014815130271017551,False,0.005155857652425766,0.0005668899393640459,0.004588967654854059,True
XGBoost,151,708,0,3,0.8181818181818182,1.0,0.9757329908908705,0.0026883240789175034,True,0.06044798716902733,0.004351336508989334,0.056096650660037994,True
XGBoost,152,1543,0,3,0.8181818181818182,1.0,0.9499657957586741,0.0019360492005944252,False,0.0215444453060627,0.0028210137970745564,0.01872343197464943,True
XGBoost,153,51,0,3,0.8181818181818182,1.0,0.9580547987950506,0.016529183834791183,False,0.022314289584755898,0.009204130619764328,0.01311015896499157,True
XGBoost,154,1354,0,3,0.8181818181818182,1.0,0.9548504014497797,0.0002075033262372017,False,0.004371777642518282,0.0005481435800902545,0.0038236340042203665,True
XGBoost,155,907,0,3,1.0,1.0,0.9788893822834033,0.00027791596949100494,False,0.008468716405332088,0.00010591954924166203,0.00836279708892107,True
XGBoost,156,714,0,3,1.0,1.0,0.9840620236909378,0.00021222978830337524,False,0.0034784297458827496,0.0003607699181884527,0.003117659827694297,True
XGBoost,157,628,0,3,0.8181818181818182,1.0,0.9414687421240235,0.0009747273288667202,False,0.03339560329914093,0.00045161909656599164,0.032943982630968094,True
XGBoost,158,1466,0,3,0.6666666666666666,1.0,0.9556545011581438,0.00016552512533962727,False,0.0004159857053309679,0.0004926279070787132,-7.664220174774528e-05,False
XGBoost,159,500,0,3,1.0,1.0,0.9806776040228989,0.0027868151664733887,True,0.003430761396884918,0.004461991600692272,-0.001031230203807354,False
XGBoost,160,460,0,3,1.0,1.0,0.9891746576575495,0.0039061810821294785,False,0.09189005941152573,0.004835932981222868,0.08705412596464157,True
XGBoost,161,288,0,3,0.8181818181818182,1.0,0.9383363537078598,0.016872838139533997,False,0.05121896415948868,0.014596333727240562,0.036622628569602966,True
XGBoost,162,320,0,3,0.8181818181818182,0.9,0.9363801111337806,0.03449028730392456,False,0.2412618100643158,0.07757067680358887,0.16369113326072693,True
XGBoost,163,1218,0,3,1.0,1.0,0.9685921054210723,0.00077068991959095,False,0.03425353392958641,0.00627504289150238,0.02797849103808403,True
XGBoost,164,1282,0,3,1.0,1.0,0.9938072320967801,0.002581210806965828,False,0.0236667413264513,0.005528510082513094,0.018138231709599495,True
XGBoost,165,587,0,3,0.8181818181818182,1.0,0.9428609147534296,0.006829202175140381,True,0.01037808507680893,0.00445538479834795,0.0059227002784609795,True
XGBoost,166,175,0,3,1.0,1.0,0.9536142481667728,0.013026334345340729,False,0.0070579759776592255,0.0125106330960989,-0.005452657118439674,False
XGBoost,167,1353,0,3,0.8181818181818182,1.0,0.9846380951237955,0.0002667270600795746,False,0.00017209630459547043,0.001512464601546526,-0.0013403682969510555,False
XGBoost,168,297,0,3,0.8181818181818182,1.0,0.9340158179614273,0.008448753505945206,False,0.012743942439556122,0.0074015408754348755,0.005342401564121246,True
XGBoost,169,233,0,3,1.0,1.0,0.9786253495433435,0.002699747681617737,False,0.041256457567214966,0.013859504833817482,0.027396952733397484,True
XGBoost,170,1137,0,3,0.8181818181818182,1.0,0.9894506918857938,0.006755080074071884,False,0.018831636756658554,0.010228882543742657,0.008602754212915897,True
XGBoost,171,570,0,3,0.8181818181818182,1.0,0.9654957214694623,0.00966852530837059,True,0.006928605027496815,0.0021483139134943485,0.004780291114002466,True
XGBoost,172,1095,0,3,0.8181818181818182,1.0,0.9796334745508445,0.038883060216903687,False,0.011924654245376587,0.008826177567243576,0.003098476678133011,True
XGBoost,173,811,0,3,0.8181818181818182,1.0,0.9527141365529326,6.855698302388191e-05,False,0.005713335238397121,0.0005109253106638789,0.005202409811317921,True
XGBoost,174,1097,0,3,0.6666666666666666,0.9,0.9486216290820062,0.004660250619053841,False,0.053034909069538116,0.003486504079774022,0.04954840615391731,True
XGBoost,175,533,0,3,1.0,1.0,0.9686881173265485,0.00038990890607237816,False,0.033601291477680206,0.001327065983787179,0.03227422386407852,True
XGBoost,176,435,0,3,1.0,1.0,0.9650876708711882,0.0006923098117113113,False,0.025780441239476204,0.0037486697547137737,0.022031771019101143,True
XGBoost,177,820,0,3,1.0,1.0,0.948213578483732,0.00026449281722307205,False,0.004765510559082031,0.002037779428064823,0.002727731131017208,True
XGBoost,178,611,0,3,0.8181818181818182,1.0,0.9234785113354057,0.005700025707483292,False,0.01073470339179039,0.005079562310129404,0.005655141081660986,True
XGBoost,179,776,0,3,1.0,1.0,0.9857782365013263,0.0007678037509322166,False,0.017277151346206665,0.0020083324052393436,0.015268819406628609,True
XGBoost,180,219,0,3,0.8181818181818182,1.0,0.9754089507098881,0.0014040246605873108,False,0.08460003137588501,0.019821861758828163,0.064778171479702,True
XGBoost,181,96,1,3,1.0,1.0,0.9943833035296379,0.05305665731430054,False,0.26959896087646484,0.03547324985265732,0.23412570357322693,True
XGBoost,182,1213,0,3,0.8181818181818182,1.0,0.9719765250891111,0.0006114328280091286,False,0.0006624998059123755,0.0005139842396602035,0.000148515566252172,True
XGBoost,183,1212,0,3,1.0,1.0,0.9562785785437394,0.00022735167294740677,False,0.003748219460248947,0.001185878529213369,0.0025623408146202564,True
XGBoost,184,23,1,3,0.8181818181818182,1.0,0.9501338165932577,0.003997176885604858,False,0.014719851315021515,0.0076070381328463554,0.0071128131821751595,True
XGBoost,185,336,1,3,0.8181818181818182,1.0,0.9745448435606016,0.005318865180015564,False,0.15715892612934113,0.01480926014482975,0.14234966039657593,True
XGBoost,186,1305,0,3,0.6666666666666666,1.0,0.9210902151866832,0.016677986830472946,False,0.0008673779666423798,0.007531554903835058,-0.0066641769371926785,False
XGBoost,187,914,1,3,0.6666666666666666,1.0,0.9073485112153908,0.006685234606266022,False,0.014916839078068733,0.00972921121865511,0.005187627859413624,True
XGBoost,188,1382,0,3,0.8181818181818182,1.0,0.947829530861827,0.0012018373236060143,False,0.000892044510692358,0.0009015902178362012,-9.545707143843174e-06,False
XGBoost,189,1334,0,3,0.8181818181818182,1.0,0.9666598658233622,0.00310329906642437,False,0.007191147655248642,0.002484862692654133,0.004706284962594509,True
XGBoost,190,515,0,3,1.0,1.0,0.9148974472834632,0.00033992528915405273,False,0.19966252148151398,0.03487998992204666,0.16478252410888672,True
XGBoost,191,325,0,3,0.8181818181818182,1.0,0.9458972912641168,0.015022601932287216,False,0.028537359088659286,0.014530906453728676,0.01400645263493061,True
XGBoost,192,44,0,3,0.8181818181818182,1.0,0.9289391884593691,0.0699341893196106,False,0.49647533893585205,0.04022970050573349,0.45624563097953796,True
XGBoost,193,458,0,3,0.6666666666666666,0.9,0.9581868151650804,0.012940225191414356,True,0.002437697723507881,0.0019818320870399475,0.00045586563646793365,True
XGBoost,194,846,0,3,0.8181818181818182,1.0,0.9487536454520361,0.0005036536604166031,False,0.00015617907047271729,0.0034501366317272186,-0.0032939575612545013,False
XGBoost,195,1103,0,3,0.8181818181818182,1.0,0.9579107809368362,0.028244882822036743,False,0.047498494386672974,0.009623264893889427,0.0378752276301384,True
XGBoost,196,1528,0,3,1.0,1.0,0.9799455132436422,7.537018973380327e-05,False,0.009934891946613789,0.00011417306814109907,0.009820719249546528,True
XGBoost,197,1123,0,3,0.8181818181818182,1.0,0.9583788389760332,0.0051526036113500595,False,0.012013056315481663,0.0012876943219453096,0.010725362226366997,True
XGBoost,198,1098,0,3,0.8181818181818182,1.0,0.9296832807268102,0.00025601708330214024,False,0.0030316694173961878,0.0012305433629080653,0.0018011260544881225,True
XGBoost,199,1034,0,3,0.8181818181818182,1.0,0.9604911008965114,0.004885650239884853,False,0.007092802785336971,0.0012321341782808304,0.005860668607056141,True
XGBoost,200,397,0,3,1.0,1.0,0.9491977005148639,0.005351768806576729,True,0.004507424309849739,0.003742418484762311,0.0007650058250874281,True
XGBoost,201,705,0,3,0.5384615384615384,1.0,0.9696002304285732,9.516626596450806e-05,False,0.0013622709084302187,0.00018122410983778536,0.0011810468276962638,True
XGBoost,202,434,0,3,0.8181818181818182,1.0,0.941996807604143,0.0087299644947052,False,0.06767181307077408,0.018118841573596,0.04955296963453293,True
XGBoost,203,1259,0,3,0.5384615384615384,1.0,0.9316395233008894,0.001240333542227745,False,0.08373438566923141,0.004370065871626139,0.07936432212591171,True
XGBoost,204,392,1,3,0.8181818181818182,1.0,0.9530261752457305,0.009428402408957481,True,0.015079555101692677,0.008275044150650501,0.006804510951042175,True
XGBoost,205,215,0,3,0.8181818181818182,1.0,0.9695402229876505,0.013547658920288086,False,0.35040658712387085,0.02726072072982788,0.32314586639404297,True
XGBoost,206,666,0,3,0.8181818181818182,1.0,0.9764410786937581,0.0005597674753516912,False,0.040321238338947296,0.0008184122852981091,0.0395028255879879,True
XGBoost,207,1204,0,3,1.0,1.0,0.9141773579923911,0.024874933063983917,False,0.042402125895023346,0.026684070006012917,0.01571805588901043,True
XGBoost,208,121,0,3,0.8181818181818182,1.0,0.9628433925806801,0.00023852288722991943,False,0.01216404139995575,0.016760358586907387,-0.004596317186951637,False
XGBoost,209,953,0,3,1.0,1.0,0.9395245010381288,0.0007314532995223999,False,0.020543940365314484,0.0006965886568650603,0.01984735205769539,True
XGBoost,210,153,0,3,1.0,1.0,0.9607791366129401,0.0076329708099365234,False,0.08000252395868301,0.02415265515446663,0.055849868804216385,True
XGBoost,211,1446,0,3,0.8181818181818182,1.0,0.9770771575675384,5.585048347711563e-05,False,0.028941556811332703,0.0018959786975756288,0.02704557776451111,True
XGBoost,212,766,0,3,0.8181818181818182,1.0,0.9601550592273442,0.010849710553884506,False,0.02986803837120533,0.008573092520236969,0.02129494585096836,True
XGBoost,213,455,0,3,1.0,1.0,0.9585228568342475,0.003832189366221428,False,0.006376500241458416,0.0012423346051946282,0.00513416575267911,True
XGBoost,214,1249,0,3,1.0,1.0,0.9591229312434744,0.021032582968473434,False,0.03202604129910469,0.010905270464718342,0.021120771765708923,True
XGBoost,215,1116,0,3,1.0,1.0,0.9701763018614309,0.007648760452866554,False,0.003847625106573105,0.006270747631788254,-0.002423122525215149,False
XGBoost,216,383,0,3,0.8181818181818182,1.0,0.9723845756873853,0.0037475107237696648,False,0.022085651755332947,0.002249903744086623,0.01983574777841568,True
XGBoost,217,1033,0,3,1.0,1.0,0.9840380207145687,0.011864326894283295,False,0.018732333555817604,0.005191897042095661,0.013540436513721943,True
XGBoost,218,170,0,3,0.6666666666666666,1.0,0.9512739579707884,0.032833635807037354,False,0.27809664607048035,0.0926344096660614,0.18546223640441895,True
XGBoost,219,1367,0,3,0.8181818181818182,1.0,0.9003636450919915,0.003155691549181938,False,0.0009143175557255745,0.0023201140575110912,-0.0014057965017855167,False
XGBoost,220,887,0,3,0.8181818181818182,1.0,0.9918029835699627,0.0012841103598475456,False,0.013997429981827736,0.0018223099177703261,0.012175120413303375,True
XGBoost,221,1073,0,3,1.0,1.0,0.9392844712744381,0.0005565767642110586,False,0.003882142249494791,0.0005836378550156951,0.003298504278063774,True
XGBoost,222,1565,0,3,0.8181818181818182,1.0,0.9701763018614309,0.0020435680635273457,False,0.010395403951406479,0.0011732124257832766,0.009222191758453846,True
XGBoost,223,216,0,3,1.0,1.0,0.976237053394621,0.006477758288383484,False,0.009436339139938354,0.025594055652618408,-0.016157716512680054,False
XGBoost,224,1184,0,3,1.0,1.0,0.9454772391776581,0.0076865945011377335,True,0.008679598569869995,0.002536635147407651,0.006142963655292988,True
XGBoost,225,1,0,3,0.8181818181818182,0.9,0.9646196128319912,0.014067064970731735,False,0.02325446903705597,0.011065100319683552,0.012189368717372417,True
XGBoost,226,1150,0,3,1.0,1.0,0.9744848361196788,0.0003870050422847271,False,0.0003717578947544098,0.0008243502234108746,-0.0004525923286564648,False
XGBoost,227,582,0,3,0.8181818181818182,1.0,0.9092927523012855,0.01402953639626503,False,0.02174963429570198,0.005451054312288761,0.016298580914735794,True
XGBoost,228,1191,0,3,0.8181818181818182,1.0,0.9817697394476916,0.00480295717716217,False,0.050985559821128845,0.021230753511190414,0.02975480630993843,True
XGBoost,229,1398,0,3,0.8181818181818182,1.0,0.9800535266373032,0.005007920786738396,False,0.0035651391372084618,0.0014681941829621792,0.0020969449542462826,True
XGBoost,230,876,0,3,1.0,1.0,0.9811336605739112,0.000999049749225378,False,0.011464803479611874,0.0005827065324410796,0.01088209729641676,True
XGBoost,231,956,0,3,1.0,1.0,0.98568222459585,0.00023299269378185272,False,0.002498163376003504,0.001372310216538608,0.0011258531594648957,True
XGBoost,232,1375,0,3,0.42857142857142855,0.9,0.9043721421456261,0.004553571343421936,False,0.0019139144569635391,0.002374462317675352,-0.000460547860711813,False
XGBoost,233,712,0,3,1.0,1.0,0.9792254239525702,0.0023766830563545227,False,0.0037767193280160427,0.0013889319961890578,0.002387787215411663,True
XGBoost,234,231,1,3,0.8181818181818182,1.0,0.9597590101172546,0.0017776391468942165,False,0.0008478793315589428,0.0012604149524122477,-0.00041253562085330486,False
XGBoost,235,569,0,3,1.0,1.0,0.9514299773171874,0.0019347220659255981,False,0.027069300413131714,0.0030828951857984066,0.02398640476167202,True
XGBoost,236,1219,0,3,0.6666666666666666,0.9,0.9336677748040757,0.017949789762496948,True,0.007072125561535358,0.002752773929387331,0.004319351632148027,True
XGBoost,237,868,0,3,0.8181818181818182,1.0,0.9567946425356745,0.011644184589385986,True,0.001879093237221241,0.002826168667525053,-0.000947075430303812,False
XGBoost,238,769,0,3,0.8181818181818182,1.0,0.9945033184114831,0.0005962178111076355,False,0.024466294795274734,0.010678539983928204,0.013787754811346531,True
XGBoost,239,1254,1,3,0.8181818181818182,0.9,0.9662278122487189,0.03612606227397919,False,0.07553528249263763,0.037378717213869095,0.03815656527876854,True
XGBoost,240,658,0,3,1.0,1.0,0.9428729162416141,0.009919501841068268,False,0.015401123091578484,0.010464607737958431,0.004936515353620052,True
XGBoost,241,1189,1,3,1.0,1.0,0.9557745160399891,0.00014265906065702438,False,0.017073146998882294,0.0014158075209707022,0.015657339245080948,True
XGBoost,242,866,0,3,0.8181818181818182,1.0,0.9292152226876134,0.0044675832614302635,False,0.047877393662929535,0.0012691924348473549,0.046608202159404755,True
XGBoost,243,1049,0,3,0.8181818181818182,1.0,0.9651836827766643,0.004126301035284996,False,0.0706985667347908,0.003423921763896942,0.06727464497089386,True
XGBoost,244,939,0,3,0.6666666666666666,1.0,0.9405806319983678,2.0386185497045517e-05,False,0.012547923251986504,0.000338777550496161,0.012209145352244377,True
XGBoost,245,535,0,3,0.8181818181818182,1.0,0.954046301741416,0.0036794953048229218,False,0.015275850892066956,0.020752334967255592,-0.005476484075188637,False
XGBoost,246,545,0,3,1.0,1.0,0.9415767555176843,0.0008409903384745121,False,0.034173134714365005,0.0010938027407974005,0.03307933360338211,True
XGBoost,247,627,0,3,0.5384615384615384,1.0,0.9426568894542925,0.022946525365114212,False,0.013345728628337383,0.004258462227880955,0.009087266400456429,True
XGBoost,248,18,0,3,0.8181818181818182,1.0,0.9928231100656482,0.0016218200325965881,False,0.01288669928908348,0.006002301815897226,0.0068843974731862545,True
XGBoost,249,238,1,3,1.0,1.0,0.9724085786637544,0.17386740446090698,False,0.35320836305618286,0.045234013348817825,0.30797433853149414,True
XGBoost,250,1351,0,3,1.0,1.0,0.9053082582240198,0.0001909574493765831,False,0.004255140200257301,0.001825804472900927,0.002429335843771696,True
XGBoost,251,1245,0,3,0.8181818181818182,1.0,0.9821057811168585,0.0008802879601716995,False,0.02269516885280609,0.0017555247759446502,0.020939644426107407,True
XGBoost,252,1552,0,3,0.8181818181818182,1.0,0.9854902007848975,0.0013753129169344902,False,0.09623859822750092,0.001540053985081613,0.09469854086637497,True
XGBoost,253,1431,0,3,0.8181818181818182,1.0,0.9665878568942549,0.012757271528244019,False,0.04388365522027016,0.013159203343093395,0.030724450945854187,True
XGBoost,254,698,0,3,0.6666666666666666,1.0,0.9621473062659771,0.00046454789116978645,False,0.007214021869003773,0.000944166153203696,0.0062698558904230595,True
XGBoost,255,25,0,3,0.8181818181818182,1.0,0.9320115694346099,0.004317156970500946,False,0.011018056422472,0.006916406564414501,0.004101649858057499,True
XGBoost,256,1377,0,3,1.0,1.0,0.9789733927006949,0.0022836029529571533,False,0.012864263728260994,0.006448107771575451,0.006416155956685543,True
XGBoost,257,630,0,3,1.0,1.0,0.9833659373762347,0.002311260439455509,False,0.00526982918381691,0.002412238623946905,0.0028575905598700047,True
XGBoost,258,1237,0,3,0.8181818181818182,1.0,0.9032199992799108,0.004949277266860008,False,0.007157750427722931,0.0027712297160178423,0.004386520944535732,True
XGBoost,259,442,0,3,0.6666666666666666,1.0,0.9564345978901385,0.0025745294988155365,False,0.007833726704120636,0.0032176717650145292,0.004616054706275463,True
XGBoost,260,837,0,3,0.8181818181818182,1.0,0.9521620680964441,0.0009124521166086197,False,0.006139621138572693,0.0013320056023076177,0.004807615652680397,True
XGBoost,261,450,0,3,1.0,1.0,0.9525701186947182,0.008590376004576683,False,0.001384662464261055,0.0019747826736420393,-0.0005901202093809843,False
XGBoost,262,754,0,3,0.6666666666666666,1.0,0.983593965651741,0.0021062009036540985,False,0.011786336079239845,0.0035524708218872547,0.008233865723013878,True
XGBoost,263,130,0,3,1.0,1.0,0.9759610191663767,0.0010314639657735825,False,0.1628173589706421,0.0036300444044172764,0.15918731689453125,True
XGBoost,264,399,0,3,0.8181818181818182,1.0,0.9410726930139337,0.0014266108628362417,False,0.020279789343476295,0.0007424115901812911,0.01953737810254097,True
XGBoost,265,149,0,3,0.8181818181818182,1.0,0.9420328120686966,0.0032213330268859863,False,0.08791893720626831,0.023880409076809883,0.06403852999210358,True
XGBoost,266,818,0,3,0.6666666666666666,1.0,0.9166736675347744,0.0030124979093670845,False,0.004672108218073845,0.0010156809585168958,0.003656427375972271,True
XGBoost,267,496,0,3,0.6666666666666666,1.0,0.931315483119907,0.0036227190867066383,False,0.006389760412275791,0.0016755405813455582,0.004714219830930233,True
XGBoost,268,748,0,3,0.8181818181818182,1.0,0.9388164132352413,0.0008789598941802979,False,0.011789734475314617,0.000998575589619577,0.010791159234941006,True
XGBoost,269,893,0,3,0.8181818181818182,1.0,0.9501698210578112,0.002719556912779808,False,0.014478817582130432,0.004162279423326254,0.010316537693142891,True
XGBoost,270,912,0,3,1.0,1.0,0.9587148806452,0.003820165991783142,False,0.10700495541095734,0.003019660711288452,0.10398529469966888,True
XGBoost,271,1162,0,3,0.6666666666666666,1.0,0.9623513315651142,0.0019727423787117004,False,0.01424214243888855,0.002894593868404627,0.01134754903614521,True
XGBoost,272,840,0,3,1.0,1.0,0.9430769415407512,0.025798294693231583,False,0.016667935997247696,0.008631890639662743,0.008036045357584953,True
XGBoost,273,707,0,3,0.6666666666666666,1.0,0.978121287039593,0.00417729839682579,True,0.05412585660815239,0.0041448939591646194,0.04998096078634262,True
XGBoost,274,1134,0,3,1.0,1.0,0.9731646724193801,0.0015609897673130035,True,0.00730657484382391,0.001742223626933992,0.005564351100474596,True
XGBoost,275,1477,0,3,0.6666666666666666,1.0,0.9726726114038141,0.0003695855848491192,False,0.005152243655174971,0.0010542618110775948,0.004097981844097376,True
XGBoost,276,50,1,3,0.8181818181818182,1.0,0.9106249174897688,0.016217686235904694,False,0.027327515184879303,0.010781927034258842,0.01654558815062046,True
XGBoost,277,1345,0,3,0.5384615384615384,1.0,0.9373882361412816,0.0012575648725032806,False,0.005856590811163187,0.0019689458422362804,0.0038876449689269066,True
XGBoost,278,459,0,3,0.8181818181818182,1.0,0.9534222243558201,0.0030708936974406242,False,0.006021547131240368,0.00209438381716609,0.003927163314074278,True
XGBoost,279,1316,0,3,0.8181818181818182,1.0,0.9875904612171911,0.012384144589304924,False,0.015853436663746834,0.007974458858370781,0.007878977805376053,True
XGBoost,280,1421,0,3,0.6666666666666666,1.0,0.9795614656217373,8.235417772084475e-05,False,0.0004291338846087456,0.00024623231729492545,0.00018290156731382012,True
XGBoost,281,571,0,3,0.6666666666666666,1.0,0.9815657141485544,0.00631345808506012,True,0.02079133316874504,0.003613781649619341,0.017177551984786987,True
XGBoost,282,816,0,3,0.8181818181818182,1.0,0.950901911837068,0.00210742698982358,False,0.0012947134673595428,0.0011333886068314314,0.00016132486052811146,True
XGBoost,283,795,1,3,0.8181818181818182,1.0,0.9608151410774937,0.0014214974362403154,False,0.0023493063636124134,0.0011110171908512712,0.0012382891727611423,True
XGBoost,284,344,1,3,1.0,1.0,0.9919950073809154,0.00010824576020240784,False,0.0061518470756709576,0.0018026247853413224,0.004349222406744957,True
XGBoost,285,1094,0,3,1.0,1.0,0.9368361676847929,0.04224354028701782,False,0.019632652401924133,0.02061604894697666,-0.0009833965450525284,False
XGBoost,286,1390,0,3,0.8181818181818182,1.0,0.9200340842264441,0.0068459417670965195,False,0.007069328799843788,0.0016598498914390802,0.0054094791412353516,True
XGBoost,287,847,0,3,0.8181818181818182,1.0,0.9763330653000972,0.0026550516486167908,False,0.03086361289024353,0.009126583114266396,0.021737029775977135,True
XGBoost,288,461,0,3,0.8181818181818182,1.0,0.9403526037228617,0.013534033671021461,True,0.014863001182675362,0.006622813642024994,0.008240187540650368,True
XGBoost,289,1138,0,3,1.0,1.0,0.9727086158683679,0.0010472694411873817,False,0.036805566400289536,0.004214705433696508,0.03259086236357689,True
XGBoost,290,1004,0,3,0.8181818181818182,1.0,0.986018266265017,0.00023986527230590582,False,0.008336234837770462,0.00022701287525705993,0.008109222166240215,True
XGBoost,291,674,0,3,1.0,1.0,0.9937112201913038,0.0021674297749996185,False,0.019953258335590363,0.004675763659179211,0.015277494676411152,True
XGBoost,292,1336,0,3,0.8181818181818182,1.0,0.9185098952270082,0.00453619658946991,True,0.007962401956319809,0.004987973719835281,0.0029744282364845276,True
XGBoost,293,331,0,3,0.8181818181818182,1.0,0.9828258704079307,0.00034529250115156174,False,0.028305508196353912,0.0017964618746191263,0.02650904655456543,True
XGBoost,294,1424,0,3,0.8181818181818182,1.0,0.968652112861995,0.00117447879165411,False,0.0022710924968123436,0.0008229321101680398,0.0014481603866443038,True
XGBoost,295,1272,0,3,0.8181818181818182,1.0,0.9770291516148003,0.03113377094268799,False,0.7186903953552246,0.0494685173034668,0.6692218780517578,True
XGBoost,296,520,0,3,0.8181818181818182,0.9,0.9264788833815393,0.013790764845907688,True,0.01759607531130314,0.004507944919168949,0.01308813039213419,True
XGBoost,297,1268,0,3,0.8181818181818182,1.0,0.9791414135352785,0.0004801573231816292,False,0.008743148297071457,0.0031872191466391087,0.005555929150432348,True
XGBoost,298,850,0,3,0.8181818181818182,1.0,0.9523900963719502,0.0001373684499412775,False,0.005591986700892448,0.0004471068677958101,0.005144879687577486,True
XGBoost,299,228,0,3,1.0,1.0,0.9720245310418492,0.02628570795059204,False,0.40464162826538086,0.060108739882707596,0.34453287720680237,True
XGBoost,300,947,0,3,0.8181818181818182,1.0,0.9410486900375648,0.00012858130503445864,False,0.01876317337155342,0.00017728391685523093,0.018585888668894768,True
XGBoost,301,678,0,3,1.0,1.0,0.9653637050994324,0.0003513805568218231,False,0.013881642371416092,0.0017635843250900507,0.012118058279156685,True
XGBoost,302,932,0,3,1.0,1.0,0.984002016250015,0.0021630937699228525,False,0.00032751867547631264,0.0010046228999271989,-0.0006771042244508862,False
XGBoost,303,242,0,3,0.8181818181818182,1.0,0.9907588540979082,0.03581202030181885,False,0.41243356466293335,0.03173679858446121,0.38069677352905273,True
XGBoost,304,652,0,3,0.8181818181818182,1.0,0.9408206617620586,0.056158602237701416,False,0.32854366302490234,0.035127900540828705,0.29341575503349304,True
XGBoost,305,234,0,3,0.8181818181818182,1.0,0.9713884521680689,0.004514225758612156,False,0.032694846391677856,0.0047857025638222694,0.02790914475917816,True
XGBoost,306,1226,0,3,0.6666666666666666,1.0,0.9805335861646846,0.015639930963516235,False,0.41930529475212097,0.028819501399993896,0.3904857933521271,True
XGBoost,307,753,0,3,1.0,1.0,0.9786013465669744,0.00021256529726088047,False,0.003198888385668397,0.0003232136368751526,0.0028756747487932444,True
XGBoost,308,713,0,3,1.0,1.0,0.9799575147318268,0.001348990947008133,False,0.012199305929243565,0.004247437696903944,0.007951868698000908,True
XGBoost,309,174,0,3,1.0,1.0,0.9867983629970116,0.004356510937213898,False,0.023694079369306564,0.0031995163299143314,0.02049456350505352,True
XGBoost,310,1309,0,3,0.8181818181818182,1.0,0.9289151854829999,0.004771169275045395,False,0.02800517901778221,0.013589873909950256,0.014415305107831955,True
XGBoost,311,1333,0,3,0.6666666666666666,1.0,0.9052482507830972,0.02384905517101288,False,0.03816878795623779,0.021767737343907356,0.016401050612330437,True
XGBoost,312,972,0,3,0.8181818181818182,1.0,0.9363561081574117,0.0018981462344527245,False,0.011862751096487045,0.0013138910289853811,0.01054885983467102,True
XGBoost,313,1037,0,3,0.6666666666666666,1.0,0.9466773879961116,0.00661058072000742,False,0.0010252948850393295,0.0013573450269177556,-0.0003320501418784261,False
