bootstrap_id,CatBoost,XGBoost,catboost_minus_xgboost
0,0.17826342879419954,0.17207290019961033,0.006190528594589212
1,0.2009257417014549,0.18337775221100625,0.017547989490448668
2,0.24993907980100524,0.20757534651506562,0.04236373328593962
3,0.20157764038397447,0.15060623883099036,0.0509714015529841
4,0.1821636606364928,0.16973864623476398,0.012425014401728829
5,0.24128033043665917,0.23056195897031984,0.010718371466339333
6,0.21959303853755066,0.1730687623640793,0.04652427617347135
7,0.24872173907518755,0.22163083820722063,0.02709090086796692
8,0.17748789407444765,0.1418995429316971,0.03558835114275055
9,0.20528481515031044,0.1874647168513645,0.01782009829894593
10,0.2051324527277081,0.1676070169843367,0.037525435743371416
11,0.175583291967952,0.1675347837610465,0.008048508206905503
12,0.19990664200804034,0.1692824378537335,0.030624204154306833
13,0.21992806134040085,0.20376097696559742,0.016167084374803437
14,0.1777231000140988,0.18974615333769435,-0.012023053323595545
15,0.23266119607818952,0.19320863605858057,0.03945256001960895
16,0.20694719909361867,0.16447112028277797,0.0424760788108407
17,0.1960988119458454,0.15082818519420216,0.045270626751643256
18,0.20172861811194562,0.18342829413704353,0.018300323974902083
19,0.1919307909371548,0.1697289272365415,0.022201863700613278
20,0.20941011948695087,0.16834029273576678,0.04106982675118409
21,0.18816070364009505,0.18778417445392032,0.00037652918617472886
22,0.1952212334546937,0.17966735228864428,0.015553881166049416
23,0.22342568829551537,0.22139499157230416,0.0020306967232112116
24,0.25386825064334095,0.17893331357443182,0.07493493706890914
25,0.21714247944017792,0.19114744738945733,0.025995032050720596
26,0.18352959998439378,0.18116146012340878,0.002368139860984997
27,0.22657582297430373,0.1806220279101183,0.045953795064185426
28,0.20132044889761497,0.18010346893226079,0.021216979965354182
29,0.14332842819617686,0.14185945165825475,0.0014689765379221065
30,0.2751341193490209,0.2236053159813138,0.05152880336770707
31,0.2587345671695853,0.25678595538473103,0.0019486117848542817
32,0.24482767362359678,0.22290109719378104,0.02192657642981574
33,0.16262657892936558,0.15266882359468636,0.009957755334679214
34,0.1727906830501027,0.14089577130947248,0.03189491174063022
35,0.16767452030665614,0.1418090013975414,0.025865518909114732
36,0.2441463330108894,0.18337085678737533,0.06077547622351406
37,0.22659521464776894,0.16711385380662827,0.05948136084114067
38,0.1657857063350196,0.15324434218799987,0.012541364147019729
39,0.18112179747969465,0.12796028304396923,0.05316151443572542
40,0.22982462522376518,0.2013646081883193,0.028460017035445873
41,0.2268986035472762,0.17045458409597086,0.05644401945130534
42,0.16123930378225326,0.1652459384435922,-0.004006634661338937
43,0.20277824050297336,0.1602287977702332,0.04254944273274017
44,0.1542686067311373,0.1385540165405904,0.015714590190546884
45,0.21364842896660463,0.17048452261625277,0.04316390635035186
46,0.2518680568268516,0.2388849591383343,0.012983097688517298
47,0.16410291376323083,0.1365013870590986,0.02760152670413224
48,0.1985197113385885,0.14556652288791833,0.05295318845067018
49,0.1913442247808666,0.18268960896010686,0.008654615820759742
50,0.1790277471858985,0.14647878017748475,0.032548967008413754
51,0.16475201592088437,0.12362118414314464,0.041130831777739726
52,0.20951851182720937,0.19243445865539371,0.01708405317181566
53,0.17026963712404078,0.1335536886670502,0.03671594845699058
54,0.26054458315365114,0.19947397364902278,0.061070609504628365
55,0.26035320863806705,0.22042145480612027,0.039931753831946776
56,0.23467959826552787,0.18926296728343545,0.04541663098209242
57,0.2580998961818446,0.21700873579107957,0.04109116039076502
58,0.1767673178942974,0.14869355790352645,0.02807375999077094
59,0.19336271342267164,0.16516603456921397,0.02819667885345767
60,0.2701154289593866,0.22084358652615818,0.049271842433228435
61,0.2222802804257461,0.16831433756799857,0.05396594285774753
62,0.195924047913619,0.16395915289546037,0.031964895018158634
63,0.17135805911786794,0.15274187711128628,0.01861618200658166
64,0.21318711238854562,0.16605479154157077,0.04713232084697486
65,0.15752253370616734,0.13523821359453694,0.022284320111630396
66,0.18014100953715878,0.18132977740004458,-0.0011887678628857978
67,0.12619884133315046,0.10986991844034467,0.016328922892805783
68,0.18992820765983834,0.17228752543503623,0.017640682224802112
69,0.16430504638793664,0.14017058539601632,0.02413446099192032
70,0.21395824836742788,0.195512941017898,0.01844530734952987
71,0.18551873640928226,0.14367813962055617,0.04184059678872609
72,0.19809779104242,0.1899190573374202,0.008178733704999802
73,0.2504985675184124,0.16383355227306615,0.08666501524534623
74,0.18101324601988555,0.1424704632167715,0.038542782803114045
75,0.17020423007559193,0.1457579751252214,0.024446254950370533
76,0.17705645967753217,0.16989259470951168,0.007163864968020489
77,0.21064320847778506,0.18637651955986453,0.024266688917920526
78,0.20391916118532424,0.18928952150553494,0.014629639679789308
79,0.19232885525187984,0.18938249590090056,0.002946359350979283
80,0.18210155787969115,0.17985854983941102,0.002243008040280131
81,0.20708582776571127,0.20519576239499115,0.0018900653707201176
82,0.2501137216921049,0.17535665787445776,0.07475706381764713
83,0.2596167363539356,0.2035639260663386,0.05605281028759701
84,0.22910014850309912,0.15383331722801408,0.07526683127508504
85,0.18191903469545462,0.14425591867787246,0.037663116017582154
86,0.1918161259311833,0.18998850599818723,0.0018276199329960718
87,0.1911115648154614,0.17045921344266535,0.020652351372796057
88,0.22257108004012813,0.22747806748937613,-0.0049069874492480015
89,0.21565380998519856,0.19050078572819007,0.025153024257008494
90,0.2582293177186101,0.18209303701498167,0.0761362807036284
91,0.24673384415467786,0.18357313533985709,0.06316070881482078
92,0.19396783202701523,0.15710515489963428,0.03686267712738095
93,0.28309482936828634,0.2535343904714133,0.029560438896873042
94,0.1723776938250115,0.16892096494877834,0.0034567288762331616
95,0.15811987075053652,0.16701484921148405,-0.008894978460947528
96,0.26680712706681553,0.270569117706728,-0.003761990639912449
97,0.24274720265108501,0.22697610795331208,0.015771094697772936
98,0.17883414382117904,0.1481201544369887,0.030713989384190343
99,0.15581855346508905,0.13918103724163017,0.01663751622345888
100,0.2367340602681756,0.17218253223904542,0.06455152802913017
101,0.17646253558102132,0.15213018065628028,0.024332354924741034
102,0.23797873360039504,0.19523302756198543,0.0427457060384096
103,0.2273542655759366,0.18822035406561577,0.039133911510320835
104,0.17174241549934952,0.1313911170090326,0.040351298490316906
105,0.2282084175513548,0.17780381508252635,0.05040460246882844
106,0.1894472734797124,0.1712320433307275,0.018215230148984907
107,0.21280574572262506,0.16098529378407764,0.051820451938547424
108,0.14781030329224012,0.12129656647299525,0.026513736819244876
109,0.24154990447167107,0.18829253539211174,0.05325736907955933
110,0.23539476156256112,0.24294431267032,-0.007549551107758873
111,0.15521407153939368,0.13340968891538374,0.021804382624009938
112,0.19584809118758342,0.17833701448862407,0.01751107669895935
113,0.2633112586929753,0.21697697992137407,0.046334278771601206
114,0.167948365755615,0.12885120537885272,0.03909716037676228
115,0.17022471411794432,0.1363652201802836,0.03385949393766072
116,0.19737012288287478,0.14104519951848393,0.05632492336439085
117,0.24862035920235265,0.2105157101246709,0.03810464907768174
118,0.22273817341953706,0.17146508726949924,0.05127308615003781
119,0.2335522199894931,0.19288140515517058,0.04067081483432253
120,0.1974067167538276,0.16277257889833538,0.034634137855492214
121,0.25893327722310333,0.20056836326662683,0.0583649139564765
122,0.2652848721693009,0.23474913933686992,0.030535732832430995
123,0.2613142253388555,0.20104279449422638,0.06027143084462913
124,0.23526401944136835,0.21969159585841352,0.015572423582954825
125,0.21049135400525343,0.164729089716076,0.04576226428917743
126,0.25923360287274805,0.19959251468160527,0.05964108819114278
127,0.22597628584859972,0.20615246766798542,0.019823818180614294
128,0.23836509442913745,0.16709572820584223,0.07126936622329522
129,0.1965612570591723,0.181115473610932,0.015445783448240297
130,0.22684344294753067,0.1717148911971681,0.055128551750362575
131,0.249494179578559,0.21186433698403792,0.03762984259452107
132,0.1537164162758044,0.15996089454466622,-0.0062444782688618194
133,0.17282492286438975,0.1575591997435911,0.015265723120798658
134,0.17159281145558086,0.16502678460628725,0.00656602684929361
135,0.16824508865677854,0.17032368290659305,-0.0020785942498145193
136,0.17223952519677002,0.14539957165640097,0.026839953540369055
137,0.1956597128981491,0.1845365033457848,0.011123209552364288
138,0.17309111593222506,0.17551752556410188,-0.002426409631876819
139,0.21902671709137336,0.20421609591537593,0.014810621175997435
140,0.19255493760755518,0.18818808271208787,0.004366854895467315
141,0.16897113610519277,0.13099079476696854,0.03798034133822423
142,0.2313343710899698,0.20395559894727205,0.027378772142697738
143,0.2061753594503974,0.15968635978366827,0.04648899966672912
144,0.24552877301463108,0.21958245020891368,0.025946322805717403
145,0.24724158186820672,0.19054819191281833,0.05669338995538839
146,0.18914961811365993,0.15702856729433684,0.032121050819323094
147,0.18812132322124242,0.19725956530791985,-0.009138242086677434
148,0.16346445397409226,0.1509565851478183,0.012507868826273971
149,0.22187929112056898,0.19830193331717622,0.023577357803392762
150,0.2453023836430117,0.20617980920696868,0.03912257443604303
151,0.18563351120279054,0.14808013249671156,0.03755337870607897
152,0.19646772853360278,0.16604904139034127,0.030418687143261514
153,0.20117294085761805,0.17817152266823913,0.023001418189378925
154,0.18133055444393087,0.17534536194901526,0.005985192494915609
155,0.21013360593184557,0.1782449810374284,0.031888624894417184
156,0.15878785020029246,0.14797059424169065,0.010817255958601807
157,0.22385393121421926,0.1919275714147562,0.03192635979946307
158,0.22767761504244427,0.19418066958213936,0.033496945460304905
159,0.23354450837625834,0.203322997811185,0.03022151056507333
160,0.26118129872237644,0.23558235300148112,0.025598945720895327
161,0.1669581909350819,0.14434167860314284,0.022616512331939065
162,0.19142772322308924,0.15466381251509834,0.0367639107079909
163,0.173138305009698,0.15528508881070846,0.017853216198989552
164,0.24993234050642854,0.23438248998891428,0.015549850517514258
165,0.2216634488097824,0.19953750093422154,0.022125947875560853
166,0.2371300483682033,0.2197038660893806,0.0174261822788227
167,0.2110406691916456,0.17023782703428159,0.04080284215736402
168,0.2542709953997197,0.18328505736503758,0.07098593803468212
169,0.19838123115830503,0.1664793661319731,0.03190186502633194
170,0.12993367255596697,0.12152447741054484,0.008409195145422127
171,0.21027153083420863,0.16905778505519842,0.041213745779010214
172,0.1712911361398483,0.14290169735027802,0.028389438789570287
173,0.21123763707391982,0.1565412827278452,0.054696354346074616
174,0.2234106860122203,0.16277026663057656,0.060640419381643745
175,0.22393985908729247,0.20809919053760828,0.01584066854968419
176,0.1698346327948252,0.14884925716747038,0.020985375627354808
177,0.1607927116336339,0.14267340481547294,0.018119306818160957
178,0.20914896249202974,0.15365270831864938,0.05549625417338036
179,0.25806802958157654,0.22186075956378468,0.036207270017791865
180,0.2185620494621029,0.18714324097845514,0.03141880848364775
181,0.1889804215998103,0.18318063026652825,0.0057997913332820394
182,0.24272374281313486,0.18739517926959678,0.05532856354353807
183,0.14928517625048332,0.14487300277038412,0.004412173480099202
184,0.23422300980351718,0.17138448696857658,0.0628385228349406
185,0.20081835755153604,0.15482327132125231,0.04599508623028373
186,0.21155455236473733,0.17186706221413156,0.03968749015060577
187,0.24030261911258882,0.2002387442036223,0.04006387490896651
188,0.24774664961747442,0.21150379328025717,0.036242856337217244
189,0.23677080837619802,0.19242773707396904,0.044343071302228976
190,0.20030887794650692,0.16591816896735548,0.034390708979151446
191,0.1950748511199913,0.16294506319693938,0.032129787923051906
192,0.16186087104157765,0.13437631444700474,0.027484556594572912
193,0.15900380298107106,0.15058746237388745,0.008416340607183603
194,0.29378485645650565,0.2636870884098247,0.03009776804668096
195,0.2937987891951129,0.2697610901869306,0.024037699008182256
196,0.26616502561435684,0.19786942575723715,0.0682955998571197
197,0.22336330609057206,0.15303799780445318,0.07032530828611888
198,0.143811175207023,0.13988451855826284,0.003926656648760157
199,0.22944218299899588,0.19655087382755887,0.03289130917143701
200,0.15482758990581824,0.1534225510894621,0.0014050388163561467
201,0.2021223099634758,0.1575976878824552,0.04452462208102059
202,0.22886164504910306,0.22571850493089265,0.0031431401182104024
203,0.22336657593169545,0.20051140827601777,0.02285516765567769
204,0.17142696582415612,0.18259849392728555,-0.011171528103129436
205,0.2466139574275269,0.19914391880838822,0.04747003861913868
206,0.2387054984466123,0.17242054117675684,0.06628495726985545
207,0.14422832273794478,0.13555124664995652,0.008677076087988261
208,0.20744059752267285,0.16683899482993142,0.040601602692741434
209,0.22143781486594852,0.2044689695434299,0.016968845322518605
210,0.18885180853161326,0.16097210488655614,0.027879703645057125
211,0.2229343549812877,0.2130119032505177,0.009922451730769999
212,0.23195813972396281,0.17010953682867389,0.06184860289528893
213,0.21050487841484297,0.20631445787719288,0.004190420537650091
214,0.2452186987950219,0.2491187072047128,-0.0039000084096909027
215,0.18846713080477118,0.1328438422220114,0.05562328858275978
216,0.16421796997213184,0.14631989247181224,0.017898077500319604
217,0.22071816464592878,0.1732058793610966,0.04751228528483217
218,0.24129189304904217,0.2177558608335412,0.023536032215500963
219,0.1965123942794242,0.20145948097096497,-0.0049470866915407585
220,0.16048251474679878,0.13398257720806225,0.02649993753873653
221,0.24201331307208124,0.19080631471028872,0.051206998361792516
222,0.2727235028992695,0.26484584591230803,0.007877656986961468
223,0.2033340192804568,0.16178289149594102,0.04155112778451578
224,0.20398714192037543,0.17639801374281308,0.027589128177562344
225,0.1478450304495209,0.13681160940545692,0.01103342104406399
226,0.19223629934239103,0.16176967784866159,0.030466621493729446
227,0.20978263936289188,0.21457964017481093,-0.0047970008119190555
228,0.18039910213616103,0.18054280913868478,-0.0001437070025237519
229,0.20602786894039965,0.20029878399455092,0.005729084945848728
230,0.3231043240311982,0.24359545753118547,0.07950886650001274
231,0.19645214173940187,0.20036123467259917,-0.0039090929331973
232,0.21639473633817763,0.16925095776657245,0.04714377857160518
233,0.21123818439329334,0.16409077198244892,0.047147412410844414
234,0.2718710159075904,0.21162497177114778,0.060246044136442606
235,0.23295558131889824,0.20291574234580034,0.030039838973097893
236,0.24399709117533985,0.20450223512916524,0.039494856046174615
237,0.20197596363959616,0.1780691215001381,0.023906842139458068
238,0.23251879555546504,0.20923256332815124,0.023286232227313797
239,0.1960854522484705,0.17758476539726153,0.018500686851208953
240,0.15328898471673522,0.13461404167091545,0.018674943045819764
241,0.27283268220909457,0.24256301503194555,0.030269667177149018
242,0.21815539863911088,0.16252603037279967,0.05562936826631121
243,0.2227831454553527,0.20307205888269286,0.019711086572659825
244,0.2925485429796519,0.2381043210973401,0.054444221882311794
245,0.16350146627975032,0.1673389186385011,-0.0038374523587507703
246,0.19462194954665887,0.16427690936319628,0.030345040183462596
247,0.16062916437237582,0.14916838466849552,0.011460779703880292
248,0.2534658198901702,0.2197376878624869,0.033728132027683294
249,0.2557779340042198,0.2301611410782293,0.025616792925990478
250,0.2055641426204196,0.1733401312699855,0.03222401135043412
251,0.21723814406843622,0.16900684639269692,0.048231297675739304
252,0.1993868816792244,0.19796356702220164,0.0014233146570227506
253,0.20433601683479832,0.1592649623512523,0.045071054483546036
254,0.18442949057478014,0.1394563298299043,0.04497316074487584
255,0.19185037705336322,0.15575492679281777,0.03609545026054545
256,0.19336053783270515,0.17681706060220082,0.01654347723050434
257,0.21651143021323965,0.1891515920401219,0.02735983817311774
258,0.24646131670603896,0.22827245778290403,0.018188858923134932
259,0.2346787863085884,0.15870099431022164,0.07597779199836677
260,0.27256992556365545,0.23984022973766417,0.03272969582599128
261,0.25296156179096896,0.202395495099565,0.050566066691403955
262,0.2038699599230897,0.19098289625742051,0.01288706366566919
263,0.21915520818361195,0.1829663896540297,0.03618881852958225
264,0.25140219965673655,0.19476354090726572,0.05663865874947083
265,0.19381472699566893,0.1784609108226358,0.015353816173033136
266,0.16599520477675048,0.14646856778625655,0.019526636990493923
267,0.17279911039015378,0.18939922976257414,-0.01660011937242037
268,0.2153330926398274,0.14263286230192898,0.07270023033789841
269,0.1291938234801219,0.11927725257339084,0.009916570906731065
270,0.24363125044333417,0.21967221384304322,0.023959036600290945
271,0.3161526753740397,0.2705419056749745,0.04561076969906519
272,0.25295055645379627,0.19129066190257146,0.06165989455122481
273,0.1731143288013584,0.13491319293858606,0.03820113586277235
274,0.20099511921982685,0.14625959279850043,0.054735526421326425
275,0.1505188413908448,0.1474530602396431,0.0030657811512016797
276,0.20157789068075782,0.1994618367588792,0.002116053921878608
277,0.22163590984365528,0.23012888447519964,-0.008492974631544359
278,0.2725877223233839,0.21405137625730702,0.05853634606607688
279,0.20273919849958533,0.16856979585391202,0.03416940264567331
280,0.16037902846362817,0.14533725156787586,0.015041776895752312
281,0.25027864517690634,0.18377929742543847,0.06649934775146787
282,0.1844341726138883,0.1655484114114049,0.01888576120248342
283,0.218122217207854,0.18998455128992262,0.028137665917931376
284,0.2463418846970326,0.2119326830879568,0.03440920160907582
285,0.19807508578685767,0.17969878227267028,0.018376303514187398
286,0.20228133631933404,0.20709152019583454,-0.004810183876500507
287,0.17344506725720232,0.1450647907000504,0.028380276557151918
288,0.16851515005206635,0.1510574526744788,0.017457697377587567
289,0.1630284715410368,0.15254497179812784,0.010483499742908964
290,0.22667156051162873,0.23434314300058093,-0.007671582488952194
291,0.2116880497631443,0.19299634422885,0.01869170553429428
292,0.17892328658751003,0.15879208087767172,0.020131205709838312
293,0.17655738709519755,0.15197922042796058,0.024578166667236973
294,0.21714393978814123,0.2481610772554767,-0.031017137467335476
295,0.17530727464311455,0.16061257468603612,0.014694699957078422
296,0.21389921287356065,0.18296949769955048,0.030929715174010164
297,0.19463891576413822,0.21082430564458193,-0.016185389880443712
298,0.1969137354424533,0.1875542706741692,0.009359464768284115
299,0.25924363063712685,0.2020280745994128,0.057215556037714055
300,0.22671951104325408,0.2076833680444268,0.019036142998827277
301,0.17922111575401384,0.15292559362666794,0.0262955221273459
302,0.25484836668059313,0.21152840209440393,0.0433199645861892
303,0.224110010871464,0.18972256126191264,0.03438744960955137
304,0.20898940717529593,0.1939821044623542,0.015007302712941734
305,0.20719150830749747,0.16793954560953062,0.03925196269796685
306,0.18333791149356873,0.15659257214000216,0.026745339353566572
307,0.19883642430885395,0.1749499200744442,0.023886504234409744
308,0.1829103250457431,0.15068024491192195,0.03223008013382114
309,0.23306288099130998,0.22615014962938373,0.006912731361926244
310,0.23928660570558805,0.2114186331133539,0.02786797259223414
311,0.2958587925670048,0.25066569098979397,0.04519310157721085
312,0.1503529734714819,0.13622858430461587,0.014124389166866036
313,0.2221794825302511,0.1671743290608275,0.05500515346942361
314,0.19389672277570574,0.1579567140060521,0.03594000876965364
315,0.1883522778363994,0.15474507213509478,0.03360720570130463
316,0.22568099604200192,0.19613895153908603,0.029542044502915893
317,0.1716973144785259,0.1293830077113808,0.04231430676714509
318,0.24006811376794177,0.19730553940303244,0.04276257436490932
319,0.20653010361486013,0.18314013894418835,0.02338996467067178
320,0.26345652730025143,0.1859296931544648,0.07752683414578662
321,0.26449671610156844,0.23226562322789335,0.03223109287367509
322,0.1725123071340277,0.14011756517787843,0.032394741956149276
323,0.2317970445630088,0.19118628741163202,0.0406107571513768
324,0.21584077633191037,0.18340826730889728,0.03243250902301309
325,0.15491668523740076,0.1511026799598433,0.0038140052775574584
326,0.1645611014078305,0.14259119957142075,0.02196990183640976
327,0.20437630733268322,0.23255546182075576,-0.02817915448807254
328,0.1894519438153396,0.14756565469054173,0.04188628912479789
329,0.17199193254800965,0.15572846563819018,0.016263466909819474
330,0.2271787344054205,0.20542357409052206,0.021755160314898436
331,0.24183419215038793,0.17581009065318898,0.06602410149719895
332,0.19894596924198493,0.1647201351825363,0.03422583405944862
333,0.14382896302574127,0.12028343769137496,0.02354552533436631
334,0.20678847187350685,0.18918469024566878,0.017603781627838072
335,0.22226603661876718,0.18623314793953044,0.036032888679236735
336,0.2053902728389036,0.16866192079462394,0.036728352044279655
337,0.27593463398626933,0.2614721295793222,0.01446250440694713
338,0.18504053811359697,0.1535474795993881,0.03149305851420886
339,0.228915972288704,0.2025411257136727,0.026374846575031308
340,0.2021160968028407,0.16578531343850256,0.03633078336433815
341,0.20210139812841585,0.2014669184400879,0.0006344796883279435
342,0.22223296082706778,0.20356788914814633,0.018665071678921452
343,0.24227435083943977,0.23644699896435753,0.005827351875082237
344,0.1811788120959701,0.15846340414002266,0.022715407955947425
345,0.19556974096867205,0.19541762128175935,0.0001521196869126995
346,0.24614317120151508,0.23421755738301614,0.011925613818498937
347,0.2398268078831318,0.18273094708915466,0.05709586079397713
348,0.18881710579802033,0.16301289260688337,0.02580421319113696
349,0.19994781343086185,0.18228479404013545,0.017663019390726398
350,0.18784391249313662,0.1563498351180762,0.03149407737506041
351,0.28590341056638635,0.27253984366455586,0.013363566901830493
352,0.1696688262219936,0.14477050373439784,0.02489832248759577
353,0.20624758343720928,0.18142811563860106,0.02481946779860822
354,0.21536339501016852,0.20818123564376892,0.007182159366399599
355,0.16202500079967774,0.15577112274174382,0.006253878057933926
356,0.25918661989387937,0.18361001111800798,0.07557660877587138
357,0.2676060697161946,0.18741103003731896,0.08019503967887565
358,0.2560884442953122,0.19779507273254254,0.05829337156276965
359,0.17649173199217977,0.16966212668169928,0.006829605310480491
360,0.20290781772949854,0.15585100313501185,0.047056814594486684
361,0.2052379051446974,0.16443169008594155,0.04080621505875584
362,0.3063170982732354,0.2161719327439724,0.090145165529263
363,0.23455695909166688,0.18367425128194412,0.05088270780972276
364,0.23572668684868434,0.21524508417881213,0.0204816026698722
365,0.2174606591817397,0.18142239567744628,0.03603826350429343
366,0.20853880102969943,0.16474254717938808,0.043796253850311356
367,0.20817426395597421,0.1698598399429741,0.038314424013000115
368,0.18400393644378366,0.15137298076778483,0.03263095567599883
369,0.18216754568083626,0.1651775633040945,0.016989982376741763
370,0.20893795318490493,0.20288536585122832,0.006052587333676612
371,0.26761855578662086,0.2255728592071391,0.04204569657948176
372,0.2534812866845979,0.24022564808830196,0.013255638596295943
373,0.24286500973972214,0.22272513119405604,0.020139878545666096
374,0.30757675203250046,0.2674279313100181,0.04014882072248238
375,0.21045317593790536,0.15948756409345274,0.05096561184445261
376,0.16846152748729262,0.1481496900973845,0.020311837389908133
377,0.16431622577659047,0.13498377154129054,0.029332454235299926
378,0.18052285391290523,0.1481740744584071,0.03234877945449813
379,0.1829043485205214,0.16266469555584023,0.020239652964681165
380,0.3135862027376167,0.23114567429028918,0.08244052844732755
381,0.20534050111341298,0.18102049538699674,0.02432000572641624
382,0.18674156124818697,0.20196119103061638,-0.015219629782429411
383,0.13803400861905463,0.10722922201441898,0.030804786604635648
384,0.21714718381744474,0.16333647113630634,0.053810712681138406
385,0.1907422512630502,0.16055268660985286,0.03018956465319733
386,0.20378021384053197,0.17588415623483344,0.02789605760569852
387,0.24719232773396632,0.20400831471000025,0.04318401302396607
388,0.1790056523038002,0.17732367039092706,0.0016819819128731373
389,0.22001905368864277,0.1801710040009297,0.03984804968771308
390,0.20137594450059004,0.1705330212415251,0.03084292325906493
391,0.1791046320413821,0.15945796972602586,0.01964666231535625
392,0.2028860711468718,0.17690047510047993,0.025985596046391862
393,0.2418634055080167,0.19618475472982214,0.04567865077819455
394,0.2663000421807133,0.2237451976646002,0.042554844516113105
395,0.18458063948451106,0.14538246186543022,0.03919817761908084
396,0.16585385017087645,0.1574486911548202,0.008405159016056263
397,0.1693386093277287,0.16038471521547015,0.008953894112258554
398,0.1949556068057379,0.15375305375740791,0.04120255304832998
399,0.22812290464108076,0.19922449050473443,0.028898414136346334
400,0.20565242841668668,0.16410484004386852,0.04154758837281816
401,0.14857061898610183,0.15507016720023656,-0.006499548214134732
402,0.22222361043726288,0.18635719953444804,0.03586641090281484
403,0.19444692402516905,0.1609919526306725,0.03345497139449655
404,0.20404687806436622,0.17105243997364225,0.03299443809072397
405,0.17280228418686788,0.1548973013099412,0.017904982876926684
406,0.18036019681978105,0.1565306354834865,0.023829561336294547
407,0.1934216700140875,0.14219988185078694,0.05122178816330056
408,0.18708804243359584,0.17634115516260437,0.010746887270991462
409,0.1748378801808974,0.16450623245410045,0.010331647726796955
410,0.16916764333956164,0.2040011645667335,-0.03483352122717187
411,0.16445748056484175,0.1462657307475172,0.01819174981732455
412,0.17988869252209264,0.16009831158430438,0.01979038093778826
413,0.23861988105333193,0.1946339726791542,0.043985908374177735
414,0.2629176200565709,0.2501639014428993,0.012753718613671583
415,0.17047406694151626,0.15233434676494856,0.018139720176567703
416,0.1942309905034183,0.17342196532110077,0.02080902518231753
417,0.24768693642938827,0.20282662727186226,0.04486030915752601
418,0.18302053247575603,0.1694178307571592,0.013602701718596844
419,0.20559905897467215,0.18479802490862623,0.020801034066045915
420,0.19877866710385456,0.2015958601674968,-0.0028171930636422537
421,0.2591557915910315,0.22263529631556378,0.036520495275467746
422,0.2362532059083949,0.21531180837874753,0.020941397529647382
423,0.3084274772151215,0.18976779468800245,0.11865968252711903
424,0.18927513492187384,0.17024222629263938,0.019032908629234457
425,0.19434920468059405,0.15701833369528712,0.037330870985306935
426,0.19112976793309244,0.15046170121444916,0.040668066718643286
427,0.2380874807226754,0.20922428375475666,0.028863196967918753
428,0.23972280956196795,0.18620983462771443,0.05351297493425353
429,0.1942026430690606,0.18012803094274907,0.014074612126311531
430,0.16838729691890922,0.1526605839961022,0.01572671292280703
431,0.2285427638314872,0.18253065993461026,0.04601210389687693
432,0.2309433079143529,0.1937497223247745,0.037193585589578415
433,0.2539039281167058,0.19557468049568627,0.05832924762101954
434,0.16051247917996497,0.16340708764387835,-0.002894608463913373
435,0.2008540588190371,0.1892212414113856,0.011632817407651486
436,0.21783264685094608,0.18871182132044456,0.02912082553050152
437,0.18025571371774285,0.15459956348537407,0.02565615023236878
438,0.23910511045125077,0.22938860334976297,0.009716507101487803
439,0.17865075016037882,0.13846417837899888,0.04018657178137994
440,0.14328080472898877,0.14367552343597892,-0.0003947187069901492
441,0.2047191212446228,0.14478706115360063,0.05993206009102217
442,0.2743856413306181,0.23164078684957257,0.042744854481045536
443,0.18917687921658363,0.16315416566907476,0.026022713547508874
444,0.2044144221560645,0.19023826740471678,0.01417615475134773
445,0.17744719749663806,0.13862582534482493,0.03882137215181314
446,0.17625897660871817,0.1652291843262738,0.011029792282444384
447,0.15987256191102373,0.15157002840117764,0.008302533509846083
448,0.17982761660236954,0.16836548341328525,0.01146213318908429
449,0.1792856108416732,0.1591474025171965,0.020138208324476686
450,0.15322632198572742,0.11515078054409654,0.038075541441630875
451,0.21219686409255306,0.16329363168073624,0.04890323241181682
452,0.2139786193466603,0.18928073398482534,0.024697885361834954
453,0.1909008847703687,0.20301179517379053,-0.012110910403421826
454,0.14950777623598105,0.1572628093928047,-0.00775503315682366
455,0.1720762092418804,0.16823813658025646,0.003838072661623948
456,0.20084451747352586,0.16738955889245294,0.03345495858107292
457,0.2232652793744937,0.19760254038474562,0.02566273898974808
458,0.203548178024066,0.1567000455631374,0.04684813246092859
459,0.263217870985891,0.24219205806797456,0.021025812917916442
460,0.2544036765802994,0.18834872173614328,0.0660549548441561
461,0.19288392024808515,0.15152741134265285,0.0413565089054323
462,0.1903208465342038,0.1678464070588702,0.02247443947533362
463,0.20491147960611972,0.2044148643650146,0.0004966152411051139
464,0.24776966002504894,0.19907288295378456,0.04869677707126438
465,0.2236181062468841,0.18443554147199917,0.03918256477488494
466,0.194446439473853,0.15120655792795357,0.043239881545899445
467,0.2085591854067685,0.1674721104320109,0.04108707497475758
468,0.1854415585745949,0.16087249511369056,0.024569063460904345
469,0.2981526004754715,0.21408942167795758,0.0840631787975139
470,0.23895008011548086,0.19636679938299126,0.0425832807324896
471,0.19679692837154267,0.1827354591673677,0.014061469204174976
472,0.213238759948783,0.217283813178395,-0.004045053229612017
473,0.2205413612814898,0.17534571021157863,0.045195651069911164
474,0.18062625444196825,0.13579079604730182,0.04483545839466643
475,0.187190767813544,0.1750361601121244,0.0121546077014196
476,0.2635073313405847,0.2035120230938769,0.05999530824670779
477,0.1628352466437712,0.1416508096539997,0.021184436989771488
478,0.20209155408850918,0.17220523416541558,0.029886319923093596
479,0.1865172660865851,0.14772528962140608,0.03879197646517901
480,0.2280531594458025,0.17241493584381135,0.055638223601991166
481,0.2327115173967003,0.20360368580871036,0.029107831587989935
482,0.23404078335804032,0.24825495146060525,-0.014214168102564928
483,0.1811362665125344,0.1551840493745313,0.02595221713800308
484,0.15080401178026676,0.13834438984661235,0.012459621933654408
485,0.179331824664505,0.18511979352440894,-0.00578796885990393
486,0.20583643475146404,0.1970614795417195,0.008774955209744556
487,0.264618626707198,0.21346766139737283,0.05115096530982516
488,0.23220611254809903,0.1874975446414818,0.04470856790661723
489,0.17252273454738706,0.14210057405717905,0.030422160490208017
490,0.21462298160375495,0.18918671349593014,0.025436268107824817
491,0.2131609020987558,0.1635395507421166,0.0496213513566392
492,0.15186944247689166,0.1339457658253719,0.017923676651519754
493,0.16809402184503316,0.16239211420679922,0.005701907638233944
494,0.2536085414295522,0.1998293136813136,0.053779227748238595
495,0.19806562288091106,0.1895580693791174,0.008507553501793663
496,0.1939447010998846,0.17345932759375055,0.020485373506134053
497,0.24429095273625906,0.22362551915861814,0.020665433577640918
498,0.16516971675923028,0.17958146741577752,-0.014411750656547234
499,0.22620077369497282,0.20810519223500115,0.01809558145997167
500,0.20636848057041557,0.19071517927835502,0.01565330129206055
501,0.21502236525662008,0.17774198109007516,0.037280384166544916
502,0.24548705672495194,0.1945596103644325,0.050927446360519435
503,0.24129758617543678,0.17711669911376252,0.06418088706167427
504,0.2609172767451984,0.18360131884344352,0.07731595790175486
505,0.24343735028954205,0.19496608776099816,0.04847126252854389
506,0.22214088589785747,0.17102020250054256,0.0511206833973149
507,0.17054689197143058,0.15392839292301588,0.016618499048414698
508,0.18657652212394393,0.16975297808161052,0.01682354404233341
509,0.1953652608517228,0.15068269314522403,0.044682567706498755
510,0.24457415048365866,0.24192855495010518,0.0026455955335534798
511,0.20511514587606872,0.19546122231742205,0.009653923558646665
512,0.22417982402602296,0.21433214707553067,0.009847676950492296
513,0.20566526311185804,0.17090999952019859,0.03475526359165945
514,0.1777099542533289,0.16370254355406616,0.014007410699262729
515,0.2215615247058189,0.20303401609263982,0.01852750861317909
516,0.24978651730318271,0.22966478490782266,0.020121732395360054
517,0.17163096111661005,0.13971743776307324,0.03191352335353681
518,0.19963817978185264,0.15447369056133647,0.04516448922051616
519,0.23924988906700803,0.24623279948806415,-0.0069829104210561155
520,0.2872469206393025,0.1998144369725281,0.08743248366677442
521,0.2648443839806059,0.1887746621628011,0.0760697218178048
522,0.21076431528046352,0.17679831198000415,0.033966003300459374
523,0.20349009459923273,0.18440565593460706,0.01908443866462567
524,0.26504091676326685,0.21966319746757962,0.045377719295687236
525,0.17772689919013993,0.1828261743669593,-0.005099275176819379
526,0.22832570128745405,0.19300344938022201,0.03532225190723204
527,0.2262960060894959,0.18507220456724782,0.04122380152224808
528,0.14128201626194747,0.1456861544168161,-0.00440413815486862
529,0.311096318015972,0.26129455762107695,0.049801760394895034
530,0.19727744108150624,0.16989368542460329,0.02738375565690296
531,0.17750281200973764,0.14460730120665083,0.03289551080308681
532,0.21922750414760045,0.2253572167670675,-0.006129712619467043
533,0.3428053688822244,0.26289905002708125,0.07990631885514315
534,0.22812075554085565,0.1964430246510589,0.03167773088979675
535,0.21715663505015256,0.16270305291224801,0.05445358213790455
536,0.18807660649665126,0.15124283135910327,0.036833775137547986
537,0.22001119961783688,0.19794508033886635,0.022066119278970536
538,0.20211668803548832,0.15497823135756458,0.04713845667792374
539,0.16832164567732902,0.14992324341198335,0.01839840226534567
540,0.19565625219753868,0.19144156427999132,0.004214687917547366
541,0.15587971891830538,0.15529695234227472,0.0005827665760306522
542,0.15291616754536438,0.15479549566186598,-0.0018793281165015996
543,0.15352724041969434,0.1372427132435204,0.016284527176173957
544,0.16979096835968896,0.13771177723401812,0.03207919112567084
545,0.19996112588459056,0.16218711518276713,0.03777401070182343
546,0.20554891246567558,0.15953573631943782,0.04601317614623776
547,0.2133105855139857,0.18725361864981246,0.026056966864173248
548,0.18904112180025123,0.1997612474359499,-0.010720125635698657
549,0.24932799689572474,0.20784429386195677,0.04148370303376797
550,0.24893704689555674,0.19328925501304425,0.05564779188251248
551,0.19995118100141793,0.16940097552134292,0.030550205480075004
552,0.14508316338400085,0.13836830892921198,0.0067148544547888656
553,0.3390619301844258,0.27634637238886794,0.06271555779555787
554,0.1868140077720036,0.13030137821485077,0.05651262955715283
555,0.2627775952362806,0.23002159379380738,0.032756001442473204
556,0.15675076687016823,0.16318096125570014,-0.006430194385531912
557,0.21474474036018149,0.17706409357048222,0.03768064678969926
558,0.20111572589408663,0.18142789963784808,0.01968782625623855
559,0.23207564219549298,0.22430610795529515,0.0077695342401978285
560,0.23461255321854121,0.18994540959976594,0.044667143618775274
561,0.20151950015179082,0.16002646870947076,0.041493031442320055
562,0.19184484606768196,0.1916365055630161,0.00020834050466586596
563,0.2770625492931794,0.23546168927751376,0.04160086001566565
564,0.1944450828816332,0.1579629808609171,0.03648210202071611
565,0.1778484658229656,0.17191710594071793,0.005931359882247661
566,0.2223471486701401,0.16349752009491753,0.05884962857522258
567,0.22055592997300852,0.175736328192531,0.04481960178047753
568,0.19646493294330983,0.18777573038413986,0.008689202559169967
569,0.18366229391609382,0.15655188677607806,0.027110407140015752
570,0.1980125474905075,0.18390732755140093,0.014105219939106572
571,0.2096569929121141,0.16939379370747232,0.040263199204641775
572,0.19585074676811276,0.17117465187411748,0.024676094893995276
573,0.19418317907587923,0.17536985595150217,0.018813323124377057
574,0.13671351625779393,0.13047663372039206,0.006236882537401872
575,0.26002796522292504,0.2440179861100773,0.01600997911284774
576,0.21284668955824815,0.17705500781777897,0.03579168174046918
577,0.22997884316277903,0.17846728382913543,0.0515115593336436
578,0.23073453021929125,0.2159656348893836,0.014768895329907633
579,0.1801621358278881,0.13799208913709018,0.04217004669079791
580,0.20118499168270879,0.1842384104207454,0.016946581261963384
581,0.23758865431599138,0.20291657551862557,0.03467207879736581
582,0.21528610502233236,0.1809267742896916,0.034359330732640775
583,0.17770604132347334,0.18575039513243774,-0.0080443538089644
584,0.1713666248344922,0.13601615145570126,0.035350473378790936
585,0.1776448729726031,0.14535278511393263,0.032292087858670465
586,0.25437193650162254,0.25451028352680455,-0.00013834702518200626
587,0.243406271369584,0.22706434405996048,0.016341927309623527
588,0.23785426322348102,0.212063963006602,0.02579030021687903
589,0.17663844604250445,0.16981706820430495,0.006821377838199499
590,0.25955977596687824,0.27921489371338765,-0.01965511774650941
591,0.16852272705772012,0.15951209480999054,0.009010632247729577
592,0.21892366092391333,0.17460114630210005,0.044322514621813275
593,0.17854059453535484,0.18240587028253352,-0.0038652757471786814
594,0.2734415685022884,0.20314327469209975,0.07029829381018865
595,0.2817108390531038,0.24220310643380605,0.03950773261929774
596,0.23591432433777165,0.20027289832694387,0.03564142601082779
597,0.16023521577801517,0.16859688832504813,-0.008361672547032961
598,0.1873828827927238,0.1599740457054587,0.027408837087265103
599,0.20444827322872502,0.17380563511101263,0.030642638117712395
600,0.2167213686447671,0.15499808129437082,0.06172328735039628
601,0.22228289414559196,0.19018849955997852,0.032094394585613445
602,0.18365689758024703,0.1521210931629177,0.03153580441732934
603,0.26594084122661527,0.2536260001930746,0.012314841033540691
604,0.22551454916870073,0.1742038127597625,0.05131073640893824
605,0.24375884010498872,0.22635516786716792,0.0174036722378208
606,0.17466793553897395,0.15845589687384617,0.01621203866512777
607,0.23271305488197044,0.23753451100424944,-0.004821456122278994
608,0.1997630652325769,0.18809428036965242,0.01166878486292447
609,0.23729494654293126,0.20551703385692519,0.03177791268600608
610,0.1672584176983708,0.15858740408402122,0.008671013614349576
611,0.2801384585562614,0.23184718037179874,0.04829127818446266
612,0.27511027932193055,0.23227310327525136,0.04283717604667919
613,0.2298240688042591,0.17793515997642542,0.051888908827833674
614,0.2585732041970135,0.2113426274219377,0.047230576775075805
615,0.21100422022262297,0.17479329077275174,0.036210929449871226
616,0.16472415661175926,0.1326501762267622,0.032073980384997064
617,0.2212398367391641,0.15483729250882128,0.06640254423034281
618,0.20732296197351613,0.16218070439402074,0.04514225757949539
619,0.22374833355587687,0.158643484323913,0.06510484923196386
620,0.18470047936114253,0.15856350106109582,0.026136978300046715
621,0.1926307475729095,0.16492712220089323,0.02770362537201626
622,0.31838758190798433,0.29534025272934755,0.023047329178636777
623,0.23723327249034554,0.20244886142445245,0.034784411065893084
624,0.1820436120059501,0.15108927495771257,0.030954337048237524
625,0.21877059160703055,0.19798407567169424,0.020786515935336314
626,0.21373880259361877,0.2127808670549346,0.0009579355386841737
627,0.17818721717420322,0.1375942950711424,0.04059292210306081
628,0.2194005876857043,0.16430436891646505,0.05509621876923926
629,0.21078103004269133,0.193856084536055,0.01692494550663634
630,0.2352661964971887,0.21206264704954117,0.02320354944764752
631,0.21554783475934555,0.18591381751316907,0.02963401724617648
632,0.2611780970019491,0.2737377604220013,-0.012559663420052214
633,0.21907441049131404,0.16662543725506632,0.052448973236247726
634,0.26928229142432614,0.2279125235622088,0.041369767862117324
635,0.19604241387898777,0.1409341356884184,0.055108278190569376
636,0.2195017682260546,0.15410909023714017,0.06539267798891443
637,0.21914531098482914,0.15682123808424703,0.06232407290058212
638,0.21256885523124625,0.16204704624670135,0.05052180898454489
639,0.20982320423059392,0.18233461932204947,0.027488584908544444
640,0.17127157996208783,0.1789999322493143,-0.007728352287226459
641,0.2086336184029791,0.19033904654547265,0.018294571857506436
642,0.21632284101394805,0.19040764111082742,0.025915199903120634
643,0.21182262311447345,0.22214119642964936,-0.01031857331517591
644,0.24228041458309058,0.19089258104463055,0.05138783353846002
645,0.200813252617374,0.16645288434688796,0.03436036827048605
646,0.17565632788063407,0.1644635993836615,0.01119272849697256
647,0.1793320545906129,0.1774904390288901,0.001841615561722798
648,0.28024949344979844,0.18906671485508544,0.091182778594713
649,0.24628038841739944,0.21769255673939317,0.02858783167800627
650,0.257846432283636,0.21756412229527428,0.04028230998836174
651,0.24529185854147756,0.22228327902486736,0.0230085795166102
652,0.23873503439594745,0.20206902838779406,0.036666006008153396
653,0.30031045138914303,0.22826622875013114,0.07204422263901189
654,0.16462238104448693,0.14022800988268605,0.024394371161800876
655,0.18879630857879415,0.14017469066592067,0.04862161791287348
656,0.18995400559715525,0.16603172993978593,0.02392227565736932
657,0.1771589620939825,0.1515792559657552,0.025579706128227298
658,0.19135724895524367,0.19924489198245096,-0.007887643027207292
659,0.2257560630145688,0.20766540978632939,0.01809065322823941
660,0.2273756662404911,0.18253171783651712,0.04484394840397399
661,0.25431908449465385,0.253368057376902,0.000951027117751857
662,0.23309607494997098,0.22059277849085968,0.012503296459111302
663,0.17875677357593664,0.1703098502182956,0.00844692335764105
664,0.2126585948198139,0.1958032994911451,0.01685529532866878
665,0.18118906895441478,0.17486569033698396,0.006323378617430819
666,0.16190601476008917,0.14490658253013602,0.01699943222995315
667,0.18488411119653192,0.18222695740703615,0.0026571537894957697
668,0.18473867471697983,0.168429354984729,0.016309319732250832
669,0.20806197155081338,0.15811019741768617,0.04995177413312721
670,0.1648687472430714,0.14946396884266308,0.015404778400408325
671,0.19982147523437715,0.1627872404305618,0.03703423480381535
672,0.23121538807222966,0.2134584658139508,0.01775692225827885
673,0.24344482730013545,0.21106717955955034,0.0323776477405851
674,0.27932180064289563,0.24238838354463732,0.036933417098258314
675,0.17808600051952458,0.18815304001912592,-0.010067039499601332
676,0.20940126959267238,0.17824817569273615,0.03115309389993623
677,0.32432229042610383,0.24679482877813277,0.07752746164797106
678,0.16077525527421946,0.14692289372145353,0.013852361552765924
679,0.1984668412025847,0.13734446389980978,0.06112237730277492
680,0.18896928809446079,0.14152113951417597,0.047448148580284816
681,0.2057445096423298,0.15701504819384876,0.04872946144848103
682,0.18568168882091232,0.16618993066053814,0.019491758160374184
683,0.1557893888727283,0.14381740757016936,0.011971981302558943
684,0.20443025460158445,0.17864428086185322,0.02578597373973124
685,0.17116914187752308,0.15047172371347134,0.02069741816405174
686,0.19015943147743097,0.1612886417181127,0.028870789759318283
687,0.21805329092342113,0.17713931474542485,0.040913976177996275
688,0.26783305128286317,0.2041055973607435,0.06372745392211968
689,0.2092897090085311,0.16192435837199562,0.04736535063653549
690,0.2576837870680157,0.2471023873956012,0.010581399672414504
691,0.23657870090927335,0.22406413421078128,0.012514566698492074
692,0.20323345508036553,0.20240058881358572,0.0008328662667798081
693,0.20217871251603475,0.18160419008908002,0.020574522426954733
694,0.20934465629938248,0.18667188584728225,0.022672770452100227
695,0.3328024177406913,0.31243130965169486,0.020371108088996448
696,0.21926625687512802,0.1704073685768065,0.04885888829832152
697,0.2226624884756924,0.18344871408730282,0.03921377438838958
698,0.1486615296232927,0.13994748454295178,0.008714045080340932
699,0.20743987204941733,0.19112910663112787,0.016310765418289463
700,0.22842612613012633,0.20728484148210344,0.021141284648022896
701,0.21371964899626633,0.18268940813359597,0.031030240862670366
702,0.14329030478385607,0.1345459470249005,0.008744357758955573
703,0.19834272711017317,0.18420824062740745,0.014134486482765718
704,0.1513245145434611,0.1372909293566104,0.014033585186850689
705,0.16410929399166427,0.17213511178691362,-0.008025817795249357
706,0.19585103587737535,0.17593245612875585,0.01991857974861949
707,0.14059778761030353,0.12527853660399826,0.015319251006305268
708,0.22273308527758304,0.22236556933732785,0.00036751594025519196
709,0.20973728731932753,0.17747930228391703,0.0322579850354105
710,0.1515280415225677,0.13375549703128317,0.017772544491284542
711,0.188503870111837,0.1606125163287509,0.027891353783086104
712,0.1665602957670814,0.17389824590892417,-0.0073379501418427695
713,0.19482622930348634,0.15455025695370384,0.0402759723497825
714,0.247266634821722,0.20051385009644848,0.04675278472527353
715,0.20046707177193265,0.1735992332902492,0.026867838481683448
716,0.19241847368569956,0.1657612973093414,0.02665717637635817
717,0.23618832088059535,0.19318835860885109,0.04299996227174427
718,0.14172486208006702,0.13969593180003653,0.002028930280030483
719,0.2090153871825142,0.16075174685110155,0.048263640331412644
720,0.266719196823725,0.220537692087044,0.046181504736681034
721,0.22306350057344193,0.16851756056424816,0.05454594000919377
722,0.17501139690821632,0.14804064952541024,0.026970747382806082
723,0.19679178167376732,0.16711018056076282,0.029681601113004497
724,0.17478518876488464,0.15496701015568035,0.01981817860920429
725,0.2168260202741544,0.17789414264581294,0.038931877628341466
726,0.22071061211800522,0.19661492583242138,0.02409568628558384
727,0.21225850149579634,0.19908930569023797,0.013169195805558365
728,0.24886426062435396,0.2087802984086293,0.04008396221572466
729,0.2800134191139441,0.234411700833455,0.04560171828048912
730,0.16185723961622053,0.14088122102316186,0.02097601859305867
731,0.18992148945043816,0.1895631929469126,0.0003582965035255625
732,0.22703787070580078,0.2063976474584621,0.02064022324733869
733,0.1819733837499688,0.13848208078067492,0.04349130296929388
734,0.21593459642589338,0.1859536437248666,0.02998095270102677
735,0.2718234205913106,0.25006967529940266,0.021753745291907933
736,0.21796255578735713,0.18288715140155706,0.03507540438580006
737,0.23097964808027222,0.18087408678481504,0.05010556129545718
738,0.20822039795339192,0.18978280559008295,0.01843759236330897
739,0.17285589104764254,0.15042491089496768,0.022430980152674862
740,0.21262991535198467,0.1779807704074669,0.03464914494451776
741,0.20245536744521475,0.15935920654196517,0.04309616090324958
742,0.13728544154320377,0.15558528692411372,-0.01829984538090995
743,0.18133045469834713,0.1744788795209318,0.006851575177415331
744,0.22011192309213579,0.159716390269162,0.060395532822973774
745,0.19065595330022234,0.1614619587223462,0.029193994577876137
746,0.20737233159454682,0.14993819404469316,0.05743413754985366
747,0.2407301053912317,0.2085078944264913,0.0322222109647404
748,0.23971694280218336,0.1767047452069665,0.06301219759521687
749,0.2561667255451574,0.24336313147451116,0.01280359407064624
750,0.2703019076899101,0.2284491558198492,0.04185275187006088
751,0.28308482227758414,0.21579424750328985,0.06729057477429429
752,0.21984993244999632,0.22825810699459648,-0.008408174544600161
753,0.2817145141510078,0.2206655079597711,0.06104900619123668
754,0.13480736034433244,0.12871182428035002,0.006095536063982415
755,0.24809692770288647,0.22502887713085815,0.02306805057202832
756,0.1708755724567378,0.15149244858904695,0.019383123867690838
757,0.1882795398741169,0.14930690130922403,0.038972638564892886
758,0.18112882350068404,0.15672310236747394,0.0244057211332101
759,0.23382987078771242,0.20548417145247896,0.028345699335233454
760,0.20556581039889912,0.14925779494905056,0.056308015449848564
761,0.2843695405426355,0.23084868128233194,0.05352085926030359
762,0.2581645484103743,0.23912171791708842,0.019042830493285867
763,0.15856893467260133,0.15678479173819598,0.0017841429344053472
764,0.21146234548008658,0.15555249010100747,0.05590985537907911
765,0.22783084810164098,0.1877861473048666,0.040044700796774385
766,0.1838133801628473,0.14612384389805394,0.03768953626479335
767,0.15398296158761354,0.13643856782948577,0.017544393758127774
768,0.1521384657529188,0.15576476987165366,-0.003626304118734852
769,0.19424763811979495,0.178666337224739,0.015581300895055938
770,0.1878406947477826,0.12675106713354176,0.06108962761424083
771,0.23396367377029348,0.19656585429211854,0.03739781947817494
772,0.23722216907705143,0.19887784943670261,0.03834431964034882
773,0.20564235908464712,0.15237842974789823,0.053263929336748894
774,0.1551784231579603,0.1582970271310883,-0.00311860397312802
775,0.31026978523073967,0.23703916917017534,0.07323061606056433
776,0.17921884071458086,0.135637933079111,0.043580907635469845
777,0.23207677476824823,0.20985313853174428,0.022223636236503946
778,0.28536410405097756,0.21856741757749806,0.0667966864734795
779,0.20847037928994275,0.15746914219173275,0.05100123709821
780,0.21653956880820324,0.17844727984210298,0.03809228896610026
781,0.1663246083976888,0.16077201801491225,0.005552590382776557
782,0.20524226786331728,0.18885192891564437,0.016390338947672917
783,0.22563377618502078,0.18815855774281126,0.037475218442209524
784,0.2392114638591531,0.19166182741434556,0.04754963644480753
785,0.18058502394203227,0.14685520213171074,0.033729821810321525
786,0.27464884295248193,0.22122467860036368,0.05342416435211825
787,0.20918254673378558,0.1822886839121582,0.026893862821627396
788,0.19644744689180937,0.1760194116224477,0.020428035269361683
789,0.1986245040442436,0.16628685043842603,0.03233765360581756
790,0.22465650017803374,0.1861996445580204,0.03845685562001333
791,0.2530921202021973,0.24946305050252005,0.0036290696996772454
792,0.26956243935698965,0.21449516792950865,0.055067271427480996
793,0.2690668687876173,0.21204100402364895,0.05702586476396837
794,0.2984337219598582,0.22888219638011276,0.06955152557974542
795,0.1783443164626211,0.1628194351466582,0.015524881315962913
796,0.2258285961674624,0.17743104926846448,0.04839754689899792
797,0.17857437166411827,0.1633893801962346,0.015184991467883657
798,0.2535234612919041,0.19587965397839935,0.05764380731350477
799,0.17913623533408987,0.15618192360225736,0.022954311731832516
800,0.23393341169714255,0.21146837975440377,0.022465031942738772
801,0.18165647026206494,0.14850428808793226,0.03315218217413268
802,0.18258423783525485,0.15848052510369126,0.024103712731563587
803,0.14643225145779717,0.14475165858987057,0.0016805928679266002
804,0.15297777059113843,0.14407924511979647,0.008898525471341956
805,0.22647929506960252,0.20932459212524987,0.017154702944352646
806,0.20223100525195536,0.16266994302951585,0.03956106222243952
807,0.24146143269232595,0.22866528570836653,0.012796146983959422
808,0.20221436789677366,0.1869734222552716,0.015240945641502052
809,0.215817784108218,0.21005260336272422,0.0057651807454937865
810,0.1945666775032587,0.18518946959994914,0.009377207903309565
811,0.18811508385785558,0.1778926289846658,0.01022245487318979
812,0.20017815239998588,0.15790639611088197,0.0422717562891039
813,0.25623858619179474,0.23347387550422774,0.022764710687566997
814,0.24125528248529177,0.19715247081258142,0.04410281167271035
815,0.21302273823935794,0.16476629253622346,0.048256445703134476
816,0.2425889142798177,0.21846255553228827,0.02412635874752944
817,0.24252084389409698,0.21579428909900716,0.026726554795089813
818,0.1901709317284111,0.16654388600404282,0.023627045724368273
819,0.23143829581455144,0.21827694696732997,0.013161348847221477
820,0.24897535528697712,0.19777888221232554,0.05119647307465158
821,0.212436658918161,0.1463354851913689,0.06610117372679208
822,0.2893611183306439,0.25407424827435304,0.03528687005629083
823,0.22091950629385126,0.20533642476521385,0.01558308152863741
824,0.24332668415787626,0.1899952776574615,0.05333140650041476
825,0.18613196331309906,0.16754508200002055,0.018586881313078507
826,0.24916747180851395,0.20545450362413842,0.043712968184375534
827,0.27116332270495913,0.27876290421829375,-0.007599581513334619
828,0.25470127942320137,0.19975975216570546,0.054941527257495903
829,0.21268159515899732,0.1593702581108196,0.053311337048177726
830,0.22119569715004314,0.1713018211432996,0.049893876006743554
831,0.200047247846709,0.1529221084278687,0.04712513941884028
832,0.23976009383066219,0.21361942360154879,0.0261406702291134
833,0.2076321160544708,0.1627060573961004,0.044926058658370405
834,0.18373182864958865,0.16479631311147153,0.01893551553811712
835,0.16667994073764542,0.15261734716683348,0.014062593570811938
836,0.20518311434179737,0.15728161367973784,0.04790150066205953
837,0.16671476075555308,0.1653384087527694,0.0013763520027836873
838,0.23929122614697063,0.1859980348140701,0.05329319133290053
839,0.19561709517947518,0.1712239742949141,0.02439312088456108
840,0.14440286280546294,0.13491138849804354,0.009491474307419395
841,0.20068961029216975,0.18576402178248722,0.014925588509682536
842,0.2007366133704732,0.15875526999173817,0.04198134337873502
843,0.23281088887827617,0.15383094155802698,0.07897994732024918
844,0.1915281560537376,0.16067266929300245,0.030855486760735157
845,0.18806577213713455,0.147138238434233,0.04092753370290156
846,0.13839638609388694,0.11223761413141352,0.026158771962473418
847,0.16015206632251622,0.15450151724748332,0.005650549075032901
848,0.22508837222043285,0.1641256850733131,0.06096268714711975
849,0.2307840874761067,0.17503342880613468,0.05575065866997203
850,0.17147539554362695,0.18949185206434652,-0.018016456520719565
851,0.2043677122328608,0.19440405777047415,0.009963654462386645
852,0.2604290878881065,0.2653432145690164,-0.004914126680909903
853,0.24299156179830284,0.22994218236644043,0.013049379431862407
854,0.22855463027996226,0.2304573580155214,-0.0019027277355591343
855,0.27416606789431636,0.20584935038012234,0.06831671751419402
856,0.19703387715069443,0.18596772929792876,0.011066147852765662
857,0.20603115811651304,0.18817267895800932,0.01785847915850372
858,0.21043077605865304,0.18242310459280642,0.028007671465846623
859,0.23478870876653926,0.21971664998532509,0.015072058781214176
860,0.2465534814954569,0.19084536951105877,0.05570811198439812
861,0.17736211790561873,0.1511795772214601,0.026182540684158623
862,0.184797036979225,0.18725956357182608,-0.002462526592601072
863,0.26407135569816903,0.24205152589034656,0.022019829807822466
864,0.2052172476927367,0.17580715945290648,0.029410088239830212
865,0.17351201048654463,0.15098671305536362,0.022525297431181007
866,0.23538978363017732,0.20231378598651434,0.03307599764366298
867,0.20660159218442165,0.20021875108563078,0.006382841098790865
868,0.20775502065470702,0.1518844284578974,0.05587059219680962
869,0.20462324203177032,0.19940992031940102,0.005213321712369295
870,0.25729825350163665,0.21525645198965151,0.04204180151198514
871,0.272603262145289,0.2146898408452133,0.05791342130007571
872,0.2825822176844166,0.21786783963168582,0.06471437805273078
873,0.25379301708411256,0.2291704118824102,0.02462260520170237
874,0.2461100597258051,0.2071255622425039,0.03898449748330121
875,0.2418870684441492,0.20877853166664492,0.03310853677750428
876,0.1540579590711178,0.16310800286314409,-0.009050043792026286
877,0.21334634537692293,0.18052749899829063,0.032818846378632305
878,0.17369573458361803,0.1521684315427301,0.02152730304088793
879,0.21754550581906826,0.1854691570634526,0.03207634875561566
880,0.21220621840733947,0.2135474024845097,-0.0013411840771702377
881,0.16819210115210567,0.1298945582523684,0.038297542899737275
882,0.2515673308289813,0.20364207600721917,0.04792525482176213
883,0.22305589582182486,0.20147829838366105,0.021577597438163815
884,0.2359813386770277,0.18719572023154216,0.04878561844548554
885,0.22902853387723077,0.19744935323110802,0.03157918064612275
886,0.2683491801692126,0.23439388411374168,0.03395529605547093
887,0.17231645734363105,0.15423593044882927,0.018080526894801774
888,0.24758726704841813,0.21985954494788,0.027727722100538144
889,0.16735054423500878,0.1277051586778739,0.03964538555713487
890,0.20296692702940147,0.17341931969596333,0.02954760733343814
891,0.1889587884305469,0.14768996089971936,0.04126882753082753
892,0.16915741040111848,0.15909607517547192,0.010061335225646562
893,0.2374897859218595,0.2174831851644007,0.020006600757458776
894,0.17652199198560303,0.142800759496105,0.03372123248949804
895,0.2180349984975617,0.1829220229743059,0.03511297552325579
896,0.2170822500157973,0.20126045492048922,0.015821795095308094
897,0.19949324365396925,0.1863011782335143,0.013192065420454951
898,0.19005034179034652,0.19163876216736558,-0.001588420377019062
899,0.21203859312578638,0.21104559730018138,0.0009929958256049976
900,0.1439990929828711,0.14043787900271812,0.003561213980152994
901,0.2645224013096178,0.2637624694979656,0.0007599318116521814
902,0.2323114050525661,0.1956824509745867,0.03662895407797939
903,0.20696595667037285,0.1641577098479904,0.042808246822382434
904,0.19337876431533993,0.15444187820858557,0.03893688610675436
905,0.23700829963847536,0.17070203214378735,0.06630626749468801
906,0.215750128167859,0.19795376313005744,0.017796365037801548
907,0.23403478242366746,0.16793756827407083,0.06609721414959663
908,0.1914579851512298,0.1846868945420012,0.006771090609228592
909,0.17562896290278224,0.15867827987304323,0.01695068302973901
910,0.16917661898398748,0.14070209364805963,0.02847452533592784
911,0.2210357926853061,0.20257795230793896,0.01845784037736714
912,0.19103363825948833,0.15385611757415527,0.03717752068533306
913,0.20957930330974284,0.1529329865874313,0.056646316722311546
914,0.21138890577544123,0.20728822759906543,0.004100678176375799
915,0.213310403030882,0.18844944976294414,0.024860953267937858
916,0.13839399099828656,0.12832982914119467,0.010064161857091886
917,0.25297353731415007,0.24640878945435413,0.0065647478597959386
918,0.2227848326758003,0.16060746120636588,0.06217737146943442
919,0.20118017705573274,0.1732544198398089,0.02792575721592383
920,0.18505278429144373,0.17716517409532348,0.007887610196120248
921,0.14728358403085734,0.14899010494863257,-0.0017065209177752338
922,0.20866322675768803,0.15864386105046535,0.05001936570722268
923,0.30873151345853367,0.2724399332980755,0.03629158016045819
924,0.19376739633779017,0.1667598723716289,0.027007523966161268
925,0.24720832303944898,0.22795839726505288,0.019249925774396104
926,0.23622067663640522,0.22414771502541297,0.01207296161099225
927,0.23996391509534984,0.21815670701515097,0.02180720808019887
928,0.2000825615339038,0.17205950630599665,0.028023055227907157
929,0.1755947927526532,0.1649839202957309,0.010610872456922299
930,0.1795137967813556,0.1554492991842854,0.02406449759707019
931,0.1524100270887487,0.14370589949977652,0.008704127588972183
932,0.1705191446994262,0.1458156082298268,0.024703536469599385
933,0.1973417492776186,0.20168621694503694,-0.004344467667418334
934,0.2196692599055507,0.14973717295357922,0.06993208695197148
935,0.24814692399499436,0.1864288126092014,0.061718111385792945
936,0.2362768389551638,0.24031931143564542,-0.004042472480481618
937,0.18147375782953917,0.14802429480688203,0.03344946302265714
938,0.15292166236964239,0.11710118184121487,0.03582048052842751
939,0.24388849353215314,0.20151160228959494,0.042376891242558196
940,0.20066163682351706,0.16836876230818115,0.03229287451533591
941,0.21844824218227332,0.20309525392328767,0.01535298825898565
942,0.2103511266499596,0.17716094284678274,0.03319018380317687
943,0.16744936778646366,0.14775063320973716,0.019698734576726495
944,0.17696063014766478,0.15516138642788443,0.021799243719780342
945,0.1680866338272762,0.12797444612310482,0.04011218770417138
946,0.17478284595510196,0.161792604451958,0.012990241503143957
947,0.1532687373306317,0.13023768851866593,0.02303104881196577
948,0.19521463047041304,0.1580385741701529,0.037176056300260135
949,0.21853475032808967,0.2178015044740818,0.0007332458540078579
950,0.22924900799197862,0.18605404319732796,0.04319496479465065
951,0.17208922132296578,0.15197784700956166,0.020111374313404123
952,0.2001694514761036,0.17415511031518555,0.026014341160918053
953,0.19302316531579122,0.14863024365809446,0.04439292165769676
954,0.14367604760944355,0.12687005474586116,0.016805992863582392
955,0.18654004351763276,0.1728574065709586,0.013682636946674154
956,0.1929630340836835,0.16867339603321185,0.024289638050471657
957,0.1730868785048969,0.15543113263779498,0.01765574586710192
958,0.23800677267368237,0.20571670588711666,0.03229006678656571
959,0.23677364582124438,0.20052475793743546,0.03624888788380892
960,0.23636732024341878,0.22255367237995635,0.013813647863462425
961,0.2097737938272555,0.15456902459977867,0.05520476922747683
962,0.2300131338061724,0.18393289433565727,0.04608023947051512
963,0.24041320906186914,0.19591428728655572,0.04449892177531342
964,0.2419513405500937,0.17851081902164873,0.06344052152844498
965,0.20713446948682251,0.16258227823817947,0.04455219124864304
966,0.1559510123950467,0.13846333712813536,0.017487675266911334
967,0.19243973204625545,0.1740747212924177,0.018365010753837757
968,0.2754564693507665,0.2054492373050922,0.0700072320456743
969,0.2315156691836118,0.19508026560454034,0.03643540357907146
970,0.2371982877287843,0.20919319428075206,0.02800509344803223
971,0.2576965416122121,0.21583164126714338,0.041864900345068734
972,0.21049145316572918,0.17957395071677076,0.03091750244895841
973,0.2099186700417946,0.14414130248719545,0.06577736755459915
974,0.2896558943888904,0.25984355517134045,0.029812339217549944
975,0.20734852168227322,0.17463219856579276,0.032716323116480456
976,0.1916697486965099,0.1511331007498292,0.040536647946680715
977,0.1665619822671727,0.16742116270907398,-0.0008591804419012805
978,0.23336079368847695,0.21705276424293368,0.01630802944554327
979,0.19429100932763807,0.1627379132527029,0.03155309607493517
980,0.18684974891212033,0.16532767913961316,0.021522069772507174
981,0.29203079187847614,0.3037389655696708,-0.011708173691194645
982,0.1959386992436195,0.18100057411477824,0.014938125128841268
983,0.17179391639356123,0.16351569015925282,0.008278226234308406
984,0.2910600232974761,0.22301760873315354,0.06804241456432256
985,0.14255605634529003,0.11583417223884274,0.026721884106447297
986,0.19878688620708507,0.1749313476923726,0.023855538514712477
987,0.2597768534176054,0.24589804640088178,0.013878807016723643
988,0.17247399965747123,0.15384049495516688,0.01863350470230435
989,0.2565725056620238,0.25005965720496043,0.006512848457063347
990,0.2207359268305313,0.2100512216018376,0.01068470522869372
991,0.20441159617859617,0.1614445498637752,0.042967046314820956
992,0.20710762436327598,0.2020019858726201,0.005105638490655873
993,0.1981183725076185,0.19798410243552697,0.0001342700720915191
994,0.21958272474323856,0.16575663680673047,0.05382608793650809
995,0.21703428244647172,0.16748102578260257,0.049553256663869144
996,0.21628859560298166,0.15441597074245642,0.06187262486052525
997,0.1931010884297547,0.19171951776515514,0.0013815706645995685
998,0.17297277679873632,0.17598431200733386,-0.0030115352085975378
999,0.24724183558492166,0.2139959208372277,0.03324591474769395
1000,0.23313678826907924,0.21785586071796967,0.015280927551109574
1001,0.16467898795143396,0.1213426137605362,0.04333637419089775
1002,0.18811047633582534,0.1896584195333043,-0.0015479431974789737
1003,0.262321682341591,0.17622199667954475,0.08609968566204623
1004,0.21642680764997457,0.2051872716462027,0.011239536003771866
1005,0.25739544970616896,0.1965775270523966,0.060817922653772366
1006,0.272292582856915,0.22407422888197648,0.04821835397493851
1007,0.19349091564777432,0.17298212614854228,0.020508789499232044
1008,0.31657131317692916,0.2752840793716809,0.041287233805248236
1009,0.1619879417012699,0.1456150758987274,0.01637286580254249
1010,0.3244731977433499,0.244321501355364,0.08015169638798586
1011,0.17536155321610908,0.1650369212915146,0.010324631924594485
1012,0.1977372770382672,0.1754188173283119,0.0223184597099553
1013,0.21814431619436153,0.23735044662036847,-0.01920613042600694
1014,0.20790233340197367,0.18812257092971868,0.01977976247225499
1015,0.17301374919227033,0.14028494371444097,0.03272880547782936
1016,0.15813844978631333,0.1544789305238349,0.003659519262478428
1017,0.20005674937886256,0.17132796030146336,0.028728789077399203
1018,0.21379617676114523,0.20188974967409137,0.011906427087053861
1019,0.2222684504163849,0.14663719851727036,0.07563125189911454
1020,0.2643782891402836,0.22625132218214972,0.03812696695813389
1021,0.2011210462808437,0.18112564028576142,0.019995405995082288
1022,0.1871808137150721,0.16882336732418765,0.018357446390884435
1023,0.24106826540762402,0.18805800884647253,0.05301025656115149
1024,0.22114217797085928,0.1803063377508102,0.040835840220049074
1025,0.19329244443965127,0.1486254005734147,0.04466704386623657
1026,0.2397407430656035,0.19667936130836805,0.04306138175723545
1027,0.3074213456649127,0.23782723342348444,0.06959411224142825
1028,0.23988147005220709,0.22725317245746973,0.012628297594737353
1029,0.22915448006977684,0.22152930446193186,0.007625175607844981
1030,0.15839682978641514,0.15330664225352061,0.00509018753289453
1031,0.23070631098449107,0.17258968960649884,0.05811662137799223
1032,0.24822176751961603,0.2422657468133323,0.005956020706283732
1033,0.2299823966455676,0.2251635202094643,0.004818876436103292
1034,0.2550074063585362,0.2006783166376338,0.05432908972090239
1035,0.21875430131672377,0.1846948197011475,0.03405948161557626
1036,0.17674096077645843,0.14444110009917643,0.032299860677281994
1037,0.18669619996518577,0.16823634121711253,0.018459858748073238
1038,0.2094639346937008,0.1828232043104264,0.026640730383274414
1039,0.2716120719507123,0.2622025937420891,0.009409478208623201
1040,0.15636383620248412,0.16427565835471514,-0.007911822152231018
1041,0.20257602572605604,0.19037839126949233,0.012197634456563716
1042,0.17985191206178752,0.14933353311967562,0.0305183789421119
1043,0.1947236867013172,0.23561691040798732,-0.04089322370667012
1044,0.19223598771541217,0.155098501900599,0.03713748581481316
1045,0.14889337678297426,0.13859484064170247,0.010298536141271797
1046,0.1760527345746486,0.16209896454884404,0.013953770025804557
1047,0.1823948865700365,0.19008804013328978,-0.0076931535632532855
1048,0.17890988326651863,0.14142973714721774,0.037480146119300894
1049,0.2801957558729404,0.21278764671165099,0.06740810916128939
1050,0.18643629071807866,0.14413130254562773,0.04230498817245093
1051,0.3055378051901745,0.2568924286991925,0.048645376490981995
1052,0.31015532128690354,0.26675909877513215,0.04339622251177139
1053,0.18538534026922399,0.16926879485936963,0.016116545409854355
1054,0.23984573756550853,0.1858543750093718,0.053991362556136735
1055,0.21172205644241196,0.17469487736719613,0.03702717907521583
1056,0.21770695949157062,0.18936530392853604,0.028341655563034585
1057,0.20487676244250067,0.15812297221420443,0.04675379022829623
1058,0.18224232094669077,0.17069635147056184,0.011545969476128931
1059,0.2361098088609208,0.2231249721774694,0.012984836683451406
1060,0.23225007311014412,0.20011137168485757,0.03213870142528655
1061,0.1769496383983302,0.15769742968843356,0.019252208709896634
1062,0.16276088585294968,0.15293663777231165,0.009824248080638032
1063,0.18898672183202353,0.14686361014760943,0.0421231116844141
1064,0.20566575460157113,0.1864802112992589,0.01918554330231223
1065,0.21688270733229142,0.15391189285133325,0.06297081448095818
1066,0.16976258730421237,0.158035807793477,0.011726779510735363
1067,0.19988870097184272,0.16481584480456168,0.035072856167281036
1068,0.18076257603143073,0.15303873121113176,0.027723844820298965
1069,0.20227440905101252,0.16502774552731825,0.03724666352369427
1070,0.24395334916359007,0.1773877729405991,0.06656557622299097
1071,0.17416349805724005,0.15200199619184696,0.02216150186539309
1072,0.2229497996877981,0.19629708065172555,0.026652719036072553
1073,0.19225442393683312,0.19001256163365057,0.0022418623031825458
1074,0.16817640972641137,0.14065450941308952,0.027521900313321856
1075,0.23213095548554868,0.2275624491877737,0.004568506297774971
1076,0.1790628535655832,0.16606191735861908,0.013000936206964131
1077,0.18583431820648166,0.19404445174646995,-0.008210133539988285
1078,0.19986191049742658,0.1563121891715981,0.04354972132582849
1079,0.23093691002950018,0.18869317156815638,0.0422437384613438
1080,0.19554747166673916,0.1612481727443214,0.03429929892241776
1081,0.1975632283884028,0.18332304642850078,0.01424018195990201
1082,0.22207873688577545,0.18326274466464376,0.03881599222113169
1083,0.1898614885746216,0.15651829993583702,0.03334318863878458
1084,0.14733614006033308,0.12650257577665786,0.02083356428367522
1085,0.23877301897927355,0.21252878589140697,0.02624423308786658
1086,0.17673090827648566,0.14932850910425305,0.02740239917223261
1087,0.22589799491165446,0.2044478162335721,0.021450178678082354
1088,0.23220201135476434,0.23609242477407966,-0.003890413419315314
1089,0.22990229612500152,0.19256617300814927,0.03733612311685225
1090,0.18292626862594497,0.1708794558907574,0.012046812735187568
1091,0.19545035381711412,0.18856115843356355,0.006889195383550567
1092,0.20153956302275972,0.15265329932276056,0.048886263699999155
1093,0.2138047053338692,0.18482445503230802,0.028980250301561178
1094,0.15042130120329186,0.157710653521945,-0.007289352318653131
1095,0.23589214412771564,0.2112071228386671,0.024685021289048537
1096,0.2228943585755298,0.16200606191240594,0.06088829666312387
1097,0.21644956357048808,0.20890588716910516,0.007543676401382926
1098,0.21800412205704411,0.18880460307920266,0.029199518977841454
1099,0.16192754720021554,0.1460765950286598,0.015850952171555743
1100,0.2581889042470869,0.22238628354890372,0.035802620698183185
1101,0.24843963605137828,0.22691114801322315,0.02152848803815513
1102,0.22751937169075995,0.21970843968128478,0.007810932009475163
1103,0.2697369304248053,0.23198716359052193,0.037749766834283355
1104,0.19863159238595304,0.16426252492267335,0.034369067463279696
1105,0.22607235039897314,0.22306992081212001,0.0030024295868531226
1106,0.22066046466791822,0.1848488967952926,0.03581156787262563
1107,0.18842042803656892,0.15735550204235388,0.031064925994215037
1108,0.24691128809115145,0.19367400299948595,0.053237285091665504
1109,0.2653255762561844,0.21023909290586815,0.05508648335031627
1110,0.28702340305802393,0.22755420428130774,0.05946919877671619
1111,0.20621978998552176,0.1631573535985725,0.04306243638694926
1112,0.16260614718717858,0.16213579986106916,0.0004703473261094271
1113,0.2049174316943672,0.15547940584033348,0.04943802585403373
1114,0.21163720640903189,0.173589332810455,0.03804787359857689
1115,0.21131595912429407,0.14899398156147253,0.06232197756282154
1116,0.18251869962997627,0.16549063758825186,0.017028062041724412
1117,0.2706588217372804,0.22617810073298547,0.044480721004294926
1118,0.25454277869430814,0.19545022034464998,0.05909255834965815
1119,0.2680434244660545,0.22182612489921602,0.04621729956683848
1120,0.20019769458032272,0.1680871921908716,0.03211050238945112
1121,0.18770099173154892,0.15909959886802316,0.028601392863525754
1122,0.21211879137199588,0.15862838583100308,0.0534904055409928
1123,0.23414809546953796,0.1799052014654378,0.05424289400410018
1124,0.2651059072742455,0.24800005480962958,0.017105852464615906
1125,0.1952108029533723,0.17204476614621528,0.02316603680715701
1126,0.2518939616516215,0.22914202193247252,0.02275193971914896
1127,0.17880209442107725,0.14360164239855963,0.03520045202251762
1128,0.1807537440709723,0.14870894073831115,0.03204480333266116
1129,0.1779238667153329,0.16077249577548985,0.017151370939843036
1130,0.2233846155196358,0.17601133070054495,0.04737328481909084
1131,0.16323032360259798,0.14975997227161303,0.013470351330984953
1132,0.20672355495952505,0.15066501002172103,0.05605854493780402
1133,0.18198908226501326,0.14248483398639988,0.039504248278613374
1134,0.19114864352120675,0.18708535828895778,0.00406328523224897
1135,0.1644229270402029,0.15351889106966277,0.010904035970540127
1136,0.3264671177163099,0.27679577903246483,0.049671338683845045
1137,0.22082793165695067,0.22230359976397188,-0.0014756681070212108
1138,0.20599286235292438,0.19425841256094012,0.011734449791984264
1139,0.2964788185564493,0.27204934387163754,0.02442947468481177
1140,0.2131052171934587,0.217831762748194,-0.004726545554735284
1141,0.18260221956598388,0.1601350347567317,0.022467184809252194
1142,0.21938724567411433,0.21113351091304022,0.008253734761074105
1143,0.2632255804372831,0.20674386965057867,0.05648171078670444
1144,0.20514513186858188,0.20098332150808035,0.004161810360501533
1145,0.20660127182631985,0.1730989053039447,0.03350236652237515
1146,0.26191363705828413,0.18459091702801883,0.0773227200302653
1147,0.2224020495353285,0.2137965395668057,0.008605509968522801
1148,0.25109722080848773,0.21839496925976243,0.0327022515487253
1149,0.14948417312716747,0.14061645318149837,0.008867719945669095
1150,0.1413383584254324,0.13273691788485636,0.008601440540576044
1151,0.22296154877452284,0.19152101171776742,0.031440537056755424
1152,0.30810093583615306,0.23339015673367353,0.07471077910247953
1153,0.2246691781853759,0.19311102128921304,0.03155815689616287
1154,0.234534021391747,0.19464838712324117,0.03988563426850583
1155,0.15984719900455496,0.15003738123961663,0.009809817764938333
1156,0.19998316894451895,0.16343124499637868,0.036551923948140275
1157,0.19021541893744723,0.14928301582018116,0.040932403117266064
1158,0.21766286376528904,0.18269556995737798,0.034967293807911054
1159,0.16411074609563953,0.14141878868575353,0.022691957409886
1160,0.16432613926499906,0.14553860324587226,0.018787536019126805
1161,0.19530385222246907,0.15979725426481753,0.03550659795765154
1162,0.1925469187965648,0.16798982141267152,0.024557097383893278
1163,0.263161882121984,0.23824170437200776,0.024920177749976236
1164,0.1689492182994732,0.14678025698236002,0.022168961317113184
1165,0.18083394920501625,0.15947749207575154,0.021356457129264705
1166,0.19057282225886013,0.1891208219525367,0.00145200030632342
1167,0.1482255047064156,0.14249442184891617,0.005731082857499431
1168,0.2506582145471689,0.22137622075722185,0.02928199378994706
1169,0.17195492110893792,0.1514443919754258,0.020510529133512118
1170,0.18127693299228817,0.1555250888739715,0.025751844118316658
1171,0.1638061511811768,0.19061246317667974,-0.02680631199550293
1172,0.2657807656662642,0.21434643393443828,0.051434331731825905
1173,0.15436880552164686,0.14289971861570855,0.011469086905938314
1174,0.21860242983762426,0.19445773789414755,0.02414469194347671
1175,0.23193113714744715,0.18562056704982471,0.04631057009762243
1176,0.1865646242785026,0.1781361821941234,0.008428442084379206
1177,0.1866194481536032,0.16367709071496286,0.022942357438640343
1178,0.21861810272311877,0.20257852204188725,0.016039580681231513
1179,0.2568707902066048,0.21463600121995813,0.042234788986646676
1180,0.18527383609690373,0.14670312830749088,0.03857070778941285
1181,0.2024313058683289,0.17472834233440107,0.027702963533927816
1182,0.22490050808328316,0.18149022007024643,0.04341028801303673
1183,0.18795822037707355,0.1776422871213898,0.010315933255683751
1184,0.17909091191999815,0.1598090839010628,0.019281828018935354
1185,0.20592372054951158,0.16764498213057097,0.03827873841894061
1186,0.2420364495111688,0.18432163738767368,0.05771481212349511
1187,0.22933787075460463,0.15972711881538845,0.06961075193921618
1188,0.26361739744821444,0.22328013932534513,0.04033725812286931
1189,0.17177809199955263,0.1409032115213,0.030874880478252625
1190,0.1956747804806235,0.16043230021598553,0.03524248026463797
1191,0.210018884322553,0.19475182225172166,0.015267062070831339
1192,0.16754479270954853,0.14359660908112576,0.02394818362842277
1193,0.25531883201869604,0.1780832281240294,0.07723560389466663
1194,0.15695999839573638,0.13418090289516577,0.022779095500570612
1195,0.16840588250964095,0.17883219817449947,-0.010426315664858521
1196,0.19632228956410464,0.15791192004055565,0.03841036952354898
1197,0.23035868297616183,0.19092746500743218,0.03943121796872964
1198,0.19403741705574395,0.19310118188582412,0.0009362351699198357
1199,0.23285207457720936,0.1741247329402544,0.05872734163695495
1200,0.24478824599090399,0.2130865793042538,0.0317016666866502
1201,0.190162312091899,0.1818757945749669,0.008286517516932101
1202,0.23349692673421762,0.19382612608367994,0.039670800650537685
1203,0.17041685371138987,0.14442415393919542,0.025992699772194455
1204,0.23935616540001303,0.18416265069450855,0.05519351470550449
1205,0.18806398251969278,0.18617024418958222,0.001893738330110556
1206,0.18262764862048894,0.1683897720807387,0.014237876539750255
1207,0.2574800360763431,0.21041731368096805,0.04706272239537507
1208,0.15696151450555829,0.13007250100524412,0.02688901350031417
1209,0.2448602164285751,0.2018029442304972,0.04305727219807792
1210,0.20963895775258817,0.18580691635070024,0.023832041401887938
1211,0.17559247051872356,0.15369722080244727,0.021895249716276294
1212,0.16990155624876388,0.15850451516361533,0.011397041085148552
1213,0.17828904722294273,0.16014000818611213,0.0181490390368306
1214,0.2177450977483098,0.19835068152737903,0.01939441622093077
1215,0.2286252682451042,0.226160505710102,0.0024647625350022184
1216,0.15007494589355277,0.1364525012775465,0.013622444616006285
1217,0.18273352107569862,0.15553674637519666,0.02719677470050197
1218,0.2073308461821991,0.1478773356019229,0.0594535105802762
1219,0.21034506775441744,0.18866662830526665,0.021678439449150794
1220,0.24130507067192586,0.20135993633559687,0.039945134336328986
1221,0.2165144112392426,0.1612471210606465,0.05526729017859608
1222,0.18356061839961826,0.14490126110380955,0.038659357295808716
1223,0.1827195102711629,0.14152390660937034,0.04119560366179256
1224,0.2296905703319,0.199684664680811,0.030005905651088988
1225,0.19981214406671785,0.17042065620439875,0.0293914878623191
1226,0.2242768860282656,0.19302305919468105,0.03125382683358455
1227,0.1600066405751204,0.1649922621658061,-0.0049856215906856904
1228,0.2312585110590533,0.16538697239918845,0.06587153865986484
1229,0.22803195616285218,0.23300175056450104,-0.004969794401648853
1230,0.15824293722894783,0.15568585711762697,0.0025570801113208586
1231,0.19166606133166375,0.1786534092010209,0.013012652130642843
1232,0.2668449890288932,0.2248161206572461,0.0420288683716471
1233,0.25682919218235895,0.22161770737608694,0.03521148480627201
1234,0.23011372917827988,0.16882751591573583,0.06128621326254405
1235,0.21557677403056724,0.21326702628138888,0.002309747749178359
1236,0.2551766565532714,0.16805163066403467,0.0871250258892367
1237,0.20260608847288716,0.1903363372320286,0.01226975124085855
1238,0.2027688416353589,0.17264616228899704,0.03012267934636187
1239,0.2104363198763445,0.17414436776515974,0.03629195211118477
1240,0.24336719852482655,0.18375346248950986,0.059613736035316695
1241,0.2528846165752603,0.16770360274560484,0.08518101382965546
1242,0.20169718002722375,0.2165094153071063,-0.01481223527988254
1243,0.16548650165410572,0.1430385022070618,0.022447999447043926
1244,0.19574185429049196,0.15235925433739558,0.043382599953096374
1245,0.1980036109564089,0.16822083552198702,0.02978277543442187
1246,0.216913305537222,0.18043759777619076,0.036475707761031234
1247,0.20349365019162877,0.2011418251566002,0.002351825035028565
1248,0.21900388538539367,0.1797993942456059,0.03920449113978777
1249,0.23014694478245246,0.22275544414439477,0.007391500638057685
1250,0.2032549009203657,0.2086447658343595,-0.005389864913993819
1251,0.2155695835248322,0.22197243529727156,-0.006402851772439377
1252,0.21835718305797952,0.1914377893942353,0.026919393663744212
1253,0.27646105042740193,0.25601980600087143,0.020441244426530503
1254,0.22852532889482297,0.1778574635027852,0.05066786539203777
1255,0.2655067926208897,0.2208970195168681,0.044609773104021616
1256,0.22929171720984412,0.2309811360503246,-0.0016894188404804888
1257,0.20610394702020396,0.24397116530068894,-0.03786721828048498
1258,0.19357983285303723,0.1500067737154478,0.04357305913758944
1259,0.22397261580153965,0.19248534373434686,0.03148727206719279
1260,0.24452626794209997,0.18034828750314408,0.0641779804389559
1261,0.17940836563081475,0.1551211940036638,0.02428717162715094
1262,0.18597511512643866,0.16186711653519748,0.024107998591241186
1263,0.224947113464585,0.189567371571528,0.03537974189305701
1264,0.16840970355834914,0.14954381693199562,0.018865886626353523
1265,0.20967684517653726,0.18646348450150385,0.023213360675033406
1266,0.1789458167658312,0.1636706325441981,0.015275184221633098
1267,0.17936168671555708,0.15494727531877966,0.024414411396777413
1268,0.24531354905354455,0.18411702282685533,0.061196526226689224
1269,0.16547792235406047,0.17247487089123684,-0.006996948537176362
1270,0.22256011865228773,0.21199306923806788,0.010567049414219848
1271,0.1579310803709237,0.12976855291807884,0.028162527452844865
1272,0.144933404130885,0.12411776385583262,0.020815640275052394
1273,0.24392111849952208,0.17657675651411484,0.06734436198540725
1274,0.22161679923910385,0.14961855586464445,0.0719982433744594
1275,0.21994702393273735,0.20893955815186113,0.011007465780876219
1276,0.2333009961630024,0.2188416546966117,0.01445934146639069
1277,0.17520756298930293,0.14732708304932957,0.027880479939973363
1278,0.18428387342949376,0.15896833042396422,0.025315543005529545
1279,0.17362549161629393,0.14932377355193693,0.024301718064356992
1280,0.15556968236571783,0.14794907056476111,0.007620611800956717
1281,0.17614327895760634,0.13978194136968938,0.03636133758791696
1282,0.1320994962464011,0.11981926567118802,0.012280230575213089
1283,0.16486143978965895,0.14152711537717136,0.02333432441248759
1284,0.20578107698067027,0.17944654037636493,0.026334536604305347
1285,0.20204358057231053,0.17539795935361674,0.026645621218693794
1286,0.23575235201494538,0.2033867536612922,0.032365598353653185
1287,0.20679855974374975,0.13566940668374772,0.07112915306000203
1288,0.21301395495971098,0.20800655172997118,0.005007403229739804
1289,0.1839979788001346,0.16311279993972144,0.02088517886041316
1290,0.2683058714438999,0.25873037778076446,0.009575493663135426
1291,0.2280139316391061,0.2232162501207478,0.004797681518358299
1292,0.18671958965776675,0.17512399043919824,0.011595599218568509
1293,0.18635060834681852,0.13608955267989692,0.0502610556669216
1294,0.21900477718581612,0.1777842483994988,0.04122052878631732
1295,0.24180224164852734,0.20852969489527778,0.03327254675324956
1296,0.1967352620895044,0.1750745774410699,0.021660684648434486
1297,0.15885468419616178,0.12177127525150075,0.03708340894466103
1298,0.26579080477553474,0.20137580499499586,0.06441499978053888
1299,0.2341872824633453,0.18040428467450056,0.05378299778884474
1300,0.2151306349306893,0.20312681636831897,0.012003818562370316
1301,0.16834414586002666,0.15520274873148715,0.013141397128539511
1302,0.18458622236625516,0.15747563555549973,0.027110586810755427
1303,0.13344524939959,0.14013853061047377,-0.006693281210883778
1304,0.16419112682360465,0.12615274095244922,0.03803838587115543
1305,0.1679962516616209,0.16161988113604128,0.006376370525579628
1306,0.22109054594985428,0.20258800315945322,0.01850254279040106
1307,0.2557836746651747,0.2547519234589285,0.001031751206246212
1308,0.198118740342614,0.17467843569358993,0.02344030464902408
1309,0.17495094210465714,0.142525532368348,0.03242540973630914
1310,0.15357783869898756,0.14025427469810978,0.01332356400087778
1311,0.2511073004543458,0.20331365737535184,0.047793643078993975
1312,0.22116087081356495,0.19687320620385193,0.024287664609713017
1313,0.182952346490874,0.17139639714217408,0.011555949348699912
1314,0.1648816358136606,0.1480121374496787,0.01686949836398191
1315,0.1963732339123513,0.1804564918402579,0.015916742072093426
1316,0.2030546725720264,0.15984544757317487,0.04320922499885152
1317,0.23838201640413215,0.2036564950843599,0.034725521319772246
1318,0.21212120979888202,0.19537946940998052,0.0167417403889015
1319,0.18287601006957863,0.1386063186373262,0.04426969143225243
1320,0.24113747580625347,0.2276794680080726,0.013458007798180877
1321,0.21590473108750824,0.2133313410345746,0.0025733900529336384
1322,0.19362102302726134,0.17160608153456292,0.02201494149269842
1323,0.21296778961445612,0.1798150099250066,0.03315277968944952
1324,0.19386071950086659,0.18531587075567615,0.008544848745190431
1325,0.19233253024374028,0.16166857648815092,0.030663953755589363
1326,0.22621657565195755,0.220008592975211,0.0062079826767465485
1327,0.17083835407272419,0.13671435532034934,0.034123998752374846
1328,0.27375029110465887,0.24939511065214098,0.02435518045251789
1329,0.2138459087677901,0.1585754893030797,0.055270419464710424
1330,0.25268972127333916,0.20069663027002446,0.0519930910033147
1331,0.20613258232907475,0.16541595926296143,0.04071662306611332
1332,0.195707827200281,0.1865033176394757,0.00920450956080529
1333,0.17424891751580449,0.16399384179059806,0.010255075725206425
1334,0.1747464269948239,0.16143168526361942,0.013314741731204477
1335,0.24721334055638097,0.22156417391178923,0.025649166644591742
1336,0.20047000855148495,0.18429685304812948,0.016173155503355463
1337,0.26098071987862365,0.2257732699177412,0.03520744996088246
1338,0.18555251335041334,0.14988187656395074,0.035670636786462595
1339,0.15513008637111533,0.13899769935349424,0.016132387017621097
1340,0.24593954802768292,0.19394471166113908,0.05199483636654384
1341,0.17570572816671903,0.13821490010909276,0.03749082805762627
1342,0.23520982770943832,0.2586706893836743,-0.023460861674236
1343,0.1470663533194249,0.12978903676175096,0.017277316557673922
1344,0.21828890520829577,0.16356707805755055,0.05472182715074522
1345,0.19945468138784062,0.17070013089283445,0.028754550495006165
1346,0.20144913124131664,0.17339204957048074,0.0280570816708359
1347,0.2861981642796405,0.22657052588887422,0.05962763839076629
1348,0.21521996790620418,0.23194893062806168,-0.016728962721857504
1349,0.2975843524163086,0.26706509184032695,0.030519260575981644
1350,0.2529496027795991,0.19386563339169063,0.05908396938790847
1351,0.2032957525928857,0.14596260706413308,0.05733314552875263
1352,0.14291962005605674,0.1331137594104335,0.009805860645623249
1353,0.19034412886127272,0.1779740919751568,0.012370036886115932
1354,0.22858886353681945,0.19843278194667857,0.030156081590140882
1355,0.19383304328545672,0.15590941828461682,0.0379236250008399
1356,0.16556129399092917,0.14697827579566117,0.018583018195268003
1357,0.19278741108070868,0.18627056377086407,0.0065168473098446145
1358,0.30887708891885374,0.26881318654545133,0.040063902373402405
1359,0.23158718105978376,0.1977072537810569,0.03387992727872685
1360,0.1791865755959247,0.1735826621213418,0.005603913474582917
1361,0.16096019495545924,0.13412299523799434,0.0268371997174649
1362,0.24049201283089,0.1751736341222523,0.06531837870863771
1363,0.20959224530692316,0.16969503747534553,0.03989720783157763
1364,0.21979749571882687,0.16012493982397807,0.059672555894848794
1365,0.21556733488037175,0.19748019781373216,0.018087137066639586
1366,0.19997016756466243,0.1643089613338255,0.035661206230836934
1367,0.19050262516207314,0.14839762071686896,0.04210500444520418
1368,0.1897382110724355,0.16606712707111387,0.02367108400132162
1369,0.1504295709076999,0.1589270163106018,-0.008497445402901899
1370,0.20387597554945933,0.16810863182131722,0.03576734372814211
1371,0.21330794582579665,0.19328945183023047,0.020018493995566183
1372,0.19857365350586664,0.15215273231533658,0.04642092119053007
1373,0.1792540618009107,0.15118697666920278,0.028067085131707914
1374,0.20328196935540588,0.17805621502032812,0.02522575433507776
1375,0.22449791515552164,0.17258317145243712,0.05191474370308452
1376,0.15625896837012077,0.1463657490912424,0.009893219278878373
1377,0.1982056684187112,0.20142692516200494,-0.003221256743293738
1378,0.20324156575883343,0.1695097971252793,0.03373176863355412
1379,0.2116920167137473,0.16337627635503912,0.04831574035870817
1380,0.21567721254692554,0.20989765242626796,0.005779560120657584
1381,0.1644679380526925,0.15250573172779336,0.011962206324899138
1382,0.2325836623886873,0.17530166415622753,0.057281998232459774
1383,0.21853977985727877,0.1766116333207067,0.041928146536572064
1384,0.17173878805056525,0.15922636039977253,0.012512427650792718
1385,0.24314233401065538,0.21151712808341633,0.03162520592723905
1386,0.23961655758289807,0.1897469822033612,0.049869575379536873
1387,0.2372354427307548,0.20390407876985756,0.03333136396089725
1388,0.17713694969550456,0.13733056878515104,0.03980638091035352
1389,0.18883879012192406,0.15079207744271814,0.038046712679205924
1390,0.21562146543091654,0.1885376276245493,0.02708383780636725
1391,0.19710332542598197,0.18184305353643768,0.015260271889544291
1392,0.21031728176334155,0.16218589390762062,0.048131387855720936
1393,0.19818295598851277,0.1959531238600296,0.0022298321284831557
1394,0.25479873704791506,0.20677974489634207,0.04801899215157299
1395,0.22788042489839766,0.21343593382594717,0.014444491072450494
1396,0.21731622804539105,0.1784476238815673,0.03886860416382376
1397,0.23368494451793762,0.22257888565829242,0.01110605885964519
1398,0.2249809794978463,0.2221845806752349,0.002796398822611401
1399,0.19694038812188389,0.16240754678342456,0.034532841338459325
1400,0.2618187937331272,0.18587619292544466,0.07594260080768256
1401,0.18135363944964233,0.1501696503414978,0.031183989108144544
1402,0.22616820711376365,0.22278859022444575,0.003379616889317899
1403,0.21207977059986471,0.1635005547074989,0.0485792158923658
1404,0.1508970289838744,0.16563261176863342,-0.014735582784759033
1405,0.2249424082615826,0.20792671701127244,0.01701569125031016
1406,0.2264269940367381,0.1788357077162412,0.04759128632049692
1407,0.19780228500028552,0.18334175202894334,0.014460532971342172
1408,0.23239378730835858,0.18051578506944144,0.05187800223891714
1409,0.23553860507770413,0.20984699981206922,0.02569160526563491
1410,0.21456983780045671,0.19509353903758814,0.019476298762868577
1411,0.15793051439417355,0.13115247342903003,0.026778040965143524
1412,0.20703018610807616,0.17123643607941966,0.03579375002865651
1413,0.1783927688187502,0.2077382947247121,-0.0293455259059619
1414,0.1891996457931812,0.201294601374888,-0.012094955581706812
1415,0.21631684640299864,0.1598218517879891,0.056494994615009536
1416,0.17585408280705364,0.15938364950581305,0.016470433301240595
1417,0.23744181252574514,0.18724078553838738,0.05020102698735776
1418,0.15730573995744523,0.14190171016996717,0.015404029787478069
1419,0.20886278504978353,0.16648925145472282,0.042373533595060714
1420,0.1783249761086711,0.1584032948575359,0.019921681251135193
1421,0.17943134343014233,0.1677203118445442,0.011711031585598136
1422,0.2309480958590514,0.23174654161185712,-0.0007984457528057154
1423,0.1908189388517452,0.18375117018869946,0.0070677686630457315
1424,0.21686660112396577,0.1926035402409645,0.024263060883001286
1425,0.19267843744890698,0.17829455883167988,0.014383878617227092
1426,0.2885507602269682,0.19411772340718011,0.09443303681978807
1427,0.29275081204105735,0.24515375822784252,0.04759705381321483
1428,0.17241416330709702,0.1603661411163913,0.01204802219070572
1429,0.17209605227146998,0.1447606017815225,0.027335450489947483
1430,0.20030921567305804,0.18722084672735967,0.01308836894569837
1431,0.22120797808969211,0.1571189759848688,0.06408900210482332
1432,0.2364201257395597,0.19860667051521855,0.03781345522434115
1433,0.16207804053630598,0.15083232226768195,0.011245718268624028
1434,0.18160470624027458,0.17614409691805968,0.005460609322214899
1435,0.18947482833058665,0.13871077482973201,0.05076405350085464
1436,0.20414891795728812,0.1390977846299249,0.06505113332736323
1437,0.22295587453547436,0.19084088568873744,0.032114988846736914
1438,0.2709250868211534,0.2076184822214981,0.06330660459965531
1439,0.18624302495745224,0.15967977410528736,0.026563250852164877
1440,0.20574282084023537,0.18734026149910868,0.018402559341126695
1441,0.162442853305293,0.13975171460887595,0.022691138696417062
1442,0.20343039899400323,0.18140749794288702,0.022022901051116206
1443,0.2295391069254747,0.18405829059050355,0.04548081633497114
1444,0.1689658160624244,0.15851766585205762,0.010448150210366769
1445,0.20453531726574475,0.16935664974766299,0.03517866751808177
1446,0.21225283375083737,0.178569542589078,0.03368329116175936
1447,0.1644744245306975,0.154958942073858,0.009515482456839502
1448,0.1891485923749267,0.15787470130497694,0.031273891069949766
1449,0.2710223274332262,0.20931908034634017,0.061703247086886015
1450,0.29716260138456385,0.2645230675748591,0.032639533809704746
1451,0.21051309377117375,0.1753105502181346,0.035202543553039145
1452,0.17186183646026065,0.19531384547622596,-0.02345200901596531
1453,0.20121257751249122,0.1850068817756823,0.01620569573680891
1454,0.23131532447604697,0.23373826019199576,-0.0024229357159487874
1455,0.16061384559880065,0.14402453825505582,0.016589307343744836
1456,0.20144031525770628,0.16898890526196242,0.03245140999574386
1457,0.17244270799668396,0.13066967586525272,0.04177303213143124
1458,0.16321796694109955,0.13538245689972958,0.02783551004136997
1459,0.23196315505588605,0.18657209097131933,0.045391064084566723
1460,0.27424863873881405,0.1849606540187125,0.08928798472010155
1461,0.25509946057218713,0.17340917939072575,0.08169028118146138
1462,0.18974492048256988,0.16689405565416146,0.022850864828408424
1463,0.2703341095969494,0.19601679309062559,0.07431731650632384
1464,0.1954285688776225,0.17843058723751185,0.016997981640110654
1465,0.23793468471307422,0.16052511733420666,0.07740956737886756
1466,0.2214072115767381,0.1891474688233658,0.03225974275337229
1467,0.21575822437344844,0.1747386807885221,0.04101954358492635
1468,0.18965417003008617,0.15337928200477172,0.03627488802531445
1469,0.2585292277803949,0.20782201616773044,0.05070721161266445
1470,0.16083843704013545,0.17404042596593128,-0.013201988925795827
1471,0.18865208628931446,0.14944532242696382,0.03920676386235064
1472,0.13569483599065646,0.11887177708395485,0.016823058906701605
1473,0.16796784413737567,0.15492007117793147,0.013047772959444204
1474,0.278255126203181,0.20813269208188362,0.07012243412129737
1475,0.24017896189104987,0.19041082335348386,0.04976813853756601
1476,0.1522721708525746,0.141083757575694,0.01118841327688061
1477,0.19213383774529347,0.16093544710023777,0.031198390645055696
1478,0.21918172497335484,0.16798810462411728,0.05119362034923755
1479,0.22657024739326503,0.17924707088522338,0.04732317650804166
1480,0.23110452403986131,0.20558173349718387,0.025522790542677448
1481,0.17532722261436803,0.12409071392499674,0.051236508689371296
1482,0.20685069246161397,0.17185668463007053,0.03499400783154344
1483,0.23902894697668545,0.16394061024242096,0.07508833673426449
1484,0.16929289181684598,0.16208678057284942,0.00720611124399656
1485,0.2489222273989812,0.19268655167531326,0.056235675723667944
1486,0.17784483489588135,0.16188170722854892,0.015963127667332433
1487,0.23570551108026258,0.23202112903838068,0.0036843820418819007
1488,0.2124697105955292,0.18300158242190942,0.029468128173619768
1489,0.2020714924872162,0.20494691694388784,-0.0028754244566716325
1490,0.29517250997733213,0.22851257973614872,0.06665993024118341
1491,0.22747228001581,0.1710251093592206,0.056447170656589385
1492,0.26495737312154005,0.22020197302145605,0.044755400100084
1493,0.2422132345845422,0.1979175123933303,0.04429572219121189
1494,0.1763267565565817,0.1443989547352678,0.03192780182131391
1495,0.15228105721707794,0.12554913549932137,0.026731921717756568
1496,0.27455368207654773,0.22820257717891063,0.04635110489763711
1497,0.1549488860852807,0.12765319070033193,0.027295695384948776
1498,0.20154073262011296,0.1542917684567116,0.04724896416340135
1499,0.1775798244189895,0.20155996663305328,-0.023980142214063777
1500,0.1465065293802583,0.1335033504205123,0.013003178959745981
1501,0.2335249885005625,0.21720983960417414,0.016315148896388354
1502,0.30410623719180213,0.27924851732944056,0.02485771986236157
1503,0.25216833545097994,0.22348199206955624,0.0286863433814237
1504,0.21042332902288963,0.17414982494904013,0.036273504073849494
1505,0.22266029698818293,0.1945793964712654,0.02808090051691753
1506,0.28011053148342896,0.22249228322150763,0.05761824826192133
1507,0.20164829579183613,0.18241588372283948,0.019232412068996646
1508,0.22757664754487858,0.1777350681003357,0.04984157944454287
1509,0.1868965244123041,0.16632536487556793,0.02057115953673616
1510,0.24132667017170747,0.2296393059179398,0.01168736425376768
1511,0.19830502905588215,0.19599690278987233,0.002308126266009819
1512,0.207585337673649,0.17109540489284222,0.03648993278080678
1513,0.2355495307639563,0.20628915485266916,0.029260375911287134
1514,0.20905905367425734,0.20368147251485014,0.005377581159407202
1515,0.29803625077436535,0.2386463855804696,0.05938986519389575
1516,0.20407037428561342,0.16513909400973026,0.03893128027588316
1517,0.19937734777448726,0.17143121584879448,0.027946131925692785
1518,0.26036229145219664,0.213476460106542,0.04688583134565463
1519,0.17036581042925714,0.14919404038491868,0.021171770044338456
1520,0.24718813532424438,0.19505125138890622,0.05213688393533816
1521,0.19500968081442785,0.1673299554080817,0.02767972540634614
1522,0.2543497501288549,0.19268408067348966,0.06166566945536525
1523,0.22734085380212232,0.1847631390709374,0.042577714731184935
1524,0.29620375736128624,0.24608082260980604,0.05012293475148019
1525,0.21415735954591208,0.15749666983176938,0.056660689714142703
1526,0.29209565111930835,0.24459055211125955,0.04750509900804881
1527,0.1836421691596011,0.1608032758104125,0.022838893349188594
1528,0.22638592744933927,0.2282407422101982,-0.0018548147608589138
1529,0.1908597565364241,0.1596820608613902,0.031177695675033895
1530,0.22474255502239243,0.17984894296353324,0.044893612058859195
1531,0.2528886862415564,0.1996292159575209,0.05325947028403552
1532,0.23942299680858947,0.17763270420391125,0.06179029260467822
1533,0.21267197498439272,0.1776344748888408,0.03503750009555193
1534,0.18611506342413234,0.1476884276179714,0.03842663580616093
1535,0.2066880611654581,0.16038137903145233,0.04630668213400577
1536,0.24493854694699754,0.20599598154225882,0.03894256540473873
1537,0.20874548212356847,0.16891106761679636,0.03983441450677211
1538,0.17560322349780305,0.1589059266096781,0.016697296888124963
1539,0.19312030648166198,0.20121363933522413,-0.008093332853562146
1540,0.2109749356762722,0.16240078947369468,0.04857414620257752
1541,0.21206894462086068,0.18304507505438639,0.029023869566474292
1542,0.1567311598752054,0.1618330305254217,-0.005101870650216306
1543,0.1668526515134686,0.14962827883213928,0.017224372681329314
1544,0.22955917275545293,0.19324306603966332,0.03631610671578961
1545,0.17840788313599995,0.16439556604799654,0.014012317088003406
1546,0.1994050173414286,0.14945594964971276,0.04994906769171584
1547,0.14666862417323356,0.15018650621735996,-0.003517882044126397
1548,0.20643661928179122,0.18318386684920085,0.023252752432590368
1549,0.16496353635230687,0.15034739386090706,0.014616142491399808
1550,0.19711767071512318,0.18293050979056552,0.014187160924557657
1551,0.2326121672713739,0.2172163258608231,0.015395841410550809
1552,0.20407871850295298,0.13536622649610983,0.06871249200684315
1553,0.154522181792376,0.14079586127451868,0.013726320517857327
1554,0.1536802614965935,0.1316055179503626,0.0220747435462309
1555,0.15507664709685934,0.140475123898235,0.014601523198624344
1556,0.1685045770395639,0.13259188509403833,0.03591269194552557
1557,0.17583396706946153,0.15960530879444376,0.016228658275017765
1558,0.16898683916841378,0.14340806907383996,0.02557877009457382
1559,0.2179487491752578,0.1849517239470687,0.03299702522818909
1560,0.2474716728061826,0.17779384336060855,0.06967782944557405
1561,0.17923796803141473,0.1438825367121298,0.035355431319284925
1562,0.24388698766373584,0.1858266335212529,0.05806035414248295
1563,0.21213339648679252,0.17988487202084727,0.032248524465945255
1564,0.1728802354882408,0.16646338812931108,0.006416847358929723
1565,0.23206961000583362,0.22466374338760395,0.007405866618229673
1566,0.17946328245424714,0.13362470772189788,0.04583857473234926
1567,0.21456911399870982,0.20172064273866605,0.012848471260043764
1568,0.16523634846677396,0.1420845821968231,0.023151766269950858
1569,0.23543197647649738,0.21181307442473762,0.02361890205175976
1570,0.16720547074318315,0.15970985247714703,0.007495618266036119
1571,0.20607313175344394,0.17079751280355623,0.035275618949887705
1572,0.18801020530707468,0.15596535236746456,0.032044852939610124
1573,0.1597388845649284,0.15700020419448518,0.002738680370443225
1574,0.24787244198116568,0.20051011420283582,0.047362327778329855
1575,0.19208905363089396,0.14874512980437052,0.04334392382652344
1576,0.26134682446973456,0.189850561657827,0.07149626281190757
1577,0.18481510540546922,0.13914306935435442,0.045672036051114806
1578,0.24144186017839397,0.18283841916497134,0.05860344101342263
1579,0.21438526359817772,0.1948517286253661,0.019533534972811628
1580,0.28342668772275903,0.20790252208300664,0.0755241656397524
1581,0.19666395931840774,0.19345966124616967,0.003204298072238071
1582,0.22641484293111078,0.18651014197425653,0.03990470095685425
1583,0.22892532011277167,0.17257047866542552,0.05635484144734615
1584,0.19967273666384047,0.15949538464652238,0.04017735201731809
1585,0.2290660036525473,0.1841642387076213,0.04490176494492601
1586,0.16742967699061595,0.16243447468764344,0.004995202302972512
1587,0.21086039476326404,0.1639100175686342,0.046950377194629855
1588,0.22714742446318253,0.2089014111111657,0.018246013352016838
1589,0.25417562509368785,0.22784623736957116,0.026329387724116693
1590,0.21275395806984992,0.1518690981152626,0.06088485995458731
1591,0.19111335983320393,0.137862878798931,0.053250481034272934
1592,0.23617465476707078,0.18447898438745605,0.05169567037961473
1593,0.21353221488427507,0.17918661606209058,0.03434559882218449
1594,0.2523862487264109,0.21197508439837426,0.04041116432803665
1595,0.20831459481528175,0.1861774364042489,0.022137158411032837
1596,0.19963499640198115,0.17731017818693784,0.022324818215043313
1597,0.331252572594832,0.24158698924092764,0.08966558335390434
1598,0.2776755124018119,0.2594889901294105,0.018186522272401362
1599,0.2199092098339955,0.20151488491639144,0.018394324917604066
1600,0.18626390773718537,0.17592096875115618,0.010342938986029199
1601,0.17123594095204073,0.14018419061062024,0.031051750341420492
1602,0.20095752844749185,0.1690927334920587,0.03186479495543315
1603,0.2409357743770831,0.20668167121531827,0.03425410316176483
1604,0.18387886242809323,0.13689655962278865,0.04698230280530458
1605,0.2816409451115827,0.20460744339779027,0.07703350171379245
1606,0.2575491592636933,0.20173058610439373,0.055818573159299584
1607,0.291389092010852,0.21498303236193972,0.07640605964891228
1608,0.22014696020971888,0.20354202154645332,0.016604938663265567
1609,0.2644543141604044,0.25184259485710014,0.012611719303304236
1610,0.24534848998869246,0.17797237398035107,0.0673761160083414
1611,0.23170988532453454,0.19191381430098298,0.039796071023551566
1612,0.1547611942821581,0.15045097647979083,0.004310217802367261
1613,0.2422537280428865,0.18591585393384208,0.05633787410904442
1614,0.25332549702044366,0.25504240743171075,-0.0017169104112670919
1615,0.16487010541391986,0.1426620685946694,0.02220803681925046
1616,0.2656039709733044,0.19473876343828794,0.07086520753501646
1617,0.23527826003934532,0.23284110033117514,0.0024371597081701835
1618,0.2575357741380314,0.24628567460385561,0.0112500995341758
1619,0.2070223997282734,0.1629663476690657,0.044056052059207707
1620,0.17661884951436108,0.15430704040710197,0.022311809107259106
1621,0.22268568291099228,0.17864078186180338,0.0440449010491889
1622,0.27585515453342524,0.21441688678800563,0.061438267745419606
1623,0.26656387532395914,0.19172902296100644,0.0748348523629527
1624,0.17122251566959668,0.12679538138348395,0.044427134286112724
1625,0.1557572281887392,0.12301045088737624,0.03274677730136295
1626,0.1799010240708941,0.16225304457063977,0.01764797950025432
1627,0.1599903916911709,0.1419824050871719,0.01800798660399902
1628,0.17450695633084368,0.15425940096659965,0.020247555364244024
1629,0.19448334599563605,0.139160254116373,0.05532309187926304
1630,0.28366103166680384,0.25778785167219437,0.025873179994609474
1631,0.21818463063663981,0.16486565390056765,0.053318976736072166
1632,0.1909332500980335,0.163215370993629,0.027717879104404486
1633,0.24781847980990493,0.20188607048556517,0.04593240932433976
1634,0.24541694474860773,0.21665330847692077,0.02876363627168696
1635,0.2949894615475111,0.2364526748816944,0.05853678666581669
1636,0.19060725786067867,0.15944139304850868,0.031165864812169985
1637,0.18766144466967005,0.14621369848717572,0.04144774618249433
1638,0.23864627929966276,0.22557830789667274,0.013067971402990014
1639,0.2635560485389062,0.17915166216655948,0.0844043863723467
1640,0.28761026972405485,0.23226210905051498,0.05534816067353987
1641,0.2379258271870942,0.18457554881822302,0.053350278368871185
1642,0.19301996178663763,0.16282680096803515,0.030193160818602488
1643,0.1722570774369357,0.18136750849522745,-0.009110431058291762
1644,0.24491252263443408,0.17770453530424435,0.06720798733018973
1645,0.26342391733313897,0.17972930580916485,0.08369461152397412
1646,0.22571214882822582,0.175292678546424,0.050419470281801826
1647,0.15047181409906935,0.134377127258512,0.016094686840557343
1648,0.24679110679235383,0.16445276194129926,0.08233834485105457
1649,0.26035713280487105,0.2398386103128183,0.020518522492052743
1650,0.17480682144208237,0.15919338838523905,0.015613433056843318
1651,0.18222305341412798,0.15640357490187567,0.025819478512252303
1652,0.223473488682434,0.16401207888773633,0.05946140979469766
1653,0.1425538005059243,0.12474179255420917,0.017812007951715142
1654,0.2693829380931526,0.2285541120462959,0.040828826046856725
1655,0.1943898323996172,0.16029331817680526,0.03409651422281196
1656,0.20937703146426417,0.1820548880930767,0.027322143371187463
1657,0.24871860545155686,0.2010832078086565,0.04763539764290037
1658,0.17340196127386437,0.14421065524817955,0.029191306025684816
1659,0.256247620157241,0.2080579173215968,0.048189702835644194
1660,0.19944460734342964,0.16004777608632895,0.039396831257100695
1661,0.215863055086786,0.18690448885326016,0.02895856623352583
1662,0.2166403733124301,0.18274433551601105,0.03389603779641906
1663,0.1506385823631961,0.14523292922996853,0.005405653133227578
1664,0.19888051221159864,0.2015520728638288,-0.002671560652230176
1665,0.24364180792579593,0.23071409179362742,0.012927716132168504
1666,0.24605683625145128,0.1837567676363406,0.06230006861511067
1667,0.2589748335279014,0.208149639261453,0.05082519426644841
1668,0.25683287259594517,0.18959193336848396,0.06724093922746122
1669,0.25137290690121167,0.24636443329453908,0.0050084736066725866
1670,0.180882603434534,0.17767860102569658,0.0032040024088374197
1671,0.1677502937471992,0.12204614974990871,0.045704143997290475
1672,0.22550634735427696,0.2162040256431308,0.009302321711146172
1673,0.19063453787346163,0.15673784578703126,0.03389669208643037
1674,0.21882011789351502,0.19504088488429536,0.023779233009219664
1675,0.2749846752637466,0.2516733360757883,0.023311339187958302
1676,0.21278414298059592,0.16844312656291735,0.04434101641767857
1677,0.2136971050212203,0.22128710557176107,-0.007590000550540765
1678,0.21453884335549414,0.17936445939483403,0.03517438396066011
1679,0.29167792317925867,0.221335570656827,0.07034235252243168
1680,0.1968098026576735,0.1814484020453842,0.0153614006122893
1681,0.18144822834325386,0.14446244416705212,0.03698578417620174
1682,0.19940748112488002,0.15824719442221247,0.04116028670266755
1683,0.2224105683396444,0.24394280464976587,-0.021532236310121466
1684,0.20558100726216938,0.17590896613222712,0.02967204112994226
1685,0.18582882431514075,0.13282914704414692,0.052999677270993834
1686,0.16802635828259022,0.16171527408232697,0.006311084200263245
1687,0.1870954565258832,0.1559977469048337,0.03109770962104949
1688,0.16644713107371814,0.13848619120209887,0.027960939871619267
1689,0.1854464614932696,0.1853025023855993,0.0001439591076702884
1690,0.19205382775807503,0.1419427453485793,0.050111082409495716
1691,0.2132637823745687,0.17319373488217235,0.04007004749239634
1692,0.27235681839916137,0.25555295992420357,0.0168038584749578
1693,0.18767857675506391,0.14534492787678063,0.04233364887828328
1694,0.24458283280012322,0.19882906732222522,0.045753765477898
1695,0.2386295702749316,0.18407596561911793,0.05455360465581366
1696,0.19059967244391893,0.14658963820763043,0.04401003423628849
1697,0.13247022843310355,0.1355163937657872,-0.003046165332683648
1698,0.27507286564187916,0.24145100359616703,0.03362186204571213
1699,0.22201445020301566,0.18232698363875213,0.03968746656426353
1700,0.16814635991810517,0.16368284741482436,0.004463512503280809
1701,0.19197594859740158,0.19675378273937644,-0.004777834141974857
1702,0.17021950590881163,0.1491527929991066,0.02106671290970502
1703,0.28956618971109616,0.22395103282648784,0.06561515688460831
1704,0.20452940958720955,0.17617459279703637,0.028354816790173182
1705,0.26125076385140394,0.19368154580483818,0.06756921804656577
1706,0.22608873541240254,0.1777914781567131,0.04829725725568945
1707,0.24172602865227796,0.18650405359604671,0.05522197505623125
1708,0.16276177953883894,0.1550510222630245,0.007710757275814439
1709,0.2208911634331929,0.21008262045843612,0.01080854297475678
1710,0.1871347424173864,0.18550826903997603,0.0016264733774103701
1711,0.2388231605361142,0.16507438426679952,0.07374877626931467
1712,0.3601070018753034,0.2812720439859207,0.07883495788938272
1713,0.21321985462589005,0.20761762570353645,0.005602228922353597
1714,0.1631713721729006,0.14541513432994257,0.017756237842958017
1715,0.18222537591805194,0.16324056350523872,0.018984812412813218
1716,0.18524074503925494,0.15230908445680444,0.032931660582450506
1717,0.27254205596430553,0.2392730086064181,0.03326904735788744
1718,0.2753345185022707,0.2019637674495979,0.0733707510526728
1719,0.19937187497047543,0.1682314747681733,0.031140400202302132
1720,0.2110356589259323,0.20243397236731353,0.00860168655861876
1721,0.21060145403313046,0.18874201883431005,0.021859435198820415
1722,0.18275909546949168,0.17733141852615947,0.00542767694333221
1723,0.23663851526480545,0.1855121651211951,0.05112635014361036
1724,0.25766540514434266,0.22868469962019208,0.02898070552415058
1725,0.2142871114771167,0.1869301736681791,0.02735693780893761
1726,0.1569429732593866,0.1328295065495822,0.02411346670980441
1727,0.21214691633521326,0.17405199272835292,0.03809492360686034
1728,0.20320115840056172,0.18878341596645545,0.014417742434106262
1729,0.17967845969012936,0.13829784869777273,0.041380610992356626
1730,0.18366797501851273,0.148842770642667,0.03482520437584574
1731,0.20925390849160957,0.19495423130794706,0.014299677183662513
1732,0.2512539069258451,0.1811836545779799,0.07007025234786518
1733,0.22399392696687365,0.17930007407184012,0.044693852895033526
1734,0.23202455360560087,0.2520587511076768,-0.020034197502075912
1735,0.1847847066826076,0.14747152934479582,0.03731317733781178
1736,0.23338470364241562,0.18602099417424314,0.04736370946817248
1737,0.21175614147550914,0.16584350125148228,0.04591264022402686
1738,0.2304132390811427,0.16196991122340954,0.06844332785773316
1739,0.19055195709768186,0.1730426923152562,0.01750926478242565
1740,0.1833151405786757,0.16490276839179432,0.01841237218688138
1741,0.20880293033075026,0.1775231096484778,0.03127982068227245
1742,0.19730435709141797,0.1412392433608641,0.05606511373055387
1743,0.18407683087684618,0.15096473581436815,0.03311209506247803
1744,0.19977555425482876,0.14407506085473745,0.05570049340009131
1745,0.22595023277576412,0.19056868846227704,0.035381544313487084
1746,0.23552914068398598,0.20858261619913324,0.02694652448485274
1747,0.244919202229544,0.2300416153939989,0.014877586835545104
1748,0.2244357813289092,0.17780598854684715,0.04662979278206206
1749,0.26298443972471225,0.16859797969773144,0.09438646002698081
1750,0.1984464689874701,0.17457387109768635,0.023872597889783742
1751,0.21576204696873316,0.18534722472227227,0.030414822246460888
1752,0.22496460843853458,0.14931016813127063,0.07565444030726395
1753,0.2687729323302849,0.25765921319169927,0.01111371913858561
1754,0.16626234364159687,0.2012103868924738,-0.03494804325087694
1755,0.31259454459993724,0.2801241234569182,0.03247042114301907
1756,0.2709586355606762,0.24765679967801385,0.023301835882662325
1757,0.26467815621396706,0.19804829187358752,0.06662986434037954
1758,0.1251105922607583,0.12998470684674218,-0.004874114585983885
1759,0.21482040325557986,0.22093233398885057,-0.00611193073327071
1760,0.2564031665498934,0.1995419758592494,0.05686119069064402
1761,0.18323379871379777,0.1534101762726915,0.029823622441106284
1762,0.2902661418534983,0.24222006774603672,0.04804607410746159
1763,0.17063415647059543,0.1766816358615939,-0.006047479390998478
1764,0.16972127691311245,0.13758039948758283,0.032140877425529624
1765,0.17568310163960113,0.1512546060320395,0.024428495607561634
1766,0.21573337961483546,0.2047222236815084,0.011011155933327077
1767,0.22165886351093653,0.19783549708876833,0.023823366422168202
1768,0.19938284248280963,0.1725765973331871,0.026806245149622543
1769,0.20585508508653527,0.18966107602383095,0.016194009062704323
1770,0.20028034487979182,0.1564297643315947,0.04385058054819713
1771,0.22893283189379307,0.1831613129314937,0.04577151896229936
1772,0.18944023680052807,0.1784165209926864,0.011023715807841672
1773,0.24543100757484815,0.20159404454209998,0.04383696303274817
1774,0.17841339643983523,0.17379801103429082,0.004615385405544403
1775,0.15395825656481593,0.14622908323922168,0.007729173325594252
1776,0.24383990560755384,0.23698819273762278,0.006851712869931054
1777,0.19778122351464697,0.19316006118055506,0.004621162334091905
1778,0.17926939150635393,0.14734323401809288,0.03192615748826105
1779,0.26645083082845467,0.25548705091037066,0.010963779918084005
1780,0.23421596616136198,0.20259404905692693,0.03162191710443504
1781,0.24585350605644174,0.24964625982890865,-0.003792753772466906
1782,0.3302783747608381,0.24830638087305607,0.08197199388778204
1783,0.2388089638688134,0.19228271782709438,0.04652624604171901
1784,0.24615589510181773,0.1862140335388346,0.059941861562983145
1785,0.1890694683531468,0.17104539504396585,0.01802407330918096
1786,0.20305586024129557,0.1947593641584504,0.008296496082845162
1787,0.20462263178753648,0.19155586930841217,0.013066762479124305
1788,0.201599813082584,0.15243914558674046,0.04916066749584355
1789,0.17865464595876313,0.14812583996447565,0.030528805994287478
1790,0.22895360999948436,0.1829933970077508,0.04596021299173356
1791,0.16587421995960966,0.19550182270732364,-0.029627602747713977
1792,0.22833603653620113,0.1926693898497961,0.03566664668640504
1793,0.24156980898618807,0.1920232265724768,0.049546582413711265
1794,0.25553108210462705,0.24590949776140988,0.009621584343217165
1795,0.3127114604306593,0.23637746439975654,0.07633399603090274
1796,0.3003751162978929,0.24723628590001845,0.053138830397874426
1797,0.14498419394918913,0.12703934079111012,0.017944853158079005
1798,0.18186502158808907,0.15301871715208862,0.028846304436000447
1799,0.1866477056046476,0.1824091384127567,0.0042385671918909185
1800,0.1699624710232801,0.16248618741467025,0.007476283608609857
1801,0.178646870860146,0.16692936944473677,0.011717501415409226
1802,0.1844653959828869,0.15069800884432197,0.03376738713856492
1803,0.25890795040085485,0.18171200094391732,0.07719594945693753
1804,0.21009311529891483,0.20138942396270504,0.008703691336209796
1805,0.208811611427932,0.1909364208221379,0.017875190605794095
1806,0.2106883169376852,0.164913013772862,0.0457753031648232
1807,0.19364745677722875,0.19580165382699116,-0.002154197049762413
1808,0.33432220423565073,0.3131654631826028,0.021156741053047934
1809,0.19409378802619776,0.14986644836249113,0.04422733966370662
1810,0.26694960332798867,0.23284759284066947,0.0341020104873192
1811,0.21808486479053535,0.206759385776275,0.011325479014260342
1812,0.16541208604283153,0.13476208591487382,0.03065000012795771
1813,0.17549443490521394,0.14507858374982344,0.0304158511553905
1814,0.2541396668923653,0.2018905308518315,0.05224913604053377
1815,0.19697259692236394,0.15415935795919267,0.04281323896317127
1816,0.2098029319947343,0.18604606457227585,0.023756867422458444
1817,0.22365717313860578,0.19985498583489458,0.023802187303711198
1818,0.20002172008719912,0.14490597976319705,0.05511574032400207
1819,0.20424019794408937,0.1881403762742659,0.01609982166982346
1820,0.21152281944962245,0.1823720777947908,0.02915074165483164
1821,0.22947638573109908,0.1951885305203319,0.03428785521076719
1822,0.18685880648881648,0.17606471679648247,0.010794089692334002
1823,0.22091313029930273,0.1980840396424806,0.02282909065682212
1824,0.23469753543557612,0.245426096212779,-0.010728560777202883
1825,0.19260886926524112,0.1619943329352186,0.030614536330022535
1826,0.16574502068946553,0.16404178793796492,0.0017032327515006107
1827,0.20381438933970894,0.18032392526137483,0.023490464078334106
1828,0.15208870082978107,0.12940072817427586,0.022687972655505206
1829,0.22220427963397554,0.17631519441636292,0.04588908521761262
1830,0.15906904396145527,0.17189999825561453,-0.012830954294159258
1831,0.1459943318522057,0.14411108522394614,0.0018832466282595606
1832,0.20779630406875244,0.15457542305462524,0.0532208810141272
1833,0.19854067642306225,0.1671425155204334,0.03139816090262884
1834,0.1765987863766721,0.1478380579988468,0.028760728377825284
1835,0.27307023618141557,0.19951182163891812,0.07355841454249745
1836,0.17646729628818708,0.1665575022242517,0.009909794063935384
1837,0.21667152916075383,0.20369323713285362,0.012978292027900212
1838,0.2044584716021562,0.19366298679008936,0.010795484812066825
1839,0.24165814378669298,0.1883328956590699,0.05332524812762307
1840,0.1794967998211154,0.1406626150254965,0.0388341847956189
1841,0.24516420824675458,0.19025435764909188,0.05490985059766271
1842,0.21029429624730078,0.19050361072412417,0.019790685523176615
1843,0.27715766690341964,0.23670122103224855,0.04045644587117109
1844,0.17444021859202924,0.13345032238522317,0.04098989620680607
1845,0.17416013561337867,0.16232913328039966,0.011831002332979013
1846,0.19409098542622277,0.17600523043237565,0.018085754993847125
1847,0.17905816519718426,0.17087791593924534,0.00818024925793892
1848,0.21416006703598656,0.1838852730599725,0.03027479397601407
1849,0.17089417912019678,0.1343002463138414,0.03659393280635537
1850,0.19075508832953278,0.19460905520831037,-0.0038539668787775927
1851,0.253153237172766,0.21917328175925768,0.03397995541350832
1852,0.17362858774402928,0.15401744417364197,0.019611143570387318
1853,0.16842780938457835,0.14599290667576792,0.022434902708810434
1854,0.18014458660446225,0.155500100813646,0.024644485790816267
1855,0.20267849822302517,0.15963924690936385,0.04303925131366132
1856,0.1836580016028836,0.13135519446392027,0.05230280713896332
1857,0.2080351047967113,0.17625653811986294,0.03177856667684836
1858,0.18724024111025714,0.1567407446837304,0.030499496426526745
1859,0.2008404289703266,0.148344211715145,0.05249621725518161
1860,0.27098355454632955,0.20493779595838849,0.06604575858794107
1861,0.23116615377115668,0.17471154097780672,0.056454612793349956
1862,0.21978053178269133,0.19057792264447387,0.029202609138217456
1863,0.23148416590540508,0.19040574897315493,0.041078416932250145
1864,0.19284511504254948,0.17820129168015356,0.014643823362395919
1865,0.22043691553629166,0.16647481748089552,0.053962098055396146
1866,0.23605457204376276,0.2018905173572222,0.034164054686540574
1867,0.24731138429524926,0.22786795899405674,0.01944342530119253
1868,0.21001379814068702,0.16558864873710633,0.044425149403580694
1869,0.19742811713169633,0.16985537315324364,0.02757274397845269
1870,0.20708679968612131,0.1874607458827072,0.019626053803414117
1871,0.1850723725515503,0.1686271047062205,0.016445267845329792
1872,0.2035395927591693,0.2082326030820607,-0.0046930103228914055
1873,0.20703176891812897,0.16934009575783723,0.03769167316029173
1874,0.22130405935908923,0.1759087773003754,0.04539528205871382
1875,0.1861268841504309,0.15690527713810842,0.029221607012322487
1876,0.158421991723734,0.13703142533421706,0.021390566389516946
1877,0.24591087466288253,0.18090236569614868,0.06500850896673385
1878,0.1744805342258665,0.15874478862049501,0.0157357456053715
1879,0.21369134432028553,0.1494459862743915,0.06424535804589401
1880,0.2349043098180327,0.19226418287579902,0.04264012694223368
1881,0.2797824757061843,0.25729031284840737,0.022492162857776943
1882,0.19654645620903208,0.15822666883166653,0.03831978737736555
1883,0.17713697010359303,0.15659449990244792,0.020542470201145108
1884,0.20640207240294048,0.18049340572958744,0.025908666673353037
1885,0.25914271323411714,0.25595796801356485,0.0031847452205522875
1886,0.1830148862676792,0.1998510188079937,-0.01683613254031449
1887,0.17854698875349156,0.15220590753826063,0.026341081215230933
1888,0.16644171595548532,0.14442517278100336,0.022016543174481956
1889,0.2270831030667891,0.15882794044181384,0.06825516262497527
1890,0.1957193942574909,0.16094089849530285,0.034778495762188055
1891,0.25772212675834866,0.1913365108890915,0.06638561586925715
1892,0.18756841318036616,0.1807032702909475,0.006865142889418668
1893,0.1932337329505779,0.1849039550834327,0.008329777867145227
1894,0.17938981998526607,0.14144423366403414,0.03794558632123193
1895,0.2502746366283407,0.2309170721004052,0.019357564527935495
1896,0.2264454395678825,0.19444149056642146,0.03200394900146103
1897,0.2130976035568816,0.2062334655703444,0.006864137986537205
1898,0.17435359560510377,0.15585964110708103,0.01849395449802274
1899,0.24562887810160772,0.2221100037082251,0.023518874393382627
1900,0.23806736065046089,0.1845653388150513,0.053502021835409586
1901,0.201505667203172,0.17594546391423435,0.025560203288937655
1902,0.2136712763042683,0.18871163249677492,0.02495964380749338
1903,0.19071628855218253,0.15502005572570382,0.03569623282647871
1904,0.20430117612189966,0.17222788561452038,0.03207329050737928
1905,0.17843680601408846,0.1860303874965533,-0.007593581482464834
1906,0.2701659776539499,0.1983272672252159,0.07183871042873399
1907,0.2644524152569706,0.2133945142544948,0.051057901002475814
1908,0.18402785209744188,0.1614256066021682,0.022602245495273676
1909,0.2652674543456938,0.22954134245725402,0.0357261118884398
1910,0.18002378701742727,0.16777637707343956,0.012247409943987708
1911,0.1796322672060505,0.21046343726032807,-0.030831170054277574
1912,0.1685798349546711,0.1351485095660474,0.0334313253886237
1913,0.19962384874532133,0.1633577227449957,0.03626612600032564
1914,0.2852348798006675,0.2516213040889619,0.03361357571170559
1915,0.24997383049603292,0.1933580803101887,0.05661575018584422
1916,0.24644418090288372,0.2582888876509479,-0.011844706748064149
1917,0.1583519991646432,0.12617161756538695,0.032180381599256264
1918,0.23311434423169564,0.18259998699476615,0.050514357236929486
1919,0.16281828718511104,0.1640031741347231,-0.0011848869496120518
1920,0.24749606751630296,0.21699875575654962,0.030497311759753343
1921,0.16656768505110928,0.15051509696429707,0.016052588086812203
1922,0.23120063048000444,0.19943762811621557,0.03176300236378887
1923,0.13470751228015182,0.13320538755648403,0.001502124723667786
1924,0.16308596553461063,0.17075722086410894,-0.0076712553294983055
1925,0.24677100976033645,0.20714454249577793,0.03962646726455851
1926,0.19727476754856574,0.17260826621694847,0.02466650133161727
1927,0.14186106492447595,0.15386746627727524,-0.01200640135279929
1928,0.19371992926097056,0.17486685783762226,0.0188530714233483
1929,0.21686448986669069,0.2249597869567916,-0.008095297090100928
1930,0.26221752464250875,0.21147535394638894,0.050742170696119804
1931,0.19571684832890127,0.16707670865275012,0.028640139676151144
1932,0.19391285014154916,0.15530761075308974,0.03860523938845942
1933,0.20317560434453527,0.16791363949263322,0.035261964851902056
1934,0.22016520041236873,0.21905581840719687,0.001109382005171855
1935,0.1797953666451499,0.1590078916193293,0.020787475025820595
1936,0.19331966544504461,0.17966898357966615,0.013650681865378461
1937,0.2496183451726678,0.21441859265393332,0.03519975251873447
1938,0.19464207342879186,0.1796205570705852,0.015021516358206671
1939,0.22133595622753677,0.17295268515962128,0.048383271067915484
1940,0.2502292364671918,0.21603947345692115,0.03418976301027066
1941,0.19144633922159046,0.15108283066112504,0.040363508560465416
1942,0.18890230694734966,0.15446906170163488,0.03443324524571478
1943,0.18033354717225342,0.13169765640265085,0.04863589076960256
1944,0.2139202248451774,0.21268775410003612,0.0012324707451412675
1945,0.24920614002685518,0.23114813339445753,0.01805800663239765
1946,0.20232242884386512,0.2091124197387952,-0.006789990894930098
1947,0.19233775961331107,0.18908383909827348,0.0032539205150375894
1948,0.19955251794358367,0.17576844287528504,0.023784075068298632
1949,0.2050191551588587,0.16988287915412656,0.03513627600473215
1950,0.16758742965844933,0.12555231802930866,0.04203511162914067
1951,0.2554695505153595,0.20843094361395428,0.04703860690140524
1952,0.2182637015027246,0.2154393882076538,0.002824313295070796
1953,0.24447627560958501,0.2263665719957465,0.018109703613838513
1954,0.29342029601120156,0.2858525504220822,0.007567745589119379
1955,0.17161333014540167,0.14563466463374644,0.02597866551165523
1956,0.19672785144891092,0.1687997824975182,0.027928068951392715
1957,0.16754296178346229,0.13536899832687616,0.03217396345658613
1958,0.1701570325485682,0.14413244616167306,0.026024586386895143
1959,0.17120878444049487,0.14537000373799028,0.025838780702504588
1960,0.18256402365197444,0.15566620730994515,0.026897816342029285
1961,0.2501098358446735,0.20710942270694763,0.043000413137725874
1962,0.225307176998732,0.2218454154712939,0.003461761527438101
1963,0.15265321148551608,0.128541241450187,0.024111970035329083
1964,0.23021882167343735,0.19558449051765944,0.03463433115577791
1965,0.2105111099275177,0.19870004903316799,0.011811060894349718
1966,0.1660858416773899,0.14374328964138958,0.02234255203600033
1967,0.2811431392577995,0.18834152630109954,0.09280161295669995
1968,0.17437856722737438,0.15804981536357143,0.01632875186380295
1969,0.2704536832348535,0.24723012537481692,0.023223557860036603
1970,0.24016030473559802,0.18817642293909023,0.051983881796507786
1971,0.2106826405194396,0.16544004581793656,0.04524259470150305
1972,0.2159855930080542,0.16949257614403543,0.04649301686401877
1973,0.24275467655208188,0.22759229612893256,0.015162380423149324
1974,0.22150065880017725,0.1722190381381778,0.04928162066199945
1975,0.19719735943399652,0.15808711360374508,0.03911024583025144
1976,0.1650199485393951,0.15992826311346595,0.0050916854259291655
1977,0.2656616750868615,0.2413700284304131,0.024291646656448396
1978,0.15949255547320618,0.15105678812783027,0.008435767345375905
1979,0.21010589367318672,0.18241398052288027,0.027691913150306446
1980,0.20296553429052655,0.1674112925563001,0.035554241734226444
1981,0.19679642910047326,0.18774124011453144,0.00905518898594182
1982,0.2507204788905968,0.22452079040205727,0.026199688488539513
1983,0.17461631688307017,0.1488286680931155,0.025787648789954654
1984,0.14380012638942163,0.126661713250302,0.017138413139119624
1985,0.20406741639764012,0.16596979082880228,0.038097625568837834
1986,0.2159357457250139,0.161653271360663,0.05428247436435091
1987,0.24899781025148834,0.19881893727463193,0.050178872976856415
1988,0.22156700227045184,0.20240551717081998,0.019161485099631864
1989,0.19157266045013752,0.17753906779330822,0.014033592656829297
1990,0.22094505255583116,0.181998238579278,0.03894681397655317
1991,0.18611241101990847,0.17269697946915968,0.013415431550748785
1992,0.27936617717495965,0.20218042850732487,0.07718574866763478
1993,0.1917519751840035,0.1613618225741325,0.03039015260987099
1994,0.18376095738217235,0.14324025361058634,0.04052070377158601
1995,0.19224964876953282,0.16628106370116844,0.025968585068364386
1996,0.22720925431872246,0.215603675459122,0.011605578859600452
1997,0.19839247675348537,0.1732513387112156,0.02514113804226978
1998,0.16481067745863662,0.12502241684826254,0.03978826061037408
1999,0.21070491104095182,0.1772517720549863,0.033453138985965525
