array_index,source_row,failure_type,label_id,source_split,lot_name,wafer_index,original_height,original_width,split,predicted_label_id,predicted_failure_type,correct,probability_center,probability_donut,probability_edge_loc,probability_edge_ring,probability_loc,probability_near_full,probability_random,probability_scratch,probability_none,calibrated_confidence,confidence_margin,normalized_entropy,review_required,ood_score,ood_status,error_group,automatic_error,geometry
432,477,Edge-Loc,2,Training,lot20,3.0,26,26,test,2,Edge-Loc,True,2.6617744e-07,2.0829253e-08,0.99139434,0.00022977892,0.008263944,3.7631304e-05,4.884197e-05,1.0397404e-06,2.4123436e-05,0.9892580838069662,0.9790273814280094,0.028203284084005645,False,0.48147207,in_distribution,correct,False,26x26
440,486,Edge-Loc,2,Training,lot20,12.0,26,26,test,2,Edge-Loc,True,4.6542916e-09,7.1418125e-09,0.9973544,9.494819e-05,0.0020606196,4.1917465e-05,0.00044683804,4.4314277e-08,1.2868853e-06,0.9964359563281053,0.9937161271598925,0.011933129494039043,False,0.8708227,in_distribution,correct,False,26x26
733,832,Edge-Loc,2,Training,lot34,8.0,26,26,test,2,Edge-Loc,True,4.05517e-06,3.042513e-08,0.8751816,0.00018856458,0.06796016,2.5639192e-05,8.013333e-06,0.00020030486,0.056431573,0.8614739197477186,0.7864165683360514,0.2284411399246091,True,0.6963568,in_distribution,correct,False,26x26
1303,1510,Edge-Loc,2,Training,lot61,11.0,26,26,test,2,Edge-Loc,True,5.0289647e-12,8.07074e-10,0.9999057,2.0850825e-05,6.146472e-05,2.5254762e-06,9.451774e-06,3.2044596e-09,1.0661915e-09,0.9998505496339409,0.9997554215077061,0.0007330641705686048,False,0.79144967,in_distribution,correct,False,26x26
1308,1515,Edge-Loc,2,Training,lot61,16.0,26,26,test,2,Edge-Loc,True,1.2611946e-07,1.5316202e-08,0.98817015,1.7266078e-05,0.011794965,4.754425e-06,6.2502827e-06,5.0573556e-07,5.9714716e-06,0.985580268372946,0.9712191598261699,0.03454471354407411,False,0.5459466,in_distribution,correct,False,26x26
1734,2019,Edge-Loc,2,Training,lot82,3.0,26,26,test,2,Edge-Loc,True,0.00016194815,2.3281533e-08,0.8103454,0.15055269,0.006597624,0.00064133306,0.0005986627,4.0912088e-05,0.031061416,0.7952803617966301,0.6358881947765773,0.29408974697011747,True,1.036323,in_distribution,correct,False,26x26
1755,2043,Edge-Loc,2,Training,lot83,2.0,26,26,test,2,Edge-Loc,True,2.3550175e-08,2.2146396e-06,0.659206,8.147215e-06,0.34065172,6.9180005e-06,0.00012478407,1.5777862e-07,1.05117046e-07,0.6524507495637749,0.3051125441257197,0.29482983659792394,True,1.2071756,review,correct,False,26x26
1989,2309,Edge-Loc,2,Training,lot93,18.0,26,26,test,2,Edge-Loc,True,0.00037290165,1.2616993e-08,0.50481194,0.00796068,0.00822,0.0002964229,1.626107e-05,0.00021636048,0.47810546,0.5023779730486262,0.02541128908834811,0.36350930863714026,True,0.89204973,in_distribution,correct,False,26x26
2262,2621,Edge-Loc,2,Training,lot106,5.0,26,26,test,2,Edge-Loc,True,2.8330668e-10,1.4433731e-09,0.9996817,0.00016224376,0.00014332593,1.0861727e-05,1.8316898e-06,8.152851e-08,1.2622456e-09,0.9995244965185296,0.9992841636357864,0.0020597490811825017,False,0.6801291,in_distribution,correct,False,26x26
3753,4260,Edge-Loc,2,Training,lot172,11.0,26,26,test,2,Edge-Loc,True,6.987756e-05,8.970839e-07,0.6058934,7.9472e-05,0.3517667,5.4205742e-05,7.6630735e-05,0.0015717242,0.04048709,0.5971770786249032,0.24187393800983703,0.37849239672986573,True,0.80377114,in_distribution,correct,False,26x26
4260,4818,Edge-Loc,2,Training,lot194,19.0,26,26,test,2,Edge-Loc,True,1.4465568e-06,2.7000647e-07,0.97781074,0.004179347,0.012418049,0.00013282748,2.9561937e-05,0.0039708945,0.0014567218,0.9724021235523328,0.957368549891496,0.07246404744488956,True,0.62877893,in_distribution,correct,False,26x26
4642,5222,Edge-Loc,2,Training,lot210,23.0,26,26,test,2,Edge-Loc,True,1.4516441e-10,9.408153e-05,0.8199836,2.2904801e-07,0.17922768,3.0101765e-07,0.0006941399,2.3814317e-09,2.9216805e-15,0.8094479920954453,0.6199791666592773,0.22488729628706527,True,1.7475579,out_of_distribution,correct,False,26x26
4726,5313,Edge-Loc,2,Training,lot214,14.0,26,26,test,4,Loc,False,6.982737e-05,5.5537196e-08,0.16184106,3.84226e-06,0.8371634,4.094217e-06,2.575851e-05,2.3831999e-05,0.00086820975,0.8265641977150167,0.6544938936847737,0.21393847143470357,True,0.9238872,in_distribution,predicted_other_defect,False,26x26
5352,6006,Edge-Loc,2,Training,lot242,9.0,26,26,test,2,Edge-Loc,True,2.6864768e-09,8.062871e-09,0.9995459,5.594467e-05,0.00038837406,6.8991158e-06,2.5670422e-06,1.344567e-07,1.0198847e-07,0.9993430963071501,0.998790005433365,0.0026468148739206988,False,0.58534026,in_distribution,correct,False,26x26
5770,6451,Edge-Loc,2,Training,lot260,4.0,26,26,test,2,Edge-Loc,True,7.096319e-17,8.796868e-12,0.99991,8.9441615e-05,6.7617584e-08,2.7121033e-07,1.5197872e-07,1.1058095e-12,1.220072e-18,0.999862904354575,0.9997267951450585,0.0006204830653971446,False,1.5156707,review,correct,False,26x26
6315,7063,Edge-Loc,2,Training,lot284,18.0,26,26,test,2,Edge-Loc,True,3.745678e-07,0.00014215574,0.612699,1.1707757e-05,0.325731,0.056450814,0.004960746,3.2126002e-06,1.0021689e-06,0.6024081128387659,0.2729023367403097,0.39874308170176137,True,1.7024941,out_of_distribution,correct,False,26x26
6340,7090,Edge-Loc,2,Training,lot285,20.0,26,26,test,2,Edge-Loc,True,2.6326834e-09,3.0888197e-05,0.983063,3.0262454e-06,0.01329715,0.00023521784,0.00337029,5.773867e-07,7.1322694e-09,0.9791904774798327,0.9631125952265586,0.051826928275050595,False,1.0675333,in_distribution,correct,False,26x26
6674,7573,Edge-Loc,2,Training,lot1388,24.0,36,34,test,2,Edge-Loc,True,9.617215e-07,1.3637618e-08,0.9386123,0.00021743093,0.013520863,1.1971209e-05,1.1460893e-05,2.455309e-05,0.04760051,0.9294856047088466,0.8755720505146892,0.13453292696103208,True,0.66088295,in_distribution,correct,False,36x34
6748,7967,Edge-Loc,2,Training,lot1426,6.0,38,45,test,2,Edge-Loc,True,1.846322e-06,8.77748e-07,0.9803622,0.0005282225,0.013236076,3.6819012e-05,7.5876604e-05,0.0011995821,0.004558544,0.9756976726615246,0.9597054565559163,0.06249003587343917,False,0.5951167,in_distribution,correct,False,38x45
6760,8376,Edge-Loc,2,Training,lot1538,6.0,35,38,test,4,Loc,False,0.0002221674,2.92284e-06,0.36027202,0.00017349291,0.41004646,8.5679145e-05,0.00011280197,0.0012110216,0.22787349,0.4064553170319432,0.04725060936459191,0.49600336671419254,True,0.73549706,in_distribution,predicted_other_defect,False,35x38
6774,8585,Edge-Loc,2,Training,lot1625,16.0,26,26,test,2,Edge-Loc,True,2.2241495e-09,9.360796e-11,0.99979013,4.1793308e-05,0.00014857641,1.4339315e-06,1.8740716e-06,2.5894283e-07,1.5950709e-05,0.9996804413428328,0.9994594682320498,0.001444546339119097,False,0.71759236,in_distribution,correct,False,26x26
6916,12804,Edge-Loc,2,Training,lot2086,10.0,30,34,test,2,Edge-Loc,True,2.5959196e-08,1.2834556e-06,0.7164678,5.554772e-06,0.2834642,6.197676e-06,5.398355e-05,8.847912e-07,3.9020467e-08,0.7078813907787825,0.4158683111698747,0.27537638010087145,True,0.7954697,in_distribution,correct,False,30x34
6917,12805,Edge-Loc,2,Training,lot2086,12.0,30,34,test,2,Edge-Loc,True,1.5619761e-09,1.9511694e-05,0.95404756,4.0436976e-06,0.045372933,1.5095e-06,0.0005544948,8.056599e-08,4.582946e-11,0.9474999082342334,0.8958115575201367,0.09566378993140556,True,1.1589395,in_distribution,correct,False,30x34
8203,22788,Edge-Loc,2,Training,lot2611,19.0,25,27,test,2,Edge-Loc,True,2.330238e-08,1.0998787e-08,0.99862826,0.00026097236,0.00033739093,1.7117685e-05,0.0007557829,1.0585973e-07,3.5292095e-07,0.9980653008635995,0.9970211975671094,0.007317957290661894,False,0.8709354,in_distribution,correct,False,25x27
8250,25062,Edge-Loc,2,Training,lot2735,14.0,30,34,test,2,Edge-Loc,True,3.6447564e-06,2.8036033e-09,0.99242,3.602754e-06,0.007547694,5.360368e-06,1.9557698e-05,4.4289916e-08,7.9008636e-08,0.9905606659772003,0.9811753558578713,0.024487176655990872,False,0.8517237,in_distribution,correct,False,30x34
8251,25064,Edge-Loc,2,Training,lot2735,16.0,30,34,test,2,Edge-Loc,True,1.1226112e-07,6.221227e-09,0.9988937,0.00023330306,0.00081945834,2.2226179e-05,2.4955125e-05,8.2578566e-08,6.1426613e-06,0.998444870844311,0.9973167757505242,0.0058381089310157435,False,0.54407567,in_distribution,correct,False,30x34
8272,25473,Edge-Loc,2,Training,lot2783,2.0,39,31,test,2,Edge-Loc,True,2.0567197e-06,1.8745146e-07,0.9943931,3.7287213e-05,0.005450945,2.2182916e-05,9.3821334e-05,1.7153499e-07,2.0978318e-07,0.9928769373369374,0.9859957437839609,0.01985365851731307,False,0.6740097,in_distribution,correct,False,39x31
8273,25474,Edge-Loc,2,Training,lot2783,3.0,39,31,test,4,Loc,False,1.9766266e-07,7.3820054e-05,0.368184,4.4787193e-05,0.63080496,6.647855e-06,0.0008845031,6.8300324e-07,4.0673055e-07,0.6249240794776919,0.2512178237441875,0.3055613495466486,True,1.0369416,in_distribution,predicted_other_defect,False,39x31
8274,25475,Edge-Loc,2,Training,lot2783,4.0,39,31,test,2,Edge-Loc,True,9.399148e-09,1.8089926e-07,0.99048984,1.61724e-05,0.009470014,5.509991e-06,1.8096776e-05,3.6030894e-08,1.777526e-07,0.9882829207093847,0.9766321722071143,0.029232811213269382,False,0.6852503,in_distribution,correct,False,39x31
8275,25478,Edge-Loc,2,Training,lot2783,9.0,39,31,test,2,Edge-Loc,True,8.924526e-08,1.386468e-05,0.9706974,5.9974096e-05,0.028581874,1.060013e-05,0.00063577405,2.3620336e-07,1.4801965e-07,0.9656592641337957,0.9323322001959252,0.07036245752108647,True,0.79748815,in_distribution,correct,False,39x31
8276,25479,Edge-Loc,2,Training,lot2783,10.0,39,31,test,2,Edge-Loc,True,1.9258111e-06,2.6418118e-07,0.98147464,4.4767723e-05,0.018395035,1.8864357e-05,6.3325024e-05,3.239737e-07,8.262392e-07,0.9778723868520047,0.9559490052311,0.04897157603036949,False,0.5532339,in_distribution,correct,False,39x31
8277,25481,Edge-Loc,2,Training,lot2783,13.0,39,31,test,2,Edge-Loc,True,0.00022869033,4.178804e-07,0.90191454,2.3975466e-05,0.09730257,9.914991e-06,0.00051978574,5.9808016e-08,3.250738e-08,0.892455487270155,0.7860148240796818,0.15857018790248728,True,1.0701057,in_distribution,correct,False,39x31
8278,25483,Edge-Loc,2,Training,lot2783,15.0,39,31,test,2,Edge-Loc,True,2.6908692e-06,3.0040968e-05,0.90891844,2.772314e-05,0.0900676,8.395445e-06,0.0009417389,3.1580107e-06,1.8988783e-07,0.8996775488321197,0.800741273436949,0.1518504854259332,True,0.8908017,in_distribution,correct,False,39x31
8279,25484,Edge-Loc,2,Training,lot2783,16.0,39,31,test,2,Edge-Loc,True,1.8764562e-06,1.6961586e-06,0.8239925,9.348733e-06,0.17587867,9.482932e-06,0.00010246345,6.615928e-07,3.2435862e-06,0.813626155867765,0.6274482487379733,0.21965503942454292,True,0.76769286,in_distribution,correct,False,39x31
8280,25485,Edge-Loc,2,Training,lot2783,17.0,39,31,test,2,Edge-Loc,True,8.2337806e-08,2.2176462e-06,0.91798216,2.405801e-05,0.08182927,3.7904176e-06,0.0001579688,3.41118e-07,7.5509874e-08,0.9093344883019531,0.8189500085900429,0.13933404022551707,True,0.7165652,in_distribution,correct,False,39x31
8281,25486,Edge-Loc,2,Training,lot2783,18.0,39,31,test,2,Edge-Loc,True,1.9906383e-05,4.4892207e-07,0.6614114,3.4869802e-06,0.33837336,3.3391696e-06,0.00018778315,1.2727564e-07,1.0614054e-07,0.6545563685585556,0.3094256985713491,0.29457811481347773,True,1.0186886,in_distribution,correct,False,39x31
8282,25487,Edge-Loc,2,Training,lot2783,19.0,39,31,test,2,Edge-Loc,True,2.8148457e-07,5.576027e-05,0.9113807,4.049507e-05,0.08643536,3.1828866e-05,0.0020547947,4.2379818e-07,3.4126546e-07,0.902001216390755,0.8068789974756077,0.15228334434269586,True,0.8372825,in_distribution,correct,False,39x31
8283,25488,Edge-Loc,2,Training,lot2783,20.0,39,31,test,2,Edge-Loc,True,1.3008092e-07,1.7223951e-07,0.9965699,3.0970576e-05,0.0033539739,7.265471e-06,3.7297024e-05,1.2988977e-07,2.1732123e-07,0.9955477274633663,0.9912174837290854,0.013303753132358804,False,0.58351606,in_distribution,correct,False,39x31
8284,25793,Edge-Loc,2,Training,lot2818,17.0,39,31,test,2,Edge-Loc,True,3.136016e-08,3.0181936e-06,0.85228175,1.8213846e-05,0.14752774,2.6256503e-06,0.00015175446,1.48043055e-05,6.8997488e-09,0.8419877089217378,0.6842597035965574,0.19964357204150066,True,0.8331907,in_distribution,correct,False,39x31
8300,29423,Edge-Loc,2,Training,lot2993,1.0,30,34,test,2,Edge-Loc,True,2.7154075e-08,1.7823165e-08,0.993789,0.00010078007,0.0043156124,1.1005544e-05,2.4837577e-06,2.3307584e-05,0.0017577739,0.9919494156272995,0.9864457808869046,0.02401815261165003,False,0.67337096,in_distribution,correct,False,30x34
8301,29424,Edge-Loc,2,Training,lot2993,2.0,30,34,test,2,Edge-Loc,True,8.4041936e-08,1.5761222e-08,0.99333924,0.000649841,0.0016607593,1.9748455e-05,2.6300704e-06,0.00020406269,0.0041236756,0.9912833068808521,0.9860149195089204,0.026840382509345766,False,0.6872806,in_distribution,correct,False,30x34
8302,29425,Edge-Loc,2,Training,lot2993,3.0,30,34,test,2,Edge-Loc,True,5.440084e-08,8.6694465e-09,0.99958855,2.316071e-05,0.00035057834,2.5130812e-05,1.2447181e-05,6.1488514e-08,5.1911986e-09,0.9993995042903666,0.998897923164556,0.002471370251056217,False,0.7171969,in_distribution,correct,False,30x34
8303,29426,Edge-Loc,2,Training,lot2993,4.0,30,34,test,2,Edge-Loc,True,6.059995e-13,9.040426e-10,0.99991393,1.9707468e-05,6.521522e-05,5.3699654e-07,6.1183516e-07,3.9398735e-08,3.8585524e-11,0.999864949013405,0.9997642845695155,0.000648655466077847,False,0.8222137,in_distribution,correct,False,30x34
8304,29427,Edge-Loc,2,Training,lot2993,5.0,30,34,test,2,Edge-Loc,True,1.0167042e-10,3.754634e-07,0.9976835,1.1470749e-05,0.002275994,5.992366e-06,2.2591566e-05,3.395057e-08,3.6680842e-11,0.996941965767583,0.9939507085764698,0.00962565384401677,False,0.86791164,in_distribution,correct,False,30x34
8305,29428,Edge-Loc,2,Training,lot2993,6.0,30,34,test,2,Edge-Loc,True,3.0027092e-08,1.0634239e-08,0.9965643,0.0033408904,5.571383e-05,2.8190889e-05,9.597835e-06,1.0402442e-06,2.1273492e-07,0.9955356874211031,0.9912216050341894,0.013389817093822393,False,0.6631542,in_distribution,correct,False,30x34
8306,29429,Edge-Loc,2,Training,lot2993,7.0,30,34,test,2,Edge-Loc,True,8.584777000000001e-17,1.4680201e-11,0.9999862,1.3236782e-05,3.0890297e-07,6.0597316e-08,6.887116e-08,7.981639e-12,2.0526672000000003e-16,0.9999771655689361,0.9999552109346205,0.00012348898926694255,False,1.3394241,review,correct,False,30x34
8307,29430,Edge-Loc,2,Training,lot2993,8.0,30,34,test,2,Edge-Loc,True,8.1977e-14,6.498015e-10,0.99996555,4.1138005e-06,2.8922503e-05,7.531596e-07,5.9901447e-07,5.41048e-10,4.79536e-13,0.9999439306248358,0.9998976198004947,0.0002904822042150175,False,0.9929907,in_distribution,correct,False,30x34
8308,29431,Edge-Loc,2,Training,lot2993,9.0,30,34,test,2,Edge-Loc,True,2.7130795e-12,1.2121795e-07,0.9998529,6.7662936e-06,0.00013025834,4.195854e-06,5.7072266e-06,5.116478e-09,2.591095e-13,0.9997761261306688,0.9995812382623513,0.001012308060212664,False,1.2207192,review,correct,False,30x34
8405,40810,Edge-Loc,2,Training,lot3584,13.0,33,24,test,2,Edge-Loc,True,7.461987e-16,2.023067e-10,0.9999689,4.3683585e-06,1.9278614e-06,1.0150589e-05,1.4656798e-05,2.2552784e-12,8.663527e-15,0.9999476592939474,0.9999234610621386,0.0002868274035814949,False,1.3498461,review,correct,False,33x24
8406,40812,Edge-Loc,2,Training,lot3584,15.0,33,24,test,2,Edge-Loc,True,6.4496014e-08,3.1000552e-10,0.999368,6.420503e-05,0.0005298512,5.742201e-06,3.5281162e-06,5.008674e-07,2.8138185e-05,0.999094529470539,0.9983505019369736,0.003565327876865619,False,0.63199186,in_distribution,correct,False,33x24
8407,40818,Edge-Loc,2,Training,lot3584,21.0,33,24,test,2,Edge-Loc,True,4.740535e-06,3.4299063e-08,0.51920336,6.2747444e-05,0.010486295,1.718262e-05,2.676153e-06,0.0006215499,0.4696014,0.5169231853303834,0.047264556977231476,0.34492595414605653,True,0.7733282,in_distribution,correct,False,33x24
8423,42334,Edge-Loc,2,Training,lot3692,9.0,25,27,test,2,Edge-Loc,True,2.877325e-06,4.595727e-09,0.9949851,0.00017513816,0.0039161076,1.0916361e-05,1.7835082e-05,1.0285933e-05,0.0008817618,0.9934459904088696,0.9884281356339735,0.020073568074337016,False,0.603502,in_distribution,correct,False,25x27
8424,42344,Edge-Loc,2,Training,lot3692,19.0,25,27,test,2,Edge-Loc,True,0.008292595,8.409618e-10,0.96539,6.026562e-06,0.024860218,6.4645146e-06,9.172135e-06,9.510589e-06,0.001426007,0.9587315113966541,0.9296184831197349,0.09222535119397655,True,1.1013789,in_distribution,correct,False,25x27
8425,42348,Edge-Loc,2,Training,lot3692,24.0,25,27,test,8,none,False,0.0010324233,1.6890927e-07,0.08089795,2.0787591e-05,0.030771155,1.4986555e-05,1.9226645e-05,0.0034979326,0.8837453,0.8701572573407547,0.7814448730146366,0.2219998697714432,True,0.9043163,in_distribution,predicted_none,False,25x27
8493,45160,Edge-Loc,2,Training,lot3879,25.0,39,31,test,2,Edge-Loc,True,0.0024999361,6.267776e-06,0.71993047,0.00016848333,0.2707672,0.00012618722,0.0004289557,3.8166574e-05,0.0060343537,0.7094978426493328,0.4306368960168968,0.30164937497895583,True,0.79458475,in_distribution,correct,False,39x31
8496,45278,Edge-Loc,2,Training,lot3886,6.0,39,31,test,2,Edge-Loc,True,6.286839e-08,1.694473e-08,0.99968684,0.00013154853,0.00013942397,1.7934115e-05,2.4054385e-05,8.611463e-09,4.8805653e-09,0.9995269727657906,0.9993190284582489,0.0021019656085761247,False,0.75958216,in_distribution,correct,False,39x31
8519,45767,Edge-Loc,2,Training,lot3919,2.0,39,31,test,2,Edge-Loc,True,1.3894331e-06,3.659386e-09,0.99929786,0.0003072464,0.00032631934,1.0436792e-05,1.5087773e-05,1.7835426e-07,4.1489613e-05,0.9989789226777889,0.9985106060271269,0.0041639332323597,False,0.6402033,in_distribution,correct,False,39x31
8520,45772,Edge-Loc,2,Training,lot3919,7.0,39,31,test,2,Edge-Loc,True,2.5394369e-09,4.605796e-09,0.9995797,5.828595e-05,0.00035740738,1.3116552e-06,2.9579276e-06,1.5720173e-07,4.8180972e-08,0.9993905821101562,0.9988796749435772,0.0024690908306633248,False,0.5500793,in_distribution,correct,False,39x31
8521,45787,Edge-Loc,2,Training,lot3919,22.0,39,31,test,2,Edge-Loc,True,9.479586e-06,1.4056152e-08,0.5563706,0.0002856641,0.005062501,1.278614e-05,7.5991406e-06,7.029293e-05,0.43818104,0.5529957521257887,0.11276230811881466,0.329960236405638,True,0.716198,in_distribution,correct,False,39x31
8537,48272,Edge-Loc,2,Training,lot4030,4.0,89,76,test,8,none,False,4.3244316e-05,0.000164786,0.03866908,0.044307012,0.07589314,0.00032122352,0.0014183404,0.045501724,0.79368144,0.7726563790040432,0.6905332769280524,0.3897253847094494,True,1.216887,review,predicted_none,False,89x76
8538,48275,Edge-Loc,2,Training,lot4030,7.0,89,76,test,8,none,False,0.00010485098,9.836462e-05,0.072832756,0.03161163,0.052412968,0.00036223058,0.0010967428,0.037556227,0.80392426,0.7833001269978467,0.7042288835670781,0.3752189316577596,True,1.0988017,in_distribution,predicted_none,False,89x76
8559,49375,Edge-Loc,2,Training,lot4083,23.0,56,41,test,2,Edge-Loc,True,4.723688e-08,4.67041e-08,0.99519426,0.0034943682,0.0007410298,1.0250802e-05,3.8079448e-05,2.527797e-05,0.0004966513,0.9936593993658647,0.9891588303121077,0.020001499415570667,False,0.62017804,in_distribution,correct,False,56x41
8584,50561,Edge-Loc,2,Training,lot4137,9.0,30,34,test,2,Edge-Loc,True,5.5943822e-11,1.3061228e-10,0.9993376,0.00065667444,4.4305407e-06,2.2047891e-07,9.751894e-07,5.3994206e-08,1.2103468e-09,0.9990766511676966,0.9981633965982528,0.0033849798002809736,False,0.7990849,in_distribution,correct,False,30x34
8585,50563,Edge-Loc,2,Training,lot4137,19.0,30,34,test,2,Edge-Loc,True,1.0495876e-11,5.000717e-11,0.98608077,0.013915254,1.0724373e-06,1.334249e-07,2.6805703e-06,1.20409e-08,2.3933824e-11,0.9831829254109956,0.9663728951107164,0.03888811935503068,False,1.0332407,in_distribution,correct,False,30x34
8586,50564,Edge-Loc,2,Training,lot4137,21.0,30,34,test,2,Edge-Loc,True,1.2173765e-15,2.5613286e-11,0.9999323,6.6880624e-05,2.6005156e-07,3.7280944e-07,2.8695044e-07,8.501253e-12,7.842603e-16,0.999895074060403,0.9997919548464692,0.0004903342793292705,False,1.2396419,review,correct,False,30x34
8590,50606,Edge-Loc,2,Training,lot4140,5.0,30,34,test,2,Edge-Loc,True,1.5008961e-06,1.8318689e-09,0.6439319,6.294437e-05,0.004535806,5.8952346e-06,4.452739e-07,0.00019403988,0.35126743,0.6369383814186166,0.2798696936208017,0.3128504405241845,True,0.9092523,in_distribution,correct,False,30x34
8620,54046,Edge-Loc,2,Training,lot4360,9.0,41,41,test,2,Edge-Loc,True,3.313934e-05,3.492677e-08,0.99233645,0.003952385,0.0004761103,2.382207e-05,8.066022e-05,7.136289e-06,0.00309024,0.9900472378513913,0.9849894633856225,0.029935250409513982,False,0.7270275,in_distribution,correct,False,41x41
8640,54600,Edge-Loc,2,Training,lot4413,19.0,32,29,test,8,none,False,2.6188936e-05,6.312993e-09,0.46324238,0.0033612351,0.007203748,3.455677e-05,5.8111895e-05,8.2172075e-05,0.52599156,0.5232932425865967,0.059782410235690475,0.3469726611872588,True,0.88569957,in_distribution,predicted_none,False,32x29
8658,56078,Edge-Loc,2,Training,lot4509,13.0,32,29,test,2,Edge-Loc,True,8.194528e-07,1.1770197e-07,0.7342952,3.9464644e-06,0.26560947,8.017886e-06,4.7156685e-05,7.2633475e-06,2.7975353e-05,0.7252256812747024,0.45060077598959597,0.2682567956356602,True,0.7071515,in_distribution,correct,False,32x29
8674,57731,Edge-Loc,2,Training,lot4612,22.0,42,29,test,2,Edge-Loc,True,7.3222246e-09,2.8260807e-05,0.9847627,2.0773863e-05,0.008793029,0.0008351855,0.0055587725,1.9025698e-07,9.770702e-07,0.980950049173184,0.9701166847015734,0.050593673804246696,False,1.0365909,in_distribution,correct,False,42x29
8684,58195,Edge-Loc,2,Training,lot4642,2.0,56,41,test,2,Edge-Loc,True,1.54387e-07,2.0685326e-07,0.99796706,0.0008899428,0.00087529287,6.28088e-06,5.3377247e-05,5.59481e-05,0.00015167135,0.9971723365053826,0.9959522301040881,0.010332611462126794,False,0.6306733,in_distribution,correct,False,56x41
8685,58196,Edge-Loc,2,Training,lot4642,3.0,56,41,test,2,Edge-Loc,True,4.6929376e-14,8.4942236e-12,0.9942047,0.005794777,3.2169307e-08,2.8200853e-08,4.160158e-07,2.0251077e-08,3.261827e-10,0.992703856349962,0.9854086949230468,0.0196520067977995,False,1.2479529,review,correct,False,56x41
8686,58198,Edge-Loc,2,Training,lot4642,5.0,56,41,test,2,Edge-Loc,True,5.3843174e-09,5.569471e-09,0.98608685,0.013776737,4.8357273e-05,2.2018153e-06,1.9097375e-05,1.23029295e-05,5.4532444e-05,0.9831353521477848,0.9664860562444079,0.039598877824701374,False,0.824915,in_distribution,correct,False,56x41
8687,58203,Edge-Loc,2,Training,lot4642,10.0,56,41,test,2,Edge-Loc,True,2.9860738e-07,2.5837184e-07,0.9960531,0.0016065718,0.0017477382,6.8002073e-06,0.000102487196,3.772113e-05,0.00044510534,0.9946776258323368,0.9923548012008595,0.017881896563258656,False,0.680325,in_distribution,correct,False,56x41
8688,58205,Edge-Loc,2,Training,lot4642,12.0,56,41,test,8,none,False,1.1528121e-05,5.9532336e-05,0.44205633,0.011954573,0.05656591,0.000122768,0.0013567057,0.0042965845,0.48357603,0.4782093678889242,0.03928754587491201,0.4491119106435863,True,0.8686634,in_distribution,predicted_none,False,56x41
8689,58214,Edge-Loc,2,Training,lot4642,21.0,56,41,test,2,Edge-Loc,True,3.9534453e-07,1.9211738e-07,0.96430904,0.03424018,0.0004988831,3.075633e-05,0.0001338121,0.00015496636,0.00063179975,0.95840042108853,0.9188482598914453,0.08365430474851122,True,0.7438831,in_distribution,correct,False,56x41
8690,58216,Edge-Loc,2,Training,lot4642,23.0,56,41,test,2,Edge-Loc,True,1.0437529e-08,1.2284869e-07,0.9745266,0.025138661,0.00015539567,8.818444e-06,6.288051e-05,9.479663e-05,1.2670204e-05,0.9699916029554151,0.9404882725394068,0.06279627107648339,True,0.72117865,in_distribution,correct,False,56x41
8691,58217,Edge-Loc,2,Training,lot4642,24.0,56,41,test,2,Edge-Loc,True,4.4297017e-06,1.8963547e-07,0.9806402,0.003076263,0.0014933252,3.3345637e-05,5.5861758e-05,0.00025521958,0.014441225,0.9761401524975373,0.9587570229405078,0.06038681045233719,False,0.6569025,in_distribution,correct,False,56x41
8706,58331,Edge-Loc,2,Training,lot4650,20.0,56,41,test,2,Edge-Loc,True,3.871146e-08,1.5776384e-05,0.97316855,0.000120784265,0.026234776,8.994738e-06,0.0004504381,5.1885036e-07,1.3345809e-07,0.9684222761276905,0.9377004903217238,0.06587823855590592,True,0.9999321,in_distribution,correct,False,56x41
8720,58526,Edge-Loc,2,Training,lot4667,17.0,56,41,test,2,Edge-Loc,True,2.9629963e-09,3.712096e-08,0.9813234,0.018544802,6.0549148e-05,7.2828e-06,4.2732143e-05,2.1665667e-06,1.9001991e-05,0.9776993849149416,0.9556062389393664,0.049289207869410046,False,0.75407326,in_distribution,correct,False,56x41
8721,58528,Edge-Loc,2,Training,lot4667,19.0,56,41,test,2,Edge-Loc,True,7.3414735e-06,2.3686727e-07,0.94583064,0.010819498,0.0006355074,3.8440314e-05,0.00012625387,0.0002526042,0.042289443,0.9371906522207971,0.888991341358294,0.1252288713971899,True,0.7359872,in_distribution,correct,False,56x41
8723,58540,Edge-Loc,2,Training,lot4668,6.0,56,41,test,2,Edge-Loc,True,1.8686237e-07,1.5568715e-07,0.9818726,0.011854933,0.0008878499,5.6051654e-06,5.4623797e-05,0.0011038426,0.0042201406,0.977432020189985,0.963032856309614,0.05925813957626522,False,0.7616044,in_distribution,correct,False,56x41
8724,58542,Edge-Loc,2,Training,lot4668,8.0,56,41,test,2,Edge-Loc,True,4.048574e-09,4.0272653e-08,0.9301546,0.06961381,4.599841e-05,3.405701e-06,2.538162e-05,0.00011806876,3.855591e-05,0.9220882970154816,0.8445298455964073,0.12577408334577794,True,0.8011804,in_distribution,correct,False,56x41
8725,58544,Edge-Loc,2,Training,lot4668,10.0,56,41,test,2,Edge-Loc,True,1.2477659e-07,2.0072987e-07,0.96851707,0.01610229,0.0004225909,1.9528145e-05,9.543457e-05,0.00020743016,0.01463534,0.9621288376768811,0.9428907584730961,0.08765809034817762,True,0.8091108,in_distribution,correct,False,56x41
8726,58557,Edge-Loc,2,Training,lot4668,23.0,56,41,test,2,Edge-Loc,True,4.6298208e-08,1.031757e-08,0.9716043,0.0277628,5.3856504e-05,1.0488522e-05,2.9740657e-05,1.0215681e-05,0.0005285247,0.9666773597202983,0.9342576749658416,0.06866946656258723,True,0.75947535,in_distribution,correct,False,56x41
8727,58558,Edge-Loc,2,Training,lot4668,24.0,56,41,test,2,Edge-Loc,True,4.118524e-08,5.15203e-08,0.97749305,0.022267155,8.939066e-05,8.503696e-06,7.87016e-05,7.988065e-06,5.517813e-05,0.9733407348582835,0.9470499841953831,0.05705463379709527,True,0.79392844,in_distribution,correct,False,56x41
8739,59374,Edge-Loc,2,Training,lot4707,10.0,56,41,test,2,Edge-Loc,True,1.9031177e-05,1.7549822e-07,0.970959,0.026330888,0.00049873244,0.000103861574,0.0001688923,5.9927297e-05,0.001859603,0.965520021405927,0.9347163643743928,0.07531905313210599,True,0.71685416,in_distribution,correct,False,56x41
8790,60178,Edge-Loc,2,Training,lot4759,12.0,30,30,test,2,Edge-Loc,True,0.0020157907,1.4128191e-08,0.98587996,0.00076596066,0.007843454,0.000139121,0.0006359388,3.369936e-06,0.0027163485,0.9819574453292699,0.9722446679358285,0.05179488298763221,False,0.90937364,in_distribution,correct,False,30x30
8794,60210,Edge-Loc,2,Training,lot4762,2.0,35,36,test,8,none,False,1.4765627e-06,7.856866e-08,0.4384348,0.0007211682,0.003946324,2.4395806e-05,4.389789e-06,0.0008798682,0.55598754,0.5525240434101052,0.11213331401559662,0.3322973025129345,True,0.7482515,in_distribution,predicted_none,False,35x36
8806,62635,Edge-Loc,2,Training,lot4870,18.0,30,34,test,2,Edge-Loc,True,2.2577026e-08,2.9286246e-08,0.9920644,5.5668235e-05,0.007792107,1.0685273e-05,9.694136e-06,3.1752927e-06,6.42626e-05,0.9901006374996301,0.9804264908181783,0.025890403632929614,False,0.48205277,in_distribution,correct,False,30x34
8824,64442,Edge-Loc,2,Training,lot4950,3.0,30,34,test,2,Edge-Loc,True,1.294583e-06,4.7886807e-08,0.9732825,8.531811e-05,0.025937935,6.6734597e-06,2.4372166e-05,0.000174664,0.00048718334,0.9684902626242472,0.9381017780730018,0.06644208382814784,True,0.49508417,in_distribution,correct,False,30x34
8831,65812,Edge-Loc,2,Training,lot5010,11.0,31,28,test,2,Edge-Loc,True,1.28968895e-05,3.4900278e-08,0.93775135,2.3475708e-05,0.058661968,5.230022e-06,6.409534e-06,6.923538e-05,0.003469412,0.929511413709425,0.8636322823895034,0.12421252434288077,True,0.60630333,in_distribution,correct,False,31x28
8851,68513,Edge-Loc,2,Training,lot5163,16.0,39,37,test,2,Edge-Loc,True,0.016575988,8.281502e-06,0.6181717,0.00012743541,0.36259297,0.00012410857,0.0007187876,0.00066621817,0.0010145443,0.6104117603530937,0.243661839232079,0.3506162704417527,True,0.85254425,in_distribution,correct,False,39x37
8891,70314,Edge-Loc,2,Training,lot5275,25.0,33,33,test,2,Edge-Loc,True,1.5887709e-06,2.0322606e-08,0.96632475,0.00017899851,0.033057578,1.94908e-05,4.2122134e-05,2.2887893e-05,0.00035256325,0.9608327675893852,0.9225654829454817,0.07764479488722,True,0.558746,in_distribution,correct,False,33x33
8908,71597,Edge-Loc,2,Training,lot5378,12.0,33,33,test,2,Edge-Loc,True,1.8139557e-09,1.3000793e-10,0.9892532,0.010733071,3.2587293e-06,6.3332755e-06,4.1543904e-06,1.3734994e-08,1.1410809e-10,0.9868491576837579,0.9737221581904537,0.0319602137881137,False,1.0050875,in_distribution,correct,False,33x33
8938,72789,Edge-Loc,2,Training,lot5452,12.0,33,33,test,2,Edge-Loc,True,1.0265204e-07,2.5682754e-09,0.99659353,0.0028913142,0.00044634714,2.827772e-05,4.6706473e-06,3.6195825e-06,3.205132e-05,0.9955003021435826,0.9917426087382295,0.014224049890601215,False,0.54263526,in_distribution,correct,False,33x33
8939,72927,Edge-Loc,2,Training,lot5461,1.0,33,33,test,2,Edge-Loc,True,2.2083244e-09,1.7317596e-10,0.9996132,3.1022493e-05,0.00035113722,1.8671633e-06,2.7851363e-06,9.483438e-10,2.2510023e-10,0.9994397930452432,0.9989374399419662,0.002261999681379468,False,0.82854944,in_distribution,correct,False,33x33
8941,73289,Edge-Loc,2,Training,lot5483,13.0,33,33,test,2,Edge-Loc,True,4.804799e-09,3.4097778e-09,0.9953773,0.0044845873,0.00012169081,7.2244197e-06,8.723268e-06,3.0388946e-07,2.8782077e-09,0.9940772263546903,0.9883644586489216,0.01697317028596466,False,0.7280126,in_distribution,correct,False,33x33
8942,73522,Edge-Loc,2,Training,lot5496,3.0,33,33,test,2,Edge-Loc,True,1.50896e-07,3.8620957e-08,0.991876,0.0001465713,0.0074981907,1.0467813e-05,0.00028851102,5.650482e-07,0.00017949645,0.9897600352881554,0.9804361742183174,0.027869759790630746,False,0.706699,in_distribution,correct,False,33x33
8957,73918,Edge-Loc,2,Training,lot5516,19.0,47,42,test,2,Edge-Loc,True,6.2273244e-08,7.5940346e-07,0.9853398,2.3174516e-06,0.014621801,5.542848e-07,3.4670782e-05,2.2132623e-08,2.7031913e-10,0.9823170163695708,0.9646956986923058,0.04065045794009946,False,0.96398854,in_distribution,correct,False,47x42
8993,76331,Edge-Loc,2,Training,lot5648,12.0,33,33,test,2,Edge-Loc,True,1.6517207e-14,1.5478911e-10,0.9955252,0.004471235,2.3220498e-06,2.1813314e-07,9.539066e-07,2.1415786e-10,7.492403000000001e-17,0.9942966532985202,0.9885996804767793,0.01602451518264638,False,1.4019319,review,correct,False,33x33
8994,76332,Edge-Loc,2,Training,lot5648,13.0,33,33,test,2,Edge-Loc,True,5.8658844e-10,7.218055e-09,0.90234065,0.097511224,0.00012425358,2.5584204e-06,1.988361e-05,1.4628592e-06,2.9299625e-09,0.8930909474173424,0.7864045153461015,0.1555269261774489,True,0.876094,in_distribution,correct,False,33x33
8995,76334,Edge-Loc,2,Training,lot5648,15.0,33,33,test,2,Edge-Loc,True,5.436328e-10,2.2106118e-08,0.99560696,6.8887886e-05,0.0042953114,9.819171e-07,2.7647584e-05,8.687684e-08,1.1226825e-10,0.9943650467073262,0.9888823728498458,0.016204126608295417,False,0.74088925,in_distribution,correct,False,33x33
8996,76336,Edge-Loc,2,Training,lot5648,17.0,33,33,test,2,Edge-Loc,True,2.5631164e-15,1.1784003e-09,0.99998164,3.1200302e-06,1.2761733e-05,1.5540672e-06,1.0025959e-06,4.3371387e-12,1.7276146e-16,0.999968565943664,0.9999473644421829,0.0001763181727762628,False,1.3062569,review,correct,False,33x33
8997,76342,Edge-Loc,2,Training,lot5648,23.0,33,33,test,2,Edge-Loc,True,9.7165635e-12,3.036749e-09,0.9997845,0.00011897159,9.0366244e-05,1.7505376e-06,4.435152e-06,3.4771175e-09,3.4365698e-12,0.9996729119664746,0.9994941894748403,0.0014668668341327532,False,0.80484474,in_distribution,correct,False,33x33
8998,76344,Edge-Loc,2,Training,lot5648,25.0,33,33,test,2,Edge-Loc,True,9.33853e-14,1.1412863e-09,0.99991643,7.3682354e-06,7.244396e-05,1.8967206e-06,1.7461017e-06,6.755113e-11,2.1114812e-14,0.9998695489275072,0.9997582544159656,0.0006228915102265596,False,1.12845,in_distribution,correct,False,33x33
9039,79205,Edge-Loc,2,Training,lot5767,25.0,30,34,test,2,Edge-Loc,True,5.2629055e-08,2.5161308e-08,0.9888104,0.001082444,0.0023914461,3.598166e-05,9.371708e-06,9.5042735e-05,0.007575159,0.9857838388036388,0.9763786645128495,0.039876392970436145,False,0.5587947,in_distribution,correct,False,30x34
9045,80008,Edge-Loc,2,Training,lot5800,7.0,30,34,test,2,Edge-Loc,True,1.060365e-06,2.2835279e-07,0.92538667,0.00016478308,0.07264531,7.3772862e-06,2.7019654e-05,0.00053336687,0.0012341513,0.9166185578399285,0.8359220227459626,0.13718130469638498,True,0.54264057,in_distribution,correct,False,30x34
9046,80009,Edge-Loc,2,Training,lot5800,8.0,30,34,test,2,Edge-Loc,True,9.990054e-06,1.4138042e-06,0.612809,4.16537e-05,0.3711046,3.2124986e-05,3.5708512e-05,0.00026812893,0.01569729,0.60585559063825,0.2305778476538382,0.3410905698965272,True,0.65264153,in_distribution,correct,False,30x34
9047,80022,Edge-Loc,2,Training,lot5800,21.0,30,34,test,2,Edge-Loc,True,2.9830989e-07,3.2368867e-08,0.997537,0.00073001266,0.0015290861,1.6743823e-05,1.3243623e-05,1.6527696e-05,0.00015703835,0.996634772338564,0.9945891616333652,0.011722345570078143,False,0.4677182,in_distribution,correct,False,30x34
9057,80414,Edge-Loc,2,Training,lot5816,13.0,30,34,test,8,none,False,2.895403e-06,3.5258644e-08,0.15231636,9.0066125e-05,0.005573935,1.764007e-05,2.1294989e-06,0.0003718874,0.84162503,0.8301514275939353,0.6678857380986405,0.2227577065782538,True,0.8018047,in_distribution,predicted_none,False,30x34
9058,80631,Edge-Loc,2,Training,lot5825,5.0,30,34,test,2,Edge-Loc,True,1.3612667e-07,7.85032e-08,0.9860036,0.00022083186,0.010242582,1.298271e-05,8.565056e-06,0.00012966136,0.0033815983,0.9825593604752316,0.9700210610635261,0.04573387452335549,False,0.48371723,in_distribution,correct,False,30x34
9059,80641,Edge-Loc,2,Training,lot5825,15.0,30,34,test,2,Edge-Loc,True,5.086879e-05,9.742202e-06,0.41356945,0.0005408181,0.020950356,7.108937e-05,4.2006934e-05,0.2971555,0.26761013,0.40824368795019594,0.11051414727517639,0.535228403165228,True,0.92679113,in_distribution,correct,False,30x34
9098,82482,Edge-Loc,2,Training,lot5904,10.0,56,41,test,2,Edge-Loc,True,5.700332e-07,3.9327352e-07,0.9774983,5.7682297e-05,0.022153685,4.9475416e-06,0.00028359558,8.427131e-07,4.9209943e-09,0.973329065545709,0.9471667159872432,0.05724996573375562,True,0.78051627,in_distribution,correct,False,56x41
9106,82656,Edge-Loc,2,Training,lot5911,13.0,56,41,test,2,Edge-Loc,True,1.2775939e-07,2.2552626e-07,0.9883547,0.00408574,0.005952991,6.531301e-06,7.1205075e-05,0.0005106817,0.0010179057,0.9850959148899329,0.9776260497677158,0.04287319648305151,False,0.6740563,in_distribution,correct,False,56x41
9107,82662,Edge-Loc,2,Training,lot5911,19.0,56,41,test,2,Edge-Loc,True,2.4447583e-05,8.8930983e-07,0.9596688,0.021809291,0.0028236792,7.8327444e-05,0.00018616156,0.0023841911,0.013024214,0.9515153442127398,0.9258723083950348,0.11306225577909647,True,0.70072323,in_distribution,correct,False,56x41
9133,83369,Edge-Loc,2,Training,lot5941,18.0,39,31,test,2,Edge-Loc,True,4.106934e-11,7.757775e-07,0.98321736,3.4241075e-05,0.005971678,1.9984177e-06,0.01077396,8.448451e-10,8.822907e-12,0.9793047597854645,0.9661540945600936,0.052190804760747125,False,1.3121078,review,correct,False,39x31
9239,85384,Edge-Loc,2,Training,lot6118,4.0,39,31,test,2,Edge-Loc,True,2.1323472e-10,1.5484098e-06,0.9923613,1.9908266e-05,0.0032370687,2.2447841e-06,0.0043778224,2.8755652e-11,2.4369184e-13,0.9902032328059728,0.9846260309030131,0.02822056760288458,False,1.3507811,review,correct,False,39x31
9240,85390,Edge-Loc,2,Training,lot6118,10.0,39,31,test,2,Edge-Loc,True,4.6682964e-09,6.334798e-05,0.9743533,0.0027149268,0.010676875,1.6373002e-05,0.012174597,5.202217e-07,1.5148522e-08,0.9686059054419368,0.9538617106015357,0.07765277753941059,True,1.0501657,in_distribution,correct,False,39x31
9259,85881,Edge-Loc,2,Training,lot6155,20.0,25,27,test,2,Edge-Loc,True,2.8900675e-07,1.3994345e-10,0.9966757,0.00079373067,0.00027460477,1.1605047e-05,2.1301503e-06,3.596993e-06,0.0022383272,0.9955371077366948,0.9925944522735876,0.014795245266853241,False,0.8096609,in_distribution,correct,False,25x27
9300,86824,Edge-Loc,2,Training,lot6199,14.0,39,31,test,8,none,False,0.00035553428,2.9724492e-06,0.21972741,0.011084005,0.023767386,0.00013614005,0.00047678733,0.0007432491,0.7437065,0.7295693827625128,0.50184878796801,0.33641118297943345,True,0.78975016,in_distribution,predicted_none,False,39x31
9314,87192,Edge-Loc,2,Training,lot6221,22.0,39,31,test,2,Edge-Loc,True,5.3241905e-08,5.398635e-08,0.99402374,0.005337379,0.00033520669,1.9988702e-05,0.0002163543,6.957709e-06,6.0264018e-05,0.9923239122303795,0.985581054068036,0.022258044915227735,False,0.5721412,in_distribution,correct,False,39x31
9315,87205,Edge-Loc,2,Training,lot6222,10.0,39,31,test,2,Edge-Loc,True,2.1181348e-11,7.446534e-09,0.9956548,0.004316433,1.1056006e-05,4.198456e-06,1.3517479e-05,1.44207455e-08,3.4249903e-10,0.9944432007372358,0.9889346037354821,0.015802758375542222,False,0.77113533,in_distribution,correct,False,39x31
9316,87209,Edge-Loc,2,Training,lot6222,14.0,39,31,test,2,Edge-Loc,True,2.9799828e-06,1.4758684e-06,0.98988694,0.0038111857,0.0055393125,0.00010163985,0.000230815,4.574295e-05,0.0003798078,0.9870335725575099,0.9800568189597889,0.03749136274924355,False,0.4880526,in_distribution,correct,False,39x31
9317,87220,Edge-Loc,2,Training,lot6222,25.0,39,31,test,2,Edge-Loc,True,1.8943957e-06,4.851278e-07,0.99781394,0.0005707371,0.0010801929,4.0550305e-05,0.00047442236,3.508777e-07,1.742524e-05,0.9969672327985682,0.9954992497861538,0.01100074502835675,False,0.6721083,in_distribution,correct,False,39x31
9525,106292,Edge-Loc,2,Training,lot7239,25.0,35,31,test,2,Edge-Loc,True,8.7123436e-07,0.0008851012,0.5361376,7.404178e-06,0.46114945,1.5391099e-05,0.0017756841,2.844821e-05,4.111816e-08,0.5340078404242331,0.07156221111365296,0.3251217158820624,True,1.1711247,in_distribution,correct,False,35x31
9571,107038,Edge-Loc,2,Training,lot7274,8.0,35,31,test,2,Edge-Loc,True,2.454803e-06,2.3416602e-07,0.97763026,0.00010824806,0.021862352,1.1982921e-05,2.0429407e-05,8.559256e-05,0.00027852692,0.9734166957034383,0.9475839991286605,0.05780186088296372,True,0.41618687,in_distribution,correct,False,35x31
9707,117677,Edge-Loc,2,Training,lot7848,25.0,39,31,test,2,Edge-Loc,True,7.179336e-11,9.4868e-07,0.99786633,1.2299689e-05,0.002051826,3.109678e-05,3.7517137e-05,1.7963831e-08,4.8653637e-09,0.997159425773711,0.9944500429015092,0.009177890357067908,False,0.89016473,in_distribution,correct,False,39x31
9811,125782,Edge-Loc,2,Training,lot8313,15.0,35,36,test,2,Edge-Loc,True,2.1167912e-08,7.864383e-08,0.99804187,0.00021278302,0.0016711067,1.3870896e-05,4.738151e-05,1.8608115e-07,1.26998875e-05,0.9973428828184495,0.9951156978804179,0.009081408552395835,False,0.5608395,in_distribution,correct,False,35x36
9864,133311,Edge-Loc,2,Training,lot8762,7.0,52,51,test,2,Edge-Loc,True,6.635693e-09,1.4847615e-06,0.98884946,9.0230715e-05,0.010975136,3.4415036e-06,8.00077e-05,1.8211128e-07,1.2522096e-10,0.9863243509964534,0.9729166802779906,0.033598998600105796,False,0.8389661,in_distribution,correct,False,52x51
9885,136043,Edge-Loc,2,Training,lot8875,8.0,56,41,test,2,Edge-Loc,True,0.00010178186,2.1139013e-07,0.9792768,0.00074364396,0.018861912,3.245276e-05,0.00011310924,0.00012844978,0.0007417075,0.9749549572815011,0.9525195256846051,0.05869278987835946,True,0.572896,in_distribution,correct,False,56x41
9886,136053,Edge-Loc,2,Training,lot8875,18.0,56,41,test,2,Edge-Loc,True,7.6573775e-07,7.2238055e-07,0.98730206,0.0013502213,0.01038553,2.2368857e-05,8.715203e-05,9.855014e-05,0.0007525954,0.9841224566791329,0.9714128750846734,0.04218621809457742,False,0.4891484,in_distribution,correct,False,56x41
9923,139823,Edge-Loc,2,Training,lot9090,25.0,34,31,test,2,Edge-Loc,True,2.5736557e-07,0.0006318592,0.6041449,3.5543762e-05,0.011330703,0.061759435,0.32209706,1.3752027e-07,2.0204727e-07,0.5932235129399108,0.26786009105850844,0.41896471077995295,True,1.0981406,in_distribution,correct,False,34x31
10209,142476,Edge-Loc,2,Training,lot9214,17.0,32,29,test,2,Edge-Loc,True,3.3951521e-06,3.1529006e-09,0.9837462,1.4787641e-05,0.013404963,9.668292e-06,3.2893138e-06,5.815019e-06,0.0028119008,0.9800840975400473,0.9638777200876224,0.04901316449373352,False,0.80377567,in_distribution,correct,False,32x29
10242,144208,Edge-Loc,2,Training,lot9301,19.0,32,29,test,2,Edge-Loc,True,5.6341526e-07,3.4717396e-09,0.9769645,0.0003274608,0.002474994,2.1138536e-05,2.688532e-06,5.4181884e-05,0.02015456,0.9722943263921683,0.9484041761824574,0.06363677009443555,True,0.6779718,in_distribution,correct,False,32x29
10244,144294,Edge-Loc,2,Training,lot9305,5.0,32,29,test,2,Edge-Loc,True,2.4431685e-07,1.1912561e-09,0.9718937,1.6632617e-06,0.028094005,1.317554e-06,6.6894004e-06,9.211066e-08,2.179193e-06,0.9671819266106152,0.9343852163902872,0.06581547610742412,True,0.9698602,in_distribution,correct,False,32x29
10414,145598,Edge-Loc,2,Training,lot9367,16.0,30,31,test,2,Edge-Loc,True,2.0676372e-09,3.7504293e-07,0.9945591,0.00021289881,0.004828653,1.1362179e-05,0.00038718345,3.6159759e-07,7.419674e-10,0.9929892980054966,0.9868605832085423,0.02051698308331803,False,0.6724112,in_distribution,correct,False,30x31
10450,153446,Edge-Loc,2,Training,lot9969,16.0,32,32,test,2,Edge-Loc,True,1.035607e-06,3.423612e-08,0.993565,4.8238213e-05,0.005886498,4.7929943e-06,9.4635125e-06,2.5832445e-05,0.0004590462,0.9918060990423493,0.9844028569822686,0.02305980043964217,False,0.56394726,in_distribution,correct,False,32x32
10871,165514,Edge-Loc,2,Training,lot10586,9.0,26,26,test,2,Edge-Loc,True,3.1946288e-07,1.632375e-08,0.94507986,4.9190617e-06,0.054899912,1.7589002e-06,4.0917816e-06,2.6254165e-06,6.503933e-06,0.9380223752795955,0.8760797640100616,0.10591878984109389,True,0.6614997,in_distribution,correct,False,26x26
10908,169507,Edge-Loc,2,Training,lot10848,9.0,33,33,test,2,Edge-Loc,True,1.03267304e-10,2.4617376e-07,0.99646026,1.279499e-05,0.0034939703,4.902686e-06,2.77345e-05,1.5466102e-07,1.9398154e-09,0.995422436603957,0.9909198421418796,0.013507893516306574,False,0.6590393,in_distribution,correct,False,33x33
10939,171769,Edge-Loc,2,Training,lot10973,13.0,26,26,test,2,Edge-Loc,True,4.9319664e-07,2.9468043e-05,0.87412083,3.2098524e-05,0.11697654,0.0006748362,0.008162458,2.5575202e-06,7.1866253e-07,0.862645812575019,0.7362574896086933,0.20125328132651282,True,1.0343977,in_distribution,correct,False,26x26
10941,172051,Edge-Loc,2,Training,lot10986,22.0,26,26,test,2,Edge-Loc,True,1.4629144e-08,1.8845954e-08,0.98242235,2.3359667e-05,0.017145231,9.0960775e-06,1.4877628e-06,2.9560522e-05,0.0003688012,0.978872244698993,0.958371467083357,0.048066523040165586,False,0.72089565,in_distribution,correct,False,26x26
11132,179028,Edge-Loc,2,Training,lot11463,17.0,56,41,test,2,Edge-Loc,True,2.3511536e-11,8.3176496e-07,0.9985876,0.0005716809,0.0007304582,1.7132527e-06,0.00010769939,4.8921923e-08,1.9783186e-11,0.998022362072126,0.99701169819263,0.007340599065433299,False,0.97733426,in_distribution,correct,False,56x41
11261,184091,Edge-Loc,2,Training,lot11712,5.0,44,40,test,2,Edge-Loc,True,1.5566108e-09,5.4145495e-08,0.9966821,3.0450512e-06,0.0033050617,3.318158e-07,9.336047e-06,4.539065e-08,3.4974532e-10,0.9957078844264365,0.9914377375984932,0.01266743626993176,False,0.8020394,in_distribution,correct,False,44x40
11274,186023,Edge-Loc,2,Training,lot11827,19.0,59,50,test,2,Edge-Loc,True,1.2011956e-05,2.0805897e-08,0.9766495,0.02294889,0.00019613057,1.9332321e-05,0.00017009565,3.8957337e-06,2.414751e-08,0.9723515416547626,0.9452978567854924,0.059147033122009786,True,0.9785381,in_distribution,correct,False,59x50
11858,194296,Edge-Loc,2,Training,lot12323,22.0,89,76,test,2,Edge-Loc,True,1.3871816e-12,1.1732605e-05,0.99400806,7.2274446e-07,0.0059512244,3.2541155e-07,2.802036e-05,8.0707785e-10,1.3161386e-15,0.9924509804889423,0.9849683426779917,0.020406468777207865,False,1.6557747,out_of_distribution,correct,False,89x76
11873,196370,Edge-Loc,2,Training,lot12480,4.0,64,71,test,2,Edge-Loc,True,4.980496e-05,7.967661e-06,0.9134512,0.0060882163,0.05757258,0.00020253356,0.0005076062,0.0059820837,0.016137885,0.9006220906217136,0.8363310838339665,0.19464500605596458,True,0.68295455,in_distribution,correct,False,64x71
12657,203794,Edge-Loc,2,Training,lot13013,15.0,31,28,test,2,Edge-Loc,True,5.925704e-10,5.2423232e-08,0.99035746,9.525963e-07,0.009493577,3.354412e-06,0.00014446738,5.4553766e-08,3.719165e-08,0.9880996846868032,0.9764219293979342,0.029905025501333605,False,0.8935607,in_distribution,correct,False,31x28
12739,212629,Edge-Loc,2,Training,lot13549,8.0,31,28,test,2,Edge-Loc,True,6.667355e-10,1.9632773e-09,0.9907354,0.009174,6.134485e-05,5.8821815e-06,9.577457e-07,1.3635614e-05,8.808769e-06,0.98855290238039,0.9772497640838862,0.028887793593169217,False,0.73730475,in_distribution,correct,False,31x28
12764,215932,Edge-Loc,2,Training,lot13703,21.0,39,39,test,4,Loc,False,5.5671654e-07,1.4757326e-06,0.27726004,1.2269504e-06,0.72270685,6.9643545e-07,2.568411e-05,3.1317622e-06,3.1702788e-07,0.713961806170175,0.4279770245428896,0.27267509161999437,True,0.8900327,in_distribution,predicted_other_defect,False,39x39
12765,215934,Edge-Loc,2,Training,lot13703,23.0,39,39,test,2,Edge-Loc,True,3.323132e-07,5.626086e-07,0.8249805,2.093361e-06,0.1749949,1.0360596e-06,2.0224594e-05,2.1355478e-07,5.5528645e-08,0.8146537231501957,0.6293474679377826,0.2183721411220609,True,0.823691,in_distribution,correct,False,39x39
12790,216090,Edge-Loc,2,Training,lot13710,4.0,39,39,test,2,Edge-Loc,True,1.8774717e-06,3.1897284e-07,0.96799225,3.7199457e-05,0.031402633,6.508948e-06,2.5992054e-05,7.6720156e-05,0.0004566033,0.9626812065718623,0.926235440194752,0.07475686666387452,True,0.5620619,in_distribution,correct,False,39x39
13338,223499,Edge-Loc,2,Training,lot14071,13.0,44,44,test,2,Edge-Loc,True,3.2304422e-12,6.075842e-10,0.9999567,2.0064084e-05,2.1387028e-05,4.1143803e-08,1.8287705e-06,3.9010954e-09,3.2296414e-12,0.9999292108648534,0.999894497290916,0.0003677714624042535,False,0.9800492,in_distribution,correct,False,44x44
13904,234273,Edge-Loc,2,Training,lot14655,1.0,88,81,test,2,Edge-Loc,True,3.5091124e-11,5.0518844e-07,0.99898726,0.0005638228,0.00032072724,8.8290886e-07,0.00012679101,1.8865236e-09,2.525838e-14,0.9985575422286774,0.9977681615093307,0.005589848194070498,False,1.2602444,review,correct,False,88x81
13905,234274,Edge-Loc,2,Training,lot14655,2.0,88,81,test,2,Edge-Loc,True,9.496117e-12,4.72746e-07,0.99956924,0.00012782805,0.00024293689,1.0715049e-06,5.8350073e-05,1.066339e-09,2.361731e-14,0.9993618460987855,0.9990084865806913,0.0027154315148265632,False,1.2378755,review,correct,False,88x81
13906,234275,Edge-Loc,2,Training,lot14655,3.0,88,81,test,2,Edge-Loc,True,5.3330253e-12,3.9876936e-06,0.9986098,5.29843e-05,0.0012095832,8.1384525e-07,0.00012281118,2.1893141e-10,4.037614e-15,0.998088779115307,0.9964527171832694,0.006766815370046383,False,1.4825804,review,correct,False,88x81
13907,234276,Edge-Loc,2,Training,lot14655,4.0,88,81,test,2,Edge-Loc,True,4.272723e-12,9.120926e-06,0.99707294,6.363493e-06,0.0028149183,8.948705e-07,9.56614e-05,2.9039154e-10,7.087646e-15,0.996163491487993,0.992499913116912,0.011823088734639267,False,1.5092553,review,correct,False,88x81
13908,234277,Edge-Loc,2,Training,lot14655,5.0,88,81,test,2,Edge-Loc,True,1.2246533e-11,5.2262494e-06,0.99805826,3.6190595e-05,0.0017935005,1.423363e-06,0.000105383086,6.932965e-10,2.112403e-14,0.997389177185756,0.9950063961503849,0.008687246230774359,False,1.3453381,review,correct,False,88x81
13909,234278,Edge-Loc,2,Training,lot14655,6.0,88,81,test,2,Edge-Loc,True,7.647736e-10,6.673421e-06,0.9820607,0.014650436,0.0023511634,3.1566146e-06,0.0009278732,6.499897e-08,1.7469592e-12,0.9780125055314954,0.9603795543062866,0.05432311937300298,False,1.2313627,review,correct,False,88x81
13910,234279,Edge-Loc,2,Training,lot14655,8.0,88,81,test,2,Edge-Loc,True,1.828923e-12,1.0181336e-06,0.9993482,5.57796e-05,0.00052842783,4.923274e-07,6.598425e-05,9.048156e-11,4.813343e-16,0.9990665887528123,0.9983244767363882,0.003670586483729046,False,1.4597112,review,correct,False,88x81
13911,234835,Edge-Loc,2,Training,lot14687,24.0,88,81,test,2,Edge-Loc,True,2.095229e-11,2.1411486e-06,0.9977315,3.138335e-06,0.0021867966,6.7445905e-07,7.5795615e-05,1.0607831e-09,3.846411e-14,0.9969939764781117,0.9941147497093012,0.009571317455009281,False,1.3713672,review,correct,False,88x81
13912,234836,Edge-Loc,2,Training,lot14687,25.0,88,81,test,2,Edge-Loc,True,1.6206649e-11,3.7071984e-06,0.9959462,2.371331e-06,0.0039790557,3.4063464e-07,6.8309455e-05,8.107782e-10,9.937722e-15,0.9947864764389306,0.9896894519378856,0.015114489479186127,False,1.4567541,review,correct,False,88x81
13919,236104,Edge-Loc,2,Training,lot14756,2.0,36,38,test,2,Edge-Loc,True,6.2553446e-20,1.8714763e-12,0.97844976,0.021549938,1.1960253e-09,6.4520385e-09,2.7943554e-07,6.779715e-14,7.203916700000001e-22,0.9745111271430809,0.949022821008942,0.054022570679203255,True,2.1148155,out_of_distribution,correct,False,36x38
13920,236106,Edge-Loc,2,Training,lot14756,4.0,36,38,test,2,Edge-Loc,True,2.808578e-12,1.2659224e-09,0.9997826,0.00020710067,7.977513e-06,1.0677213e-06,1.1915189e-06,5.588495e-09,3.7637678e-11,0.9996788198279566,0.9993753773883386,0.0013589325454111045,False,0.804019,in_distribution,correct,False,36x38
13921,236108,Edge-Loc,2,Training,lot14756,6.0,36,38,test,2,Edge-Loc,True,4.445164e-12,2.6301587e-08,0.9999367,3.919447e-05,9.315924e-06,3.0701704e-06,1.171193e-05,8.1535223e-10,7.5692484e-14,0.9998973681582304,0.9998354643311215,0.0005255913611308465,False,1.1306591,in_distribution,correct,False,36x38
13922,236110,Edge-Loc,2,Training,lot14756,8.0,36,38,test,2,Edge-Loc,True,1.4075674e-13,1.2240055e-09,0.99987423,0.000120688965,3.0658389e-06,8.744909e-07,1.1213714e-06,2.3617366e-09,2.9846223e-12,0.999809647744047,0.9996284531226532,0.0008494990534811858,False,0.93521726,in_distribution,correct,False,36x38
13924,236112,Edge-Loc,2,Training,lot14756,10.0,36,38,test,2,Edge-Loc,True,5.763526e-15,2.8497076e-09,0.99934477,0.0006503731,2.6898038e-06,4.2236414e-07,1.6233731e-06,2.1274543e-10,1.9546963000000002e-16,0.9990865370785214,0.9981816502458715,0.0033506769096480074,False,1.3662888,review,correct,False,36x38
13925,236114,Edge-Loc,2,Training,lot14756,12.0,36,38,test,2,Edge-Loc,True,5.3873074e-15,1.142486e-09,0.9999294,6.470464e-05,4.3160644e-06,4.32295e-07,1.2494836e-06,5.5702837e-10,6.299341e-14,0.9998894126418935,0.9997894999779807,0.0005285879351152197,False,1.0760739,in_distribution,correct,False,36x38
13926,236116,Edge-Loc,2,Training,lot14756,14.0,36,38,test,2,Edge-Loc,True,3.4275383e-15,1.4546244e-09,0.99989724,9.743761e-05,3.1252016e-06,5.9958614e-07,1.6634838e-06,4.3728153e-11,5.828790500000001e-16,0.9998425872472604,0.9996948820368702,0.000719711772655273,False,1.2730216,review,correct,False,36x38
13927,236118,Edge-Loc,2,Training,lot14756,16.0,36,38,test,2,Edge-Loc,True,4.394677e-12,4.110893e-09,0.9996797,0.0003020807,1.435677e-05,1.6044547e-06,2.258188e-06,2.0899547e-08,3.3970465e-11,0.999534116948426,0.9990989934074199,0.0019000307119885415,False,0.7758838,in_distribution,correct,False,36x38
13928,236120,Edge-Loc,2,Training,lot14756,18.0,36,38,test,2,Edge-Loc,True,7.0525736e-13,5.9039866e-09,0.99982977,0.00015088212,1.5779868e-05,1.4013781e-06,2.1474489e-06,2.1685527e-09,1.0164096e-12,0.9997433273469011,0.9995190750223948,0.0011363204216314421,False,0.953923,in_distribution,correct,False,36x38
13929,236122,Edge-Loc,2,Training,lot14756,20.0,36,38,test,2,Edge-Loc,True,7.9289743e-13,2.3276613e-08,0.9998745,1.778554e-05,0.00010264998,1.2610651e-06,3.7622247e-06,2.724754e-09,1.1972201e-12,0.9998066663875965,0.9996514268354498,0.0008960289764682032,False,0.9577497,in_distribution,correct,False,36x38
13930,236123,Edge-Loc,2,Training,lot14756,21.0,36,38,test,2,Edge-Loc,True,8.146413300000001e-22,6.412224e-13,0.99998605,1.3814822e-05,1.6560278e-09,1.1214487e-08,1.3966007e-07,1.4222693e-16,9.477287e-24,0.9999768166376123,0.9999539473415036,0.00012396139243637974,False,2.0989058,out_of_distribution,correct,False,36x38
13931,236124,Edge-Loc,2,Training,lot14756,22.0,36,38,test,2,Edge-Loc,True,2.6019094e-18,1.3319149e-10,0.9999788,2.0294072e-05,4.1814712e-07,1.1005624e-07,3.8265287e-07,4.6913564e-13,4.4042513e-19,0.9999652002789264,0.9999321822780967,0.00018242960984864355,False,1.6296792,out_of_distribution,correct,False,36x38
13932,236125,Edge-Loc,2,Training,lot14756,23.0,36,38,test,2,Edge-Loc,True,7.2669315e-11,6.455559e-10,0.9985233,0.0014643344,9.0429085e-06,1.2757074e-06,2.0715545e-06,2.5506157e-08,5.543111e-10,0.9980149359883018,0.9960512639069401,0.006585485771162603,False,0.7243679,in_distribution,correct,False,36x38
13933,236126,Edge-Loc,2,Training,lot14756,24.0,36,38,test,2,Edge-Loc,True,1.9884146e-11,5.0141296e-09,0.9997327,5.3525404e-05,0.00021031263,1.6779787e-06,1.7960622e-06,1.6803183e-08,1.3108434e-09,0.9996023565787433,0.9992944304327014,0.0017072011962789475,False,0.6651152,in_distribution,correct,False,36x38
14617,242371,Edge-Loc,2,Training,lot15084,21.0,26,28,test,2,Edge-Loc,True,2.8383647e-06,6.5510656e-05,0.6112884,9.741004e-06,0.27026665,0.0031979012,0.115167655,5.3338715e-07,8.324882e-07,0.5992955434955112,0.3244084501126812,0.42840492692136656,True,1.39648,review,correct,False,26x28
14997,243551,Edge-Loc,2,Training,lot15190,1.0,58,46,test,2,Edge-Loc,True,2.6933645e-05,2.3234246e-05,0.9016194,0.00879413,0.038295723,0.0002655177,0.00049454987,0.037491843,0.012988767,0.8867654995633103,0.8433410551176624,0.22698066460668306,True,0.7424933,in_distribution,correct,False,58x46
14998,243555,Edge-Loc,2,Training,lot15190,5.0,58,46,test,2,Edge-Loc,True,5.30329e-19,3.5845849e-10,0.9999677,3.1300853e-05,1.691578e-07,1.6036255e-08,8.622388e-07,6.287777e-12,1.2510781000000001e-21,0.9999480631911297,0.9998981221382582,0.00026118098966611156,False,1.9189192,out_of_distribution,correct,False,58x46
14999,243557,Edge-Loc,2,Training,lot15190,7.0,58,46,test,2,Edge-Loc,True,8.2137594e-05,3.3440752e-05,0.5909372,0.0016231954,0.16454099,0.0001401212,0.00035867997,0.037442725,0.2048415,0.5762531815928768,0.36673726101432813,0.49962307117348037,True,0.7770175,in_distribution,correct,False,58x46
15000,243560,Edge-Loc,2,Training,lot15190,10.0,58,46,test,2,Edge-Loc,True,9.803434e-16,8.298075e-11,0.97852385,0.02147459,7.275242e-08,8.234296e-08,1.3744615e-06,3.4574585e-10,7.640625000000001e-18,0.9745936542285112,0.9491901442297057,0.05389619012699902,True,1.5842872,out_of_distribution,correct,False,58x46
15065,244317,Edge-Loc,2,Training,lot15307,4.0,81,73,test,2,Edge-Loc,True,5.3800263e-06,2.0045702e-06,0.7161353,0.16186681,0.0015710655,5.1151383e-05,0.0006044758,0.011011755,0.10875197,0.6994269647691094,0.530383655482757,0.3984890977282712,True,1.0487745,in_distribution,correct,False,81x73
15066,244318,Edge-Loc,2,Training,lot15307,5.0,81,73,test,2,Edge-Loc,True,1.1124905e-05,8.217609e-06,0.85321736,0.033278774,0.009169635,9.968606e-05,0.00046727242,0.041352294,0.062395573,0.8353344335259403,0.7666080677308038,0.2987405745537587,True,0.8809783,in_distribution,correct,False,81x73
15067,244319,Edge-Loc,2,Training,lot15307,6.0,81,73,test,2,Edge-Loc,True,1.2341618e-05,2.2089509e-05,0.7403722,0.046820432,0.012261347,0.00011251557,0.0006866335,0.016064232,0.18364818,0.7230575804724861,0.5320794718673711,0.38580035294978204,True,0.8419605,in_distribution,correct,False,81x73
15068,244321,Edge-Loc,2,Training,lot15307,8.0,81,73,test,2,Edge-Loc,True,1.4311095e-07,5.6325052e-06,0.9415027,0.049504835,0.0016195454,3.0054485e-05,0.0005077524,0.0019134327,0.004915951,0.9324410991732143,0.8764563005530782,0.1328267487398808,True,0.86155343,in_distribution,correct,False,81x73
15073,244363,Edge-Loc,2,Training,lot15314,10.0,51,59,test,2,Edge-Loc,True,6.355268e-11,1.0899673e-08,0.99983287,0.00012391323,2.3231083e-05,6.3520606e-06,1.3627589e-05,6.9347816e-10,1.8441764e-11,0.9997431395171644,0.99955733002726,0.0011843273099408568,False,0.8654385,in_distribution,correct,False,51x59
15673,245040,Edge-Loc,2,Training,lot15350,5.0,30,31,test,2,Edge-Loc,True,3.6837107e-06,1.945414e-06,0.9607437,0.010157144,0.02401258,0.0001454048,0.00020672833,0.003977039,0.0007517484,0.9529077452968943,0.9247851967454888,0.1087142490920334,True,0.5122919,in_distribution,correct,False,30x31
15876,245315,Edge-Loc,2,Training,lot15361,5.0,50,43,test,2,Edge-Loc,True,0.0011234093,1.1895335e-05,0.80344504,0.0006628674,0.19105037,0.00010539854,0.0011122939,0.0005761806,0.0019126307,0.791827629358622,0.5909540055919615,0.25254606093079374,True,0.7606231,in_distribution,correct,False,50x43
15939,245384,Edge-Loc,2,Training,lot15363,25.0,27,27,test,2,Edge-Loc,True,7.645008e-13,9.594113e-09,0.9956721,1.3126968e-05,4.1581534e-05,1.0549656e-05,0.0042626923,5.2953357e-11,7.0052688e-12,0.9944521231891892,0.9890090800965391,0.01591399292813275,False,1.351523,review,correct,False,27x27
17790,250587,Edge-Loc,2,Training,lot15576,14.0,29,27,test,2,Edge-Loc,True,1.0034211e-12,0.00022361713,0.6889309,1.3730233e-06,3.7583795e-05,0.02106636,0.28974012,9.281594e-10,1.2322132e-12,0.6785948916676093,0.3818462975284091,0.3263399335916792,True,1.3736199,review,correct,False,29x27
18785,252548,Edge-Loc,2,Training,lot15655,21.0,29,27,test,2,Edge-Loc,True,1.6154841e-13,0.00021374687,0.5975695,1.9687857e-06,5.980415e-05,0.37870276,0.023452219,6.503845e-10,5.6565346e-11,0.5906772352051829,0.2085714660242744,0.35452587000891805,True,1.2789685,review,correct,False,29x27
18812,252700,Edge-Loc,2,Training,lot15661,23.0,27,27,test,2,Edge-Loc,True,1.3894077e-14,6.0116672e-05,0.99527776,1.4408062e-05,1.1766575e-05,0.0010363309,0.003599662,2.231214e-12,2.4272856e-21,0.9938233030154183,0.9891929240904034,0.01894678321524628,False,2.4662578,out_of_distribution,correct,False,27x27
19111,253118,Edge-Loc,2,Training,lot15678,20.0,55,66,test,2,Edge-Loc,True,3.9103792e-08,4.113584e-06,0.983386,0.011193986,0.003786001,8.716684e-06,0.0001916535,0.001429322,2.4035305e-07,0.9793057532797241,0.9656681442599446,0.05433093798195709,False,0.79426754,in_distribution,correct,False,55x66
19316,253410,Edge-Loc,2,Training,lot15695,12.0,61,60,test,2,Edge-Loc,True,7.576928e-10,1.2850595e-07,0.7851881,0.21459685,2.1983864e-05,5.471752e-06,0.00016385836,2.3180028e-05,4.2714444e-07,0.7750956792791853,0.5505099954943511,0.2438165697474762,True,1.0145782,in_distribution,correct,False,61x60
19462,257413,Edge-Loc,2,Training,lot15929,17.0,46,45,test,2,Edge-Loc,True,1.0701846e-07,2.1503188e-06,0.9435872,4.99792e-06,0.056304585,1.968858e-06,9.816114e-05,7.316224e-07,2.7429286e-08,0.9363944049289173,0.8729536238975368,0.10831839514461793,True,0.85896206,in_distribution,correct,False,46x45
19481,259568,Edge-Loc,2,Training,lot16089,16.0,65,48,test,2,Edge-Loc,True,3.7084298e-09,1.2114795e-08,0.9995266,0.00023557173,0.00022585702,8.788076e-07,9.9284725e-06,1.1598148e-06,1.8974697e-08,0.9993067408423277,0.9989636236094164,0.0028706928645457477,False,0.6062568,in_distribution,correct,False,65x48
19743,266906,Edge-Loc,2,Training,lot16514,22.0,77,76,test,4,Loc,False,0.00025409352,9.299697e-05,0.07587069,0.0020003368,0.45371717,0.00020256858,0.00065079157,0.1920656,0.27514574,0.44428724668755093,0.16872063532619452,0.5756688119907366,True,0.78831184,in_distribution,predicted_other_defect,False,77x76
20067,269214,Edge-Loc,2,Training,lot16620,2.0,50,50,test,2,Edge-Loc,True,1.0631174e-09,9.020763e-08,0.99705696,0.0016986327,0.0011641206,1.5309965e-06,7.850724e-05,1.6842944e-07,2.8850486e-10,0.996038864144298,0.9937774858044955,0.013211399768779032,False,0.7438164,in_distribution,correct,False,50x50
20160,276162,Edge-Loc,2,Training,lot16991,7.0,41,42,test,6,Random,False,2.2077232e-07,0.082466595,0.0148206735,4.2060183e-06,0.00010438562,5.241905e-05,0.9025513,2.2947232e-07,2.598809e-11,0.8914222005265764,0.8007024291930714,0.17911003970930253,True,1.0499536,in_distribution,predicted_other_defect,False,41x42
20250,278655,Edge-Loc,2,Training,lot17111,15.0,41,42,test,4,Loc,False,1.2065707e-05,0.023719635,0.049634326,3.3037159e-06,0.9251422,2.386898e-06,0.0014714372,1.349617e-05,1.1094974e-06,0.9143847124781516,0.8584178181273895,0.16163204538557158,True,1.2091459,review,predicted_other_defect,False,41x42
20395,279376,Edge-Loc,2,Training,lot17149,14.0,41,42,test,4,Loc,False,9.065489e-06,0.028133428,0.22893596,1.0890582e-06,0.7366921,6.0218435e-06,0.006216631,5.6742933e-06,3.0343323e-08,0.7234240149688228,0.486458359246574,0.32902742945099134,True,1.3888766,review,predicted_other_defect,False,41x42
20768,288321,Edge-Loc,2,Training,lot17628,15.0,53,58,test,2,Edge-Loc,True,2.2620952e-21,3.6057637e-09,0.9999988,2.1396781e-07,6.308428e-07,4.295835e-08,3.997708e-07,2.6701498e-15,1.1954493e-24,0.9999974953477113,0.9999962952568276,1.7162456213239264e-05,False,2.398718,out_of_distribution,correct,False,53x58
20769,288322,Edge-Loc,2,Training,lot17628,16.0,53,58,test,2,Edge-Loc,True,1.1353329000000002e-16,2.5532184e-08,0.9998092,9.3070145e-07,0.00018604846,5.358918e-08,3.8405337e-06,3.2402723e-11,5.2920017e-19,0.9997174357417454,0.9994435156991649,0.0011994350309633517,False,1.7699478,out_of_distribution,correct,False,53x58
20776,289278,Edge-Loc,2,Training,lot17700,18.0,52,59,test,2,Edge-Loc,True,0.0001198633,1.6615246e-05,0.53431743,0.0017988365,0.09381892,0.00017175719,0.00026547478,0.044319168,0.32517192,0.523307729465044,0.19763093374428936,0.5011335408018784,True,0.8080299,in_distribution,correct,False,52x59
21062,296033,Edge-Loc,2,Training,lot18086,3.0,72,44,test,2,Edge-Loc,True,1.8933505e-08,6.9864996e-08,0.99658656,5.5110893e-05,0.0033177456,1.2164255e-06,3.7928672e-05,1.3397868e-06,2.8201262e-08,0.9955639336076039,0.9912783660158279,0.013308963185122978,False,0.6389387,in_distribution,correct,False,72x44
21063,296039,Edge-Loc,2,Training,lot18086,9.0,72,44,test,2,Edge-Loc,True,4.5041243e-06,5.363481e-06,0.9103543,0.0006033212,0.084489435,4.623096e-05,0.0003614461,0.0025610833,0.001574358,0.900209407937193,0.8072181417226287,0.1628415768556035,True,0.64064187,in_distribution,correct,False,72x44
21064,296040,Edge-Loc,2,Training,lot18086,10.0,72,44,test,2,Edge-Loc,True,5.6687645e-07,1.4403388e-06,0.9729672,0.00016982753,0.02664949,5.236067e-06,0.00017080731,3.461458e-05,8.4342713e-07,0.9682447401914989,0.9370589068484796,0.06565225879336686,True,0.5862725,in_distribution,correct,False,72x44
21065,296042,Edge-Loc,2,Training,lot18086,12.0,72,44,test,2,Edge-Loc,True,5.2386153e-09,2.9333231e-08,0.9984854,1.2731184e-05,0.0014856397,2.7808227e-07,1.5901389e-05,4.2939256e-08,4.4823784e-10,0.997961087705754,0.9959701763817836,0.006796191610622592,False,0.7880347,in_distribution,correct,False,72x44
21066,296047,Edge-Loc,2,Training,lot18086,17.0,72,44,test,2,Edge-Loc,True,8.529798e-10,1.6344945e-08,0.99933726,4.1141833e-05,0.00060388446,3.0939216e-07,1.7395978e-05,3.63318e-08,2.0310927e-10,0.999062958601267,0.9982199552162819,0.003567143531783606,False,0.800449,in_distribution,correct,False,72x44
21067,296050,Edge-Loc,2,Training,lot18086,20.0,72,44,test,2,Edge-Loc,True,1.4921476e-07,4.791184e-07,0.9846401,0.00014298884,0.015061099,5.8371684e-06,0.00010721805,4.0009207e-05,2.1768556e-06,0.9814261768476756,0.9633037797508952,0.04327009773849529,False,0.5809601,in_distribution,correct,False,72x44
21436,311237,Edge-Loc,2,Training,lot18959,20.0,51,59,test,2,Edge-Loc,True,6.897843e-09,1.7583824e-07,0.9969928,0.0011684373,0.0017476872,3.5658354e-06,8.51632e-05,2.073712e-06,1.2503699e-09,0.9959543031574923,0.99363065536054,0.013480701136653957,False,0.69275653,in_distribution,correct,False,51x59
21594,321940,Edge-Loc,2,Training,lot19480,4.0,72,44,test,2,Edge-Loc,True,3.889546e-06,4.5626307e-06,0.9364425,0.0009720769,0.054752305,6.28111e-05,0.00029432162,0.0029344116,0.0045330543,0.9270856912394123,0.8654847436940584,0.13899310856005148,True,0.6308054,in_distribution,correct,False,72x44
21608,322720,Edge-Loc,2,Training,lot19512,12.0,72,44,test,2,Edge-Loc,True,7.828947e-07,4.061393e-06,0.9592292,0.0002771611,0.03924192,1.4611934e-05,0.00023632223,0.00094127486,5.4622815e-05,0.9528492985156028,0.9078314476180084,0.09152646172734717,True,0.64075935,in_distribution,correct,False,72x44
21609,322721,Edge-Loc,2,Training,lot19512,13.0,72,44,test,2,Edge-Loc,True,4.7065267e-05,2.2028333e-05,0.55446345,0.0017462822,0.10924093,0.0001363429,0.00042643523,0.053871352,0.2800461,0.5415797917269789,0.25949356210319746,0.5115881902005192,True,0.80732495,in_distribution,correct,False,72x44
21610,322727,Edge-Loc,2,Training,lot19512,19.0,72,44,test,2,Edge-Loc,True,2.7123108e-06,8.369936e-06,0.9305094,0.00084681384,0.054265596,4.5727313e-05,0.00028065336,0.008611465,0.0054293317,0.9200934186006926,0.8591071168144366,0.15506197801571522,True,0.6794165,in_distribution,correct,False,72x44
21611,322728,Edge-Loc,2,Training,lot19512,20.0,72,44,test,2,Edge-Loc,True,1.6399113e-07,1.2574459e-06,0.98858124,0.00041102353,0.00915869,1.0152142e-05,8.576206e-05,0.0017300298,2.1635584e-05,0.9856616555133456,0.9743861240799796,0.038612275570562946,False,0.65430546,in_distribution,correct,False,72x44
22067,337187,Edge-Loc,2,Training,lot20301,3.0,34,35,test,2,Edge-Loc,True,9.263989e-08,3.2316028e-09,0.99833965,1.807831e-05,0.0014111995,1.1402298e-06,9.4227926e-07,4.0247032e-05,0.00018863557,0.9977301763720167,0.9958348127079183,0.007916960113068059,False,0.68213665,in_distribution,correct,False,34x35
22080,338530,Edge-Loc,2,Training,lot20360,10.0,64,72,test,2,Edge-Loc,True,6.799639e-06,0.00027382598,0.5526489,0.0005795741,0.441369,1.6463233e-05,0.0049556564,0.00014975035,1.0142843e-08,0.5493152207250724,0.106142668938219,0.3329923181263667,True,1.0552046,in_distribution,correct,False,64x72
22100,342423,Edge-Loc,2,Training,lot20524,12.0,60,55,test,4,Loc,False,4.3025662e-05,7.778646e-05,0.14076754,0.00014641279,0.8533564,6.381915e-05,0.0008845616,0.003441221,0.0012192627,0.8417552483713491,0.6911594792997027,0.2168875794812365,True,0.6544618,in_distribution,predicted_other_defect,False,60x55
22472,349190,Edge-Loc,2,Training,lot20855,5.0,63,66,test,2,Edge-Loc,True,9.076736e-09,1.4803699e-06,0.9940764,0.0012255891,0.004348028,1.3096896e-05,0.00033145296,3.9921797e-06,4.968748e-09,0.9922962623085686,0.9867527500269057,0.023234139918602972,False,0.8135673,in_distribution,correct,False,63x66
22703,351249,Edge-Loc,2,Training,lot20948,12.0,52,59,test,2,Edge-Loc,True,1.1086059e-05,1.2486298e-06,0.9851391,0.0011095155,0.010329659,7.672153e-05,9.1806316e-05,0.00087283936,0.0023680232,0.9812999311188059,0.9686654820039111,0.05095037070657375,False,0.60609746,in_distribution,correct,False,52x59
23226,362843,Edge-Loc,2,Training,lot21718,9.0,35,40,test,2,Edge-Loc,True,4.3118377e-11,9.978129e-07,0.99481153,2.844701e-06,0.00514082,6.1835783e-07,4.3205364e-05,2.9512892e-08,1.5386067e-11,0.9934162612209358,0.9869084986653485,0.018241789062894014,False,1.2242223,review,correct,False,35x40
23227,362859,Edge-Loc,2,Training,lot21718,25.0,35,40,test,2,Edge-Loc,True,3.4506815e-08,0.00041414503,0.7400483,7.4668234e-05,0.014766353,0.001787193,0.24290909,2.4076468e-07,8.432163e-09,0.728314677426826,0.47695412085697914,0.30382653655163305,True,1.198949,review,correct,False,35x40
23288,365187,Edge-Loc,2,Training,lot21859,18.0,40,43,test,2,Edge-Loc,True,2.4700759e-08,1.4198102e-07,0.99311537,8.798005e-06,0.0068513416,2.072688e-06,2.222865e-05,3.991947e-08,1.910813e-09,0.9913870002311193,0.9828289403760712,0.022713119733646186,False,0.6785513,in_distribution,correct,False,40x43
23737,378022,Edge-Loc,2,Training,lot22513,6.0,66,72,test,4,Loc,False,2.4366562e-05,0.0011271009,0.118756324,3.75075e-06,0.87924284,1.8504583e-07,0.0008388185,6.582106e-06,4.660609e-09,0.8688747225980951,0.7404433618580828,0.183767212135446,True,1.3546054,review,predicted_other_defect,False,66x72
23757,380820,Edge-Loc,2,Training,lot22723,16.0,52,59,test,2,Edge-Loc,True,7.274943e-05,4.9074615e-06,0.6280348,0.008692523,0.030873276,0.0003021777,0.00024228463,0.012632678,0.31914464,0.616375608051541,0.29345715054230903,0.40803505596646206,True,0.7760474,in_distribution,correct,False,52x59
23774,382365,Edge-Loc,2,Training,lot22862,1.0,52,59,test,2,Edge-Loc,True,1.0121066e-05,0.00015880386,0.8227534,0.08428207,0.018790588,0.00015725639,0.0015326097,0.07223397,8.114582e-05,0.805308562736173,0.7138965723206583,0.3159938703516951,True,0.89283127,in_distribution,correct,False,52x59
23788,383661,Edge-Loc,2,Training,lot22982,23.0,36,35,test,2,Edge-Loc,True,2.1234967e-09,1.5273729e-06,0.9889565,6.101619e-06,0.0053511066,0.005622311,6.234683e-05,2.6031485e-08,2.886296e-08,0.9860649413891434,0.9789889869539602,0.03807254125530165,False,1.5339986,review,correct,False,36x35
23789,383671,Edge-Loc,2,Training,lot22986,11.0,36,35,test,2,Edge-Loc,True,3.2772498e-14,3.9722026e-10,0.99862194,0.0013743183,9.1441564e-07,6.1930126e-07,2.1182213e-06,6.2558664e-10,2.3163853e-11,0.9981449938620717,0.9962966923209358,0.0061768737546479355,False,0.9790696,in_distribution,correct,False,36x35
24216,390172,Edge-Loc,2,Training,lot23425,4.0,74,76,test,2,Edge-Loc,True,1.42498475e-05,3.3965232e-05,0.751151,0.0012848387,0.24324562,7.8117984e-05,0.0011715626,0.0028237714,0.0001968668,0.7404430969064177,0.48817166396862627,0.2799000613379072,True,0.69046515,in_distribution,correct,False,74x76
24260,391440,Edge-Loc,2,Training,lot23509,16.0,35,40,test,2,Edge-Loc,True,3.912288e-11,0.00012933493,0.99458236,1.7462997e-05,0.00411373,3.8852686e-05,0.0011181344,1.0164338e-07,3.2369252e-10,0.9929422339712095,0.9876834693835053,0.021399162280733724,False,1.1317161,in_distribution,correct,False,35x40
24356,394572,Edge-Loc,2,Training,lot23642,21.0,40,40,test,2,Edge-Loc,True,6.0731014e-07,1.1485917e-07,0.9899636,0.008212245,0.0015798216,2.2310269e-05,2.2830714e-05,0.00016539825,3.310417e-05,0.9873590698326287,0.9771950097548772,0.03435865886862613,False,0.48350698,in_distribution,correct,False,40x40
24420,397893,Edge-Loc,2,Training,lot23802,21.0,37,31,test,2,Edge-Loc,True,4.3291398e-06,6.5915806e-08,0.98750335,0.0010502914,0.0048422194,3.4086017e-05,1.5682941e-05,0.00018856618,0.0063614273,0.9841224231440875,0.9761651935627287,0.04457712566548355,False,0.51254654,in_distribution,correct,False,37x31
24462,399221,Edge-Loc,2,Training,lot23882,12.0,37,37,test,4,Loc,False,2.2623037e-09,0.00044515985,0.10479776,1.5692252e-05,0.8893566,3.0761404e-07,0.0053843213,1.3182908e-07,3.3424045e-12,0.8786524941530117,0.7646460934898407,0.18186974153242483,True,1.6897616,out_of_distribution,predicted_other_defect,False,37x37
24479,400946,Edge-Loc,2,Training,lot24029,18.0,59,46,test,2,Edge-Loc,True,3.5460557e-09,9.1320686e-07,0.98370993,3.069109e-06,0.016223507,4.5832036e-07,6.2199855e-05,2.2756012e-08,4.542898e-11,0.9804422624849731,0.9609884105929541,0.044144791347657926,False,0.99614924,in_distribution,correct,False,59x46
24483,401356,Edge-Loc,2,Training,lot24073,25.0,34,31,test,2,Edge-Loc,True,1.3328352e-07,1.8710196e-09,0.9972614,0.00016983507,0.0011844663,3.133687e-06,1.0165688e-06,4.6332927e-05,0.0013335403,0.996271309364694,0.9944764504402732,0.012858427420168895,False,0.6399209,in_distribution,correct,False,34x31
24485,401405,Edge-Loc,2,Training,lot24075,24.0,34,31,test,2,Edge-Loc,True,8.948e-07,1.7188723e-08,0.9115797,0.00012541024,0.010263143,2.9839715e-05,3.4122982e-06,8.504152e-05,0.0779126,0.9011670758277013,0.8151198746446231,0.16504356285044852,True,0.7199444,in_distribution,correct,False,34x31
24589,407176,Edge-Loc,2,Training,lot24339,3.0,44,45,test,2,Edge-Loc,True,1.9086162e-09,3.1421126e-07,0.99496365,0.004379099,0.0005306457,2.8089923e-06,1.7260878e-05,0.00010621373,2.1250077e-09,0.9934787635221939,0.9878955353539071,0.019383690755490932,False,0.813811,in_distribution,correct,False,44x45
24666,412670,Edge-Loc,2,Training,lot24562,16.0,44,41,test,2,Edge-Loc,True,9.604198e-07,2.5084265e-07,0.9851761,0.001661971,0.007885389,6.107187e-05,2.5894451e-05,0.0012942048,0.0038943011,0.9811796676873203,0.9714183834755219,0.05283228326348817,False,0.5206669,in_distribution,correct,False,44x41
24675,414160,Edge-Loc,2,Training,lot24630,4.0,52,51,test,2,Edge-Loc,True,1.4024759e-15,9.47423e-10,0.99981076,0.00018647738,6.462555e-07,1.1725232e-08,2.1917301e-06,4.3957036e-13,4.1827084e-23,0.9997202778853651,0.9994457544487674,0.001182027844838468,False,2.0299118,out_of_distribution,correct,False,52x51
24676,414163,Edge-Loc,2,Training,lot24630,7.0,52,51,test,2,Edge-Loc,True,1.157821e-25,2.7488104e-16,0.99653023,0.0034697258,1.3843022e-12,1.0824639e-12,2.013356e-09,3.448024e-20,3.688579e-35,0.9955270708985642,0.9910541467756333,0.013043837973161342,False,3.5121548,out_of_distribution,correct,False,52x51
24677,414165,Edge-Loc,2,Training,lot24630,9.0,52,51,test,2,Edge-Loc,True,1.2010742000000001e-16,5.6407934e-12,0.9940409,0.0059587047,4.4023882e-09,1.6950793e-08,3.2424543e-07,1.1430802e-12,2.0414557e-20,0.9925075077696658,0.9850156983618716,0.02008841086580719,False,1.8226546,out_of_distribution,correct,False,52x51
24678,414166,Edge-Loc,2,Training,lot24630,10.0,52,51,test,2,Edge-Loc,True,1.2726808e-10,3.0372996e-05,0.99418795,4.3805467e-06,0.0055683353,1.0823981e-05,0.00019804187,3.2827256e-09,3.2050423e-13,0.9926134358519135,0.985591274478711,0.020622663750771833,False,1.4360976,review,correct,False,52x51
24679,414169,Edge-Loc,2,Training,lot24630,13.0,52,51,test,2,Edge-Loc,True,1.8697628e-21,6.8658957e-13,0.9999716,2.8362507e-05,1.2059329e-09,1.1634736e-10,5.3650975e-08,4.703729499999999e-18,6.479672e-30,0.9999544281858821,0.9999089737987193,0.00022844751740936387,False,2.7180092,out_of_distribution,correct,False,52x51
24680,414171,Edge-Loc,2,Training,lot24630,15.0,52,51,test,2,Edge-Loc,True,8.4627684e-17,8.460401e-12,0.9975159,0.0024838871,5.841821e-09,1.6209878e-08,2.6660243e-07,5.503196e-13,1.3452792e-20,0.9967478793733769,0.9934963356033325,0.009959013774054169,False,1.769594,out_of_distribution,correct,False,52x51
24707,415614,Edge-Loc,2,Training,lot24695,6.0,51,59,test,2,Edge-Loc,True,1.1494867e-06,1.1996187e-08,0.99883634,0.0004975152,0.00060758606,6.15653e-06,5.0873696e-05,3.6917874e-07,2.0035076e-08,0.9983589542814569,0.9975112087464236,0.006204758095257814,False,0.7683148,in_distribution,correct,False,51x59
24708,415617,Edge-Loc,2,Training,lot24695,9.0,51,59,test,2,Edge-Loc,True,2.629446e-07,7.4153206e-08,0.99808013,0.001198357,0.0006221772,6.98391e-06,9.155029e-05,4.5224132e-07,5.5549844e-08,0.9973592259927183,0.9957380315750005,0.009356906352300203,False,0.6762208,in_distribution,correct,False,51x59
24709,415621,Edge-Loc,2,Training,lot24695,13.0,51,59,test,2,Edge-Loc,True,1.3423646e-09,2.0242393e-08,0.9895642,0.010172354,0.00011029546,1.6189947e-06,0.00015150376,3.758584e-09,1.1948321e-10,0.9871355125083777,0.9746643116187194,0.032234788276527065,False,1.105921,in_distribution,correct,False,51x59
24724,415854,Edge-Loc,2,Training,lot24725,16.0,51,59,test,2,Edge-Loc,True,2.6207285e-06,2.9288104e-08,0.99827933,0.0009769129,0.0006745133,1.04380315e-05,4.087068e-05,1.3972347e-05,1.3716775e-06,0.9976173389096924,0.9962834140736588,0.008597622012190241,False,0.6805668,in_distribution,correct,False,51x59
24729,415979,Edge-Loc,2,Training,lot24744,7.0,51,59,test,2,Edge-Loc,True,9.455979e-09,1.0608409e-08,0.9976978,0.0021946386,9.246531e-05,2.8983047e-06,1.0504089e-05,1.6293421e-06,9.367305e-08,0.9969446371254101,0.9940556009525047,0.009778048261633678,False,0.6094519,in_distribution,correct,False,51x59
24731,415981,Edge-Loc,2,Training,lot24746,1.0,51,59,test,2,Edge-Loc,True,2.3912858e-09,8.426996e-09,0.9982792,0.00163498,6.453186e-05,1.471237e-06,1.9808545e-05,9.233668e-08,2.5497915e-09,0.9976838145317397,0.9955023812165292,0.007723404825048059,False,0.75015724,in_distribution,correct,False,51x59
24732,415982,Edge-Loc,2,Training,lot24746,2.0,51,59,test,2,Edge-Loc,True,2.1915492e-09,6.58062e-08,0.9947767,0.004786346,0.00033015298,7.830909e-07,0.00010591544,2.7711508e-08,1.7595986e-10,0.993287738336511,0.9872097558173263,0.019454614726224284,False,0.9722371,in_distribution,correct,False,51x59
24733,415983,Edge-Loc,2,Training,lot24746,3.0,51,59,test,2,Edge-Loc,True,5.3890947e-08,2.2127178e-08,0.99825627,0.0012062526,0.00050334225,4.2401393e-06,2.811707e-05,1.3116612e-06,4.5774593e-07,0.9976044429385116,0.9959729235092705,0.008458201401804553,False,0.5538749,in_distribution,correct,False,51x59
24734,415985,Edge-Loc,2,Training,lot24746,5.0,51,59,test,2,Edge-Loc,True,1.3445691e-07,2.5902903e-08,0.99843854,0.0011087381,0.0004207407,4.2596644e-06,2.1467742e-05,5.487804e-06,7.271251e-07,0.9978443894362291,0.9963389585681379,0.007712108087673901,False,0.53662527,in_distribution,correct,False,51x59
24735,415987,Edge-Loc,2,Training,lot24746,8.0,51,59,test,2,Edge-Loc,True,1.5918946e-09,5.1707534e-08,0.98353726,0.016158044,0.00019973624,1.5542706e-06,0.00010319538,8.767809e-08,4.9798947e-09,0.9801727313494033,0.9607959272892002,0.04543234538801554,False,0.94294584,in_distribution,correct,False,51x59
24739,416198,Edge-Loc,2,Training,lot24781,1.0,51,59,test,2,Edge-Loc,True,8.577873e-07,5.3398537e-07,0.93429047,0.057917215,0.0016468865,8.6894135e-05,0.000121560544,0.00045380625,0.005481845,0.9250455095912852,0.8600489027970056,0.13861450151003646,True,0.7253004,in_distribution,correct,False,51x59
24740,416199,Edge-Loc,2,Training,lot24781,2.0,51,59,test,2,Edge-Loc,True,7.519935e-10,1.0559782e-08,0.99778205,0.0021579803,4.2074924e-05,1.4281665e-06,1.6433261e-05,4.0045055e-08,5.9268773e-10,0.997061071852944,0.9942180337383273,0.009356903369829098,False,0.75610924,in_distribution,correct,False,51x59
24741,416200,Edge-Loc,2,Training,lot24781,3.0,51,59,test,2,Edge-Loc,True,2.3436108e-08,1.4136876e-08,0.9989372,0.0007866561,0.00025761046,2.7511e-06,1.3322477e-05,1.9758254e-06,4.103811e-07,0.9985099969169686,0.9974250381573982,0.00555141123273578,False,0.55000323,in_distribution,correct,False,51x59
24742,416202,Edge-Loc,2,Training,lot24781,5.0,51,59,test,2,Edge-Loc,True,7.430279e-10,5.5145084e-09,0.99887437,0.0010524836,6.187871e-05,6.114124e-07,1.0219609e-05,3.827384e-07,1.12664305e-08,0.9984525286540707,0.9970198477908725,0.005474471637595369,False,0.64041126,in_distribution,correct,False,51x59
24910,428454,Edge-Loc,2,Training,lot25889,2.0,51,59,test,4,Loc,False,1.3854091e-06,1.3225903e-05,0.38405687,0.000819531,0.6137834,3.0589936e-06,0.0013213012,1.1472648e-06,1.6216562e-08,0.6083593546628732,0.21957122471659113,0.3133243494238601,True,1.1840621,review,predicted_other_defect,False,51x59
24911,428458,Edge-Loc,2,Training,lot25889,6.0,51,59,test,2,Edge-Loc,True,1.9324261e-06,9.856242e-06,0.77648705,0.003248619,0.21839361,6.943902e-05,0.0006315905,0.001083828,7.4068455e-05,0.7654293699496478,0.5374860626940567,0.2648062495271626,True,0.7431678,in_distribution,correct,False,51x59
24914,428823,Edge-Loc,2,Training,lot25933,1.0,51,59,test,2,Edge-Loc,True,7.776521e-08,4.1221384e-08,0.98760337,0.011258597,0.0009127476,5.7318107e-06,5.847495e-05,7.4868105e-05,8.613749e-05,0.9846758456804553,0.970944113867912,0.03895497108807773,False,0.7749495,in_distribution,correct,False,51x59
24932,431176,Edge-Loc,2,Training,lot26118,5.0,53,49,test,2,Edge-Loc,True,4.4523492e-08,2.4719686e-08,0.99866676,0.00039071034,0.0009248113,3.2334e-06,1.1126061e-05,2.7943918e-06,5.1515065e-07,0.9981474171828606,0.9968813094793326,0.006742071832677091,False,0.5140969,in_distribution,correct,False,53x49
24933,431177,Edge-Loc,2,Training,lot26118,6.0,53,49,test,2,Edge-Loc,True,2.3138138e-07,4.1282587e-07,0.98797286,8.816591e-05,0.011779769,4.699951e-06,3.0416659e-05,9.826795e-05,2.5286952e-05,0.9852775449727357,0.9709357767963266,0.03595236345692743,False,0.55155045,in_distribution,correct,False,53x49
24973,434672,Edge-Loc,2,Training,lot26301,1.0,35,40,test,2,Edge-Loc,True,5.449937e-14,7.751802e-11,0.98984116,0.010157313,1.1888683e-07,5.0070003e-08,1.2948456e-06,4.158251e-10,2.1485517e-16,0.9875418823313947,0.9750864937241612,0.030511584006073195,False,1.4124018,review,correct,False,35x40
24974,434679,Edge-Loc,2,Training,lot26301,8.0,35,40,test,2,Edge-Loc,True,3.410427e-10,2.6828362e-09,0.98905843,0.01091378,1.9526486e-05,2.1671092e-06,5.4624034e-06,6.7523797e-07,4.3642188e-09,0.9866163463474468,0.9732790066411142,0.03248510368588133,False,0.7210174,in_distribution,correct,False,35x40
24984,435571,Edge-Loc,2,Training,lot26337,7.0,29,24,test,2,Edge-Loc,True,9.516486e-15,1.3407785e-10,0.9999777,1.3462067e-05,2.5022743e-07,2.1996748e-06,6.420834e-06,2.8643765e-13,4.6556860000000003e-17,0.9999622342502424,0.9999399230765736,0.0002087936433006379,False,1.437875,review,correct,False,29x24
24986,436476,Edge-Loc,2,Training,lot26406,15.0,44,44,test,2,Edge-Loc,True,2.6157823e-09,3.8584835e-07,0.9799729,4.321183e-06,0.019995645,9.651716e-07,2.5683565e-05,9.7596825e-08,2.5205826e-09,0.976212603702007,0.9524766126590103,0.051353231523945705,False,0.8440494,in_distribution,correct,False,44x44
24997,437299,Edge-Loc,2,Training,lot26442,3.0,35,40,test,2,Edge-Loc,True,9.691813e-10,0.0018984629,0.79102635,3.72571e-06,0.0030071423,0.19340147,0.010662924,4.104134e-09,5.7955085e-10,0.7782584441660597,0.5755138980662503,0.27772383465472006,True,1.7695994,out_of_distribution,correct,False,35x40
25002,437957,Edge-Loc,2,Training,lot26471,4.0,35,40,test,2,Edge-Loc,True,8.469105e-12,3.0806673e-09,0.9977729,0.0022083938,1.4430332e-05,2.2886657e-07,3.6214126e-06,4.6649254e-07,6.4319594e-10,0.9970619932124899,0.9941555345270919,0.00922019468175949,False,0.8362609,in_distribution,correct,False,35x40
25003,437977,Edge-Loc,2,Training,lot26471,24.0,35,40,test,2,Edge-Loc,True,5.0773545e-09,9.131598e-09,0.9964444,0.0034051023,6.789712e-05,2.3846237e-06,4.83682e-06,7.091927e-05,4.383778e-06,0.9953732470963754,0.9909802293482673,0.013950885418120293,False,0.5986552,in_distribution,correct,False,35x40
25023,438777,Edge-Loc,2,Training,lot26508,1.0,35,40,test,2,Edge-Loc,True,2.9452307e-10,3.8984382e-08,0.9994448,0.00034130467,0.00019754085,7.0511163e-07,1.5482381e-05,1.8807272e-07,2.5859875e-11,0.9991938364840575,0.9987049668385143,0.0032721359414907363,False,0.7763091,in_distribution,correct,False,35x40
25173,445247,Edge-Loc,2,Training,lot27308,12.0,32,29,test,8,none,False,2.9565064e-05,1.8637971e-07,0.012198161,0.0010311509,0.0031447306,1.4482206e-05,8.322985e-06,0.010150677,0.97342277,0.9673193041588275,0.9525540132268586,0.08243702752575507,True,1.2235808,review,predicted_none,False,32x29
25559,530902,Edge-Loc,2,Training,lot33240,25.0,25,27,test,2,Edge-Loc,True,7.307141e-08,3.3022217e-05,0.6885166,1.2519299e-06,0.3087336,1.9191773e-05,0.0026953442,8.0334905e-07,1.3111075e-07,0.6802480130834646,0.36399990863460757,0.2942162117021536,True,1.0370402,in_distribution,correct,False,25x27
25564,532016,Edge-Loc,2,Training,lot33286,18.0,32,29,test,4,Loc,False,2.1187157e-06,1.1067337e-06,0.4417953,9.713943e-07,0.5581618,3.0801446e-06,3.4284625e-05,8.6116756e-07,5.2646743e-07,0.5555489897886232,0.11116607964179448,0.31298145023351454,True,0.92595994,in_distribution,predicted_other_defect,False,32x29
25570,533007,Edge-Loc,2,Training,lot33333,4.0,32,29,test,2,Edge-Loc,True,4.087501e-05,1.4570351e-08,0.9954614,0.00048532567,0.0023559309,6.845935e-05,7.345274e-05,3.4492496e-05,0.0014800361,0.9939098097757888,0.9908211382943305,0.020199086521535674,False,0.65388423,in_distribution,correct,False,32x29
25571,533028,Edge-Loc,2,Training,lot33333,25.0,32,29,test,2,Edge-Loc,True,2.5497245e-13,7.471286e-11,0.9999682,1.282262e-05,1.6154927e-05,1.4959036e-06,1.2746594e-06,1.0962439e-10,4.285718e-12,0.9999470602826366,0.9999205053246973,0.0002855184775695027,False,0.8767478,in_distribution,correct,False,32x29
25583,537032,Edge-Loc,2,Training,lot33541,3.0,32,29,test,2,Edge-Loc,True,5.340724e-08,3.2102537e-10,0.9703615,0.029575272,3.6460075e-05,1.4523078e-05,5.4097586e-06,2.0794948e-06,4.708873e-06,0.9654608514150527,0.9310241939504809,0.06872564916013137,True,0.80065614,in_distribution,correct,False,32x29
25589,539307,Edge-Loc,2,Training,lot33657,10.0,31,28,test,2,Edge-Loc,True,3.311773e-10,3.13431e-10,0.9675838,0.032379273,3.0104662e-05,1.6715827e-06,4.8411625e-06,2.6917095e-07,9.839874e-09,0.9624083624487898,0.9248764341783173,0.07313612269880894,True,0.8358232,in_distribution,correct,False,31x28
25709,565959,Edge-Loc,2,Training,lot35519,3.0,32,29,test,2,Edge-Loc,True,3.4004174e-10,2.0671007e-10,0.99315095,0.0068214918,1.902637e-05,3.943478e-06,4.344491e-06,1.138115e-07,3.5342193e-08,0.9914317083193307,0.9829091652133491,0.02259184022243185,False,0.8122544,in_distribution,correct,False,32x29
25715,566401,Edge-Loc,2,Training,lot35539,22.0,32,29,test,2,Edge-Loc,True,9.250747e-18,1.0419977e-13,0.99559337,0.0044063893,7.0416806e-10,8.5545695e-09,2.1701307e-07,1.0007076e-14,3.7013654e-22,0.9943813881112303,0.9887632303320095,0.015802399465519958,False,2.0233667,out_of_distribution,correct,False,32x29
25722,567237,Edge-Loc,2,Training,lot35573,8.0,32,29,test,2,Edge-Loc,True,8.239625e-07,3.9258233e-05,0.54260904,3.5396824e-06,0.0034124283,6.8772206e-05,0.45386603,4.8947218e-08,1.02942375e-08,0.5401245507123489,0.08468748725910397,0.32577580196013955,True,1.1007208,in_distribution,correct,False,32x29
25977,575715,Edge-Loc,2,Training,lot36009,13.0,31,28,test,2,Edge-Loc,True,2.2123687e-15,6.845771e-09,0.99995446,9.317769e-06,2.7811246e-05,4.309809e-06,4.1170715e-06,8.431878e-11,7.432675e-16,0.9999249574424215,0.9998803476777076,0.0003958745098674619,False,1.3671386,review,correct,False,31x28
26016,578757,Edge-Loc,2,Training,lot36162,3.0,33,33,test,2,Edge-Loc,True,7.45162e-11,5.294716e-10,0.99969757,9.620952e-06,0.00028953588,8.2574945e-07,2.4086353e-06,7.769095e-09,3.7889137e-08,0.9995599926859491,0.9991421376806685,0.0017955663552329298,False,0.62351143,in_distribution,correct,False,33x33
26029,580562,Edge-Loc,2,Training,lot36251,5.0,33,33,test,4,Loc,False,4.8790845e-08,5.5844397e-05,0.12640953,7.7159245e-07,0.8728252,2.468691e-06,0.00070548407,6.712655e-07,4.9888427e-10,0.8626492299505458,0.7263517994959612,0.1850743689628549,True,1.0832013,in_distribution,predicted_other_defect,False,33x33
26035,581671,Edge-Loc,2,Training,lot36321,4.0,33,33,test,2,Edge-Loc,True,2.03969e-06,1.974928e-08,0.98910564,0.007065274,0.0018324177,3.4606193e-05,4.2254105e-05,9.164474e-06,0.0019086329,0.9861126454723625,0.9773125301193129,0.039379558146135286,False,0.5881176,in_distribution,correct,False,33x33
26059,585367,Edge-Loc,2,Training,lot36509,3.0,33,33,test,2,Edge-Loc,True,1.1995495e-06,9.207542e-09,0.98357254,0.0013633228,0.0059245178,3.841153e-05,1.9025209e-05,5.4184027e-05,0.009026837,0.9794645487085717,0.9683602685101013,0.05459186119583208,False,0.6669836,in_distribution,correct,False,33x33
26060,585381,Edge-Loc,2,Training,lot36509,18.0,33,33,test,2,Edge-Loc,True,4.6221504e-07,9.872918e-08,0.97830325,0.007820923,0.013511777,2.4520006e-05,0.00011843555,1.4524949e-05,0.00020594767,0.9734794333158479,0.9571736376538355,0.06498394982881035,True,0.74374175,in_distribution,correct,False,33x33
26062,585535,Edge-Loc,2,Training,lot36519,3.0,33,33,test,2,Edge-Loc,True,1.3333158e-08,4.3005883e-09,0.99427056,0.0050133043,0.0006046778,2.984554e-06,1.0549313e-05,3.7598488e-06,9.414748e-05,0.9926332450864608,0.9862814293229011,0.02140833367484181,False,0.5810851,in_distribution,correct,False,33x33
26063,585547,Edge-Loc,2,Training,lot36519,15.0,33,33,test,2,Edge-Loc,True,9.598693e-10,1.5826918e-10,0.99968827,0.00022067293,8.662577e-05,1.299736e-06,2.8400352e-06,5.4072498e-09,2.6959586e-07,0.9995376227247478,0.9992152340062,0.0019724122056849393,False,0.67488027,in_distribution,correct,False,33x33
26223,586876,Edge-Loc,2,Training,lot36608,24.0,25,27,test,2,Edge-Loc,True,0.0006378817,5.2343535e-07,0.97275597,0.00022039282,0.025159113,9.1707516e-05,0.00091032515,0.00010547189,0.00011868276,0.9675787222756868,0.9380747244359028,0.07148953965606493,True,0.80819476,in_distribution,correct,False,25x27
26661,588942,Edge-Loc,2,Training,lot36743,3.0,25,27,test,0,Center,False,0.8954393,1.8369474e-11,0.10299874,7.210309e-06,0.0013103334,1.8861132e-07,0.00024069834,9.675618e-09,3.626086e-06,0.8856066120595524,0.7733156672357616,0.16709471552078584,True,1.6901802,out_of_distribution,predicted_other_defect,False,25x27
26859,589978,Edge-Loc,2,Training,lot36825,7.0,25,27,test,2,Edge-Loc,True,0.12970674,5.1550163e-11,0.86814857,0.0007487491,0.0010558264,1.9203042e-05,5.6307064e-05,5.214062e-07,0.00026416968,0.8575072537072783,0.7179352440782731,0.19434899401264807,True,1.4283578,review,correct,False,25x27
27152,591062,Edge-Loc,2,Training,lot36913,7.0,25,27,test,2,Edge-Loc,True,0.021335494,1.6934397e-06,0.8386535,0.0012797319,0.0674542,9.974216e-05,0.06235066,0.00043307038,0.008391871,0.8203695943889607,0.7464528210721315,0.31531710152695824,True,1.2312258,review,correct,False,25x27
27272,591805,Edge-Loc,2,Training,lot36948,22.0,25,27,test,0,Center,False,0.9974571,5.3361964e-11,0.0013582249,1.2054769e-06,0.0011746931,2.7008342e-08,7.5399166e-06,7.337345e-08,1.2250819e-06,0.9965654271489607,0.9947386572149246,0.011560262452447087,False,0.9738423,in_distribution,predicted_other_defect,True,25x27
27445,592982,Edge-Loc,2,Training,lot37070,16.0,49,39,test,2,Edge-Loc,True,9.1360414e-07,2.7420174e-07,0.98257923,0.0076362807,0.0033613532,2.4113977e-05,6.995367e-05,0.0004507488,0.0058772024,0.9780686380656699,0.9686082452005292,0.05987474935563086,False,0.5601423,in_distribution,correct,False,49x39
27455,594333,Edge-Loc,2,Training,lot37197,10.0,49,39,test,2,Edge-Loc,True,7.016505e-07,4.120048e-06,0.8859213,0.00030772306,0.11324758,5.4308543e-06,0.00017123544,0.0002923207,4.9647926e-05,0.875960700091933,0.7531145138319632,0.1743980997994092,True,0.5743015,in_distribution,correct,False,49x39
27456,594432,Edge-Loc,2,Training,lot37207,21.0,49,39,test,2,Edge-Loc,True,1.1714742e-06,1.2709951e-06,0.97271854,0.024380486,0.0024751187,4.3422082e-05,0.00017412551,0.00015479438,5.0973777e-05,0.967512315926572,0.9388818066171412,0.0717528962289414,True,0.57486707,in_distribution,correct,False,49x39
27458,594558,Edge-Loc,2,Training,lot37215,11.0,49,39,test,2,Edge-Loc,True,0.03055343,8.758333e-06,0.86396575,0.002547405,0.067110285,0.0010273358,0.0007766557,0.0010866646,0.03292367,0.846879144696146,0.7730712632054113,0.28091589589658716,True,0.9170267,in_distribution,correct,False,49x39
27475,596352,Edge-Loc,2,Training,lot37370,14.0,49,39,test,2,Edge-Loc,True,2.0631348e-09,1.1772559e-08,0.9703907,0.029472833,9.6050026e-05,1.004087e-05,1.6297472e-05,1.4016586e-06,1.2710315e-05,0.9654663439273503,0.9311443905664438,0.06902655519447726,True,0.6782551,in_distribution,correct,False,49x39
27476,596356,Edge-Loc,2,Training,lot37370,18.0,49,39,test,2,Edge-Loc,True,5.8887707e-08,4.130593e-09,0.938395,0.06150721,9.673674e-06,3.7178818e-06,8.414703e-05,1.272438e-07,3.9317796e-11,0.9308674868459399,0.8618849361562528,0.11493533565058978,True,1.111237,in_distribution,correct,False,49x39
27477,596359,Edge-Loc,2,Training,lot37370,21.0,49,39,test,2,Edge-Loc,True,4.875864e-07,1.6655241e-07,0.97300446,0.022257641,0.0012091666,2.2355101e-05,3.589047e-05,0.00015384605,0.0033161275,0.967555748193139,0.9413168465300048,0.07462424513733519,True,0.55026525,in_distribution,correct,False,49x39
27478,596360,Edge-Loc,2,Training,lot37370,22.0,49,39,test,2,Edge-Loc,True,1.3030517e-09,9.198508e-09,0.93826544,0.061694268,2.2204715e-05,3.709832e-06,1.1049116e-05,2.891651e-06,3.9942344e-07,0.9307505100280326,0.8615672034707349,0.11482525348600495,True,0.70099163,in_distribution,correct,False,49x39
27484,597300,Edge-Loc,2,Training,lot37452,2.0,49,39,test,2,Edge-Loc,True,3.1725365e-06,3.655968e-06,0.9461105,0.00093188527,0.0464733,4.7958616e-05,8.762232e-05,0.00081282563,0.0055290647,0.93774478016921,0.8849852704299683,0.12190428308140655,True,0.5788523,in_distribution,correct,False,49x39
27526,602992,Edge-Loc,2,Training,lot37953,9.0,49,39,test,2,Edge-Loc,True,1.0224527e-07,4.994829e-07,0.9893895,0.00031711164,0.010187429,6.1228893e-06,4.346761e-05,4.4605225e-05,1.1127797e-05,0.9868895180097385,0.9744016753554414,0.033185901310652965,False,0.48455384,in_distribution,correct,False,49x39
27531,603757,Edge-Loc,2,Training,lot38016,6.0,49,39,test,2,Edge-Loc,True,8.2328e-09,5.6612413e-09,0.99862325,0.00094554236,0.00029299146,2.245049e-06,4.5772717e-06,1.5412605e-05,0.00011607432,0.9980725511540605,0.996779396988101,0.007159220180856157,False,0.56057394,in_distribution,correct,False,49x39
27546,604425,Edge-Loc,2,Training,lot38080,9.0,32,29,test,8,none,False,0.00013557421,2.2768167e-07,0.08397218,2.3322975e-05,0.031298373,1.9009462e-05,1.4471969e-05,0.00015505729,0.8843818,0.8716088009246198,0.779589746597857,0.21080350032819406,True,0.9455537,in_distribution,predicted_none,False,32x29
27549,604808,Edge-Loc,2,Training,lot38104,1.0,32,29,test,2,Edge-Loc,True,4.736873e-06,1.5475217e-07,0.9575024,0.0004505279,0.037086226,4.137909e-05,0.000254387,5.7345173e-05,0.0046027903,0.9504132883305775,0.907795781268332,0.10095618806862282,True,0.5776872,in_distribution,correct,False,32x29
27550,604818,Edge-Loc,2,Training,lot38104,11.0,32,29,test,2,Edge-Loc,True,6.810963e-21,3.4081632e-10,0.99993074,8.5548743e-07,4.8374815e-08,6.575804e-05,2.680796e-06,3.227596e-14,1.8010696e-18,0.9998920471452801,0.9997905815917094,0.0005109342257338063,False,1.9308702,out_of_distribution,correct,False,32x29
27554,605358,Edge-Loc,2,Training,lot38133,14.0,32,29,test,2,Edge-Loc,True,4.0754363e-05,7.898315e-09,0.777447,9.193465e-06,0.09188558,1.04183955e-05,4.5122824e-06,5.8785034e-05,0.1305437,0.7619979142135359,0.6233394688325803,0.32408875211627364,True,0.9063823,in_distribution,correct,False,32x29
27557,605943,Edge-Loc,2,Training,lot38163,25.0,32,29,test,2,Edge-Loc,True,1.8949772e-10,2.9847338e-10,0.9835301,0.016418701,1.3049148e-05,4.9549953e-06,3.3157925e-05,1.16730465e-08,4.697278e-09,0.9802405892125559,0.960563893735514,0.04446944513491845,False,0.90725905,in_distribution,correct,False,32x29
27559,606153,Edge-Loc,2,Training,lot38177,11.0,32,29,test,2,Edge-Loc,True,5.98345e-06,6.408655e-08,0.9849856,0.00043980774,0.007938532,5.6550605e-05,1.6693226e-05,7.005647e-05,0.006486846,0.9812183242448695,0.971392025969621,0.04998681800267167,False,0.62279254,in_distribution,correct,False,32x29
27560,606279,Edge-Loc,2,Training,lot38183,13.0,32,29,test,2,Edge-Loc,True,5.209413e-06,7.063138e-08,0.97103035,8.2539096e-05,0.028532332,7.537374e-06,4.7646714e-05,7.438202e-06,0.0002868643,0.9660791587002268,0.9328036934814165,0.06917993964667984,True,0.5124331,in_distribution,correct,False,32x29
27571,607500,Edge-Loc,2,Training,lot38245,17.0,32,29,test,2,Edge-Loc,True,4.2891807e-05,1.8360617e-09,0.9746981,0.0013843738,0.003052888,0.00012903025,1.3100424e-05,1.6397613e-05,0.020663114,0.9694573117661572,0.9450090504051819,0.07147495787988056,True,0.8739203,in_distribution,correct,False,32x29
27641,613364,Edge-Loc,2,Training,lot38534,23.0,32,29,test,2,Edge-Loc,True,2.4576799e-16,8.957434e-09,0.9985197,3.4683817e-06,0.00078039634,5.336299e-08,0.0006963489,2.2050542e-13,1.0158668599999999e-22,0.9979516768209982,0.9968751364924926,0.007364921053143681,False,2.2962313,out_of_distribution,correct,False,32x29
27654,614600,Edge-Loc,2,Training,lot38604,2.0,32,29,test,2,Edge-Loc,True,4.9625304e-12,1.3441465e-09,0.99320143,8.159483e-08,0.0067940666,7.9626126e-08,4.435616e-06,2.1756388e-10,4.9703807e-13,0.9915019385741367,0.9830119297685892,0.022321648936295933,False,1.3453789,review,correct,False,32x29
27659,614851,Edge-Loc,2,Training,lot38615,9.0,32,29,test,2,Edge-Loc,True,4.3353516e-19,4.2309177e-12,0.9999583,3.5784393e-05,1.6040785e-08,1.9417757e-06,4.074884e-06,1.7943883e-14,5.6185616e-20,0.99993257464972,0.9998758236598206,0.00034200108767174094,False,1.7374985,out_of_distribution,correct,False,32x29
29392,641169,Edge-Loc,2,Test,lot40388,15.0,26,26,test,2,Edge-Loc,True,3.7647e-06,7.559542e-08,0.94483894,1.7792658e-05,0.05435392,1.9562443e-05,5.602939e-06,0.00013598907,0.00062432914,0.9375242640737937,0.8761877167650993,0.10936790537127687,True,0.717418,in_distribution,correct,False,26x26
29443,641226,Edge-Loc,2,Test,lot40390,22.0,26,26,test,2,Edge-Loc,True,9.8591695e-09,3.1261297e-07,0.89320964,2.1236142e-06,0.106757455,3.4083546e-06,2.6546837e-05,4.3941816e-07,4.8455743e-08,0.8837172709270883,0.7674877916530994,0.16382265380979816,True,0.80949134,in_distribution,correct,False,26x26
29570,641373,Edge-Loc,2,Test,lot40396,19.0,26,26,test,2,Edge-Loc,True,4.0851983e-06,9.8835775e-09,0.9024679,6.8772674e-06,0.097408846,5.001935e-06,7.171152e-05,9.56175e-07,3.4621975e-05,0.8932269543880608,0.7866456126964874,0.15535030149290538,True,0.84052336,in_distribution,correct,False,26x26
29574,641377,Edge-Loc,2,Test,lot40396,23.0,26,26,test,2,Edge-Loc,True,3.4489298e-07,1.5410291e-09,0.9755763,3.0839021e-06,0.024343694,2.4887584e-06,1.5442394e-05,4.2391744e-07,5.8109385e-05,0.9712541592066932,0.9426346307278329,0.059747090322585766,True,0.8509917,in_distribution,correct,False,26x26
29687,641511,Edge-Loc,2,Test,lot40402,7.0,26,26,test,2,Edge-Loc,True,2.6249081e-06,3.8909114e-08,0.896002,0.00015128896,0.094862565,5.4126263e-05,0.0001559307,7.08621e-06,0.008764292,0.8851041958386511,0.7814204836783616,0.18030979402382932,True,0.765797,in_distribution,correct,False,26x26
29881,641736,Edge-Loc,2,Test,lot40411,7.0,26,26,test,8,none,False,2.512834e-05,3.3249408e-09,0.050007623,5.660143e-06,0.018358095,4.5229995e-06,5.6734996e-07,0.0002722423,0.9313262,0.921432594167696,0.8649895634204972,0.1476288485552899,True,0.96291214,in_distribution,predicted_none,False,26x26
30009,641888,Edge-Loc,2,Test,lot40417,9.0,26,26,test,8,none,False,0.0045569846,1.2117434e-08,0.38576457,0.0013153636,0.1622761,6.1912186e-05,0.0009837967,2.683019e-05,0.44501445,0.43981072496127266,0.056095286513912046,0.49048462187887987,True,1.1886315,review,predicted_none,False,26x26
30017,641896,Edge-Loc,2,Test,lot40417,17.0,26,26,test,2,Edge-Loc,True,3.1334043e-11,3.791785e-09,0.98008007,0.0001643018,9.658809e-06,2.1264514e-05,0.019724745,1.5118781e-11,8.258256e-11,0.9762793726947163,0.9528514081821556,0.05185141315646349,False,1.5688883,review,correct,False,26x26
30019,641899,Edge-Loc,2,Test,lot40417,20.0,26,26,test,8,none,False,0.00014329194,9.628296e-07,0.017269244,1.6099202e-05,0.18416147,1.3076294e-05,0.0008154439,2.9219722e-05,0.7975512,0.7848173310814804,0.5912269596382609,0.27173087330421597,True,1.2464532,review,predicted_none,False,26x26
30044,641928,Edge-Loc,2,Test,lot40418,24.0,26,26,test,2,Edge-Loc,True,0.00022856239,3.6841425e-09,0.6166073,9.723732e-05,0.021392608,3.341876e-05,9.620904e-06,5.220526e-05,0.36157897,0.6089989970942533,0.24319102189250702,0.3487457012643527,True,0.845297,in_distribution,correct,False,26x26
30368,642294,Edge-Loc,2,Test,lot40434,10.0,26,26,test,2,Edge-Loc,True,3.9157817e-06,4.7500354e-08,0.9456882,0.000117518146,0.04749438,2.2910415e-05,1.5553629e-05,1.8753655e-05,0.0066387155,0.9376151117633171,0.8837336487595974,0.11825689531549603,True,0.59198946,in_distribution,correct,False,26x26
30372,642298,Edge-Loc,2,Test,lot40434,14.0,26,26,test,2,Edge-Loc,True,1.9623683e-06,8.01855e-07,0.95110023,0.0002584271,0.048316885,6.8306785e-05,0.00019173506,8.028516e-06,5.35584e-05,0.9442820755911775,0.8894201995289372,0.10038273709097434,True,0.4830935,in_distribution,correct,False,26x26
30373,642299,Edge-Loc,2,Test,lot40434,15.0,26,26,test,2,Edge-Loc,True,9.522793e-07,2.0071335e-08,0.8024085,7.288599e-05,0.020103807,1.1368486e-05,3.571894e-06,6.1839615e-05,0.17733699,0.7896227237973836,0.6028317242099144,0.26843411162243924,True,0.7667627,in_distribution,correct,False,26x26
30608,642537,Edge-Loc,2,Test,lot40444,3.0,26,26,test,4,Loc,False,3.782556e-05,6.795358e-08,0.08363271,6.5147656e-06,0.89275074,5.5895657e-06,6.0433117e-06,0.000219389,0.023341078,0.8806748972538064,0.788886961094063,0.196817315455109,True,0.9405292,in_distribution,predicted_other_defect,False,26x26
30617,642546,Edge-Loc,2,Test,lot40444,12.0,26,26,test,8,none,False,0.00022902798,1.1666259e-07,0.050097033,0.0007157777,0.009255642,5.3028154e-05,6.7390024e-06,0.0007904499,0.93885225,0.9296304586631948,0.8730247837024184,0.13593434175183808,True,0.8851988,in_distribution,predicted_none,False,26x26
30735,642664,Edge-Loc,2,Test,lot40449,5.0,26,26,test,2,Edge-Loc,True,4.9870917e-21,5.7525377e-13,0.9994037,0.0005947119,7.3250633e-10,4.6330744e-08,1.5252475e-06,1.3021114e-15,7.337858e-25,0.9991663066985005,0.9983355021212598,0.003078261214032923,False,2.2807095,out_of_distribution,correct,False,26x26
30806,642735,Edge-Loc,2,Test,lot40452,1.0,26,26,test,4,Loc,False,0.00016834008,5.731072e-07,0.31092733,7.884562e-05,0.6637973,5.4923137e-05,0.0008563138,6.4838576e-05,0.024051443,0.6538837359583105,0.3369552287041114,0.34283260293969575,True,0.92338294,in_distribution,predicted_other_defect,False,26x26
31180,643110,Edge-Loc,2,Test,lot40467,1.0,26,26,test,2,Edge-Loc,True,1.8835738e-07,6.824946e-09,0.9961294,0.000104247105,0.0032644619,8.198073e-06,5.059176e-06,8.323428e-06,0.0004800368,0.9949103328305967,0.9906914380448164,0.015874985364626282,False,0.51128405,in_distribution,correct,False,26x26
31283,643213,Edge-Loc,2,Test,lot40471,4.0,26,26,test,4,Loc,False,2.823318e-06,4.3072444e-07,0.13791068,4.5793768e-06,0.8614175,5.2895225e-06,1.03226e-05,0.00017424754,0.00047415565,0.8510748339092084,0.7030986285774792,0.19449044822488679,True,0.8190785,in_distribution,predicted_other_defect,False,26x26
31294,643225,Edge-Loc,2,Test,lot40471,16.0,26,26,test,8,none,False,4.9802875e-05,2.1803169e-07,0.053452097,3.705821e-05,0.35226092,7.493632e-06,3.0559268e-06,0.048995446,0.5451939,0.5352570624516045,0.1825447258236914,0.46698735319821105,True,1.0804733,in_distribution,predicted_none,False,26x26
31670,643601,Edge-Loc,2,Test,lot40486,17.0,26,26,test,2,Edge-Loc,True,2.4974952e-06,1.7052899e-09,0.9879111,0.0006654801,0.002395467,3.197602e-05,1.1226137e-05,8.572154e-06,0.008973779,0.984802195454068,0.9737466433956186,0.04110136817500358,False,0.6739665,in_distribution,correct,False,26x26
31783,643715,Edge-Loc,2,Test,lot40491,6.0,26,26,test,4,Loc,False,1.2752547e-06,0.00015039663,0.18633646,0.00082231284,0.75993407,3.0920404e-05,0.052462347,0.00024178142,2.0376385e-05,0.7454736882807563,0.5507340698002865,0.3257220749993234,True,1.1494141,in_distribution,predicted_other_defect,False,26x26
31792,643724,Edge-Loc,2,Test,lot40491,15.0,26,26,test,2,Edge-Loc,True,8.5324956e-07,7.74386e-08,0.9635549,0.00028723586,0.019992832,2.4237526e-05,6.355248e-06,0.0002950022,0.015838502,0.9565626088436441,0.9329292702401099,0.09697586439913437,True,0.61615443,in_distribution,correct,False,26x26
31802,643734,Edge-Loc,2,Test,lot40491,25.0,26,26,test,2,Edge-Loc,True,1.2485321e-18,2.1149528e-13,0.9999584,4.1578496e-05,1.6286029e-08,2.0050697e-08,2.6601239e-08,2.8978955e-14,1.3259801e-20,0.9999343647548211,0.9998688689672182,0.00031810155284174525,False,1.797383,out_of_distribution,correct,False,26x26
32292,644398,Edge-Loc,2,Test,lot40518,20.0,26,26,test,2,Edge-Loc,True,3.651282e-08,9.84066e-10,0.99880123,0.000808089,0.00036166352,8.783605e-06,2.431826e-06,4.124251e-06,1.3713747e-05,0.9983211804561247,0.9972080759398047,0.006237231275031654,False,0.5802158,in_distribution,correct,False,26x26
32538,644849,Edge-Loc,2,Test,lot40536,21.0,26,26,test,2,Edge-Loc,True,3.9301603e-06,1.1613986e-08,0.9940568,0.0018725687,0.001622637,3.8735103e-05,3.386392e-06,0.0001597548,0.0022421707,0.9921033838086978,0.9891586799412109,0.02543702792581348,False,0.6631019,in_distribution,correct,False,26x26
32789,645298,Edge-Loc,2,Test,lot40555,5.0,26,26,test,2,Edge-Loc,True,2.6376365e-10,6.646757e-10,0.9877934,0.012156707,4.442294e-05,2.9988787e-06,2.3495452e-06,2.0388484e-07,5.5988423e-09,0.9851403264788356,0.9703601192430034,0.0354209766080038,False,0.78903866,in_distribution,correct,False,26x26
32951,645534,Edge-Loc,2,Test,lot40564,16.0,26,26,test,2,Edge-Loc,True,5.365629e-06,4.2782133e-09,0.9872071,0.0015424088,0.007837709,2.823259e-05,0.001934224,1.4270043e-06,0.0014435207,0.9836937770818157,0.9739831138247124,0.04632799141869393,False,1.0557907,in_distribution,correct,False,26x26
33177,645862,Edge-Loc,2,Test,lot40578,11.0,26,26,test,8,none,False,4.2009183e-06,2.4253217e-09,0.017746482,2.284125e-05,0.0025587564,1.6714595e-06,5.5834164e-07,0.00014231195,0.9795232,0.9752426980249914,0.954074818905509,0.057961774667653475,False,0.9013897,in_distribution,predicted_none,True,26x26
34642,648004,Edge-Loc,2,Test,lot40665,24.0,26,26,test,2,Edge-Loc,True,5.351572e-29,3.620428e-17,0.982713,0.017287016,3.077183e-15,1.2993518e-09,3.954209e-09,1.574872e-20,2.6538765999999998e-34,0.9793334459702226,0.9586669046234345,0.045795141553339386,False,3.4650075,out_of_distribution,correct,False,26x26
35491,649277,Edge-Loc,2,Test,lot40722,16.0,34,31,test,2,Edge-Loc,True,9.822184e-13,2.5222463e-10,0.9996942,0.00029423917,9.893612e-06,9.704635e-07,7.191584e-07,4.921865e-09,5.009049e-10,0.9995558579928053,0.9991315237642082,0.0018043192699948385,False,0.7379884,in_distribution,correct,False,34x31
35498,649290,Edge-Loc,2,Test,lot40723,4.0,34,31,test,2,Edge-Loc,True,1.9651723e-05,1.0982448e-06,0.5618704,3.9672974e-05,0.3644659,1.3125198e-05,2.8549548e-05,0.004060059,0.069501564,0.5535097972139037,0.18739783443943314,0.4177791165099189,True,0.735843,in_distribution,correct,False,34x31
36782,650730,Edge-Loc,2,Test,lot40781,13.0,30,34,test,2,Edge-Loc,True,1.339619e-07,1.4465375e-08,0.9786663,2.5879352e-05,0.009413554,3.3934666e-06,2.300244e-06,4.8155212e-05,0.011840243,0.9739495287745108,0.9595738138876125,0.06347482474756719,True,0.69525325,in_distribution,correct,False,30x34
36874,650827,Edge-Loc,2,Test,lot40785,10.0,30,34,test,2,Edge-Loc,True,4.2378967e-10,1.1802365e-09,0.99954176,0.00040343887,4.970233e-05,6.3648804e-07,7.713663e-07,3.0549882e-06,6.5530344e-07,0.9993394643696178,0.9987659033292665,0.0026372636292805295,False,0.62504447,in_distribution,correct,False,30x34
37949,652069,Edge-Loc,2,Test,lot40835,15.0,30,34,test,4,Loc,False,2.377211e-07,1.1062335e-07,0.4951498,6.1304518e-06,0.5045532,3.7423702e-06,2.0838914e-05,5.4673274e-05,0.00021123249,0.5042732008380428,0.008978615888360464,0.3172130838588172,True,0.8643696,in_distribution,predicted_other_defect,False,30x34
38066,652199,Edge-Loc,2,Test,lot40840,20.0,30,34,test,8,none,False,4.8603874e-06,1.3763004e-07,0.23035698,0.001196993,0.025195746,2.8749826e-05,3.8913055e-05,0.0030023907,0.7401753,0.727180609352054,0.4886496332008469,0.32228073452040457,True,0.784257,in_distribution,predicted_none,False,30x34
38733,652932,Edge-Loc,2,Test,lot40870,11.0,30,34,test,2,Edge-Loc,True,9.00267e-06,1.0763831e-08,0.5375677,3.492942e-05,0.008390508,1.4983452e-05,2.0387843e-06,7.116488e-05,0.45390964,0.5347485792386587,0.0797655632013261,0.33737053146709617,True,0.85888135,in_distribution,correct,False,30x34
39401,653650,Edge-Loc,2,Test,lot40900,2.0,30,34,test,2,Edge-Loc,True,1.3160665e-07,6.6189827e-09,0.9641004,0.0002958052,0.0030092532,1.7249138e-05,1.9275928e-06,3.7809914e-05,0.032537334,0.9579467081453397,0.9202851563712295,0.08664978611633184,True,0.7299191,in_distribution,correct,False,30x34
39567,653850,Edge-Loc,2,Test,lot40908,3.0,30,34,test,2,Edge-Loc,True,1.3213796e-06,5.095762e-07,0.98888373,4.7588e-05,0.010696946,5.5563258e-05,0.00024652178,5.789849e-07,6.7264125e-05,0.986292348638639,0.9732102614122407,0.034452827059025457,False,0.6835184,in_distribution,correct,False,30x34
39584,653867,Edge-Loc,2,Test,lot40908,20.0,30,34,test,2,Edge-Loc,True,2.7414004e-07,1.5256574e-09,0.99516135,0.0044962377,0.00012191145,2.5087624e-05,6.115323e-06,1.2396154e-05,0.00017658732,0.9937588610428486,0.9880325693913382,0.01832465291701186,False,0.6227483,in_distribution,correct,False,30x34
39807,654090,Edge-Loc,2,Test,lot40917,18.0,30,34,test,8,none,False,0.0012943847,3.8352702e-08,0.25271505,0.000118310476,0.009243611,5.4392385e-05,4.899495e-06,0.0010851122,0.7354842,0.7243573170399545,0.46319548077215666,0.2988837968319489,True,0.88281906,in_distribution,predicted_none,False,30x34
40082,654365,Edge-Loc,2,Test,lot40928,18.0,30,34,test,8,none,False,2.15882e-06,1.5597844e-06,0.18657066,9.8023105e-05,0.096093744,1.5045095e-05,1.6018841e-05,0.0141493725,0.7030534,0.6870491473740978,0.4934977485404799,0.40007045448143785,True,0.8316268,in_distribution,predicted_none,False,30x34
40479,654785,Edge-Loc,2,Test,lot40945,22.0,30,34,test,2,Edge-Loc,True,0.0003132474,1.16742065e-07,0.79354346,7.847068e-05,0.039465707,5.297523e-05,2.0482954e-05,0.0003411209,0.16618437,0.7793626233695464,0.604238925885206,0.2943656159366316,True,0.70887566,in_distribution,correct,False,30x34
40480,654786,Edge-Loc,2,Test,lot40945,23.0,30,34,test,2,Edge-Loc,True,3.7677175e-05,3.7196568e-08,0.73751736,0.00018656437,0.012814724,2.4442672e-05,1.0055639e-05,0.0001909879,0.24921818,0.726430456507312,0.4686635128257813,0.296136393452382,True,0.675282,in_distribution,correct,False,30x34
40612,654928,Edge-Loc,2,Test,lot40951,15.0,30,34,test,2,Edge-Loc,True,3.86613e-06,2.3408152e-08,0.9459591,2.0531483e-05,0.01266013,8.7043445e-06,3.1258396e-06,5.495542e-05,0.041289587,0.9374978948275648,0.8903780846479329,0.12272672345303076,True,0.74634206,in_distribution,correct,False,30x34
41358,655957,Edge-Loc,2,Test,lot40993,8.0,30,34,test,4,Loc,False,1.6996919e-06,2.5428697e-08,0.22254276,1.9055482e-06,0.7772317,6.869319e-06,1.7899441e-05,2.6683153e-06,0.00019442348,0.7672529152733856,0.5348358113064609,0.2481647282200794,True,1.1740545,in_distribution,predicted_other_defect,False,30x34
41476,656086,Edge-Loc,2,Test,lot40998,12.0,30,34,test,2,Edge-Loc,True,4.767291e-06,5.326921e-08,0.6412135,0.0006986791,0.039586663,3.9796232e-05,7.5338157e-06,0.000978527,0.31747046,0.6310418783160467,0.3085553351266272,0.36827904905297404,True,0.7372421,in_distribution,correct,False,30x34
41601,656223,Edge-Loc,2,Test,lot41003,24.0,30,34,test,2,Edge-Loc,True,0.00014116654,1.4657928e-08,0.8677517,9.189092e-06,0.12769057,3.1527245e-05,1.1087049e-05,4.283448e-06,0.004360463,0.856793621176743,0.7193485544189416,0.1985925461944256,True,0.94761676,in_distribution,correct,False,30x34
41651,656275,Edge-Loc,2,Test,lot41006,1.0,30,34,test,2,Edge-Loc,True,3.4308047e-12,1.7358259e-10,0.99990225,2.2703678e-06,9.4243114e-05,6.3235814e-07,6.191191e-07,4.6545529e-10,2.1029312e-10,0.9998504616725763,0.9997073838557416,0.0006823135337155377,False,0.81078345,in_distribution,correct,False,30x34
41655,656279,Edge-Loc,2,Test,lot41006,5.0,30,34,test,8,none,False,3.8873004e-06,4.108906e-08,0.13189112,2.8792158e-05,0.016977742,1.4559796e-05,2.7527838e-06,0.00033014952,0.850751,0.8381792234958167,0.6968541365088862,0.23074004423133465,True,0.84698033,in_distribution,predicted_none,False,30x34
41661,656286,Edge-Loc,2,Test,lot41006,12.0,30,34,test,2,Edge-Loc,True,4.490414e-07,1.053863e-08,0.84710824,0.0009158934,0.002668011,4.6642584e-05,3.6104848e-06,0.00029886674,0.14895828,0.8358987532417137,0.676940137071544,0.2156572495988453,True,0.8061286,in_distribution,correct,False,30x34
41792,656426,Edge-Loc,2,Test,lot41012,2.0,30,34,test,2,Edge-Loc,True,2.1804831e-07,1.6039282e-07,0.9946807,0.00014484281,0.0051031252,3.5744393e-05,2.2714104e-05,7.0995657e-06,5.3308354e-06,0.9932076927155467,0.9867460512397045,0.019273892025480948,False,0.43623272,in_distribution,correct,False,30x34
41800,656434,Edge-Loc,2,Test,lot41012,10.0,30,34,test,2,Edge-Loc,True,3.3500722e-08,3.8236685e-09,0.99866545,0.0010470371,0.00022421636,9.805713e-06,1.434111e-05,5.034539e-06,3.4144286e-05,0.9981441657734585,0.9967187213175408,0.006776963253363853,False,0.44657883,in_distribution,correct,False,30x34
42048,656698,Edge-Loc,2,Test,lot41022,24.0,30,34,test,2,Edge-Loc,True,2.7743695e-08,4.813955e-09,0.9980373,0.0005975627,0.0011470801,1.3431907e-05,5.4720713e-06,2.3711384e-05,0.00017547916,0.9972821714963854,0.9957273432529734,0.00981118540189474,False,0.4719916,in_distribution,correct,False,30x34
43084,657970,Edge-Loc,2,Test,lot41074,7.0,30,34,test,2,Edge-Loc,True,6.6266853e-10,4.8326325e-07,0.99332595,1.7256008e-06,0.0066628545,1.4111545e-06,7.1759946e-06,2.3460885e-07,2.602851e-09,0.991647088980795,0.9833135058155986,0.022048519590309245,False,0.80685323,in_distribution,correct,False,30x34
43093,657986,Edge-Loc,2,Test,lot41074,23.0,30,34,test,2,Edge-Loc,True,0.0006307125,1.1577953e-08,0.8222945,3.603002e-05,0.019097993,2.0213647e-05,6.644599e-06,0.00020295696,0.15771101,0.8092837826183875,0.6420817877945079,0.25688906535041683,True,0.8143347,in_distribution,correct,False,30x34
43122,658021,Edge-Loc,2,Test,lot41076,8.0,30,34,test,2,Edge-Loc,True,0.00014270098,1.939743e-08,0.8579973,2.0155323e-05,0.031564005,1.5135195e-05,6.0590246e-06,9.420614e-05,0.1101605,0.8445871692512956,0.7256433557308796,0.2363947268749906,True,0.8126165,in_distribution,correct,False,30x34
43407,658343,Edge-Loc,2,Test,lot41089,12.0,30,34,test,8,none,False,2.0837226e-06,3.5657164e-09,0.0708645,4.3320528e-05,0.0009736231,2.8640427e-06,8.164178e-07,8.711112e-05,0.9280256,0.9196268892201038,0.8407765448415464,0.13108084296690278,True,0.84736127,in_distribution,predicted_none,False,30x34
43907,658922,Edge-Loc,2,Test,lot41113,1.0,30,34,test,2,Edge-Loc,True,4.5167417e-06,3.748015e-08,0.9820064,0.0022941364,0.0035747157,0.000103487655,1.0899896e-05,7.7810764e-05,0.011928051,0.9776309139762519,0.9631458900092353,0.05839009433795351,False,0.6138123,in_distribution,correct,False,30x34
43968,658995,Edge-Loc,2,Test,lot41115,24.0,30,34,test,8,none,False,7.1305312e-06,4.9348948e-08,0.020140834,6.4836613e-06,0.005631145,3.1566553e-06,8.137511e-07,0.00024516557,0.9739653,0.9686953142162844,0.9448391326021884,0.07194612889001699,True,0.7959887,in_distribution,predicted_none,False,30x34
45413,673812,Edge-Loc,2,Test,lot41961,4.0,54,71,test,4,Loc,False,7.096688e-05,7.0114016e-05,0.34359714,0.0034440637,0.5259477,0.00011082285,0.00084716326,0.027886251,0.09802579,0.515844659011547,0.17232250277787448,0.4941458347949106,True,0.7869916,in_distribution,predicted_other_defect,False,54x71
45424,673823,Edge-Loc,2,Test,lot41961,15.0,54,71,test,8,none,False,0.00041709052,1.0985455e-05,0.15609318,0.0021473188,0.05661991,0.00012784282,0.00015928652,0.019326478,0.7650979,0.7478399979504137,0.5839422866392119,0.36201069984365475,True,0.85225683,in_distribution,predicted_none,False,54x71
45793,675106,Edge-Loc,2,Test,lot42013,11.0,29,27,test,2,Edge-Loc,True,2.6137846e-07,1.07678254e-07,0.9297611,1.6257816e-05,0.06974914,5.573562e-06,8.553895e-06,1.6982272e-05,0.0004420726,0.9216095688772827,0.84391609483579,0.12704979620119652,True,0.6204728,in_distribution,correct,False,29x27
48683,678067,Edge-Loc,2,Test,lot42132,2.0,26,26,test,2,Edge-Loc,True,1.0287097e-09,4.8442272e-09,0.99869543,1.7821632e-05,0.0012174636,3.235898e-05,3.6750564e-05,2.061782e-08,5.0368083e-08,0.9982146618087879,0.9965683497997824,0.006243613639300864,False,0.66333824,in_distribution,correct,False,26x26
48684,678068,Edge-Loc,2,Test,lot42132,3.0,26,26,test,2,Edge-Loc,True,0.0016120067,1.5538495e-07,0.5616281,0.0002609311,0.1922486,0.00020997308,0.00033553745,8.8638975e-05,0.24361603,0.5507709482937934,0.3027042541443944,0.46311510942554773,True,0.8531543,in_distribution,correct,False,26x26
49640,679067,Edge-Loc,2,Test,lot42172,12.0,26,26,test,2,Edge-Loc,True,5.3540425e-06,9.9303605e-09,0.92787766,0.0002808829,0.03888237,1.0699353e-05,2.6364634e-05,0.000119197975,0.032797404,0.917317070772857,0.872972123470553,0.1575977857229768,True,0.6940127,in_distribution,correct,False,26x26
49865,679318,Edge-Loc,2,Test,lot42182,14.0,35,31,test,2,Edge-Loc,True,4.436842e-05,3.0309984e-08,0.67220485,0.00033974758,0.0029572176,7.301998e-05,4.0679643e-06,0.0007016495,0.3236751,0.6641625226948331,0.3336563936327807,0.30515293353950557,True,0.8274289,in_distribution,correct,False,35x31
49927,679381,Edge-Loc,2,Test,lot42185,2.0,35,31,test,2,Edge-Loc,True,1.6900977e-08,4.3043556e-08,0.99601066,0.00019101921,0.0037452767,7.581697e-06,6.927391e-06,2.3024873e-05,1.5512633e-05,0.994821385875908,0.9900108488121204,0.015503047847356349,False,0.40090877,in_distribution,correct,False,35x31
49931,679385,Edge-Loc,2,Test,lot42185,6.0,35,31,test,2,Edge-Loc,True,1.1259247e-08,0.0002870785,0.87679094,3.4847737e-05,0.12167162,3.2009262e-05,0.0011689719,1.44665055e-05,6.8627792e-09,0.8664799188972218,0.735051687000372,0.18451057515804645,True,1.0083971,in_distribution,correct,False,35x31
50924,680403,Edge-Loc,2,Test,lot42226,3.0,35,31,test,2,Edge-Loc,True,0.00018480454,6.553018e-05,0.6955072,0.0008977137,0.17324334,0.00033774806,0.0014842092,0.00646583,0.12181359,0.6794063016922771,0.4992386762952567,0.4094707644864455,True,0.78641415,in_distribution,correct,False,35x31
50943,680423,Edge-Loc,2,Test,lot42226,23.0,35,31,test,2,Edge-Loc,True,3.3101862e-16,2.39008e-08,0.9999224,1.6407569e-06,6.46112e-05,6.269554e-06,4.986873e-06,2.167209e-11,3.1353846000000004e-16,0.9998777861229476,0.9997780117410727,0.0005935204186330204,False,1.4229465,review,correct,False,35x31
50945,680425,Edge-Loc,2,Test,lot42226,25.0,35,31,test,2,Edge-Loc,True,1.08644675e-08,3.8534393e-09,0.99430215,0.0056416905,2.4507577e-05,1.481885e-05,3.103064e-06,1.3514003e-05,2.297834e-07,0.9927967844489186,0.9856857755874849,0.019716503456075774,False,0.71318,in_distribution,correct,False,35x31
51037,680518,Edge-Loc,2,Test,lot42230,18.0,35,31,test,2,Edge-Loc,True,9.269793e-16,2.0128017e-09,0.9999701,1.734611e-05,1.0848377e-05,5.8050097e-07,1.1916219e-06,9.136058e-12,2.355977e-18,0.9999501069396307,0.9999216851490796,0.0002683386587301669,False,1.4939839,review,correct,False,35x31
51412,680915,Edge-Loc,2,Test,lot42247,14.0,35,31,test,2,Edge-Loc,True,0.0042454563,6.178999e-07,0.9115777,0.0018823922,0.023536177,0.00018956883,6.245411e-05,0.011442926,0.047062572,0.8978236611823668,0.8448507875846424,0.2072613028271169,True,0.76650065,in_distribution,correct,False,35x31
51444,680954,Edge-Loc,2,Test,lot42249,3.0,35,31,test,4,Loc,False,9.103239e-09,0.0009581239,0.019158866,2.6485898e-07,0.9792839,3.8821116e-07,0.0005944227,4.0115574e-06,2.8892508e-10,0.9750863578525163,0.9523108308631273,0.057056176444364504,False,1.3050613,review,predicted_other_defect,True,35x31
52110,681730,Edge-Loc,2,Test,lot42280,4.0,35,31,test,2,Edge-Loc,True,5.267969e-07,7.838416e-08,0.9951507,0.0040420834,0.0006116138,2.3116629e-05,1.526669e-05,0.0001218303,3.4746176e-05,0.9936743979237808,0.9885021404185836,0.019266036901446983,False,0.6278884,in_distribution,correct,False,35x31
52114,681735,Edge-Loc,2,Test,lot42280,9.0,35,31,test,2,Edge-Loc,True,7.9893647e-07,1.7430152e-08,0.7590932,0.049156662,0.0007353964,2.2302213e-05,7.937817e-06,0.0006351301,0.19034854,0.744780859986268,0.5460137112935728,0.3243566167697411,True,0.83390313,in_distribution,correct,False,35x31
52215,681855,Edge-Loc,2,Test,lot42285,4.0,35,31,test,2,Edge-Loc,True,0.00058068574,1.935291e-08,0.68236667,0.00034381566,0.0073471353,6.0140817e-05,5.249071e-06,0.00031207685,0.30898413,0.6733355030881721,0.35736273761077575,0.3121815150094452,True,0.8849702,in_distribution,correct,False,35x31
52229,681872,Edge-Loc,2,Test,lot42285,21.0,35,31,test,2,Edge-Loc,True,1.18740945e-05,1.8055317e-08,0.94326144,0.001915692,0.0012754314,9.024557e-05,6.9475723e-06,0.00019349816,0.053244792,0.9352469476511284,0.8751564609692389,0.11893404385981965,True,0.73505574,in_distribution,correct,False,35x31
52231,681875,Edge-Loc,2,Test,lot42285,24.0,35,31,test,2,Edge-Loc,True,3.4505585e-10,6.2536747e-06,0.9798024,5.6191635e-05,0.020045785,2.8782672e-06,6.3733976e-05,2.2580285e-05,4.3904563e-12,0.9759720195726871,0.9521811046440005,0.05231673247300773,False,1.2585691,review,correct,False,35x31
52281,681934,Edge-Loc,2,Test,lot42288,8.0,35,31,test,2,Edge-Loc,True,7.658318e-05,6.823236e-07,0.9238727,0.0045128143,0.0023437215,0.0001688102,3.1843647e-05,0.003290681,0.06570223,0.9135077348889479,0.8403272388553953,0.15814465350912002,True,0.70375425,in_distribution,correct,False,35x31
52284,681938,Edge-Loc,2,Test,lot42288,12.0,35,31,test,2,Edge-Loc,True,1.1665873e-06,4.5059426e-08,0.86714417,0.00054691895,0.004230381,3.6286547e-05,3.21806e-06,0.0015487564,0.12648901,0.8557159805188475,0.7195865684388931,0.20537302337278193,True,0.74449,in_distribution,correct,False,35x31
52294,681949,Edge-Loc,2,Test,lot42288,23.0,35,31,test,2,Edge-Loc,True,4.202792e-09,1.01151425e-08,0.99919623,0.00012167262,0.0006467184,1.2706987e-05,1.8312751e-06,1.9039107e-06,1.8947952e-05,0.9988586814959746,0.9979587286552452,0.004395407808779836,False,0.67502713,in_distribution,correct,False,35x31
52300,681955,Edge-Loc,2,Test,lot42289,4.0,35,31,test,2,Edge-Loc,True,9.376047e-08,6.071824e-07,0.7851533,0.0009245717,0.0017092819,2.8341592e-06,9.610503e-06,0.21207637,0.00012330091,0.7744493930262393,0.5525591252863592,0.2529018314383914,True,1.1175946,in_distribution,correct,False,35x31
52538,682343,Edge-Loc,2,Test,lot42305,1.0,35,31,test,7,Scratch,False,2.9708213e-05,1.7865712e-05,0.13652785,0.0022530898,0.005748352,2.3867146e-05,3.501762e-05,0.8284881,0.02687609,0.8136529920106862,0.6682247485815638,0.2771332053176993,True,0.8204171,in_distribution,predicted_other_defect,False,35x31
52573,682398,Edge-Loc,2,Test,lot42307,6.0,35,31,test,2,Edge-Loc,True,4.512193e-09,5.3805472e-08,0.9910279,1.2344188e-06,0.008955941,1.9006867e-06,1.2934729e-05,1.48859725e-08,6.3324386e-08,0.9889251023476309,0.977877622539878,0.027806022216454545,False,0.7565982,in_distribution,correct,False,35x31
53047,683098,Edge-Loc,2,Test,lot42335,21.0,35,31,test,2,Edge-Loc,True,1.1677905e-06,5.748206e-07,0.9138043,0.00018169977,0.08378757,4.3892494e-05,0.00012523404,8.473545e-06,0.0020470584,0.9044452907352928,0.8120919622860208,0.1507629194593152,True,0.6205021,in_distribution,correct,False,35x31
53051,683102,Edge-Loc,2,Test,lot42335,25.0,35,31,test,8,none,False,4.2895417e-06,2.0316051e-08,0.39585322,0.0013481517,0.005361442,6.0653372e-05,6.1824967e-06,0.0002248898,0.5971412,0.5916815162309202,0.1921160662373425,0.32988523662331365,True,0.9516969,in_distribution,predicted_none,False,35x31
53331,683395,Edge-Loc,2,Test,lot42347,18.0,35,31,test,2,Edge-Loc,True,1.6256067e-07,2.8134918e-08,0.99750537,0.00084724533,0.0016070341,1.23773825e-05,1.23188665e-05,1.4042167e-05,1.4350725e-06,0.9966235888290862,0.9944784682223061,0.01144438842693608,False,0.44339168,in_distribution,correct,False,35x31
53460,683526,Edge-Loc,2,Test,lot42352,24.0,35,31,test,2,Edge-Loc,True,6.23401e-08,3.7372686e-07,0.97861516,0.001396096,0.004254893,8.724022e-06,1.8327077e-05,0.015300359,0.00040601942,0.9737453776836668,0.9553848342091528,0.06555154806944213,True,0.7648868,in_distribution,correct,False,35x31
53548,683615,Edge-Loc,2,Test,lot42356,13.0,35,31,test,2,Edge-Loc,True,2.9950282e-08,8.366056e-09,0.99778193,0.0014683894,0.0006728553,7.782223e-06,3.5535754e-06,5.9633763e-05,5.872202e-06,0.9969756583100847,0.9950074484936492,0.010466911205861497,False,0.5538917,in_distribution,correct,False,35x31
54474,684594,Edge-Loc,2,Test,lot42396,17.0,38,40,test,2,Edge-Loc,True,1.1386504e-13,5.6678183e-11,0.99938214,0.0006165087,5.8429515e-07,1.0331733e-07,5.930835e-07,3.3968015e-10,1.8123021e-13,0.9991376874372272,0.9982778353072722,0.0031701314318109243,False,1.0899378,in_distribution,correct,False,38x40
54835,684955,Edge-Loc,2,Test,lot42411,3.0,38,42,test,8,none,False,0.0002484723,7.0675475e-07,0.010411014,8.507462e-06,0.03850959,7.6115007e-06,4.045349e-06,0.007280907,0.9435291,0.9339817378182517,0.8899535964775108,0.13745206322113893,True,0.8928257,in_distribution,predicted_none,False,38x42
55233,685353,Edge-Loc,2,Test,lot42427,1.0,38,42,test,8,none,False,3.0980565e-05,1.3256505e-06,0.069395214,2.777933e-05,0.14111826,1.0125923e-05,1.3389133e-05,0.0052419477,0.784161,0.7682422448948922,0.6188844162031836,0.32584461606821324,True,0.8718529,in_distribution,predicted_none,False,38x42
55501,685621,Edge-Loc,2,Test,lot42437,19.0,41,38,test,2,Edge-Loc,True,1.9394951e-08,5.5054567e-08,0.99835914,5.4924232e-05,0.0015656421,5.09724e-06,1.255513e-05,4.196313e-07,2.2150682e-06,0.9977869215004042,0.9956938626612102,0.007424759001861782,False,0.5792542,in_distribution,correct,False,41x38
61077,691534,Edge-Loc,2,Test,lot42681,22.0,39,37,test,2,Edge-Loc,True,5.2385667e-06,8.2854547e-07,0.9182393,0.0006839981,0.02422093,7.304549e-05,3.1402815e-05,0.00064160925,0.056103628,0.9069833534641684,0.8441312820966701,0.17174576732197713,True,0.6177459,in_distribution,correct,False,39x37
61108,691589,Edge-Loc,2,Test,lot42684,3.0,39,37,test,2,Edge-Loc,True,3.1402458e-09,1.2156388e-08,0.97921103,0.02058708,0.00011811471,9.343371e-06,2.6301823e-05,3.908254e-06,4.4249107e-05,0.975288591689226,0.9508875858390298,0.05364751889666084,False,0.693221,in_distribution,correct,False,39x37
61113,691594,Edge-Loc,2,Test,lot42684,8.0,39,37,test,2,Edge-Loc,True,4.512241e-06,7.1524223e-06,0.81475234,0.17640698,0.002284076,0.00038537223,0.00031422704,0.0018442144,0.004001107,0.8025176608686443,0.6163609165015107,0.2526974898212412,True,0.772341,in_distribution,correct,False,39x37
61122,691603,Edge-Loc,2,Test,lot42684,17.0,39,37,test,8,none,False,1.2132649e-06,1.0134553e-07,0.2059197,0.0003542359,0.0034455347,1.0787313e-05,5.4953416e-06,0.00026503956,0.789998,0.7790234912514761,0.5632855459072496,0.2530782837140862,True,0.77333647,in_distribution,predicted_none,False,39x37
61128,691609,Edge-Loc,2,Test,lot42684,23.0,39,37,test,2,Edge-Loc,True,2.7798314e-06,8.607222e-07,0.77768236,0.00036043508,0.027733706,4.8764283e-05,1.7030823e-05,0.0010397179,0.19311428,0.7642691764043311,0.5621948036082165,0.2966870629631719,True,0.67458975,in_distribution,correct,False,39x37
61549,692055,Edge-Loc,2,Test,lot42702,20.0,39,37,test,2,Edge-Loc,True,1.4727574e-06,2.4860583e-07,0.7129626,0.0042211753,0.0040493687,4.380346e-05,3.048342e-05,0.00014485908,0.27854595,0.7029000200869981,0.41640940861885456,0.301766573668634,True,0.6833271,in_distribution,correct,False,39x37
61723,692229,Edge-Loc,2,Test,lot42709,19.0,39,37,test,8,none,False,0.0004500283,3.78347e-05,0.07275314,0.00037514447,0.11169164,5.920502e-05,0.00018466816,0.020323059,0.79412526,0.7764914589473505,0.6571909587488188,0.3417761006619726,True,0.90089214,in_distribution,predicted_none,False,39x37
61731,692237,Edge-Loc,2,Test,lot42710,2.0,39,37,test,2,Edge-Loc,True,3.8602582e-05,3.0469907e-06,0.7623831,0.0023954536,0.05501963,0.00016585916,0.00015094796,0.00066945073,0.17917386,0.747342664982954,0.5598643584794626,0.33224395939438894,True,0.60800874,in_distribution,correct,False,39x37
61748,692254,Edge-Loc,2,Test,lot42710,19.0,39,37,test,2,Edge-Loc,True,6.458314e-05,1.1728108e-05,0.68999183,0.016574133,0.0071227676,0.00035747726,0.00039092294,0.0013301797,0.28415638,0.6784432666745012,0.3876509571115239,0.34559685818800334,True,0.79263914,in_distribution,correct,False,39x37
61924,692447,Edge-Loc,2,Test,lot42718,20.0,39,37,test,8,none,False,7.0692695e-06,4.755811e-08,0.010464841,0.0004544597,0.0008427795,1.3279604e-05,1.5069384e-06,0.00036264854,0.9878533,0.9848464198186718,0.9720415765682471,0.03990463753162979,False,0.84847456,in_distribution,predicted_none,True,39x37
64808,695447,Edge-Loc,2,Test,lot42840,6.0,31,31,test,2,Edge-Loc,True,1.5305466e-06,3.582125e-08,0.98565125,4.1660733e-05,0.014166778,2.478923e-05,6.9027315e-06,2.8857037e-06,0.0001041063,0.9826209055748127,0.9655234948039592,0.04070265527374751,False,0.5638913,in_distribution,correct,False,31x31
64821,695460,Edge-Loc,2,Test,lot42840,19.0,31,31,test,2,Edge-Loc,True,2.5271738e-08,3.074696e-11,0.99018073,0.009812714,4.0139636e-07,1.5019506e-06,4.587609e-06,7.0841173e-09,2.4820215e-12,0.9879360414836853,0.9758836319588067,0.029758023358504877,False,1.3128898,review,correct,False,31x31
65323,696001,Edge-Loc,2,Test,lot42862,22.0,31,28,test,2,Edge-Loc,True,1.1636496e-08,1.7584909e-09,0.9996604,2.450605e-05,0.00028275923,3.6758001e-06,4.943229e-07,6.180551e-07,2.7599595e-05,0.9994990776390474,0.9990905774188749,0.002111727855813976,False,0.68846905,in_distribution,correct,False,31x28
67482,698474,Edge-Loc,2,Training,lot42962,7.0,25,27,test,2,Edge-Loc,True,1.0633972e-06,8.6804236e-10,0.9794094,8.8136956e-05,0.007083088,1.6640011e-05,6.449243e-06,6.7313586e-06,0.013388573,0.9748430832778446,0.9586741156437385,0.0614177229978057,True,0.7774728,in_distribution,correct,False,25x27
67723,698754,Edge-Loc,2,Training,lot42973,21.0,25,27,test,2,Edge-Loc,True,5.096522e-10,3.1785183e-10,0.9994837,1.2158199e-06,0.00049766066,5.848873e-06,1.154689e-05,2.5276492e-09,1.3446339e-08,0.9992675437391356,0.9985666990512013,0.00281146581866589,False,0.84532344,in_distribution,correct,False,25x27
67872,698914,Edge-Loc,2,Training,lot42980,6.0,25,27,test,8,none,False,2.0053436e-05,3.230053e-08,0.2325316,0.00015415506,0.004835744,5.732962e-05,9.391456e-06,5.717282e-05,0.76233447,0.7516863978695423,0.5098052077595459,0.2696625167154536,True,0.8911736,in_distribution,predicted_none,False,25x27
67873,698915,Edge-Loc,2,Training,lot42980,7.0,25,27,test,2,Edge-Loc,True,1.4716637e-06,2.8679495e-10,0.9770849,3.2572614e-05,0.0043750894,8.50979e-06,4.6010264e-06,7.909351e-06,0.018484829,0.972359649820844,0.9503642972803793,0.064173586621572,True,0.8909357,in_distribution,correct,False,25x27
69429,700690,Edge-Loc,2,Training,lot43051,16.0,25,27,test,2,Edge-Loc,True,3.3724086e-07,3.2348715e-10,0.9974021,0.0023548747,0.00022947475,3.165607e-06,8.294622e-06,1.2667095e-06,5.200351e-07,0.9965521853355144,0.9934623803882691,0.011038453980871703,False,0.7480947,in_distribution,correct,False,25x27
71044,702454,Edge-Loc,2,Training,lot43123,1.0,25,27,test,2,Edge-Loc,True,1.104641e-09,2.516804e-05,0.97392875,3.6737981e-06,0.022381676,0.0004588912,0.003200482,1.0581124e-06,3.8628156e-07,0.9687985904339569,0.9424101256390531,0.07031841705188772,True,1.0750761,in_distribution,correct,False,25x27
71745,703263,Edge-Loc,2,Training,lot43155,11.0,25,27,test,2,Edge-Loc,True,9.968308e-15,1.15589595e-11,0.99999154,2.2367087e-07,3.4771e-06,1.6805443e-07,4.6143537e-06,1.0164993e-14,4.9262935999999995e-18,0.9999850641499779,0.9999770386422705,8.838160364986578e-05,False,1.6147307,out_of_distribution,correct,False,25x27
72048,703607,Edge-Loc,2,Training,lot43169,5.0,25,27,test,2,Edge-Loc,True,7.460806e-07,9.411081e-09,0.9198899,7.1014015e-06,0.07974412,1.1317649e-05,0.00030887107,4.9353e-07,3.730501e-05,0.9112732520848821,0.8230764587171093,0.13797305589647874,True,1.0156009,in_distribution,correct,False,25x27
72531,704144,Edge-Loc,2,Training,lot43190,17.0,25,27,test,2,Edge-Loc,True,2.2651908e-07,3.976639e-08,0.97616017,4.680825e-06,0.02223912,1.3061337e-05,0.0015815784,9.491293e-08,1.0347115e-06,0.971618225677321,0.945371377867462,0.062280216820331046,True,1.0256445,in_distribution,correct,False,25x27
73724,705520,Edge-Loc,2,Training,lot43246,2.0,25,27,test,2,Edge-Loc,True,9.760258e-06,8.428472e-09,0.99389005,0.0014102207,0.0022077283,0.00014018916,0.0022672298,1.8836466e-06,7.288631e-05,0.9918915401974508,0.9889155747053452,0.026034938333003178,False,1.0844452,in_distribution,correct,False,25x27
75378,707344,Edge-Loc,2,Training,lot43319,18.0,25,27,test,2,Edge-Loc,True,2.4964556e-05,5.840687e-09,0.76488507,9.7243625e-05,0.0806217,3.5554855e-05,2.8620068e-05,0.00013725206,0.15416954,0.7496672828533343,0.587260044513298,0.33160616298097567,True,0.828151,in_distribution,correct,False,25x27
75382,707349,Edge-Loc,2,Training,lot43319,23.0,25,27,test,2,Edge-Loc,True,2.9417458e-06,3.9484767e-08,0.9876722,9.1128335e-05,0.012112574,1.7170927e-05,0.000101038655,3.2816493e-07,2.6486155e-06,0.9849430475362201,0.9702153084945414,0.03643576879881395,False,0.64704585,in_distribution,correct,False,25x27
75528,707508,Edge-Loc,2,Training,lot43326,7.0,25,27,test,2,Edge-Loc,True,7.84482e-07,4.67269e-08,0.7975406,4.640826e-06,0.20233065,6.722382e-06,1.465659e-05,6.395947e-06,9.5571704e-05,0.7873318011392195,0.5748603249313731,0.23631378018611823,True,0.7616326,in_distribution,correct,False,25x27
75551,707533,Edge-Loc,2,Training,lot43327,7.0,25,27,test,2,Edge-Loc,True,2.711604e-07,6.7766825e-10,0.99640405,0.00020171034,0.0020095299,8.014118e-06,1.2953635e-06,6.8575755e-05,0.0013066056,0.995168365156918,0.9925139308674952,0.01605850153295114,False,0.74457544,in_distribution,correct,False,25x27
75557,707541,Edge-Loc,2,Training,lot43327,15.0,25,27,test,2,Edge-Loc,True,5.672946e-05,7.1724815e-10,0.81835073,0.00020995497,0.0032531368,1.3137599e-05,4.342699e-06,7.478305e-05,0.1780372,0.8072441208452913,0.6191321421949824,0.23408044197035746,True,0.89075404,in_distribution,correct,False,25x27
75631,707620,Edge-Loc,2,Training,lot43330,19.0,25,27,test,2,Edge-Loc,True,1.3792625e-08,3.739536e-10,0.9979638,4.3294654e-06,0.0018169062,1.3010202e-06,2.80946e-07,2.3132645e-06,0.00021110014,0.9972641181723761,0.9948517350765357,0.009078716703334823,False,0.9431224,in_distribution,correct,False,25x27
76731,708796,Edge-Loc,2,Training,lot43378,17.0,25,27,test,2,Edge-Loc,True,4.345073e-06,2.9212578e-07,0.98880416,0.00084060925,0.009833437,0.00011395791,0.00025543055,4.6519308e-05,0.00010127492,0.9860042163983235,0.9739350932639593,0.03711124590770842,False,0.66541505,in_distribution,correct,False,25x27
77623,709752,Edge-Loc,2,Training,lot43416,23.0,25,27,test,2,Edge-Loc,True,4.0239825e-09,6.264997e-11,0.9991037,1.5719179e-05,0.00078638067,1.0475839e-06,6.298654e-07,3.8351544e-07,9.2096525e-05,0.9987456431773237,0.9976609638666686,0.004653863963832775,False,0.84479463,in_distribution,correct,False,25x27
78171,710349,Edge-Loc,2,Training,lot43440,20.0,25,27,test,2,Edge-Loc,True,2.5448947e-09,1.8299516e-09,0.9982357,3.3269505e-06,0.0017487415,2.2176137e-06,8.376624e-07,1.946488e-07,8.957291e-06,0.9976468959087367,0.9953207274887206,0.007632379714218959,False,0.7227886,in_distribution,correct,False,25x27
78983,711259,Edge-Loc,2,Test,lot43477,17.0,25,27,test,2,Edge-Loc,True,1.2344599e-07,3.089029e-10,0.98115677,7.957642e-06,0.018091721,2.6616099e-06,2.4956628e-06,1.3987496e-06,0.000736882,0.9773856091488425,0.9558116339089372,0.05116305659394081,False,0.8837523,in_distribution,correct,False,25x27
79147,711424,Edge-Loc,2,Test,lot43484,7.0,25,27,test,8,none,False,1.2574917e-06,3.838623e-11,0.00025074073,3.3266915e-08,0.0002007204,2.8597416e-08,3.0993201e-09,1.2516214e-05,0.9995346,0.9993180720959902,0.9989538846210113,0.0028291078435335967,False,0.625777,in_distribution,predicted_none,True,25x27
79961,712258,Edge-Loc,2,Test,lot43517,22.0,25,27,test,2,Edge-Loc,True,9.1155075e-09,2.3693325e-10,0.99900275,4.7970305e-05,0.0006562513,1.6803043e-06,3.7692774e-07,1.017752e-05,0.00028081064,0.9985858356579373,0.997673299443848,0.005424322894448031,False,0.79942274,in_distribution,correct,False,25x27
80856,713170,Edge-Loc,2,Test,lot43554,17.0,25,27,test,2,Edge-Loc,True,9.8173246e-08,1.8841486e-11,0.99827313,6.3444254e-06,0.0014792919,5.0818708e-06,4.6359187e-07,3.0239372e-07,0.00023522762,0.9976535845919744,0.9956710060245522,0.008039881847197923,False,0.9687468,in_distribution,correct,False,25x27
80864,713178,Edge-Loc,2,Test,lot43554,25.0,25,27,test,2,Edge-Loc,True,9.2718216e-20,1.1369513e-06,0.64561427,1.8318613e-06,6.656373e-08,0.33889717,0.015485575,8.8190916e-14,3.1133487999999997e-18,0.6374426179324046,0.29297790147688196,0.3307801209232714,True,1.6825358,out_of_distribution,correct,False,25x27
83114,715477,Edge-Loc,2,Test,lot43647,3.0,45,42,test,2,Edge-Loc,True,3.054261e-07,1.453389e-07,0.89010596,0.0046432894,0.0011023248,2.415532e-05,1.52107605e-05,0.0007387169,0.10336981,0.8791525678417451,0.7666565479729693,0.18483769602092834,True,0.7594351,in_distribution,correct,False,45x42
83119,715482,Edge-Loc,2,Test,lot43647,8.0,45,42,test,2,Edge-Loc,True,5.320496e-07,5.458598e-07,0.9267439,0.03575552,0.0018772032,4.9697308e-05,0.00012264885,0.00040104002,0.035048917,0.9156825533777522,0.8747746541976453,0.16463179426734434,True,0.7303496,in_distribution,correct,False,45x42
83511,715897,Edge-Loc,2,Test,lot43663,25.0,45,42,test,2,Edge-Loc,True,8.820776e-05,9.230509e-05,0.40737894,0.0006245178,0.39734653,5.9597445e-05,0.0003849194,0.11357964,0.08044539,0.4018584015043116,0.009455941301665383,0.5504150724967696,True,0.74066454,in_distribution,correct,False,45x42
83625,716034,Edge-Loc,2,Test,lot43669,14.0,45,42,test,2,Edge-Loc,True,1.0946242e-12,9.476328e-09,0.9998124,8.790532e-05,8.657391e-05,1.6813702e-07,1.2968928e-05,8.2830915e-09,1.4864452e-09,0.999712288563393,0.9995784204787469,0.0013186463262367485,False,0.96930635,in_distribution,correct,False,45x42
83688,716097,Edge-Loc,2,Test,lot43672,2.0,45,42,test,2,Edge-Loc,True,3.2536502e-07,1.8262095e-06,0.9796975,0.004506576,0.010392388,2.0996451e-05,0.00027493224,0.00011696025,0.0049884818,0.9746936512849051,0.9620045519587008,0.06682185781799921,True,0.6359778,in_distribution,correct,False,45x42
83697,716106,Edge-Loc,2,Test,lot43672,11.0,45,42,test,2,Edge-Loc,True,3.1796282e-10,4.0826595e-07,0.9917076,4.6258185e-05,0.008108509,1.2969148e-06,0.00013582778,6.540615e-08,1.7960755e-08,0.9896738862491226,0.9796258304543481,0.026830754471714124,False,0.87793267,in_distribution,correct,False,45x42
83699,716108,Edge-Loc,2,Test,lot43672,13.0,45,42,test,2,Edge-Loc,True,1.9141793e-09,1.4033564e-06,0.98815143,0.009483223,0.0021349452,8.840164e-06,0.00011753862,0.000102642465,5.8344725e-08,0.9851892278992428,0.9735332008755507,0.03921411574311085,False,0.7444843,in_distribution,correct,False,45x42
83703,716112,Edge-Loc,2,Test,lot43672,17.0,45,42,test,2,Edge-Loc,True,1.265206e-10,2.923979e-08,0.99941945,0.00019766246,0.00034985875,2.1437936e-06,3.06015e-05,1.612504e-07,7.816039e-08,0.9991559975628361,0.9986554407479388,0.0034374478809993322,False,0.59649473,in_distribution,correct,False,45x42
83707,716116,Edge-Loc,2,Test,lot43672,21.0,45,42,test,2,Edge-Loc,True,2.2387835e-17,1.7479163e-12,0.9999988,1.1217186e-06,4.4406608e-08,3.597191e-09,1.2767917e-07,3.442053e-14,1.1603371e-16,0.9999975558284665,0.9999954765296035,1.6068116555787163e-05,False,1.576621,out_of_distribution,correct,False,45x42
83787,716196,Edge-Loc,2,Test,lot43676,1.0,45,42,test,2,Edge-Loc,True,7.365199e-14,1.7411195e-10,0.99997365,2.2641609e-05,2.3259481e-06,4.8603205e-08,1.2562361e-06,2.3038265e-09,2.4125238e-10,0.999956744475171,0.9999200884061822,0.00022810539153836703,False,1.0463653,in_distribution,correct,False,45x42
83789,716198,Edge-Loc,2,Test,lot43676,3.0,45,42,test,2,Edge-Loc,True,1.765722e-13,5.7813976e-11,0.9999895,5.614864e-07,8.722831e-06,2.4139488e-09,1.1829976e-06,7.6983295e-11,2.4246228e-12,0.9999819901531902,0.9999672479948271,0.00010258524444929877,False,1.2681239,review,correct,False,45x42
83792,716201,Edge-Loc,2,Test,lot43676,6.0,45,42,test,8,none,False,9.365723e-05,6.9764587e-06,0.052940328,0.00035837237,0.028311588,4.863106e-05,3.0787654e-05,0.009927678,0.908282,0.8952923758336215,0.8359809882642608,0.19919408184572024,True,0.8746004,in_distribution,predicted_none,False,45x42
83799,716208,Edge-Loc,2,Test,lot43676,13.0,45,42,test,2,Edge-Loc,True,3.140504e-17,3.900499e-12,0.99999416,5.658413e-06,1.03676804e-07,1.9833606e-09,1.5915153e-07,2.189138e-12,9.0067055e-15,0.9999897076009447,0.999979956204908,5.962081686525305e-05,False,1.513461,review,correct,False,45x42
83912,716321,Edge-Loc,2,Test,lot43681,1.0,45,42,test,2,Edge-Loc,True,2.2499955e-05,1.1591576e-05,0.48651892,0.00029268727,0.18718809,2.9196883e-05,8.64018e-05,0.15224777,0.17360283,0.4747212863554635,0.2840419824942745,0.578917803279567,True,0.8555064,in_distribution,correct,False,45x42
83917,716326,Edge-Loc,2,Test,lot43681,6.0,45,42,test,2,Edge-Loc,True,2.641447e-07,1.1457711e-07,0.98301387,0.00026358094,0.005294569,6.267223e-06,1.0934016e-05,0.000710621,0.010699775,0.9788778426867154,0.9658167756996868,0.05511331246464391,False,0.6792317,in_distribution,correct,False,45x42
84799,717208,Edge-Loc,2,Test,lot43716,13.0,45,42,test,4,Loc,False,2.6732489e-05,6.696377e-05,0.015891403,1.5700076e-05,0.965691,8.836574e-06,0.00011819779,0.012956536,0.005224602,0.9584839294523516,0.9395056102268557,0.09882352048972932,True,0.60573804,in_distribution,predicted_other_defect,False,45x42
84801,717210,Edge-Loc,2,Test,lot43716,15.0,45,42,test,8,none,False,1.012717e-05,2.0215462e-07,0.008540234,4.4090753e-05,0.0024870913,5.5247556e-06,2.0271227e-06,0.00049571105,0.9884149,0.985411453882407,0.9748651387072644,0.039668686613836754,False,0.69111824,in_distribution,predicted_none,True,45x42
84923,717332,Edge-Loc,2,Test,lot43721,12.0,45,42,test,8,none,False,0.00095015176,4.74613e-05,0.02047806,5.929716e-05,0.17970464,3.4078297e-05,6.948147e-05,0.019656828,0.7789999,0.7637899976939101,0.5755596401342131,0.321406986070585,True,0.84715986,in_distribution,predicted_none,False,45x42
85448,717864,Edge-Loc,2,Test,lot43743,13.0,45,42,test,4,Loc,False,3.2973545e-05,2.6719626e-05,0.033849023,1.967373e-05,0.95799714,7.713239e-06,0.00010867938,0.001945107,0.0060129887,0.950602400859545,0.9115560404275528,0.10446893885597153,True,0.54095334,in_distribution,predicted_other_defect,False,45x42
85628,718050,Edge-Loc,2,Test,lot43751,18.0,41,40,test,2,Edge-Loc,True,5.880606e-09,1.6193515e-06,0.97899,4.732305e-06,0.020958949,4.3899513e-06,4.028763e-05,4.597441e-08,1.1904843e-09,0.9750957272926492,0.9502735436488352,0.053326870321540196,False,0.784812,in_distribution,correct,False,41x40
86137,718582,Edge-Loc,2,Test,lot43773,2.0,41,40,test,2,Edge-Loc,True,8.2504115e-11,6.0193194e-08,0.99919075,1.1907363e-06,0.0007930212,1.2070426e-06,1.37167e-05,2.5362112e-10,1.1557527e-11,0.9988792556369404,0.9977857758032924,0.004040735856330853,False,1.0279901,in_distribution,correct,False,41x40
87147,719614,Edge-Loc,2,Test,lot43814,12.0,41,40,test,2,Edge-Loc,True,1.2820526e-05,7.85197e-06,0.93697345,0.0009261174,0.034803923,7.613734e-05,0.00033117007,0.001195375,0.02567317,0.9267465000449933,0.8868179789317863,0.14909519699126628,True,0.58338,in_distribution,correct,False,41x40
87672,720156,Edge-Loc,2,Test,lot43836,13.0,41,40,test,2,Edge-Loc,True,0.00056416384,1.1898079e-05,0.74794585,9.96634e-05,0.24381645,3.6286245e-05,0.00027864284,0.001199396,0.0060476842,0.7369587600104605,0.4842821008396898,0.2865765707186212,True,0.6654674,in_distribution,correct,False,41x40
90465,722975,Edge-Loc,2,Test,lot43949,10.0,25,26,test,2,Edge-Loc,True,0.0094055,2.5195075e-05,0.79686844,0.010183135,0.14785066,0.00039725198,0.0029664442,0.0016602739,0.030643098,0.7794464010033675,0.6234274085305136,0.3382467184260002,True,0.8467161,in_distribution,correct,False,25x26
90526,723036,Edge-Loc,2,Test,lot43951,21.0,25,26,test,2,Edge-Loc,True,1.185981e-08,1.7448026e-06,0.73974997,3.5379904e-05,0.0003537985,0.0011163591,0.25874263,4.4367553e-08,1.1123493e-07,0.7301955245397806,0.4624185050453822,0.27142706935481065,True,1.0356995,in_distribution,correct,False,25x26
91077,723629,Edge-Loc,2,Test,lot43975,24.0,25,26,test,8,none,False,0.00011316802,7.720431e-10,0.021440137,1.5698934e-05,0.001679571,7.4123564e-06,5.205254e-07,3.276979e-05,0.97671074,0.972166250117977,0.9468199866823314,0.06217098256316041,True,0.9983489,in_distribution,predicted_none,False,25x26
91150,723702,Edge-Loc,2,Test,lot43978,22.0,25,26,test,8,none,False,4.681009e-06,5.7127423e-08,0.34750882,0.00015513175,0.01589751,2.7083814e-05,2.875998e-06,0.0006968666,0.63570696,0.6276729522128416,0.2750929709617649,0.3380531730414041,True,0.79229504,in_distribution,predicted_none,False,25x26
91687,724239,Edge-Loc,2,Test,lot44000,9.0,25,26,test,8,none,False,3.1113013e-05,7.199075e-08,0.20984447,7.581418e-05,0.08447068,1.4106803e-05,1.1952496e-05,0.00046912895,0.7050827,0.6909164527501218,0.4737498489099642,0.3695401323881324,True,0.81563735,in_distribution,predicted_none,False,25x26
92328,724881,Edge-Loc,2,Test,lot44026,1.0,25,26,test,4,Loc,False,2.1993505e-05,8.449803e-06,0.06830559,0.0001339853,0.8650875,1.5500327e-05,0.00014009197,0.007586848,0.05870002,0.8499540362003242,0.7747120244086122,0.2540007752381523,True,0.70821476,in_distribution,predicted_other_defect,False,25x26
93024,725593,Edge-Loc,2,Test,lot44054,23.0,30,34,test,2,Edge-Loc,True,1.6999776e-07,2.6734307e-07,0.77533704,4.1068784e-06,0.22461826,8.9962873e-07,2.4936657e-05,8.3455125e-06,5.924625e-06,0.765446964782882,0.5309664023849225,0.24825474619403315,True,0.7534814,in_distribution,correct,False,30x34
93136,725705,Edge-Loc,2,Test,lot44059,10.0,30,34,test,8,none,False,7.5779303e-06,1.0553342e-07,0.27624485,0.00021822151,0.006711722,1.2504122e-05,3.598945e-06,0.004531908,0.71226954,0.7018247597765699,0.4177657923283388,0.30822909200333337,True,0.7951817,in_distribution,predicted_none,False,30x34
93171,725740,Edge-Loc,2,Test,lot44060,20.0,30,34,test,2,Edge-Loc,True,7.159993e-08,3.3611554e-09,0.99215686,5.30408e-06,0.0077800644,1.2776532e-06,2.1388707e-06,1.2230831e-05,4.201096e-05,0.990237848078372,0.9805775007485072,0.02529437718576929,False,0.6493605,in_distribution,correct,False,30x34
93935,726504,Edge-Loc,2,Test,lot44091,9.0,30,34,test,2,Edge-Loc,True,1.0633055e-07,3.919147e-06,0.9863646,0.00055672205,0.012748447,6.8103065e-05,0.00017219277,7.315395e-05,1.28101565e-05,0.9832660680819225,0.9678076406845836,0.04141678214361343,False,0.525758,in_distribution,correct,False,30x34
94747,727328,Edge-Loc,2,Test,lot44124,21.0,30,34,test,2,Edge-Loc,True,2.928186e-08,1.9603963e-06,0.97459304,0.000517657,0.021507585,4.60328e-06,3.537466e-05,0.0033397563,5.560983e-08,0.9695133514728763,0.944107717510685,0.06946582794574602,True,0.8122134,in_distribution,correct,False,30x34
95993,728610,Edge-Loc,2,Test,lot44178,17.0,33,29,test,2,Edge-Loc,True,5.8984347e-06,1.5357645e-07,0.80816704,0.00013613926,0.032800574,3.1088777e-05,1.7652334e-05,0.00042209367,0.15841937,0.7943225866094317,0.6267575744800538,0.2784005022160148,True,0.6250039,in_distribution,correct,False,33x29
96306,728923,Edge-Loc,2,Test,lot44191,5.0,33,29,test,4,Loc,False,7.2964795e-05,1.2886277e-05,0.04479717,2.2234532e-05,0.91159844,1.0831709e-05,9.1789414e-05,0.0146438265,0.028749885,0.8985989270106356,0.8480212361478833,0.1972121525757593,True,0.5487432,in_distribution,predicted_other_defect,False,33x29
96309,728926,Edge-Loc,2,Test,lot44191,8.0,33,29,test,2,Edge-Loc,True,8.264203499999999e-18,2.0122229e-11,0.9961966,0.0036757684,9.970114e-10,8.180907e-06,0.00011941983,1.2332685e-14,4.6661748e-17,0.9950813563913957,0.9903557195207284,0.01452366158274424,False,1.847084,out_of_distribution,correct,False,33x29
96391,729008,Edge-Loc,2,Test,lot44194,15.0,33,29,test,8,none,False,5.666345e-05,3.700782e-08,0.0168661,4.7299003e-05,0.0014689766,1.0257456e-05,5.000136e-07,0.00088236696,0.9806678,0.9764877415904666,0.9563205735329894,0.056437106533446316,False,0.66357297,in_distribution,predicted_none,True,33x29
96699,729417,Edge-Loc,2,Test,lot44210,25.0,33,29,test,2,Edge-Loc,True,2.5465448e-07,4.0241246e-09,0.984516,0.00014195847,0.0019767308,8.840132e-06,1.9543972e-06,8.150998e-06,0.013346085,0.9810095210478706,0.9648679498578842,0.046910412406177375,False,0.6785691,in_distribution,correct,False,33x29
97919,730845,Edge-Loc,2,Test,lot44268,21.0,33,29,test,2,Edge-Loc,True,4.2874162e-06,4.5633064e-07,0.4805933,0.18841335,0.0055688475,6.109682e-05,3.4163284e-05,0.0022677775,0.32305676,0.4730904670131664,0.14933594970586028,0.49546973197302413,True,0.94766736,in_distribution,correct,False,33x29
98400,731431,Edge-Loc,2,Test,lot44293,8.0,33,29,test,2,Edge-Loc,True,1.2112505e-07,4.998684e-09,0.97395205,1.7508803e-05,0.011601748,9.436378e-06,1.0959117e-06,2.4577968e-05,0.01439346,0.9685230345511376,0.9512173030529983,0.07378561839260672,True,0.8239273,in_distribution,correct,False,33x29
99252,732547,Edge-Loc,2,Test,lot44339,8.0,33,29,test,2,Edge-Loc,True,9.223699e-11,2.6145965e-08,0.99854857,3.861202e-06,0.0014217535,2.6767432e-06,2.3082484e-05,2.890134e-08,4.4262842e-09,0.9980419050231583,0.9961327923333737,0.006567834917016301,False,0.7729024,in_distribution,correct,False,33x29
99279,732581,Edge-Loc,2,Test,lot44340,17.0,33,29,test,2,Edge-Loc,True,7.929386e-06,9.423902e-07,0.5205466,0.00014244279,0.06193709,1.3078835e-05,1.9917316e-05,0.012244541,0.40508744,0.5137760762320787,0.10941520503626989,0.4337685630217507,True,0.70628583,in_distribution,correct,False,33x29
99295,732601,Edge-Loc,2,Test,lot44341,12.0,33,29,test,4,Loc,False,2.748266e-05,4.7982307e-06,0.28685164,1.6287496e-06,0.7129426,6.5319387e-06,0.00014871245,4.0834607e-06,1.2497451e-05,0.704409271248583,0.40912575338261886,0.27754148168981047,True,1.078281,in_distribution,predicted_other_defect,False,33x29
99858,733294,Edge-Loc,2,Test,lot44369,16.0,33,29,test,2,Edge-Loc,True,5.148888e-05,2.3224327e-07,0.8827425,0.00057385874,0.014166812,0.00013556784,3.300978e-05,0.00010975027,0.10218667,0.8707993938303309,0.759712730065294,0.2017696747821567,True,0.671071,in_distribution,correct,False,33x29
100167,733680,Edge-Loc,2,Test,lot44385,2.0,33,29,test,2,Edge-Loc,True,3.950247e-09,2.8291527e-08,0.9985643,0.0003305707,0.0010690531,2.3689754e-06,3.3273365e-05,3.2262966e-07,7.335227e-08,0.9980139685031322,0.9965599639572134,0.007144503256562368,False,0.57776904,in_distribution,correct,False,33x29
100770,734427,Edge-Loc,2,Test,lot44415,8.0,33,29,test,2,Edge-Loc,True,1.4264413e-09,1.4599593e-09,0.9995394,0.00029188916,0.00014427309,1.6634388e-06,1.3456595e-06,4.7613867e-06,1.6677743e-05,0.9993229607867053,0.9989018993735678,0.0028303253105111826,False,0.5570097,in_distribution,correct,False,33x29
101514,735312,Edge-Loc,2,Test,lot44451,6.0,33,29,test,2,Edge-Loc,True,6.64495e-14,1.3089096e-11,0.9998061,0.00019039739,2.4988437e-06,2.4942284e-07,7.425995e-07,7.41678e-11,6.9335537e-13,0.9997136042672026,0.9994335731437713,0.0012098444254187927,False,0.98172003,in_distribution,correct,False,33x29
102415,736323,Edge-Loc,2,Test,lot44492,2.0,33,29,test,2,Edge-Loc,True,3.249644e-07,1.01088675e-08,0.9983365,0.00040345266,0.0007766892,7.489536e-06,6.8203735e-06,1.5552712e-05,0.00045325723,0.9976638758973032,0.9965923409638342,0.00874153048797114,False,0.42931238,in_distribution,correct,False,33x29
102417,736325,Edge-Loc,2,Test,lot44492,4.0,33,29,test,2,Edge-Loc,True,4.130463e-12,3.738815e-12,0.99998057,1.8447183e-05,5.6770295e-07,4.778745e-08,4.01037e-07,3.1491566e-11,2.2167977e-12,0.9999678915534939,0.9999377490883151,0.0001699324089597571,False,1.0007915,in_distribution,correct,False,33x29
102430,736338,Edge-Loc,2,Test,lot44492,17.0,33,29,test,4,Loc,False,4.834535e-06,2.9386151e-06,0.361332,2.4550616e-06,0.6384464,3.659552e-06,0.00020443574,3.1869324e-06,2.1723117e-09,0.6324464598390094,0.265213102111684,0.30054314954807493,True,0.96463805,in_distribution,predicted_other_defect,False,33x29
102695,736603,Edge-Loc,2,Test,lot44503,7.0,33,29,test,2,Edge-Loc,True,4.4583626e-06,2.3266757e-06,0.66697204,5.129271e-05,0.3320009,1.9029376e-05,0.00026319848,0.0005603712,0.00012633002,0.659699499232492,0.3208354189465488,0.2968706005099594,True,0.56196815,in_distribution,correct,False,33x29
104375,738335,Edge-Loc,2,Test,lot44575,12.0,43,44,test,2,Edge-Loc,True,5.304847e-06,9.846221e-07,0.5667631,0.0007822997,0.025836896,2.4037035e-05,2.5052146e-05,0.009099091,0.3974632,0.5598077687541553,0.1608965995288208,0.38773020808227066,True,0.74817055,in_distribution,correct,False,43x44
107243,743297,Edge-Loc,2,Test,lot44776,5.0,43,42,test,2,Edge-Loc,True,1.0226353e-06,4.052116e-07,0.43909284,0.30457994,0.002652011,6.9099944e-05,8.452144e-05,0.00089204224,0.2526281,0.4336813749998605,0.12785733497022583,0.5016203453959819,True,0.99184275,in_distribution,correct,False,43x42
107250,743304,Edge-Loc,2,Test,lot44776,12.0,43,42,test,3,Edge-Ring,False,5.190104e-07,4.8992405e-07,0.40755245,0.57268053,0.0005908343,6.122178e-05,0.00047082757,0.00025857167,0.018384522,0.5670638953295136,0.15727725247482977,0.3564836032651539,True,1.0114181,in_distribution,predicted_other_defect,False,43x42
108378,744456,Edge-Loc,2,Test,lot44822,16.0,22,50,test,2,Edge-Loc,True,1.6388176e-05,1.7173637e-06,0.7415326,6.482768e-05,0.16233252,1.656201e-05,1.6187658e-05,0.0021791155,0.0938401,0.7260137940576527,0.5558219957909657,0.3564865939591058,True,0.82903206,in_distribution,correct,False,22x50
108443,744521,Edge-Loc,2,Test,lot44825,6.0,22,50,test,4,Loc,False,3.3013712e-06,0.00048596298,0.00982621,7.1564716e-07,0.9891071,4.996261e-07,0.0003941655,0.0001564946,2.563434e-05,0.9864147595808559,0.9743526144008477,0.03568195622421762,False,0.5915895,in_distribution,predicted_other_defect,True,22x50
109393,745525,Edge-Loc,2,Training,lot44865,11.0,27,25,test,2,Edge-Loc,True,3.859459e-08,1.491175e-09,0.9984681,0.0011135677,0.0002946967,2.1906173e-05,2.122554e-06,3.2841683e-05,6.66309e-05,0.997869226179693,0.9963575388640307,0.00778934496794308,False,0.6493442,in_distribution,correct,False,27x25
109404,745536,Edge-Loc,2,Training,lot44865,22.0,27,25,test,2,Edge-Loc,True,5.6455957e-10,9.952309e-10,0.9997216,3.2254065e-05,0.00022434347,1.9008777e-06,1.9945768e-05,1.5220993e-10,1.7568191e-12,0.9995851842608601,0.9992576714341214,0.0017882355811450507,False,0.98018026,in_distribution,correct,False,27x25
110198,746378,Edge-Loc,2,Training,lot44899,14.0,27,25,test,2,Edge-Loc,True,1.3042503e-06,1.02608894e-10,0.98598737,0.006434048,0.0008067957,2.2582293e-05,1.4883484e-05,1.6646304e-06,0.0067312755,0.9823889565793676,0.973992991455513,0.04761013538521674,False,1.0180976,in_distribution,correct,False,27x25
110201,746382,Edge-Loc,2,Training,lot44899,18.0,27,25,test,2,Edge-Loc,True,1.1813103e-06,1.3814372e-09,0.9990614,8.930138e-05,0.0007393752,1.3422949e-05,7.151778e-05,2.314803e-07,2.3687528e-05,0.9986684697045669,0.9976458286681908,0.005118247999238864,False,0.77962005,in_distribution,correct,False,27x25
111044,747287,Edge-Loc,2,Training,lot44935,25.0,27,25,test,2,Edge-Loc,True,1.5184557e-05,7.4480924e-09,0.9179993,0.00035426955,0.014876105,8.19828e-05,1.28510665e-05,0.0002124129,0.06644789,0.9073938524182044,0.8334666497414939,0.16385413856541595,True,0.747139,in_distribution,correct,False,27x25
111601,747871,Edge-Loc,2,Training,lot44959,9.0,27,25,test,2,Edge-Loc,True,5.28443e-07,3.090773e-09,0.9846618,5.8546164e-05,0.013588015,1.9016077e-05,8.972344e-06,6.066189e-06,0.0016571217,0.9812280884946848,0.9648058705595205,0.045972126916673996,False,0.6629633,in_distribution,correct,False,27x25
112743,749099,Edge-Loc,2,Training,lot45008,16.0,27,25,test,2,Edge-Loc,True,1.8114308e-05,3.5938916e-09,0.9277061,5.0870953e-05,0.010997724,7.848591e-05,0.00024520664,1.1814176e-06,0.060902387,0.9179996190742806,0.8498683221986791,0.14742540938164206,True,1.0689843,in_distribution,correct,False,27x25
113547,749957,Edge-Loc,2,Training,lot45043,2.0,27,25,test,2,Edge-Loc,True,2.4675249e-14,5.3821025e-10,0.99997294,3.955014e-06,1.9581177e-05,2.52161e-06,1.119691e-06,4.532314e-10,1.8876395e-13,0.9999545791040925,0.999922669766956,0.0002461035922967367,False,1.0552365,in_distribution,correct,False,27x25
114085,750507,Edge-Loc,2,Training,lot45065,2.0,27,25,test,2,Edge-Loc,True,1.567295e-11,2.2065694e-09,0.99487174,4.443671e-07,0.0033520176,9.680559e-07,2.6598826e-07,1.868491e-06,0.0017727084,0.9933143239314819,0.9889891628445115,0.02027003587407963,False,1.9984626,out_of_distribution,correct,False,27x25
114909,751349,Edge-Loc,2,Training,lot45099,17.0,27,25,test,2,Edge-Loc,True,1.8874e-09,2.460071e-09,0.97362137,3.3366427e-06,0.0030822253,7.792409e-07,3.2521785e-07,0.00010691129,0.023184996,0.9685641194328309,0.9412702900846623,0.06949303218722948,True,1.8548573,out_of_distribution,correct,False,27x25
117742,754268,Edge-Loc,2,Training,lot45216,23.0,27,25,test,8,none,False,1.2507057e-08,1.1628806e-09,0.07171041,1.590715e-06,0.0020734158,7.5879035e-07,4.4163446e-08,0.00014069011,0.92607296,0.9173712885396702,0.8376577746432036,0.13587103369052525,True,1.4344983,review,predicted_none,False,27x25
118868,755413,Edge-Loc,2,Test,lot45262,18.0,27,25,test,2,Edge-Loc,True,4.0516725e-06,5.3422585e-08,0.75222313,3.973422e-05,0.054241057,1.4314511e-05,4.446218e-06,0.0007678747,0.19270535,0.7379582998116433,0.5369463120283209,0.3292562617513778,True,0.7530787,in_distribution,correct,False,27x25
119378,755923,Edge-Loc,2,Test,lot45283,3.0,27,25,test,8,none,False,6.6849345e-05,7.7490064e-08,0.25303963,3.1719792e-05,0.09283307,1.7356482e-05,7.1052286e-06,0.0008599517,0.65314424,0.6403764476222031,0.3814562185560682,0.39788913898742634,True,0.8082188,in_distribution,predicted_none,False,27x25
119379,755924,Edge-Loc,2,Test,lot45283,4.0,27,25,test,2,Edge-Loc,True,3.2823568e-06,5.0342472e-09,0.95410144,0.0003730408,0.0028212462,3.0330748e-05,2.7603915e-06,0.00022086395,0.042447124,0.946982735718801,0.8985111090004025,0.10281133806740106,True,0.6887173,in_distribution,correct,False,27x25
119387,755932,Edge-Loc,2,Test,lot45283,12.0,27,25,test,8,none,False,5.0318104e-05,2.0883439e-08,0.010694219,2.102796e-05,0.0018969364,5.0245285e-06,5.7965343e-07,0.000845157,0.9864867,0.9831469558899849,0.9700795135803417,0.04434424257575429,False,0.69862705,in_distribution,predicted_none,True,27x25
120035,756606,Edge-Loc,2,Test,lot45311,11.0,39,37,test,2,Edge-Loc,True,3.5706894e-06,1.3169184e-08,0.9197398,0.00037024918,0.0011340753,1.1360036e-05,3.2487694e-06,0.00017709554,0.07856056,0.9107606765192596,0.8238497138556491,0.14278000486684592,True,0.71986157,in_distribution,correct,False,39x37
120039,756610,Edge-Loc,2,Test,lot45311,15.0,39,37,test,7,Scratch,False,4.375702e-05,5.780131e-05,0.08456261,0.0003333235,0.085035026,1.5665308e-05,0.0001197164,0.68376946,0.1460627,0.66547164560629,0.5130813869332993,0.4549925368363941,True,0.7476826,in_distribution,predicted_other_defect,False,39x37
120043,756614,Edge-Loc,2,Test,lot45311,19.0,39,37,test,8,none,False,3.1354102e-05,6.3597355e-07,0.23413181,0.0001936563,0.02630578,2.0564603e-05,4.0379207e-05,0.00019056849,0.73908526,0.7267773296671676,0.4843083739462939,0.31256186739020514,True,0.6983832,in_distribution,predicted_none,False,39x37
120044,756615,Edge-Loc,2,Test,lot45311,20.0,39,37,test,8,none,False,0.00014745908,9.322394e-08,0.079381585,3.7244685e-05,0.0064556636,1.247467e-05,3.6098118e-06,0.0002751296,0.9136867,0.9036794360280849,0.8160328534980403,0.1589338574332308,True,0.89705294,in_distribution,predicted_none,False,39x37
120047,756618,Edge-Loc,2,Test,lot45311,23.0,39,37,test,8,none,False,8.341801e-06,1.09882095e-08,0.4308357,0.0003880051,0.0027044779,1.9356741e-05,2.449624e-06,7.058067e-05,0.5659711,0.5624456321543944,0.12899939824075174,0.3235699477450005,True,0.84781367,in_distribution,predicted_none,False,39x37
120048,756619,Edge-Loc,2,Test,lot45311,24.0,39,37,test,8,none,False,0.00061555346,5.647058e-08,0.41864565,0.0003280068,0.0032370612,5.4025313e-05,6.3202933e-06,0.0008908173,0.5762225,0.5718724444492849,0.1503647617798936,0.3296632721252126,True,0.8475985,in_distribution,predicted_none,False,39x37
120049,756620,Edge-Loc,2,Test,lot45311,25.0,39,37,test,2,Edge-Loc,True,0.00015860998,2.945734e-07,0.9790419,0.0033605061,0.0020174203,7.595378e-05,4.3068903e-05,0.0005469297,0.01475535,0.9741155072635416,0.9563806684356794,0.06618961256789238,True,0.678319,in_distribution,correct,False,39x37
120150,756721,Edge-Loc,2,Test,lot45316,1.0,39,37,test,2,Edge-Loc,True,9.307165e-06,6.4014163e-09,0.95083135,0.00029534884,0.0028113597,1.6321066e-05,5.192939e-06,5.3087984e-05,0.045978047,0.9435237126254868,0.8912285799025835,0.10656549707997214,True,0.69455755,in_distribution,correct,False,39x37
120152,756723,Edge-Loc,2,Test,lot45316,3.0,39,37,test,2,Edge-Loc,True,3.4833272e-06,9.9113564e-08,0.64678395,0.00022874324,0.02341087,1.2284802e-05,8.072945e-06,0.0016113626,0.32794118,0.6374910405038625,0.3042197128967146,0.3486536903845761,True,0.70693344,in_distribution,correct,False,39x37
120154,756725,Edge-Loc,2,Test,lot45316,5.0,39,37,test,8,none,False,6.6104644e-06,5.4441654e-07,0.034493923,5.06163e-05,0.0025389474,6.6527173e-06,2.772919e-06,0.0017481804,0.9611518,0.9544978188676546,0.9147035650489811,0.09405305470013929,True,0.94225216,in_distribution,predicted_none,False,39x37
120155,756726,Edge-Loc,2,Test,lot45316,6.0,39,37,test,2,Edge-Loc,True,1.2338139e-06,3.099071e-09,0.9845036,0.00033203588,0.001420043,3.6101699e-06,5.3708536e-06,2.0205682e-05,0.013713833,0.9810089890018641,0.9644427475050015,0.046796684005002954,False,0.6671329,in_distribution,correct,False,39x37
120156,756727,Edge-Loc,2,Test,lot45316,7.0,39,37,test,2,Edge-Loc,True,2.2265272e-05,5.528449e-08,0.9169763,0.00027266782,0.0033864244,2.4390269e-05,7.530589e-06,0.00016552562,0.07914492,0.9075028801092149,0.8200367740945442,0.1504862161131989,True,0.70574117,in_distribution,correct,False,39x37
120170,756741,Edge-Loc,2,Test,lot45316,21.0,39,37,test,8,none,False,1.6333439e-05,1.6795257e-08,0.4362792,0.0001763401,0.002501397,1.3146485e-05,2.548341e-06,0.00018445052,0.5608266,0.5575751047353712,0.11889062993955263,0.32324836563337006,True,0.8206125,in_distribution,predicted_none,False,39x37
120172,756743,Edge-Loc,2,Test,lot45316,23.0,39,37,test,2,Edge-Loc,True,1.0773572e-06,7.07898e-08,0.81852067,0.009646863,0.0022938054,5.1186697e-05,2.4940906e-05,7.536855e-05,0.16938598,0.8061291951888212,0.6270392052708205,0.25159093044745984,True,0.80584514,in_distribution,correct,False,39x37
120325,756896,Edge-Loc,2,Test,lot45323,1.0,39,37,test,2,Edge-Loc,True,5.8464525e-06,7.630732e-08,0.768659,0.0055117114,0.0039250217,5.5762375e-05,3.2821612e-05,8.5786334e-05,0.22172396,0.7570801144061974,0.5261170917778637,0.2783736069704753,True,0.68652254,in_distribution,correct,False,39x37
120329,756900,Edge-Loc,2,Test,lot45323,5.0,39,37,test,2,Edge-Loc,True,4.561629e-08,1.5458171e-09,0.9987828,0.00028454867,0.00024233702,3.3152967e-06,2.6164e-06,2.642822e-06,0.00068166165,0.9982753010213278,0.9973291470287653,0.006600919263494892,False,0.65161943,in_distribution,correct,False,39x37
120346,756917,Edge-Loc,2,Test,lot45323,22.0,39,37,test,8,none,False,1.3197675e-06,4.6900994e-09,0.23477636,0.00010667938,0.0012332075,4.4263566e-06,6.229814e-07,4.2072268e-05,0.76383543,0.7538030195912158,0.5094644934280684,0.2593905488257349,True,0.9351696,in_distribution,predicted_none,False,39x37
120352,756923,Edge-Loc,2,Test,lot45324,3.0,39,37,test,2,Edge-Loc,True,4.906621e-06,5.3344436e-08,0.5215862,0.0011797782,0.00444461,3.1747564e-05,9.025802e-06,0.0002284394,0.47251529,0.5196808825266804,0.04679158834881075,0.33506581863728757,True,0.71622515,in_distribution,correct,False,39x37
120366,756937,Edge-Loc,2,Test,lot45324,17.0,39,37,test,2,Edge-Loc,True,7.600987e-10,3.1222902e-10,0.997399,0.0025709425,1.7424272e-05,1.5830484e-06,1.1659483e-06,1.4573687e-06,8.534163e-06,0.9965892186082068,0.9932290918344178,0.010514148900535918,False,0.72864294,in_distribution,correct,False,39x37
120367,756938,Edge-Loc,2,Test,lot45324,18.0,39,37,test,2,Edge-Loc,True,2.7434435e-06,4.111705e-08,0.80736065,0.00022550796,0.0059316936,1.3005544e-05,4.2451793e-06,0.00046673376,0.18599539,0.7958323654040408,0.5999585125650488,0.24788392061734235,True,0.70003754,in_distribution,correct,False,39x37
120368,756939,Edge-Loc,2,Test,lot45324,19.0,39,37,test,2,Edge-Loc,True,2.9936534e-06,2.181625e-08,0.5482209,0.0004028102,0.0016030745,1.4033173e-05,2.3689247e-06,0.0001631231,0.4495907,0.5456258296190284,0.09414750611773076,0.3226212579317969,True,0.7983709,in_distribution,correct,False,39x37
120371,756942,Edge-Loc,2,Test,lot45324,22.0,39,37,test,2,Edge-Loc,True,6.082935e-08,5.726661e-09,0.98198813,0.00013789382,0.0029342999,3.3765355e-06,2.6642665e-06,7.954565e-05,0.014854052,0.9779982160314511,0.9601303095356649,0.05361245109940345,False,0.7120588,in_distribution,correct,False,39x37
120675,757246,Edge-Loc,2,Test,lot45337,1.0,39,37,test,8,none,False,3.5836638e-05,1.0042436e-07,0.27487555,0.019294662,0.0011645765,7.4979725e-05,2.3559058e-05,0.00038430237,0.7041464,0.6931198603344356,0.4108371298684795,0.3239840948071829,True,0.9342549,in_distribution,predicted_none,False,39x37
120677,757248,Edge-Loc,2,Test,lot45337,3.0,39,37,test,2,Edge-Loc,True,4.3242594e-08,2.6143052e-08,0.8987586,0.0015487853,0.0019906785,7.556257e-06,7.2614475e-06,0.00012380542,0.09756322,0.8885577596827918,0.7819546427571121,0.17001473918740448,True,0.7726996,in_distribution,correct,False,39x37
120679,757250,Edge-Loc,2,Test,lot45337,5.0,39,37,test,2,Edge-Loc,True,7.115333e-06,5.6552203e-09,0.9470967,0.00077368034,0.00060071144,1.7359596e-05,5.140504e-06,5.650342e-05,0.051442727,0.9397737713922676,0.8815714479468751,0.10848963191143932,True,0.6983769,in_distribution,correct,False,39x37
120680,757251,Edge-Loc,2,Test,lot45337,6.0,39,37,test,8,none,False,1.5943935e-07,5.4637415e-08,0.49017996,0.005799504,0.0023509841,2.6311636e-05,1.33558515e-05,0.00018747816,0.50144213,0.5001728871050526,0.010733092706764868,0.3419972078222978,True,0.89792526,in_distribution,predicted_none,False,39x37
120683,757254,Edge-Loc,2,Test,lot45337,9.0,39,37,test,2,Edge-Loc,True,3.383339e-07,4.0528922e-09,0.85770947,0.00019609922,0.0016549361,6.3727052e-06,1.3504334e-06,0.00010516154,0.14032629,0.8470287889919982,0.6966755324979587,0.20145145141300957,True,0.78569764,in_distribution,correct,False,39x37
120693,757264,Edge-Loc,2,Test,lot45337,19.0,39,37,test,8,none,False,5.326206e-06,4.6472078e-08,0.19435589,0.00043697926,0.0022351895,1.1853884e-05,2.1167523e-06,0.00071290263,0.80223966,0.7912023168320268,0.586879569641036,0.24491552867026692,True,0.8107289,in_distribution,predicted_none,False,39x37
120696,757267,Edge-Loc,2,Test,lot45337,22.0,39,37,test,8,none,False,0.0008037854,5.657213e-09,0.12312292,0.00028571417,0.001258217,3.3895387e-05,3.3643146e-06,6.199117e-05,0.87443006,0.8638254711395237,0.730966147379641,0.18994441569575904,True,0.98122996,in_distribution,predicted_none,False,39x37
120697,757268,Edge-Loc,2,Test,lot45337,23.0,39,37,test,8,none,False,3.0394087e-06,1.0304381e-07,0.027011199,0.0002852446,0.0027532703,1.1715065e-05,9.601607e-06,0.000111689864,0.9698141,0.964260066020219,0.9327024778079261,0.07707466766069859,True,0.89245796,in_distribution,predicted_none,False,39x37
120699,757270,Edge-Loc,2,Test,lot45337,25.0,39,37,test,2,Edge-Loc,True,2.3467048e-07,2.1615572e-08,0.5042996,0.00023762736,0.00285545,8.299058e-06,2.778002e-06,5.670711e-05,0.49253932,0.5035907757771833,0.011220671014820882,0.32689866568830184,True,0.89338785,in_distribution,correct,False,39x37
121098,757689,Edge-Loc,2,Test,lot45354,25.0,39,37,test,8,none,False,1.5600044e-06,7.683859e-09,0.017751196,2.873547e-05,0.0008553258,1.6847655e-06,3.9061638e-07,0.000106904095,0.9812542,0.9774316748686439,0.9562466519249938,0.05179945833231384,False,0.7784386,in_distribution,predicted_none,True,39x37
121282,757873,Edge-Loc,2,Test,lot45362,9.0,39,37,test,2,Edge-Loc,True,5.7264915e-06,1.5040606e-05,0.551681,0.114009865,0.027868267,0.00014705207,0.00054896885,0.017601138,0.28812304,0.5386491698754019,0.24897877954241238,0.5187894803034618,True,0.7866923,in_distribution,correct,False,39x37
121548,758186,Edge-Loc,2,Test,lot45375,1.0,39,37,test,2,Edge-Loc,True,0.0063560377,5.1944335e-07,0.87537414,0.0009905596,0.0161795,0.00017105599,0.00015666666,0.008211154,0.092560366,0.8606946884968776,0.7599932423883033,0.24222970809707803,True,0.84275454,in_distribution,correct,False,39x37
121553,758191,Edge-Loc,2,Test,lot45375,6.0,39,37,test,2,Edge-Loc,True,1.7156974e-06,8.934485e-06,0.9116739,0.067500345,0.015656773,7.437559e-05,0.00046878157,0.003237148,0.0013780365,0.8998090198214669,0.8248983455556855,0.18351695160717424,True,0.60126114,in_distribution,correct,False,39x37
121554,758192,Edge-Loc,2,Test,lot45375,7.0,39,37,test,8,none,False,3.5873697e-06,1.580761e-07,0.06333317,3.7761234e-05,0.008507487,3.5617043e-06,3.2201688e-06,0.0010286102,0.9270824,0.9174139590346149,0.8466878651878557,0.1473731471616983,True,0.8361769,in_distribution,predicted_none,False,39x37
121555,758193,Edge-Loc,2,Test,lot45375,8.0,39,37,test,2,Edge-Loc,True,1.9895934e-09,1.9903565e-09,0.910151,0.08980966,6.1007895e-06,5.091114e-06,2.3931387e-05,9.976994e-07,3.1738316e-06,0.9012276345056021,0.8025197785517051,0.14699971452504024,True,0.8127133,in_distribution,correct,False,39x37
121601,758239,Edge-Loc,2,Test,lot45377,4.0,39,37,test,2,Edge-Loc,True,4.2311626e-06,9.958383e-06,0.8923221,0.0013076324,0.10502224,4.3096657e-05,0.0010406253,3.1764514e-05,0.00021834983,0.8820939640876219,0.7677709244573356,0.1741873772428881,True,0.7328626,in_distribution,correct,False,39x37
121612,758250,Edge-Loc,2,Test,lot45377,15.0,39,37,test,4,Loc,False,0.042922147,2.365497e-05,0.42945227,0.00021494275,0.5236441,0.00017320536,0.0026218074,0.00031593212,0.0006319471,0.5183530671847679,0.08942560951818296,0.40123333466325184,True,0.85431767,in_distribution,predicted_other_defect,False,39x37
121620,758259,Edge-Loc,2,Test,lot45377,24.0,39,37,test,2,Edge-Loc,True,2.096232e-10,2.6410516e-09,0.9952675,0.0046715625,5.0950206e-05,2.3662599e-06,7.3445744e-06,2.6670992e-07,5.7828117e-08,0.9939632570434884,0.9880233029596642,0.017030485838592464,False,0.62573373,in_distribution,correct,False,39x37
121649,758288,Edge-Loc,2,Test,lot45379,3.0,39,37,test,2,Edge-Loc,True,2.772858e-06,4.322807e-05,0.92313427,0.032126613,0.00804479,0.00012325728,0.00027791745,0.023739679,0.012507535,0.9101166982105389,0.8732704419143552,0.19118933969735544,True,0.8269669,in_distribution,correct,False,39x37
121653,758292,Edge-Loc,2,Test,lot45379,7.0,39,37,test,2,Edge-Loc,True,5.061896e-07,5.0362818e-08,0.92572737,0.010825652,0.0025052878,2.48651e-05,6.9142575e-06,0.0005780242,0.060331304,0.9153725950684115,0.8479073180710925,0.156712982831416,True,0.69534844,in_distribution,correct,False,39x37
121657,758296,Edge-Loc,2,Test,lot45379,11.0,39,37,test,2,Edge-Loc,True,1.4737196e-05,3.0562603e-07,0.84993917,0.008515972,0.0032626349,7.50203e-05,3.568043e-05,0.0009796476,0.13717687,0.8373319765115576,0.6906176286222094,0.23240085705930266,True,0.63151044,in_distribution,correct,False,39x37
121662,758301,Edge-Loc,2,Test,lot45379,16.0,39,37,test,8,none,False,0.00070918363,2.2454171e-06,0.18641317,0.0006825781,0.026945006,9.337822e-05,6.1091014e-05,0.0051849126,0.7799083,0.765563648097372,0.5703932529880753,0.30856194928003633,True,0.7699792,in_distribution,predicted_none,False,39x37
121700,758362,Edge-Loc,2,Test,lot45382,4.0,39,37,test,2,Edge-Loc,True,1.1814063e-07,1.5345768e-07,0.9508775,0.04779188,0.00048193018,2.688947e-05,3.9934424e-05,0.00012925187,0.0006524023,0.9438504864665118,0.8895706947832054,0.10312972048442208,True,0.60826385,in_distribution,correct,False,39x37
121706,758368,Edge-Loc,2,Test,lot45382,10.0,39,37,test,2,Edge-Loc,True,3.7787324e-13,5.8157774e-11,0.5917677,0.40823072,8.446148e-08,2.3529304e-07,1.1954171e-06,1.1786271e-08,3.3366367e-12,0.587720465597738,0.17544372511528444,0.30844162748796156,True,1.2959574,review,correct,False,39x37
121959,758622,Edge-Loc,2,Test,lot45392,14.0,39,37,test,2,Edge-Loc,True,3.711955e-06,2.0177643e-08,0.95940256,0.00037673407,0.0018670056,9.194996e-06,4.231306e-06,0.00022565393,0.03811085,0.9528831903163926,0.9091112485874897,0.09315073421624574,True,0.65603524,in_distribution,correct,False,39x37
121979,758642,Edge-Loc,2,Test,lot45393,9.0,39,37,test,2,Edge-Loc,True,4.0402683e-06,9.107742e-08,0.57492656,0.001474614,0.008215314,2.7948157e-05,1.8112167e-05,0.00056267495,0.41477063,0.5700420508695168,0.15270172754551725,0.3408422015826635,True,0.6817068,in_distribution,correct,False,39x37
121985,758648,Edge-Loc,2,Test,lot45393,15.0,39,37,test,2,Edge-Loc,True,6.1756605e-10,4.6610643e-10,0.99323046,0.0067536216,1.1093983e-05,1.1844375e-06,1.8497043e-06,8.7844984e-07,8.8002287e-07,0.9915309173358444,0.9830891681322329,0.022325912848846004,False,0.64593536,in_distribution,correct,False,39x37
122072,758735,Edge-Loc,2,Test,lot45397,2.0,39,37,test,2,Edge-Loc,True,1.5891852e-07,4.3379e-08,0.99847203,0.00018497098,0.0012990074,6.7722385e-06,2.0185764e-05,2.445054e-06,1.4273555e-05,0.9979036905657118,0.9961524051477956,0.007385270176276876,False,0.43214983,in_distribution,correct,False,39x37
122282,758969,Edge-Loc,2,Test,lot45406,12.0,39,37,test,2,Edge-Loc,True,1.2246835e-07,3.4698715e-07,0.9962112,0.0025547147,0.0011404691,1.7503993e-05,4.737482e-05,2.5568572e-05,2.7247531e-06,0.994966791716668,0.9916285622923185,0.016179768515556102,False,0.4905492,in_distribution,correct,False,39x37
122720,759410,Edge-Loc,2,Test,lot45424,25.0,39,37,test,4,Loc,False,8.937644e-05,5.073709e-06,0.08117492,6.362732e-05,0.5216211,2.428115e-05,4.821727e-05,0.0015857574,0.39538762,0.5151041998486604,0.11975252781379653,0.4264869055990406,True,0.7786685,in_distribution,predicted_other_defect,False,39x37
123231,759940,Edge-Loc,2,Test,lot45446,12.0,39,37,test,2,Edge-Loc,True,4.1516756000000004e-27,2.757337e-16,0.9998616,0.00013840063,1.685741e-13,4.2104525e-10,2.721618e-09,2.1714581999999997e-19,3.504535e-30,0.9997934851140069,0.9995869779752438,0.0008915296756316412,False,2.8727212,out_of_distribution,correct,False,39x37
124669,761417,Edge-Loc,2,Test,lot45506,3.0,39,37,test,2,Edge-Loc,True,3.8715316e-05,1.8886718e-07,0.6521163,0.00037874482,0.010181755,4.684286e-05,1.5537555e-05,0.00043638967,0.33678553,0.6439693698328608,0.3013430462879244,0.32488006583215356,True,0.66806054,in_distribution,correct,False,39x37
125518,762280,Edge-Loc,2,Test,lot45541,3.0,39,37,test,2,Edge-Loc,True,3.188293e-08,1.9770461e-07,0.97326726,5.185649e-06,0.026668126,2.2733723e-06,5.688105e-05,3.982354e-08,3.5966796e-08,0.9686868571208487,0.9374751406711859,0.06372197484550711,True,0.6794856,in_distribution,correct,False,39x37
125529,762291,Edge-Loc,2,Test,lot45541,14.0,39,37,test,2,Edge-Loc,True,1.545135e-08,3.2336809e-09,0.99299,0.0067911115,6.7508336e-05,5.8140827e-06,1.3229326e-05,8.8999235e-07,0.00013138718,0.9911810296074149,0.9826955689759813,0.023779883641892197,False,0.6031858,in_distribution,correct,False,39x37
125605,762391,Edge-Loc,2,Test,lot45545,15.0,39,37,test,8,none,False,5.1354724e-05,1.497663e-06,0.17462689,7.6765515e-05,0.054824855,3.8812228e-05,1.39682725e-05,0.0010968043,0.76926905,0.7545807755095417,0.5714559427557728,0.3209822206389293,True,0.7568531,in_distribution,predicted_none,False,39x37
125843,762629,Edge-Loc,2,Test,lot45555,3.0,39,37,test,2,Edge-Loc,True,3.796269e-05,1.1397798e-06,0.97345155,0.0015396101,0.0055190795,0.00019021213,5.5573924e-05,0.00026407003,0.018940765,0.967735768345217,0.945249817414206,0.07776171641919961,True,0.64667845,in_distribution,correct,False,39x37
125874,762660,Edge-Loc,2,Test,lot45556,9.0,39,37,test,2,Edge-Loc,True,2.1889818e-07,1.3773804e-07,0.9963678,0.0004661403,0.0028101527,1.0829304e-05,2.441136e-05,7.860127e-05,0.00024164042,0.9951564761376743,0.9915000490442917,0.015770989123274917,False,0.4005925,in_distribution,correct,False,39x37
126185,762972,Edge-Loc,2,Test,lot45568,21.0,39,37,test,2,Edge-Loc,True,2.465235e-10,1.0987128e-07,0.99352455,7.4098143e-06,0.006454976,2.4868743e-06,1.0462956e-05,7.789316e-08,4.9206568e-09,0.9918795984815802,0.9837941319810782,0.021588738553917065,False,0.64792746,in_distribution,correct,False,39x37
127169,763982,Edge-Loc,2,Test,lot45610,11.0,33,32,test,8,none,False,9.888811e-06,1.8686043e-08,0.17243698,0.00092946953,0.0050876695,2.8841181e-05,1.0011706e-05,7.0800554e-05,0.8214263,0.8098686684374783,0.6274726585120329,0.23812211539022132,True,0.8015644,in_distribution,predicted_none,False,33x32
127173,763986,Edge-Loc,2,Test,lot45610,15.0,33,32,test,2,Edge-Loc,True,1.0599175e-06,3.0884975e-09,0.99508923,0.0024681962,0.0005153025,1.44957785e-05,9.821608e-06,1.7418874e-05,0.0018844515,0.993481586001526,0.9902527494529063,0.020918739534427924,False,0.5519637,in_distribution,correct,False,33x32
127179,763992,Edge-Loc,2,Test,lot45610,21.0,33,32,test,2,Edge-Loc,True,4.9264726e-09,4.335209e-09,0.7459831,0.2539404,3.2669283e-05,3.219797e-06,1.6959157e-05,2.3509265e-05,1.8649637e-08,0.736645033620398,0.4734105134853012,0.26293587344518626,True,0.98914707,in_distribution,correct,False,33x32
127268,764081,Edge-Loc,2,Test,lot45614,10.0,33,32,test,8,none,False,6.298258e-05,2.2011232e-08,0.27146423,0.046249732,0.007122254,7.180479e-05,1.6615973e-05,0.00024027715,0.6747721,0.6621222904987293,0.38459403594132985,0.37618439802775694,True,1.1227329,in_distribution,predicted_none,False,33x32
127742,764569,Edge-Loc,2,Test,lot45633,23.0,34,34,test,0,Center,False,0.72566265,3.2933833e-06,0.14848913,0.00016689117,0.08869478,6.7376e-05,0.00034900534,0.00031026377,0.036256664,0.7076625148614399,0.5521285938895186,0.40852396921345324,True,1.004578,in_distribution,predicted_other_defect,False,34x34
127753,764581,Edge-Loc,2,Test,lot45634,10.0,34,34,test,6,Random,False,2.6673217e-11,0.00157152,0.2933045,6.7568903e-06,0.00020463603,0.29624766,0.40866485,3.8549213e-09,6.2647343e-10,0.4049094127647962,0.10709952836330949,0.5014625293964268,True,1.2276134,review,predicted_other_defect,False,34x34
127767,764595,Edge-Loc,2,Test,lot45634,24.0,34,34,test,6,Random,False,3.079611e-13,0.00019746136,0.39226872,2.5501126e-06,8.59209e-06,0.13509816,0.47242448,3.6816297e-10,5.159249e-12,0.4671794862167482,0.07600320039650471,0.4559079675929944,True,1.4172391,review,predicted_other_defect,False,34x34
128488,765372,Edge-Loc,2,Training,lot45667,25.0,48,48,test,2,Edge-Loc,True,1.8116148e-15,3.825679e-10,0.99985445,0.0001436922,3.227749e-07,4.767052e-09,1.4475953e-06,9.392864e-10,3.3599792999999998e-18,0.9997826602258693,0.9995686204847283,0.0009417237027216521,False,1.5904137,out_of_distribution,correct,False,48x48
128543,765432,Edge-Loc,2,Training,lot45670,10.0,48,48,test,2,Edge-Loc,True,3.409525e-21,2.226633e-13,0.9995826,0.00041740367,1.3552068e-10,1.8653065e-10,4.362317e-08,6.656872e-14,9.307642e-25,0.9994073827881875,0.9988148600604434,0.002274270899189566,False,2.315927,out_of_distribution,correct,False,48x48
129342,766300,Edge-Loc,2,Test,lot45705,5.0,44,41,test,2,Edge-Loc,True,6.506042e-06,0.00012761955,0.86850387,0.0115677,0.114264674,1.6553298e-05,0.0014066985,0.0041009337,5.4524817e-06,0.855594464952804,0.7322589680076422,0.22376987650389385,True,1.0046564,in_distribution,correct,False,44x41
129344,766302,Edge-Loc,2,Test,lot45705,7.0,44,41,test,8,none,False,8.611069e-06,1.9057604e-06,0.1864046,0.0034344855,0.009084886,4.4117165e-05,2.1142107e-05,0.037869994,0.76313025,0.7476514088669199,0.5530562018198693,0.3385405249597592,True,0.91089296,in_distribution,predicted_none,False,44x41
129346,766304,Edge-Loc,2,Test,lot45705,9.0,44,41,test,2,Edge-Loc,True,5.4744112e-05,1.9534968e-06,0.92077476,0.0049708653,0.013337818,6.8352005e-05,7.983718e-05,0.025827078,0.03488463,0.9078069371217657,0.8679495269549692,0.19182789440958475,True,0.6771337,in_distribution,correct,False,44x41
129347,766305,Edge-Loc,2,Test,lot45705,10.0,44,41,test,2,Edge-Loc,True,2.9813194e-11,1.4030174e-08,0.5607879,0.43919384,5.755313e-06,3.823056e-07,1.1773027e-05,2.622098e-07,3.7021503e-13,0.5580679824715794,0.11616586198796258,0.3125440897352051,True,1.509712,review,correct,False,44x41
129349,766307,Edge-Loc,2,Test,lot45705,12.0,44,41,test,2,Edge-Loc,True,2.8258887e-08,9.200779e-09,0.998882,0.00076678215,0.00033089923,1.7357162e-06,4.5133293e-06,9.944112e-06,4.0397e-06,0.9984318848351739,0.9973731435367892,0.005849524799772811,False,0.48134977,in_distribution,correct,False,44x41
129394,766352,Edge-Loc,2,Test,lot45707,7.0,44,41,test,2,Edge-Loc,True,4.4647004e-07,2.625939e-07,0.57610536,0.42079738,0.00050341495,3.2581847e-05,3.203819e-05,0.000910485,0.0016180843,0.5720900332830091,0.14827029899518462,0.3232989732190443,True,0.9242826,in_distribution,correct,False,44x41
129397,766355,Edge-Loc,2,Test,lot45707,10.0,44,41,test,4,Loc,False,0.00029719571,2.3986402e-05,0.13546377,0.00014632303,0.4675499,7.985774e-05,0.00012042989,0.0100263925,0.3862922,0.4614165783347081,0.07689910079821882,0.48292643304933136,True,0.8325624,in_distribution,predicted_other_defect,False,44x41
129398,766356,Edge-Loc,2,Test,lot45707,11.0,44,41,test,2,Edge-Loc,True,0.00037794793,0.0002790735,0.52479935,0.0095167095,0.18015672,0.0002996148,0.00096708036,0.10012249,0.18348102,0.5104449608819631,0.32333098619931044,0.579430915192283,True,0.9068859,in_distribution,correct,False,44x41
129405,766363,Edge-Loc,2,Test,lot45707,18.0,44,41,test,2,Edge-Loc,True,1.774747e-13,6.191284e-10,0.71195,0.2880428,1.560051e-07,4.1831186e-07,6.552403e-06,9.762656e-09,5.0655105e-14,0.703515556597422,0.40704314949865494,0.2767101426405096,True,1.3758059,review,correct,False,44x41
130038,766996,Edge-Loc,2,Test,lot45733,1.0,44,41,test,2,Edge-Loc,True,2.4788224e-06,1.8660273e-08,0.9983803,0.00068659923,0.0008131382,8.689606e-06,1.0005309e-05,6.0323688e-05,3.8493148e-05,0.9977377792882292,0.9966182377659585,0.008352858504459435,False,0.5385184,in_distribution,correct,False,44x41
130042,767000,Edge-Loc,2,Test,lot45733,5.0,44,41,test,2,Edge-Loc,True,8.392068e-06,4.8297712e-05,0.5892208,0.0005057673,0.36140347,2.37735e-05,0.00027287443,0.04811771,0.0003989231,0.5809157729457727,0.21667361827872517,0.38803185083456737,True,0.6378808,in_distribution,correct,False,44x41
130061,767019,Edge-Loc,2,Test,lot45733,24.0,44,41,test,2,Edge-Loc,True,3.3812032e-07,2.0018975e-08,0.98086977,0.00042696646,0.0015843468,5.3207314e-06,4.206557e-06,0.00016725413,0.01694172,0.976771071796221,0.956515672184557,0.055362178284076725,False,0.644273,in_distribution,correct,False,44x41
130301,767259,Edge-Loc,2,Test,lot45743,14.0,44,41,test,2,Edge-Loc,True,1.6339395e-07,1.1162953e-05,0.99566084,0.001073692,0.0006974605,0.00010090847,0.002455562,8.787466e-08,3.698266e-10,0.9941903042944649,0.9909767235238924,0.019124773173638494,False,1.0677078,in_distribution,correct,False,44x41
130308,767266,Edge-Loc,2,Test,lot45743,21.0,44,41,test,2,Edge-Loc,True,1.0184007e-05,5.965772e-07,0.51298517,0.00081153424,0.011909993,3.1389867e-05,2.3154664e-05,0.0020776524,0.47215024,0.510502321623699,0.03887829917390451,0.3557878746264354,True,0.6701676,in_distribution,correct,False,44x41
130581,767540,Edge-Loc,2,Test,lot45754,20.0,44,41,test,2,Edge-Loc,True,9.7306665e-06,8.2910316e-05,0.5423357,0.00066913303,0.38592383,4.6699406e-05,0.00037857163,0.06705982,0.0034935367,0.5348866477122121,0.1483848051190404,0.4224818320750696,True,0.67659587,in_distribution,correct,False,44x41
130586,767545,Edge-Loc,2,Test,lot45754,25.0,44,41,test,4,Loc,False,2.1371023e-05,2.09464e-05,0.028621648,1.5503256e-05,0.9441162,6.5968493e-06,5.9541246e-05,0.0028032078,0.02433511,0.9346248606127826,0.9014581480737937,0.13633095823679914,True,0.6372135,in_distribution,predicted_other_defect,False,44x41
130889,767872,Edge-Loc,2,Test,lot45768,3.0,44,41,test,4,Loc,False,1.15732654e-07,1.0700612e-05,0.08158288,1.30082135e-05,0.91816443,2.1707997e-06,8.048176e-05,9.267468e-05,5.3647196e-05,0.90949110065723,0.8193680953566099,0.13960798163069527,True,0.78090954,in_distribution,predicted_other_defect,False,44x41
130892,767875,Edge-Loc,2,Test,lot45768,6.0,44,41,test,3,Edge-Ring,False,6.266974e-14,6.9572174e-11,0.46542042,0.53457797,1.2609878e-08,6.156637e-08,1.5227588e-06,9.121008e-09,8.952113e-14,0.5330242756092465,0.06605142437628697,0.3144888033241016,True,1.3136685,review,predicted_other_defect,False,44x41
130893,767876,Edge-Loc,2,Test,lot45768,7.0,44,41,test,2,Edge-Loc,True,8.864169e-09,1.4630888e-08,0.9996202,0.0001425312,0.00022183041,3.7540185e-06,6.805621e-06,4.3302293e-06,5.741173e-07,0.9994367269377474,0.9991127352197136,0.002402160644637799,False,0.49482736,in_distribution,correct,False,44x41
130901,767884,Edge-Loc,2,Test,lot45768,15.0,44,41,test,2,Edge-Loc,True,2.3123757e-06,4.7009055e-07,0.9416803,0.0007092145,0.0048218947,1.950707e-05,1.1770952e-05,0.006816424,0.04593806,0.9323783453297462,0.8802648033353482,0.13551046862290606,True,0.7050303,in_distribution,correct,False,44x41
130938,767921,Edge-Loc,2,Test,lot45770,2.0,44,41,test,2,Edge-Loc,True,8.121033e-06,0.0012812845,0.55902016,0.006191667,0.37921232,0.0002483811,0.036614668,0.00090867776,0.016514743,0.5499352703665176,0.1703066443004796,0.43709872681817263,True,0.972335,in_distribution,correct,False,44x41
130940,767923,Edge-Loc,2,Test,lot45770,4.0,44,41,test,2,Edge-Loc,True,1.0442382e-08,1.849407e-07,0.97432536,0.02531642,0.00021976157,1.2361452e-05,2.5892943e-05,9.0582e-05,9.378499e-06,0.9697643485962892,0.9400629271605682,0.06318320863476681,True,0.602459,in_distribution,correct,False,44x41
130950,767933,Edge-Loc,2,Test,lot45770,14.0,44,41,test,2,Edge-Loc,True,8.5773354e-07,4.3954565e-06,0.9746937,0.018935816,0.0056737117,7.9146186e-05,0.000411153,0.00019886269,2.285227e-06,0.9693896836510962,0.9468983291829927,0.07218435130557944,True,0.6887341,in_distribution,correct,False,44x41
130951,767934,Edge-Loc,2,Test,lot45770,15.0,44,41,test,2,Edge-Loc,True,2.2624953e-07,1.780462e-07,0.994756,0.00053485046,0.0035561072,6.764281e-06,1.3385232e-05,0.00044111998,0.00069134415,0.9930591716047322,0.9884835380587697,0.02211795435247021,False,0.5273458,in_distribution,correct,False,44x41
130954,767937,Edge-Loc,2,Test,lot45770,18.0,44,41,test,8,none,False,4.098404e-06,3.3556515e-07,0.2797235,0.00017850981,0.019676905,1.1440452e-05,7.925658e-06,0.0046429224,0.69575435,0.6845140729005597,0.3977784641834187,0.33486422720416514,True,0.78376555,in_distribution,predicted_none,False,44x41
131098,768081,Edge-Loc,2,Test,lot45776,12.0,44,41,test,2,Edge-Loc,True,2.158873e-05,1.424066e-07,0.9810814,0.00033735033,0.0070832837,2.6729142e-05,2.1258507e-05,0.0014012262,0.010026976,0.9764617642676486,0.96419338010075,0.0616665896934065,False,0.6341018,in_distribution,correct,False,44x41
131109,768092,Edge-Loc,2,Test,lot45776,23.0,44,41,test,2,Edge-Loc,True,5.077119e-06,4.6310306e-06,0.9797131,0.0059355223,0.008398362,6.103445e-05,0.0001264662,0.0051669437,0.0005888203,0.9745895706725058,0.9642375575163346,0.06831328945487607,True,0.56528044,in_distribution,correct,False,44x41
131170,768154,Edge-Loc,2,Test,lot45779,10.0,44,41,test,2,Edge-Loc,True,1.6657042e-06,6.6591575e-08,0.9389232,0.060799535,0.00013265811,1.8357354e-05,6.3120235e-05,6.028566e-05,1.1507117e-06,0.931356421174576,0.8631328343163572,0.11524181652430847,True,0.7336091,in_distribution,correct,False,44x41
131220,768204,Edge-Loc,2,Test,lot45781,10.0,44,41,test,2,Edge-Loc,True,1.2392284e-06,9.089365e-09,0.9989497,0.0007597909,0.00025790327,4.0449513e-06,1.681588e-05,9.400399e-06,1.1843026e-06,0.9985214515154639,0.9974719042797776,0.005568470578638611,False,0.6419339,in_distribution,correct,False,44x41
131222,768206,Edge-Loc,2,Test,lot45781,12.0,44,41,test,2,Edge-Loc,True,3.6353229e-06,1.2098879e-08,0.98763263,0.0077591697,0.00034791644,3.1923075e-05,1.3612733e-05,0.00036479192,0.0038463422,0.9843628599595464,0.9747425601772743,0.04317497764657525,False,0.66350734,in_distribution,correct,False,44x41
131230,768214,Edge-Loc,2,Test,lot45781,20.0,44,41,test,2,Edge-Loc,True,1.182598e-07,1.610826e-07,0.99850696,0.0003742814,0.0010436795,1.0486714e-05,1.564784e-05,2.3475657e-05,2.5230369e-05,0.9979229212985459,0.9965019419456701,0.0075926688191436074,False,0.43429294,in_distribution,correct,False,44x41
131436,768423,Edge-Loc,2,Test,lot45791,1.0,44,41,test,2,Edge-Loc,True,3.79584e-07,3.6869096e-06,0.9793565,0.0007997182,0.017274268,9.009576e-06,8.750475e-05,0.0021564951,0.00031236582,0.9748492563147325,0.9542245540841694,0.06091093489197729,True,0.51250046,in_distribution,correct,False,44x41
131459,768446,Edge-Loc,2,Test,lot45791,24.0,44,41,test,2,Edge-Loc,True,6.696661e-06,2.4351878e-06,0.93819976,0.00024074093,0.032472074,2.6200267e-05,3.599055e-05,0.0010341957,0.027981997,0.9283291059532661,0.8909421291604015,0.14389324682473378,True,0.566281,in_distribution,correct,False,44x41
131462,768449,Edge-Loc,2,Test,lot45792,2.0,44,41,test,2,Edge-Loc,True,2.3077784e-05,2.0692976e-06,0.50215894,0.00024601986,0.06433942,2.2344899e-05,3.6645648e-05,0.027273165,0.40589836,0.49516642118700815,0.09106471619673151,0.45992371192583154,True,0.74566406,in_distribution,correct,False,44x41
131472,768459,Edge-Loc,2,Test,lot45792,12.0,44,41,test,8,none,False,1.4785361e-05,9.7242115e-08,0.11679106,8.1199985e-05,0.007153444,8.188201e-06,3.4241189e-06,0.0022446534,0.8737031,0.8620122394392005,0.7358504093702807,0.20443921897879572,True,0.8148129,in_distribution,predicted_none,False,44x41
131569,768556,Edge-Loc,2,Test,lot45796,9.0,44,41,test,2,Edge-Loc,True,3.1244113e-08,3.200244e-08,0.9989498,0.00013472073,0.0008509028,2.4133567e-06,6.003515e-06,4.920124e-05,6.9856774e-06,0.9985258157581387,0.9973563862556474,0.00551515154001353,False,0.5442419,in_distribution,correct,False,44x41
131843,768852,Edge-Loc,2,Test,lot45808,8.0,44,41,test,2,Edge-Loc,True,4.3453436e-08,1.0477337e-07,0.9484079,0.051295202,0.00017139185,9.865901e-06,1.7884e-05,9.133796e-05,6.238722e-06,0.9414835597509703,0.8834118095686341,0.10283841122788762,True,0.6111961,in_distribution,correct,False,44x41
131912,768921,Edge-Loc,2,Test,lot45811,2.0,44,41,test,8,none,False,1.8262406e-05,1.0469915e-06,0.12622868,0.00028942956,0.012057335,2.4095163e-05,1.30660765e-05,0.005403712,0.8559644,0.8429283145876414,0.7074280129912145,0.2337055330281572,True,0.8108992,in_distribution,predicted_none,False,44x41
131933,768942,Edge-Loc,2,Test,lot45811,23.0,44,41,test,2,Edge-Loc,True,6.381749e-05,2.2929105e-06,0.826022,0.001440189,0.062626556,4.9251306e-05,0.0001241383,0.0047157323,0.10495604,0.8100048696140433,0.6970604827114161,0.2942205343840764,True,0.607995,in_distribution,correct,False,44x41
132070,769079,Edge-Loc,2,Test,lot45817,10.0,44,41,test,2,Edge-Loc,True,2.5346521e-06,2.6808294e-07,0.7483914,0.0016482786,0.0037578458,4.288323e-05,1.1202923e-05,0.0042741923,0.24187134,0.7371040129302555,0.4864458561637809,0.29069032829818436,True,0.775293,in_distribution,correct,False,44x41
132413,769445,Edge-Loc,2,Test,lot45832,3.0,44,41,test,8,none,False,1.0556087e-06,3.219068e-07,0.08155891,0.0005211995,0.001589797,1.02645245e-05,3.8546254e-06,0.0032169141,0.91309774,0.9031149923906276,0.8131748992648768,0.1591329970079217,True,0.91557217,in_distribution,predicted_none,False,44x41
132423,769455,Edge-Loc,2,Test,lot45832,13.0,44,41,test,4,Loc,False,1.1963314e-06,8.219094e-06,0.4786698,0.00016830994,0.5205613,1.975526e-05,0.00028649985,4.9600105e-05,0.0002353748,0.5194485370499723,0.03999337932358904,0.3193595160565291,True,0.7104674,in_distribution,predicted_other_defect,False,44x41
132542,769596,Edge-Loc,2,Test,lot45838,7.0,44,41,test,2,Edge-Loc,True,1.6877832e-05,1.1693541e-05,0.72756124,0.00022515882,0.13597961,2.2669361e-05,0.00012939787,0.041695938,0.09435741,0.7093388591618484,0.5663606440410118,0.4097022819423827,True,0.74669653,in_distribution,correct,False,44x41
132548,769602,Edge-Loc,2,Test,lot45838,13.0,44,41,test,8,none,False,8.239919e-06,9.889382e-08,0.14102356,2.8854372e-05,0.023573184,6.0475995e-06,2.672384e-06,0.0036849878,0.83167243,0.8178603227828676,0.6676380642995369,0.2607600343910432,True,0.8693554,in_distribution,predicted_none,False,44x41
132550,769604,Edge-Loc,2,Test,lot45838,15.0,44,41,test,2,Edge-Loc,True,2.6076423e-06,6.2165623e-06,0.90197766,0.0004170909,0.09217624,2.070309e-05,0.000113586306,0.0048694974,0.00041641263,0.8915587865422882,0.7905880591541871,0.17093052494914585,True,0.5368426,in_distribution,correct,False,44x41
132554,769608,Edge-Loc,2,Test,lot45838,19.0,44,41,test,2,Edge-Loc,True,1.0752874e-05,3.078882e-06,0.9585917,0.0004483863,0.02901031,2.7244483e-05,7.358137e-05,0.0032105092,0.008624458,0.9508144741790198,0.917128880358089,0.1088843837047208,True,0.5476275,in_distribution,correct,False,44x41
132559,769613,Edge-Loc,2,Test,lot45838,24.0,44,41,test,2,Edge-Loc,True,4.6732762e-07,1.5001557e-07,0.98257315,0.000116652714,0.009204712,6.3510115e-06,8.787134e-06,0.00044583256,0.007643829,0.9783866018091978,0.9670749337403213,0.05582364251925978,False,0.6383169,in_distribution,correct,False,44x41
132560,769614,Edge-Loc,2,Test,lot45838,25.0,44,41,test,2,Edge-Loc,True,5.7696985e-07,4.1960035e-07,0.9553711,0.00058204023,0.0073267324,1.0362402e-05,2.1207003e-05,0.0035965845,0.033091005,0.9473286452593863,0.9091493734192242,0.11355291698382429,True,0.6724983,in_distribution,correct,False,44x41
132978,770054,Edge-Loc,2,Test,lot45856,18.0,44,41,test,2,Edge-Loc,True,1.971173e-06,5.750685e-06,0.9471225,0.0010466641,0.043710276,8.1171675e-05,0.0001497523,0.0008290936,0.007052896,0.9386336782362668,0.8888773834708703,0.12293078738875643,True,0.54372257,in_distribution,correct,False,44x41
132979,770055,Edge-Loc,2,Test,lot45856,19.0,44,41,test,2,Edge-Loc,True,1.0625144e-05,9.407666e-06,0.72608304,0.000112251124,0.2123486,1.8856443e-05,6.86398e-05,0.0030632901,0.05828532,0.7117932935311766,0.4917697585484875,0.352925959217592,True,0.6800672,in_distribution,correct,False,44x41
133011,770087,Edge-Loc,2,Test,lot45858,1.0,44,41,test,2,Edge-Loc,True,2.5875428e-05,2.596459e-05,0.40323663,0.00036893884,0.110498585,3.231367e-05,8.892283e-05,0.28802937,0.19769338,0.3962204134981633,0.10888045526557932,0.5927666872177015,True,0.85938245,in_distribution,correct,False,44x41
133018,770094,Edge-Loc,2,Test,lot45858,8.0,44,41,test,2,Edge-Loc,True,3.1755235e-08,5.4460805e-05,0.6090515,0.00026337834,0.012243029,2.9099729e-06,0.0001888043,0.3781888,7.0573724e-06,0.6025501305569735,0.22028027510211773,0.3368534271643328,True,1.3616664,review,correct,False,44x41
133022,770098,Edge-Loc,2,Test,lot45858,12.0,44,41,test,2,Edge-Loc,True,5.508702e-09,4.4807895e-09,0.9996953,1.5401236e-05,0.00028499827,4.964435e-07,1.6291544e-06,1.8840865e-06,3.3808686e-07,0.9995550147647054,0.9991434167706555,0.0018321870571667892,False,0.6267386,in_distribution,correct,False,44x41
133218,770294,Edge-Loc,2,Test,lot45866,8.0,44,41,test,2,Edge-Loc,True,7.926373e-08,3.4623352e-07,0.99517244,0.000716466,0.0031177045,1.7547534e-05,1.7764556e-05,0.00034560068,0.0006121039,0.9935680022077777,0.9895321598506993,0.020896964292568414,False,0.5062015,in_distribution,correct,False,44x41
133219,770295,Edge-Loc,2,Test,lot45866,9.0,44,41,test,2,Edge-Loc,True,7.2988426e-10,4.4211795e-08,0.9992587,0.00028064297,0.00044304656,1.2908596e-06,7.865829e-06,8.389244e-06,4.868548e-09,0.998937321460428,0.9983101853426956,0.004184779574633905,False,0.64198244,in_distribution,correct,False,44x41
133475,770574,Edge-Loc,2,Test,lot45877,15.0,44,41,test,2,Edge-Loc,True,1.1301043e-09,3.2621665e-09,0.9968656,0.0030450965,4.361284e-05,2.889909e-06,3.8945313e-06,5.562365e-06,3.3251847e-05,0.9959082123755238,0.9919592953134443,0.01245643694110093,False,0.64528596,in_distribution,correct,False,44x41
133488,770611,Edge-Loc,2,Test,lot45879,3.0,44,41,test,2,Edge-Loc,True,1.9826375e-06,1.0513352e-06,0.7326364,0.00060478074,0.034498136,3.5784586e-05,3.0837007e-05,0.0039046963,0.22828631,0.7191810471754257,0.48300182566311933,0.3353680453645367,True,0.6890096,in_distribution,correct,False,44x41
133493,770616,Edge-Loc,2,Test,lot45879,8.0,44,41,test,2,Edge-Loc,True,6.5799014e-07,3.1426524e-07,0.93475485,0.00067034113,0.014097453,2.3127406e-05,1.2143987e-05,0.0007321119,0.04970905,0.9250274205351977,0.8688846613928877,0.1440617954218522,True,0.62930155,in_distribution,correct,False,44x41
133501,770624,Edge-Loc,2,Test,lot45879,16.0,44,41,test,2,Edge-Loc,True,8.993194e-07,2.0260822e-07,0.9679727,0.0009558558,0.0062957243,2.4976436e-05,1.5423077e-05,0.0009844784,0.0237498,0.9615741379899442,0.9336927695089913,0.08814566701989894,True,0.61342967,in_distribution,correct,False,44x41
134278,771425,Edge-Loc,2,Test,lot45911,18.0,44,41,test,2,Edge-Loc,True,1.3125065e-14,2.4991764e-09,0.99983954,9.389903e-08,0.00015755386,6.555618e-09,2.7574638e-06,1.2770661e-12,1.4622174e-17,0.999761161515946,0.9995274471373182,0.0010269272007151235,False,1.5162923,review,correct,False,44x41
134482,771629,Edge-Loc,2,Test,lot45919,22.0,44,41,test,2,Edge-Loc,True,1.181737e-05,6.450687e-06,0.862797,0.00067333545,0.056101136,7.244977e-05,9.5141564e-05,0.017019052,0.063223556,0.8467957814454061,0.77699208683752,0.26694279856445413,True,0.6224842,in_distribution,correct,False,44x41
134544,771691,Edge-Loc,2,Test,lot45922,9.0,44,41,test,4,Loc,False,1.3793746e-05,2.5307485e-05,0.15942907,4.6842702e-05,0.7863365,1.4266747e-05,0.00012292719,0.0065040365,0.04750719,0.7709400960672436,0.6029827622862387,0.317220480263878,True,0.7404162,in_distribution,predicted_other_defect,False,44x41
134917,772068,Edge-Loc,2,Test,lot45938,7.0,44,41,test,2,Edge-Loc,True,0.0001271932,4.46532e-06,0.5910889,0.00015280735,0.37537685,3.4713146e-05,0.00015183596,0.002034441,0.031028712,0.5835192524846967,0.20529233383511736,0.37349994948525944,True,0.6109081,in_distribution,correct,False,44x41
135171,772346,Edge-Loc,2,Test,lot45950,11.0,41,42,test,8,none,False,6.712836e-05,4.9546986e-07,0.049689922,0.0010512867,0.004546655,4.7478727e-05,1.47583e-05,0.0020050395,0.9425773,0.9338286977591,0.8776216817888621,0.12837770039533852,True,0.8413836,in_distribution,predicted_none,False,41x42
135354,772538,Edge-Loc,2,Test,lot45958,19.0,41,42,test,4,Loc,False,8.879615e-08,1.4619263e-05,0.47973436,1.9836249e-05,0.5198097,8.082552e-06,0.00041230852,9.820222e-07,9.096271e-09,0.5188136705472405,0.0382649265308494,0.3174924902895239,True,0.97085744,in_distribution,predicted_other_defect,False,41x42
135360,772544,Edge-Loc,2,Test,lot45958,25.0,41,42,test,2,Edge-Loc,True,6.65442e-05,4.482219e-06,0.8108457,6.907225e-05,0.18819149,5.001753e-05,0.00023023383,2.1666836e-05,0.00052071124,0.8002657219408444,0.6018980613212807,0.23213621066729948,True,0.787215,in_distribution,correct,False,41x42
136469,773732,Edge-Loc,2,Test,lot46008,10.0,41,45,test,8,none,False,0.00014094904,1.986792e-06,0.017525174,2.248388e-05,0.039201066,9.614984e-06,7.573766e-06,0.005596013,0.9374951,0.9272810196236089,0.8825462779984843,0.14858868590020852,True,0.90906364,in_distribution,predicted_none,False,41x45
138031,775350,Edge-Loc,2,Test,lot46075,7.0,41,45,test,2,Edge-Loc,True,1.3017011e-10,5.7540137e-09,0.9920339,0.007928425,2.897586e-05,1.7437919e-06,6.7220294e-06,2.3651818e-07,3.0788783e-10,0.9901025889747026,0.9802665781880434,0.025462571831640978,False,0.7687267,in_distribution,correct,False,41x45
139798,777222,Edge-Loc,2,Test,lot46153,1.0,47,32,test,2,Edge-Loc,True,1.7253546e-08,1.6917035e-07,0.9972228,0.0009177534,0.0011353927,3.0202732e-06,1.2474659e-05,0.0006822899,2.6170426e-05,0.9961897272030912,0.9946505177219714,0.013412347706759484,False,0.6026056,in_distribution,correct,False,47x32
139816,777240,Edge-Loc,2,Test,lot46153,19.0,47,32,test,8,none,False,8.457863e-06,1.809575e-06,0.054389536,0.0003548887,0.011829896,9.351267e-06,0.000121280405,0.0014336756,0.93185115,0.9219786963904831,0.8608183671843258,0.1474541605507512,True,0.8407719,in_distribution,predicted_none,False,47x32
141631,779089,Edge-Loc,2,Test,lot46229,9.0,42,44,test,8,none,False,2.2495806e-06,2.9467273e-07,0.4519763,0.00084075774,0.0027254154,8.848541e-06,1.1366694e-05,0.009366343,0.5350684,0.5316913073921493,0.07914027307532762,0.35152142061390435,True,0.8696803,in_distribution,predicted_none,False,42x44
141835,779311,Edge-Loc,2,Test,lot46238,13.0,42,44,test,2,Edge-Loc,True,4.505953e-06,1.2604272e-06,0.83962643,0.00017181924,0.036628272,2.1127165e-05,3.594815e-05,0.0028472065,0.120663494,0.8251705287860427,0.6957551539082989,0.26330098616727343,True,0.72892696,in_distribution,correct,False,42x44
142194,779670,Edge-Loc,2,Test,lot46252,22.0,42,44,test,2,Edge-Loc,True,4.522507e-07,1.6684922e-06,0.93581814,0.0005592428,0.01303493,1.6048005e-05,4.0685238e-05,0.01217672,0.03835209,0.9250952005032311,0.8813145698337627,0.1557736685192183,True,0.7460172,in_distribution,correct,False,42x44
142560,780037,Edge-Loc,2,Test,lot46267,14.0,42,44,test,2,Edge-Loc,True,3.5459237e-07,1.3238713e-06,0.9745831,0.00032309274,0.017511288,1.4020958e-05,4.2733398e-05,0.0023693538,0.0051546763,0.9689998159278991,0.9481331964815248,0.07567764114435264,True,0.63224596,in_distribution,correct,False,42x44
142937,780414,Edge-Loc,2,Test,lot46282,16.0,42,44,test,2,Edge-Loc,True,1.087532e-08,3.995989e-08,0.9980709,8.9681074e-05,0.0016752904,3.1044701e-06,5.9983354e-06,1.3055482e-05,0.0001420139,0.9973820468576112,0.9951495118699495,0.0089502476157344,False,0.56457084,in_distribution,correct,False,42x44
143571,781072,Edge-Loc,2,Test,lot46308,25.0,42,44,test,2,Edge-Loc,True,5.5144897e-06,2.0545294e-06,0.8841176,0.00040087602,0.022564841,2.5070285e-05,4.0306088e-05,0.024601879,0.068241924,0.869408524429835,0.7940941619507293,0.23590827657879135,True,0.7756506,in_distribution,correct,False,42x44
145358,782920,Edge-Loc,2,Test,lot46383,13.0,42,44,test,2,Edge-Loc,True,4.1266385e-06,7.569791e-07,0.9592404,0.0021199242,0.006080112,9.370151e-05,3.6455906e-05,0.0018467575,0.030577753,0.9515915681165406,0.9161639314942214,0.10713051563424392,True,0.6336418,in_distribution,correct,False,42x44
146786,784458,Edge-Loc,2,Test,lot46446,16.0,37,37,test,2,Edge-Loc,True,7.124624e-07,1.2747728e-07,0.80634326,0.0035808776,0.0020921454,3.261017e-05,6.3326916e-06,0.00073538173,0.18720856,0.7946940561532344,0.5976451105599111,0.25053725074899863,True,0.7435754,in_distribution,correct,False,37x37
146790,784462,Edge-Loc,2,Test,lot46446,20.0,37,37,test,8,none,False,3.6191432e-07,1.4636223e-07,0.2132786,0.006486955,0.0013088085,9.3575845e-06,1.0320728e-05,0.0025818439,0.7763236,0.7644383614091242,0.5418397195614938,0.2768075800988176,True,0.86370575,in_distribution,predicted_none,False,37x37
147011,784690,Edge-Loc,2,Training,lot46455,23.0,33,37,test,4,Loc,False,2.1156534e-06,1.853059e-05,0.13037552,1.4191273e-06,0.86896586,4.9274155e-07,0.0006358987,1.6494482e-07,6.8495964e-09,0.8587555528923339,0.7184183767040826,0.1879111778825002,True,1.1000564,in_distribution,predicted_other_defect,False,33x37
147242,784953,Edge-Loc,2,Training,lot46466,12.0,33,37,test,2,Edge-Loc,True,5.776823e-11,1.3162492e-09,0.99982363,0.00012535059,4.8758e-05,7.429448e-07,1.4086478e-06,7.195419e-08,2.143413e-10,0.9997317407882111,0.999543874069144,0.0012095495069275718,False,0.69699526,in_distribution,correct,False,33x37
148793,786608,Edge-Loc,2,Test,lot46532,19.0,33,37,test,8,none,False,4.9664422e-06,6.0239267e-09,0.02119071,2.34526e-05,0.001729499,2.9072012e-06,5.381937e-07,0.00014024977,0.9769076,0.9723840261198957,0.9473186330300445,0.06183941644050323,True,0.8148021,in_distribution,predicted_none,False,33x37
148987,786802,Edge-Loc,2,Test,lot46540,13.0,33,37,test,2,Edge-Loc,True,3.5902829e-06,5.7699003e-07,0.9209458,0.001696309,0.02513362,1.9487728e-05,4.5598903e-05,0.0017420909,0.050413,0.9094492365290902,0.8527049588814244,0.17332994476337188,True,0.5287489,in_distribution,correct,False,33x37
148988,786803,Edge-Loc,2,Test,lot46540,14.0,33,37,test,8,none,False,3.320409e-06,3.0785748e-07,0.12426465,7.2543386e-05,0.014966136,7.778091e-06,4.2381284e-06,0.0026685635,0.8580125,0.8452184175526261,0.7116746076484027,0.22895073838473323,True,0.7723472,in_distribution,predicted_none,False,33x37
148995,786810,Edge-Loc,2,Test,lot46540,21.0,33,37,test,2,Edge-Loc,True,6.3245e-07,6.9052966e-08,0.9843535,0.004785468,0.00046885782,3.27682e-05,1.9515372e-05,3.8495113e-05,0.010300771,0.9805352822411053,0.9679348001124262,0.050793624616149544,False,0.626782,in_distribution,correct,False,33x37
149249,787064,Edge-Loc,2,Test,lot46550,25.0,33,37,test,8,none,False,7.62155e-05,2.3831227e-07,0.14641494,0.00042706673,0.0062475675,3.0432884e-05,8.462972e-06,0.002108315,0.8446867,0.8326435988989228,0.6764603507719564,0.22849121885946333,True,0.79725975,in_distribution,predicted_none,False,33x37
150411,788227,Edge-Loc,2,Test,lot46598,12.0,33,37,test,8,none,False,0.00010658211,3.2545923e-08,0.09731739,4.2404336e-05,0.022985958,1.6088363e-05,7.949549e-06,3.9365532e-05,0.8794842,0.8670322016162699,0.7610912055853223,0.20994815638496778,True,0.91371614,in_distribution,predicted_none,False,33x37
152123,789991,Edge-Loc,2,Test,lot46669,3.0,51,30,test,2,Edge-Loc,True,1.4763189e-05,8.10919e-07,0.62711823,0.00035958007,0.11467022,5.0643863e-05,3.3914508e-05,0.004073585,0.25367823,0.6142712870019503,0.355449783493439,0.4263453924808174,True,0.72994095,in_distribution,correct,False,51x30
152138,790006,Edge-Loc,2,Test,lot46669,18.0,51,30,test,4,Loc,False,4.523962e-05,0.00025390624,0.17752323,0.00010219866,0.38306853,7.592761e-05,0.0002645614,0.20986897,0.2287974,0.3764044299969245,0.14630690430047336,0.6154435419925437,True,0.85124236,in_distribution,predicted_other_defect,False,51x30
153735,791690,Edge-Loc,2,Test,lot46739,8.0,29,26,test,2,Edge-Loc,True,3.427979e-07,7.6075155e-09,0.91021067,5.6005953e-05,0.0038475138,7.772701e-06,1.0393433e-06,0.00026847346,0.085608095,0.9004415406020303,0.8062363840173429,0.15787752572276614,True,0.8135574,in_distribution,correct,False,29x26
153822,791777,Edge-Loc,2,Test,lot46742,20.0,29,26,test,2,Edge-Loc,True,1.2627801e-07,2.5288585e-07,0.97708935,9.678129e-06,0.022868186,6.1591545e-06,1.2892075e-05,1.0450909e-05,2.8793088e-06,0.9729606049133489,0.9459924900731869,0.05684507144494317,True,0.5848491,in_distribution,correct,False,29x26
154809,792798,Edge-Loc,2,Test,lot46784,7.0,29,26,test,2,Edge-Loc,True,3.7017466e-07,2.4837195e-08,0.71437067,0.008479203,0.0018077696,1.6927608e-05,3.1457016e-06,0.0015504815,0.27377146,0.7037945365408205,0.42216770607377263,0.30850503529341083,True,0.8209556,in_distribution,correct,False,29x26
155031,793021,Edge-Loc,2,Test,lot46793,5.0,29,26,test,2,Edge-Loc,True,1.9356653e-06,2.421411e-07,0.93965346,0.023874491,0.0056535103,2.7128608e-05,1.9818222e-05,0.0030550188,0.027714385,0.9290097861280637,0.8968960221388286,0.15288842207977998,True,0.6806092,in_distribution,correct,False,29x26
155034,793024,Edge-Loc,2,Test,lot46793,8.0,29,26,test,2,Edge-Loc,True,8.835992e-14,1.9731303e-10,0.9934715,0.006526856,8.281336e-07,3.5351528e-07,4.9118665e-07,6.7085604e-09,2.6333868e-12,0.9918254027018143,0.9836540068729479,0.02160264605704166,False,1.0780274,in_distribution,correct,False,29x26
155412,793402,Edge-Loc,2,Test,lot46808,11.0,29,26,test,2,Edge-Loc,True,6.7342917e-06,1.2098418e-07,0.6681749,4.2767588e-05,0.1106044,5.595546e-06,8.485174e-06,0.0016392939,0.21951762,0.6543234155733433,0.4283027036338287,0.40013805526849716,True,0.72859305,in_distribution,correct,False,29x26
155425,793415,Edge-Loc,2,Test,lot46808,24.0,29,26,test,2,Edge-Loc,True,1.6370096e-08,2.5471342e-10,0.99965215,8.378804e-05,0.00024403754,1.6260823e-06,1.2052701e-06,1.5793481e-06,1.5610265e-05,0.9994834273352831,0.9991285240951953,0.002210793652953294,False,0.62699264,in_distribution,correct,False,29x26
155624,793614,Edge-Loc,2,Test,lot46816,23.0,29,26,test,8,none,False,6.474978e-07,4.021013e-08,0.17564668,0.00012081507,0.005078621,7.0326896e-06,1.3790357e-06,0.0014170391,0.8177276,0.8060855199140521,0.6205178788189638,0.2419551436266394,True,0.811306,in_distribution,predicted_none,False,29x26
156052,794086,Edge-Loc,2,Test,lot46836,1.0,29,26,test,2,Edge-Loc,True,2.0047773e-06,1.10368426e-08,0.6351856,0.00013605515,0.0040476224,4.8565535e-06,1.365155e-06,0.0011972134,0.3594253,0.6283778114263164,0.2635662870394314,0.31786857084134484,True,0.7877327,in_distribution,correct,False,29x26
156067,794101,Edge-Loc,2,Test,lot46836,16.0,29,26,test,8,none,False,1.3477234e-05,4.0166115e-09,0.4726527,2.800789e-05,0.01046816,5.620194e-06,1.0624642e-06,0.00057988585,0.516251,0.5141288050801935,0.041544482033788854,0.34461491954098056,True,0.8558447,in_distribution,predicted_none,False,29x26
156268,794302,Edge-Loc,2,Test,lot46844,17.0,29,26,test,2,Edge-Loc,True,4.8603885e-11,1.5951236e-09,0.99944955,0.0005272918,1.9043073e-05,2.6713994e-06,1.2025265e-06,2.1423344e-07,5.764794e-10,0.999220889000039,0.9984802579522907,0.002973459337106723,False,0.734607,in_distribution,correct,False,29x26
156437,794471,Edge-Loc,2,Test,lot46851,11.0,29,26,test,2,Edge-Loc,True,2.479415e-08,2.0836401e-08,0.98914087,2.0103318e-05,0.010819974,9.011985e-07,1.06924335e-05,4.237864e-06,3.2145927e-06,0.986706691554846,0.9734786876604204,0.032374083493433174,False,0.5570904,in_distribution,correct,False,29x26
157240,795298,Edge-Loc,2,Test,lot46885,14.0,29,26,test,8,none,False,8.255346e-07,1.0059511e-08,0.2966426,2.0653273e-05,0.005317228,4.2658294e-06,6.892194e-07,0.00022213551,0.69779164,0.6887865510823855,0.38446903931408777,0.29797880512275543,True,0.8801141,in_distribution,predicted_none,False,29x26
158238,796322,Edge-Loc,2,Test,lot46926,14.0,29,26,test,2,Edge-Loc,True,6.433494e-08,1.6272369e-09,0.9971917,0.001384843,0.0003122577,4.464425e-06,7.145379e-06,6.0463203e-06,0.0010934375,0.9961753171383629,0.9943146300684826,0.013196003262017827,False,0.6621405,in_distribution,correct,False,29x26
158531,796615,Edge-Loc,2,Test,lot46938,7.0,29,26,test,2,Edge-Loc,True,7.2739394e-06,2.2694257e-08,0.696542,8.531813e-06,0.25541824,1.7725401e-06,9.5604455e-06,0.00025205614,0.047760565,0.6841840403628815,0.4216992080095425,0.3502726677890806,True,0.8694118,in_distribution,correct,False,29x26
158537,796621,Edge-Loc,2,Test,lot46938,13.0,29,26,test,2,Edge-Loc,True,5.960939e-08,1.657805e-08,0.9928895,0.0018135207,0.00074405875,7.2110174e-06,7.32797e-06,0.00010088782,0.004437376,0.9907422286459399,0.985092393635461,0.028054842916261886,False,0.6196335,in_distribution,correct,False,29x26
159010,797094,Edge-Loc,2,Test,lot46957,11.0,29,26,test,2,Edge-Loc,True,6.541191e-06,1.7221033e-08,0.6252769,8.547801e-05,0.00304663,8.022579e-06,2.2717506e-06,0.00040977378,0.37116435,0.6191699565183871,0.2428934372249827,0.31476647276918335,True,0.8125474,in_distribution,correct,False,29x26
159086,797170,Edge-Loc,2,Test,lot46960,12.0,29,26,test,2,Edge-Loc,True,4.786314e-06,5.8791613e-07,0.937144,0.0011734319,0.022619966,4.2134932e-05,3.1582716e-05,0.0031659463,0.03581757,0.9267740339842913,0.8857416335846685,0.1507609848499817,True,0.58638483,in_distribution,correct,False,29x26
159214,797298,Edge-Loc,2,Test,lot46965,15.0,29,26,test,2,Edge-Loc,True,1.009534e-06,9.27789e-06,0.6906606,4.4451386e-05,0.30902243,2.534999e-05,0.0001139817,6.7762885e-05,5.515344e-05,0.6827641187758589,0.36600457394289526,0.28632114287388066,True,0.6412594,in_distribution,correct,False,29x26
159270,797392,Edge-Loc,2,Test,lot46969,21.0,29,26,test,2,Edge-Loc,True,3.4107367e-07,1.059794e-07,0.92137086,0.0004227684,0.0031362087,1.6276816e-05,5.1818233e-06,0.0009262025,0.07412211,0.9119294501704845,0.8297472731636703,0.1477833717748558,True,0.690521,in_distribution,correct,False,29x26
160434,798582,Edge-Loc,2,Test,lot47018,11.0,29,26,test,2,Edge-Loc,True,1.5668012e-06,9.335351e-07,0.874806,6.874502e-05,0.052888464,7.935548e-06,1.34716865e-05,0.0069178226,0.06529516,0.860216091285068,0.7880478861501619,0.24030625242832263,True,0.76984465,in_distribution,correct,False,29x26
161276,799445,Edge-Loc,2,Test,lot47053,3.0,29,26,test,2,Edge-Loc,True,2.2481196e-08,1.2479302e-08,0.99837387,0.0003640145,0.0009746184,1.3745534e-06,8.093004e-06,0.000120401826,0.000157508,0.9977189225975222,0.996387974652821,0.008519265201675586,False,0.6729815,in_distribution,correct,False,29x26
162148,800340,Edge-Loc,2,Test,lot47088,25.0,29,26,test,7,Scratch,False,1.138919e-05,1.4695331e-06,0.13725118,0.0016491113,0.016144268,5.9612094e-06,2.1371114e-05,0.7965134,0.048401903,0.7797661739229472,0.6343245950585921,0.32776179212382434,True,1.0663819,in_distribution,predicted_other_defect,False,29x26
162465,800657,Edge-Loc,2,Test,lot47101,17.0,29,26,test,8,none,False,3.86205e-07,1.0856872e-07,0.15086687,4.638338e-05,0.011794859,5.7459456e-06,1.3858919e-06,0.0016585335,0.83562577,0.8231491224269699,0.6626217274259285,0.24028924005862423,True,0.84958017,in_distribution,predicted_none,False,29x26
163774,802001,Edge-Loc,2,Test,lot47157,6.0,29,26,test,2,Edge-Loc,True,2.9763907e-05,1.2487432e-06,0.44912425,4.1833682e-05,0.24529704,3.1118645e-05,2.6708578e-05,0.0019939824,0.30345416,0.4434464904023735,0.13848985940191433,0.4942234764042542,True,0.73491895,in_distribution,correct,False,29x26
164021,802248,Edge-Loc,2,Test,lot47167,3.0,29,26,test,2,Edge-Loc,True,1.8407141e-07,9.458789e-08,0.82902294,0.00014951912,0.007828477,8.917784e-06,3.452184e-06,0.00044673705,0.16253965,0.817199560803398,0.6447761140419496,0.2362117758679222,True,0.7602615,in_distribution,correct,False,29x26
165742,803999,Edge-Loc,2,Test,lot47238,24.0,33,35,test,4,Loc,False,1.6904046e-06,3.7913364e-06,0.39927262,5.339643e-05,0.5978578,1.12145535e-05,4.7525748e-05,0.0007435994,0.002008383,0.5929713106494658,0.18969446285629293,0.3186388924606129,True,0.62808484,in_distribution,predicted_other_defect,False,33x35
166768,805051,Edge-Loc,2,Test,lot47281,2.0,41,33,test,2,Edge-Loc,True,1.0220072e-05,3.8694418e-07,0.92563033,0.004302266,0.004244449,8.328928e-05,2.2194921e-05,0.0019657179,0.063741185,0.9153779775228937,0.844268390213011,0.1557254919433214,True,0.64965177,in_distribution,correct,False,41x33
166820,805103,Edge-Loc,2,Test,lot47283,4.0,41,33,test,2,Edge-Loc,True,1.653713e-06,4.5138913e-07,0.85503227,0.052099623,0.0031942725,8.910341e-05,3.6883357e-05,0.0036568905,0.08588883,0.8396104075087699,0.7460718339589969,0.26504224316307134,True,0.7444426,in_distribution,correct,False,41x33
166884,805167,Edge-Loc,2,Test,lot47285,18.0,41,33,test,8,none,False,1.957369e-05,7.804963e-07,0.1692034,0.00070971507,0.0027265002,4.2485586e-05,1.4361405e-05,0.002841528,0.8244417,0.8126985230847708,0.6335721359593427,0.238709992276082,True,0.7857396,in_distribution,predicted_none,False,41x33
166886,805169,Edge-Loc,2,Test,lot47285,20.0,41,33,test,2,Edge-Loc,True,1.4294727e-06,2.2502963e-06,0.774497,8.5722124e-05,0.2247669,3.779564e-05,9.568157e-05,4.31341e-05,0.00047015212,0.7644011512676856,0.5298502997398399,0.25210292502097154,True,0.5444558,in_distribution,correct,False,41x33
167907,806222,Edge-Loc,2,Test,lot47328,16.0,41,33,test,8,none,False,0.00014466852,5.3803187e-06,0.11219166,6.811185e-05,0.276108,5.1466006e-05,3.804236e-05,0.0040047187,0.6073879,0.5954670899265785,0.31499215493289784,0.43165307937045877,True,0.7992406,in_distribution,predicted_none,False,41x33
167914,806229,Edge-Loc,2,Test,lot47328,23.0,41,33,test,8,none,False,0.000105209234,1.2602702e-07,0.013728868,1.3062426e-05,0.0092162555,8.933596e-06,1.3500529e-06,0.00079634174,0.97612983,0.9708564657809654,0.9543100825999034,0.07123865459575596,True,0.6459926,in_distribution,predicted_none,False,41x33
167991,806306,Edge-Loc,2,Test,lot47331,25.0,41,33,test,8,none,False,0.00013300902,2.860215e-07,0.1875854,0.0023441634,0.0037782795,9.6203905e-05,1.346993e-05,0.000815065,0.805234,0.7934282986412258,0.5960557489778653,0.2536423421034387,True,0.90976924,in_distribution,predicted_none,False,41x33
168047,806362,Edge-Loc,2,Test,lot47334,6.0,41,33,test,4,Loc,False,0.00038791233,5.9225054e-06,0.40028298,9.3130424e-05,0.46693626,6.4593965e-05,9.609945e-05,0.0020754721,0.13005762,0.46170108911770286,0.06315034589341012,0.4633116523792718,True,0.7666965,in_distribution,predicted_other_defect,False,41x33
168403,806743,Edge-Loc,2,Test,lot47349,13.0,41,33,test,2,Edge-Loc,True,7.0331744e-06,1.6355195e-07,0.88022375,0.050117515,0.0011083029,0.00012577575,5.8544792e-05,0.0002470292,0.068111815,0.8665107175899884,0.7912675663812749,0.22548382446805862,True,0.78671885,in_distribution,correct,False,41x33
168411,806751,Edge-Loc,2,Test,lot47349,21.0,41,33,test,8,none,False,0.003577776,3.708873e-08,0.25800934,0.00025316994,0.0070173047,6.436297e-05,1.3033799e-05,0.00060500647,0.73045987,0.7194066544022389,0.4531055909843281,0.30214108449472843,True,0.9165108,in_distribution,predicted_none,False,41x33
168429,806769,Edge-Loc,2,Test,lot47350,14.0,41,33,test,2,Edge-Loc,True,2.2908441e-06,4.1113267e-06,0.7433092,0.00011077767,0.25606173,2.4316807e-05,0.00018065522,0.00018896646,0.00011787655,0.7338499411663911,0.46861471754905965,0.2671086759965648,True,0.5406647,in_distribution,correct,False,41x33
168812,807153,Edge-Loc,2,Test,lot47365,23.0,41,33,test,2,Edge-Loc,True,3.2634384e-06,3.11233e-07,0.98220944,0.0005447643,0.0065024053,2.8401808e-05,3.502713e-05,0.0003793067,0.010297104,0.977890678035885,0.9653022673379827,0.057613125608364624,False,0.5290946,in_distribution,correct,False,41x33
169840,808182,Edge-Loc,2,Test,lot47407,2.0,41,33,test,2,Edge-Loc,True,1.8647765e-10,5.6561657e-08,0.999432,2.4646355e-05,0.0005285513,2.6548496e-06,1.20474e-05,6.2054712e-09,5.287427e-10,0.9991930175054776,0.9984507054118166,0.0031109678939610567,False,0.72388756,in_distribution,correct,False,41x33
169851,808193,Edge-Loc,2,Test,lot47407,13.0,41,33,test,2,Edge-Loc,True,9.043953e-09,2.7686875e-08,0.99846786,9.136135e-06,0.0015147018,3.1956877e-06,5.0207327e-06,3.543212e-08,3.3058132e-08,0.9979419471110204,0.9959138651128587,0.006815599889726326,False,0.561946,in_distribution,correct,False,41x33
169916,808258,Edge-Loc,2,Test,lot47410,3.0,41,33,test,8,none,False,4.4085186e-06,1.0494689e-07,0.11206143,0.0021620751,0.0024877097,2.011464e-05,5.315154e-06,0.0021391104,0.8811197,0.8697951493300566,0.748405636774082,0.19523741668763667,True,0.8653059,in_distribution,predicted_none,False,41x33
170519,808908,Edge-Loc,2,Test,lot47436,6.0,41,33,test,2,Edge-Loc,True,0.00046412984,1.127501e-06,0.82434785,0.0038309074,0.012178958,0.0004744902,4.9772287e-05,0.007811719,0.15084113,0.8099179829540026,0.649934040231886,0.2754292143071651,True,0.7805555,in_distribution,correct,False,41x33
170942,809352,Edge-Loc,2,Test,lot47454,4.0,41,33,test,8,none,False,4.898772e-05,2.567417e-06,0.24742311,0.016495803,0.0044088303,0.00012994408,5.9745573e-05,0.004586334,0.7268447,0.7141251673169658,0.4589402945708658,0.33034307691072584,True,0.8277928,in_distribution,predicted_none,False,41x33
170952,809362,Edge-Loc,2,Test,lot47454,14.0,41,33,test,8,none,False,5.9508948e-05,6.6825464e-08,0.013827671,4.0082094e-05,0.0009191466,6.4344354e-06,1.2933488e-06,0.00097093306,0.9841749,0.980561275274654,0.9638660345552438,0.048394692908495976,False,0.7346437,in_distribution,predicted_none,True,41x33
171718,810182,Edge-Loc,2,Test,lot47490,10.0,26,30,test,4,Loc,False,2.1902642e-07,0.00013680865,0.32783818,0.00010605653,0.6540326,9.558947e-07,0.0001920793,0.017693115,1.5969844e-08,0.6452031530578388,0.31157096812672863,0.3340890290033968,True,1.1826814,review,predicted_other_defect,False,26x30
171723,810187,Edge-Loc,2,Test,lot47490,15.0,26,30,test,2,Edge-Loc,True,1.0948796e-06,7.6581136e-07,0.9573831,0.00043461064,0.013152912,1.6614069e-05,2.3515866e-05,0.0013476702,0.027639663,0.9495413291479198,0.9173815718999973,0.1100906528537733,True,0.6151952,in_distribution,correct,False,26x30
171728,810192,Edge-Loc,2,Test,lot47490,20.0,26,30,test,4,Loc,False,9.583549e-06,0.05079733,0.0018223918,1.4106775e-05,0.8649801,1.7556557e-08,0.0121526625,0.07022382,1.2297487e-14,0.8492668330411961,0.7720615560639986,0.2617515490102082,True,2.4633603,out_of_distribution,predicted_other_defect,False,26x30
171733,810197,Edge-Loc,2,Test,lot47490,25.0,26,30,test,2,Edge-Loc,True,5.3583216e-07,2.9040521e-08,0.9467815,0.0001619246,0.0076304106,4.432482e-06,4.1673084e-06,0.00056099857,0.044855922,0.9385565042457655,0.8875422254185014,0.11965903574197115,True,0.7042289,in_distribution,correct,False,26x30
172207,810673,Edge-Loc,2,Test,lot47510,1.0,26,30,test,2,Edge-Loc,True,1.03006465e-14,2.6218717e-05,0.9828115,6.7962856e-07,5.4210406e-05,0.01036478,0.006742558,1.4518318e-10,4.1184338e-13,0.9787965526583485,0.9661248281566426,0.05357915051895851,False,1.8782637,out_of_distribution,correct,False,26x30
172215,810681,Edge-Loc,2,Test,lot47510,9.0,26,30,test,2,Edge-Loc,True,3.9205795e-11,0.00029195793,0.90630853,1.2628932e-05,0.0076703103,0.0010761494,0.08464014,1.8307556e-07,2.533641e-10,0.8956528319700718,0.8025796283850075,0.1713239406903077,True,1.3046452,review,correct,False,26x30
172230,810696,Edge-Loc,2,Test,lot47510,24.0,26,30,test,2,Edge-Loc,True,5.0074016e-14,1.8994622e-05,0.9286939,7.774808e-07,0.0001339535,0.0040055728,0.06714671,8.14296e-10,2.0276138e-12,0.9198388959205607,0.8449779284356673,0.13641054362970811,True,1.4737505,review,correct,False,26x30
172452,810944,Edge-Loc,2,Test,lot47521,24.0,26,30,test,8,none,False,3.7115651e-06,5.243111e-07,0.03341069,0.0027705668,0.0018541304,8.97207e-06,3.8683015e-06,0.008924103,0.9530235,0.9445399696632609,0.9060316059325308,0.12003248761078895,True,0.98594195,in_distribution,predicted_none,False,26x30
172510,811002,Edge-Loc,2,Test,lot47524,7.0,26,30,test,8,none,False,6.361136e-06,6.4075516e-07,0.10234827,0.0012944344,0.0037735617,2.564149e-05,5.113607e-06,0.0076289237,0.8849171,0.8728847609430307,0.7616256342608665,0.20188300309955098,True,0.88647896,in_distribution,predicted_none,False,26x30
172691,811192,Edge-Loc,2,Test,lot47532,13.0,26,30,test,8,none,False,1.0754404e-05,1.7527927e-06,0.24648665,0.19128677,0.010194344,8.400957e-05,6.1452694e-05,0.0099775,0.5418968,0.5301613397630058,0.2803015224117747,0.5049239484392276,True,0.9420495,in_distribution,predicted_none,False,26x30
172699,811200,Edge-Loc,2,Test,lot47532,21.0,26,30,test,8,none,False,4.344475e-06,4.4650136e-07,0.46698967,0.05127126,0.009113467,8.3288185e-05,3.769296e-05,0.004262464,0.46823746,0.4643991010138817,0.0011818841401241564,0.4335060370426346,True,0.79801756,in_distribution,predicted_none,False,26x30
172702,811203,Edge-Loc,2,Test,lot47532,24.0,26,30,test,8,none,False,0.012757655,2.3112732e-05,0.17331554,0.037692375,0.029651059,0.00042617318,0.00022528975,0.16598739,0.5799215,0.5623928469924087,0.3849181079757945,0.5666855351366287,True,1.0724279,in_distribution,predicted_none,False,26x30
172805,811307,Edge-Loc,2,Test,lot47537,3.0,26,30,test,2,Edge-Loc,True,2.3168687e-08,2.2857746e-08,0.99865353,0.0008046434,0.00044908584,4.01456e-06,4.431191e-06,3.6070796e-05,4.8214093e-05,0.9981089783153674,0.9970004856873631,0.007080707591925429,False,0.53240216,in_distribution,correct,False,26x30
172806,811308,Edge-Loc,2,Test,lot47537,4.0,26,30,test,2,Edge-Loc,True,1.7790184e-08,2.9708689e-08,0.990704,0.0003661161,0.008818691,3.4251511e-06,1.4473911e-05,4.7689195e-05,4.5441768e-05,0.9884194185629962,0.9775358406909416,0.03020584110922123,False,0.56231344,in_distribution,correct,False,26x30
172815,811318,Edge-Loc,2,Test,lot47537,14.0,26,30,test,2,Edge-Loc,True,5.1352663e-07,3.2441042e-07,0.97188157,0.0006171036,0.02637391,1.6126589e-06,0.00010989998,0.0010147805,2.4004325e-07,0.9667373507487321,0.9358747377000168,0.07129605732803275,True,0.8642743,in_distribution,correct,False,26x30
172855,811360,Edge-Loc,2,Test,lot47539,6.0,26,30,test,4,Loc,False,5.0717254e-08,1.2345615e-05,0.45834067,1.3610711e-05,0.54102844,1.6237238e-06,0.00058585627,1.7373502e-05,2.5749161e-08,0.5390469706704977,0.07896024218290143,0.31709802554699784,True,0.9709119,in_distribution,predicted_other_defect,False,26x30
172859,811364,Edge-Loc,2,Test,lot47539,10.0,26,30,test,2,Edge-Loc,True,5.1070955e-08,0.00012305073,0.7384619,0.00047799828,0.2325087,6.226654e-07,0.0008531246,0.02757456,7.127785e-09,0.7258487496273297,0.48509906611986214,0.3177706443895431,True,1.4122993,review,correct,False,26x30
2269,2631,Loc,4,Training,lot106,15.0,26,26,test,4,Loc,True,0.000113965,0.0007605732,0.0009883399,2.705951e-07,0.9962878,8.8037055e-08,0.0017904239,5.441435e-05,4.039285e-06,0.9949619522009202,0.9925848368521257,0.017234150737686697,False,0.87785107,in_distribution,correct,False,26x26
2274,2638,Loc,4,Training,lot106,22.0,26,26,test,0,Center,False,0.7025734,8.3386614e-10,0.00022355648,4.1816698e-08,0.2945383,2.8942548e-08,6.882242e-06,1.5638334e-05,0.0026421396,0.6938098896519229,0.391328982616996,0.29008619025292454,True,1.1867701,review,predicted_other_defect,False,26x26
2535,2919,Loc,4,Training,lot118,3.0,26,26,test,4,Loc,True,0.00029119136,2.633537e-07,0.00071221835,1.0857427e-07,0.9987458,7.1353206e-08,4.41901e-05,1.2727972e-05,0.00019334271,0.9982180126586058,0.9972314181818203,0.006871792392529026,False,0.7380569,in_distribution,correct,False,26x26
4728,5315,Loc,4,Training,lot214,16.0,26,26,test,4,Loc,True,7.361623e-06,7.77799e-06,5.5538432e-05,5.0869243e-08,0.99976057,1.28531505e-08,8.279552e-05,2.1446776e-05,6.4335145e-05,0.9996271907636324,0.9995007681251478,0.0017661376991584686,False,0.7755401,in_distribution,correct,False,26x26
5704,6381,Loc,4,Training,lot257,9.0,26,26,test,4,Loc,True,9.922051e-07,2.6363956e-05,0.004417728,1.4422874e-06,0.99288005,3.0744522e-07,2.5633977e-05,0.002470544,0.00017695644,0.9907947703501762,0.9851684778908982,0.02725778468731717,False,0.61455387,in_distribution,correct,False,26x26
5759,6439,Loc,4,Training,lot259,17.0,26,26,test,4,Loc,True,1.573091e-05,5.680873e-05,0.001240818,5.1182616e-07,0.9960246,2.2090823e-07,0.00012927776,0.0024787018,5.3334148e-05,0.994690650696286,0.9914476568411705,0.0173558479870138,False,0.46739635,in_distribution,correct,False,26x26
6661,7553,Loc,4,Training,lot1388,4.0,36,34,test,4,Loc,True,1.9545218e-05,2.3907858e-06,0.0007166604,6.847074e-08,0.9991431,2.7263946e-08,1.1515885e-05,5.048858e-05,5.6062345e-05,0.9987858956474012,0.9977932383426025,0.00465638630181972,False,0.5478717,in_distribution,correct,False,36x34
6662,7554,Loc,4,Training,lot1388,5.0,36,34,test,4,Loc,True,3.607882e-06,4.4008026e-05,0.0008210636,2.7515813e-07,0.9976367,4.1739796e-08,2.4300158e-05,0.0014338573,3.618124e-05,0.9967739373601788,0.994850074345682,0.011205726357469812,False,0.45802665,in_distribution,correct,False,36x34
6663,7555,Loc,4,Training,lot1388,6.0,36,34,test,4,Loc,True,3.6970314e-06,1.34167385e-05,0.00030215067,1.080384e-07,0.99903727,1.6330782e-08,1.7274222e-05,0.0005812577,4.4870238e-05,0.9986245329029226,0.9978118424074653,0.005376697277017118,False,0.49927676,in_distribution,correct,False,36x34
6664,7556,Loc,4,Training,lot1388,7.0,36,34,test,4,Loc,True,3.21806e-07,5.231169e-05,0.0014021997,4.0105345e-08,0.99849534,2.6106203e-08,3.9005805e-05,1.0560558e-05,2.0131424e-07,0.9979540855760769,0.9960701243862049,0.007026938582185548,False,0.7033178,in_distribution,correct,False,36x34
6665,7557,Loc,4,Training,lot1388,8.0,36,34,test,4,Loc,True,4.5790057e-07,2.2279323e-06,9.356864e-05,4.1251536e-09,0.99989617,5.7218e-10,3.4913414e-06,3.8954895e-06,1.9778494e-07,0.9998396300564407,0.9996975309568296,0.000747455693426348,False,0.83219695,in_distribution,correct,False,36x34
6666,7558,Loc,4,Training,lot1388,9.0,36,34,test,4,Loc,True,6.844927e-07,6.437089e-06,0.0016450881,6.98768e-08,0.9983266,2.1314758e-08,1.8569383e-05,2.3621678e-06,1.3395729e-07,0.9977582941816964,0.9955639193743235,0.007368938469966513,False,0.7274667,in_distribution,correct,False,36x34
6667,7559,Loc,4,Training,lot1388,10.0,36,34,test,4,Loc,True,4.925461e-07,5.298916e-06,0.019914705,1.5837959e-06,0.9799646,3.1772308e-07,8.311729e-05,1.0939047e-05,1.8894058e-05,0.9761678977107051,0.952524558972201,0.05183738297069257,False,0.77341115,in_distribution,correct,False,36x34
6668,7561,Loc,4,Training,lot1388,12.0,36,34,test,4,Loc,True,2.0573088e-05,0.0001629799,0.0069726817,4.065522e-06,0.98304325,4.2767732e-07,0.00018766618,0.001085511,0.008522915,0.9787891524767542,0.9682794496493194,0.0565818677496785,False,0.56311893,in_distribution,correct,False,36x34
6670,7564,Loc,4,Training,lot1388,15.0,36,34,test,8,none,False,1.791957e-05,5.8882356e-06,0.013256924,6.0239863e-06,0.3416351,1.9734334e-06,1.248693e-05,0.0037662273,0.6412975,0.6328360837410809,0.28600793872644303,0.3402316718314351,True,0.7409892,in_distribution,predicted_none,False,36x34
6809,12353,Loc,4,Training,lot2049,19.0,34,34,test,4,Loc,True,2.6104988e-05,1.7114535e-05,1.5607799e-05,2.0571702e-09,0.99992716,2.6201769e-10,1.085996e-05,2.9917485e-06,7.683105e-08,0.999880609792721,0.999838618069817,0.0006251886785298001,False,0.74629706,in_distribution,correct,False,34x34
8411,41434,Loc,4,Training,lot3636,14.0,36,36,test,4,Loc,True,1.727187e-07,1.3903495e-05,0.00056500465,4.2942844e-08,0.99937856,8.206234e-09,1.7758977e-05,2.3577268e-05,8.873706e-07,0.9991166174662117,0.9983255097751661,0.0034129852312413693,False,0.65313756,in_distribution,correct,False,36x36
8673,57722,Loc,4,Training,lot4612,13.0,42,29,test,4,Loc,True,2.8652e-09,0.00071928784,3.4537552e-05,9.861311e-09,0.99786216,5.426862e-10,4.5990757e-05,0.0013379919,1.5756398e-09,0.9970764493122642,0.99527545006045,0.010198446977859566,False,1.1640927,in_distribution,correct,False,42x29
8832,66389,Loc,4,Training,lot5049,6.0,89,76,test,1,Donut,False,7.7018433e-07,0.5636784,3.2494537e-08,1.3066412e-10,0.43134928,1.1857243e-12,2.2523007e-05,0.0049490193,3.5711685e-12,0.5600821432515758,0.1262877336809864,0.3269562821219543,True,1.2443105,review,predicted_other_defect,False,89x76
8833,66672,Loc,4,Training,lot5068,6.0,89,76,test,4,Loc,True,1.1407951e-10,1.569784e-07,4.5003748e-05,9.889791e-12,0.99995184,1.0145288e-12,3.0169329e-06,8.083348e-13,2.8110247e-20,0.999923694535694,0.9998530558419333,0.00037372179139438387,False,2.7068918,out_of_distribution,correct,False,89x76
8834,66673,Loc,4,Training,lot5068,7.0,89,76,test,4,Loc,True,4.098423e-05,0.0003445031,0.030454973,0.00035269698,0.93321633,8.101678e-05,0.001290112,0.025220629,0.0089986455,0.9217562415765889,0.8866611735522586,0.16643157941123132,True,0.78549016,in_distribution,correct,False,89x76
8835,66682,Loc,4,Training,lot5069,16.0,89,76,test,4,Loc,True,1.3703152e-05,3.9479175e-05,7.668306e-06,1.6758656e-09,0.9999064,1.2483585e-09,1.9133733e-05,1.352243e-05,1.8516031e-09,0.9998483129779436,0.9997859810675288,0.0007775360590589266,False,1.0212685,in_distribution,correct,False,89x76
8898,70803,Loc,4,Training,lot5315,20.0,33,33,test,4,Loc,True,1.3305117e-06,0.0007179638,0.0023499469,1.0431914e-07,0.9954863,3.149067e-08,0.0014435147,8.05268e-07,2.6417547e-08,0.9939864821373587,0.9909051387419335,0.019490563692279743,False,1.0393147,in_distribution,correct,False,33x33
8909,71638,Loc,4,Training,lot5381,15.0,33,33,test,4,Loc,True,1.05805384e-07,3.0551433e-07,0.00010338946,7.955362e-09,0.9998723,5.068091e-09,7.1830664e-06,1.6527696e-05,1.747418e-07,0.9998031076396348,0.9996468005355152,0.0009140067901878667,False,0.90853894,in_distribution,correct,False,33x33
8952,73659,Loc,4,Training,lot5504,16.0,33,33,test,4,Loc,True,1.2173112e-05,2.8478878e-06,0.012007358,3.326116e-06,0.9438252,1.7298172e-06,4.1357587e-05,0.02498268,0.019123359,0.9337787927367402,0.9046688327757819,0.14323292965887194,True,0.77986526,in_distribution,correct,False,33x33
8953,73661,Loc,4,Training,lot5504,18.0,33,33,test,8,none,False,4.2851974e-05,2.1609465e-06,0.020140585,1.147248e-05,0.29052818,5.1935094e-06,2.4555566e-05,0.06603705,0.62320787,0.6106255895776068,0.31600652307845944,0.4270061768998434,True,0.93593997,in_distribution,predicted_none,False,33x33
8954,73665,Loc,4,Training,lot5504,22.0,33,33,test,4,Loc,True,6.0379284e-06,1.5297113e-06,0.0045964266,8.877673e-07,0.98763996,4.6078725e-07,2.7609205e-05,0.0059162485,0.0018107044,0.9842840262993376,0.9768591878426546,0.04419237255381897,False,0.72015953,in_distribution,correct,False,33x33
8961,74227,Loc,4,Training,lot5529,3.0,45,45,test,4,Loc,True,1.2032679e-06,3.7812202e-05,6.7681203e-06,3.4948977e-10,0.9999435,4.1716488e-11,3.3403235e-06,7.375789e-06,2.479153e-09,0.999907927880683,0.9998481102998216,0.00047653514301281377,False,0.8453081,in_distribution,correct,False,45x45
9009,76805,Loc,4,Training,lot5668,25.0,35,36,test,4,Loc,True,0.000263159,6.229442e-05,5.5981072e-05,1.0424692e-08,0.99955267,5.689607e-10,1.4953112e-05,5.0558243e-05,4.528105e-07,0.9993307968617497,0.9989494056363257,0.002910625129542076,False,0.64993167,in_distribution,correct,False,35x36
9067,82012,Loc,4,Training,lot5882,18.0,72,43,test,4,Loc,True,0.0003034735,6.0733317e-05,0.015625456,6.18568e-05,0.87969595,2.6064266e-05,0.0001862659,0.02468658,0.07935364,0.8651576484636953,0.7781829679084015,0.23685212619511672,True,0.69412595,in_distribution,correct,False,72x43
9330,87286,Loc,4,Training,lot6227,2.0,39,31,test,4,Loc,True,6.4843553e-06,0.0017837089,2.4153083e-05,3.2225045e-09,0.9980804,1.318646e-10,0.00010394984,1.2369509e-06,3.2090577e-10,0.9974202600639545,0.9950498796709139,0.008570782144586862,False,0.99363685,in_distribution,correct,False,39x31
9331,87288,Loc,4,Training,lot6227,4.0,39,31,test,4,Loc,True,8.932627e-07,0.00054583204,7.9861875e-06,7.4984224e-10,0.9993857,8.180295e-11,5.9184822e-05,4.179035e-07,2.0182347e-10,0.9991267786409016,0.9983613240193306,0.0033694064815176427,False,1.0419412,in_distribution,correct,False,39x31
9332,87290,Loc,4,Training,lot6227,6.0,39,31,test,4,Loc,True,5.4658703e-06,0.00027204104,3.7364305e-05,2.028939e-09,0.9996166,1.7408e-10,6.8120615e-05,4.1823932e-07,3.976751e-10,0.9994320018844766,0.999038311372735,0.0024176147832741753,False,0.95635283,in_distribution,correct,False,39x31
9333,87292,Loc,4,Training,lot6227,8.0,39,31,test,4,Loc,True,0.010349276,0.011118136,6.0389528e-05,3.9626857e-09,0.9779183,2.9569852e-10,0.00054710923,6.819216e-06,2.2061728e-09,0.9729609878191418,0.9594275553011016,0.06672579989777591,True,1.1515086,in_distribution,correct,False,39x31
9334,87294,Loc,4,Training,lot6227,10.0,39,31,test,4,Loc,True,4.4242086e-05,9.371831e-05,3.5560566e-05,2.822483e-09,0.9997645,8.557531e-11,6.0637853e-05,1.4209313e-06,1.100844e-09,0.9996352867607243,0.9994929818007604,0.0017051877210902267,False,0.93576497,in_distribution,correct,False,39x31
9335,87296,Loc,4,Training,lot6227,12.0,39,31,test,4,Loc,True,0.032780036,0.04516737,0.11882353,0.0018129867,0.6663589,1.910562e-06,0.13501792,3.7354537e-05,2.2787914e-08,0.6464329723326651,0.5056862148437883,0.5012616672993969,True,1.7291023,out_of_distribution,correct,False,39x31
9378,88497,Loc,4,Training,lot6331,4.0,39,31,test,4,Loc,True,1.6895957e-07,4.1921714e-07,2.5968717e-05,4.985068e-09,0.99996054,2.4067714e-09,7.633209e-06,5.20775e-06,3.6533592e-08,0.9999349803203942,0.9998931970093761,0.00034365756145760494,False,0.96760154,in_distribution,correct,False,39x31
9379,88498,Loc,4,Training,lot6331,5.0,39,31,test,4,Loc,True,7.2376287e-07,2.0386278e-06,5.2377967e-05,1.642778e-08,0.9999062,1.0927701e-08,1.470171e-05,2.362966e-05,2.7925321e-07,0.9998502408813091,0.9997685899658746,0.0007455511268035943,False,0.8127089,in_distribution,correct,False,39x31
9380,88499,Loc,4,Training,lot6331,6.0,39,31,test,4,Loc,True,3.0984663e-07,2.3529362e-06,3.4943037e-05,1.2950266e-08,0.9999274,8.172164e-09,1.4998272e-05,1.9838146e-05,1.2482812e-07,0.9998823506660962,0.9998268757179325,0.0006022882681325598,False,0.86211276,in_distribution,correct,False,39x31
9381,88500,Loc,4,Training,lot6331,7.0,39,31,test,4,Loc,True,1.6354438e-06,4.2320785e-06,0.00018165527,9.444641e-08,0.9994419,6.621589e-08,2.1125992e-05,0.00033753592,1.1740873e-05,0.9991840231860041,0.9987003132568412,0.00337038002308982,False,0.65041023,in_distribution,correct,False,39x31
9382,88501,Loc,4,Training,lot6331,8.0,39,31,test,4,Loc,True,6.7706827e-09,4.6429165e-07,3.6008844e-06,1.6408469e-10,0.99999166,1.2296972e-10,4.106578e-06,1.10672545e-07,3.8591318e-11,0.999985346896369,0.9999781669278681,8.727282034690468e-05,False,1.3482283,review,correct,False,39x31
9383,88502,Loc,4,Training,lot6331,9.0,39,31,test,4,Loc,True,1.04224064e-07,1.1984835e-06,1.1974833e-05,1.6813507e-09,0.99997544,9.078964e-10,8.482647e-06,2.6775865e-06,2.7951423e-09,0.9999584788690911,0.9999385276369497,0.0002313724358993025,False,1.0456833,in_distribution,correct,False,39x31
9384,88503,Loc,4,Training,lot6331,10.0,39,31,test,4,Loc,True,9.549159e-08,6.472957e-07,1.3555122e-05,2.006439e-09,0.99997604,8.9002433e-10,8.310209e-06,1.3647509e-06,2.0086561e-09,0.9999595188342321,0.9999370604326518,0.0002232231037983918,False,1.0907986,in_distribution,correct,False,39x31
9385,88504,Loc,4,Training,lot6331,11.0,39,31,test,4,Loc,True,3.1997462e-08,3.3178574e-07,3.6426075e-06,3.4347947e-10,0.99999154,1.4691322e-10,3.986344e-06,4.7566286e-07,2.260642e-10,0.999984979940739,0.9999780008560444,8.994990548717042e-05,False,1.2488946,review,correct,False,39x31
9386,88505,Loc,4,Training,lot6331,12.0,39,31,test,4,Loc,True,1.3693804e-07,4.2608036e-07,1.3697489e-05,1.7917561e-09,0.99997747,8.176717e-10,7.576781e-06,7.8821114e-07,2.7685547e-09,0.9999618279283259,0.9999391443073729,0.0002101679185515943,False,1.1087456,in_distribution,correct,False,39x31
9387,88506,Loc,4,Training,lot6331,13.0,39,31,test,4,Loc,True,1.4059215e-08,1.7119989e-07,4.5158035e-06,1.9086753e-10,0.9999912,7.662803e-11,4.0519726e-06,3.9694296e-08,1.3999202e-11,0.9999845860368494,0.9999767242917988,9.055261725250736e-05,False,1.4250842,review,correct,False,39x31
9388,88509,Loc,4,Training,lot6331,16.0,39,31,test,4,Loc,True,1.9045522e-08,2.2132554e-07,3.2822838e-06,1.7351451e-10,0.9999925,7.681339e-11,3.8437297e-06,7.818402e-08,2.7655217e-11,0.9999868145721467,0.9999800741102076,7.877990852746614e-05,False,1.3821259,review,correct,False,39x31
9389,88510,Loc,4,Training,lot6331,17.0,39,31,test,4,Loc,True,3.5252956e-09,1.020719e-07,9.73735e-07,2.666263e-11,0.99999726,1.1331866e-11,1.6900841e-06,1.5942947e-08,9.314615e-13,0.9999948527708934,0.9999917772311029,3.286333221063112e-05,False,1.6136316,out_of_distribution,correct,False,39x31
9390,88511,Loc,4,Training,lot6331,18.0,39,31,test,4,Loc,True,1.689949e-07,6.468316e-07,2.7184951e-05,3.4180616e-09,0.9999598,2.0102064e-09,1.0527303e-05,1.6749734e-06,6.5302603e-09,0.9999340605954834,0.9998904104819697,0.00034511726079209623,False,1.0311327,in_distribution,correct,False,39x31
9391,88512,Loc,4,Training,lot6331,19.0,39,31,test,4,Loc,True,2.0558387e-08,3.0715879e-07,3.2447433e-06,1.8500246e-10,0.9999925,1.01065635e-10,3.947905e-06,1.036784e-07,4.294138e-11,0.9999864874651897,0.9999795726559122,8.082648259206612e-05,False,1.346725,review,correct,False,39x31
9392,88513,Loc,4,Training,lot6331,20.0,39,31,test,4,Loc,True,5.1156985e-09,1.8966342e-07,1.0246275e-06,3.466506e-11,0.9999963,1.4980461e-11,2.3915748e-06,2.0634284e-08,1.6996071e-12,0.9999933694572207,0.9999890849113245,4.1567586978972207e-05,False,1.5570034,review,correct,False,39x31
9393,88514,Loc,4,Training,lot6331,21.0,39,31,test,4,Loc,True,3.1363017e-09,4.2599375e-08,8.171049e-07,1.3745081e-11,0.99999774,4.9286885e-12,1.4625252e-06,2.9056493e-09,1.8547022e-13,0.9999956785667627,0.9999929997333162,2.7769623985752338e-05,False,1.7578133,out_of_distribution,correct,False,39x31
9394,88515,Loc,4,Training,lot6331,22.0,39,31,test,4,Loc,True,4.5950877e-08,3.228711e-07,9.384649e-06,6.1189376e-10,0.9999846,3.3207737e-10,5.2736177e-06,3.769882e-07,3.495668e-10,0.9999736056866633,0.9999577972353143,0.00014928942549228516,False,1.2090642,review,correct,False,39x31
9395,88516,Loc,4,Training,lot6331,23.0,39,31,test,4,Loc,True,7.059131e-08,3.135619e-07,1.2769362e-05,9.778927e-10,0.99998033,4.6964393e-10,5.8965165e-06,4.6825863e-07,9.941336e-10,0.9999669707428651,0.9999457571454693,0.00018284823390369784,False,1.1557908,in_distribution,correct,False,39x31
9396,88517,Loc,4,Training,lot6331,24.0,39,31,test,4,Loc,True,3.300565e-07,1.2202552e-06,1.8625782e-05,4.053988e-09,0.9999635,2.3296929e-09,9.702498e-06,6.561445e-06,2.7344267e-08,0.9999390528453749,0.9999086321396097,0.0003299746533948262,False,0.9477505,in_distribution,correct,False,39x31
9397,88518,Loc,4,Training,lot6331,25.0,39,31,test,4,Loc,True,4.9511623e-08,3.0355963e-07,1.1669298e-05,8.099336e-10,0.9999827,5.386006e-10,4.6562864e-06,6.317724e-07,6.357169e-10,0.9999705306284198,0.9999510656983275,0.00016486609067833786,False,1.1726428,in_distribution,correct,False,39x31
9401,88721,Loc,4,Training,lot6344,5.0,39,31,test,4,Loc,True,2.185787e-05,8.122433e-06,0.0013868238,1.4500138e-06,0.9955864,1.0500644e-06,6.019694e-05,0.0020459993,0.0008881167,0.9940747346789018,0.9913751679402864,0.019655116449925018,False,0.54308736,in_distribution,correct,False,39x31
9402,88729,Loc,4,Training,lot6344,14.0,39,31,test,4,Loc,True,2.1276796e-07,3.48359e-07,2.5532083e-05,3.9072887e-09,0.999962,2.508442e-09,8.655554e-06,3.2586202e-06,1.2803739e-08,0.999937347342911,0.9998962351385293,0.0003308283858738317,False,1.0262563,in_distribution,correct,False,39x31
9403,88732,Loc,4,Training,lot6344,18.0,39,31,test,4,Loc,True,3.0053769e-05,1.4201337e-05,0.01030315,8.507864e-06,0.97496325,4.3135e-06,0.000128415,0.007309529,0.007238677,0.9691143188778645,0.9565433126481322,0.0787034277166122,True,0.59997827,in_distribution,correct,False,39x31
9520,106274,Loc,4,Training,lot7239,7.0,35,31,test,4,Loc,True,0.0014450394,5.72339e-06,0.0015131079,1.4286748e-07,0.99689996,3.435575e-08,0.00010896189,1.2862372e-05,1.424138e-05,0.9958183202469427,0.9937935513316996,0.014046915326429887,False,0.6059189,in_distribution,correct,False,35x31
9521,106280,Loc,4,Training,lot7239,13.0,35,31,test,4,Loc,True,0.0036405285,0.0024765688,8.45457e-06,1.3860065e-09,0.9937463,4.410701e-11,0.0001257698,2.4315748e-06,8.848462e-09,0.9918767674139615,0.987198494168004,0.024384856143039157,False,1.0573434,in_distribution,correct,False,35x31
9522,106281,Loc,4,Training,lot7239,14.0,35,31,test,4,Loc,True,0.052407276,0.00031206894,0.0007916701,2.343617e-07,0.9456883,2.7889673e-09,0.00079964724,7.6216867e-07,3.1072493e-09,0.9381560118063801,0.8789298694819822,0.1117615781924714,True,1.2108363,review,correct,False,35x31
9523,106284,Loc,4,Training,lot7239,17.0,35,31,test,4,Loc,True,0.00018967292,7.314136e-06,0.00012320415,5.277578e-08,0.9993556,1.651913e-08,9.545921e-06,6.009795e-05,0.000254609,0.999045042270946,0.9986755290630388,0.004064451254921684,False,0.6028634,in_distribution,correct,False,35x31
9583,107555,Loc,4,Training,lot7311,20.0,35,31,test,4,Loc,True,7.959012e-08,1.4625093e-05,0.01714541,1.5517116e-07,0.98269224,1.07637995e-07,0.00014718695,1.5585724e-07,1.11673275e-08,0.9792532456285901,0.9587496630927466,0.04657730892018945,False,1.1939286,review,correct,False,35x31
9584,107557,Loc,4,Training,lot7311,22.0,35,31,test,4,Loc,True,4.1138323e-06,0.0002803884,4.5674773e-05,1.9154388e-08,0.9995908,1.5022863e-09,3.5392477e-05,4.3572953e-05,8.0754276e-08,0.9993911256769594,0.9989859137322962,0.0026179615809102472,False,0.68131834,in_distribution,correct,False,35x31
9595,108569,Loc,4,Training,lot7363,2.0,33,33,test,4,Loc,True,1.2789711e-05,0.0002431654,0.004848947,5.261702e-08,0.9947353,2.3445454e-08,0.00015715051,1.8364154e-06,7.556714e-07,0.9932341988951905,0.9870804123217681,0.019622912504030202,False,0.8805037,in_distribution,correct,False,33x33
9660,114677,Loc,4,Training,lot7654,25.0,26,26,test,4,Loc,True,0.00023875352,0.00019652295,1.00343805e-05,1.0864784e-09,0.9994733,6.905218e-11,1.6854436e-05,6.458452e-05,5.1676952e-08,0.9992195760551722,0.9988720471711588,0.003320536789760208,False,0.8034723,in_distribution,correct,False,26x26
9869,134217,Loc,4,Training,lot8799,2.0,34,31,test,4,Loc,True,2.1461161e-05,6.937397e-06,0.003986918,1.9881643e-06,0.7980492,1.1893425e-06,1.0777537e-05,0.004528279,0.19339323,0.7862232279724872,0.583133599670066,0.2590509941559647,True,0.67553914,in_distribution,correct,False,34x31
9887,136306,Loc,4,Training,lot8886,20.0,56,41,test,4,Loc,True,6.373953e-07,0.00022607869,8.9246954e-05,4.4643159e-07,0.9995815,6.2079737e-09,4.978932e-05,5.153522e-05,6.366226e-07,0.999372830766215,0.9990429252136102,0.002739858376610818,False,0.7761879,in_distribution,correct,False,56x41
9922,139715,Loc,4,Training,lot9086,17.0,34,31,test,4,Loc,True,6.119828e-07,1.5910098e-05,0.00033024533,1.03052855e-08,0.99961555,7.2624937e-09,9.454277e-06,2.7647331e-05,4.0843548e-07,0.9994377973021645,0.998964027778693,0.0023269847847343242,False,0.60052586,in_distribution,correct,False,34x31
10213,142738,Loc,4,Training,lot9229,6.0,32,29,test,4,Loc,True,4.138557e-06,0.0005176599,0.00065334985,1.04157305e-08,0.99849916,5.8343765e-09,0.00031845798,7.238485e-06,4.8626023e-09,0.9978871282404471,0.9969786436833706,0.00795216773590705,False,1.0059901,in_distribution,correct,False,32x29
10247,144799,Loc,4,Training,lot9330,11.0,32,29,test,4,Loc,True,0.00018759687,0.060848575,1.1682523e-05,1.4323926e-09,0.9371873,1.10962094e-10,0.0017536093,1.1221835e-05,3.0534622e-08,0.9291473657078853,0.8609126967389458,0.12203500039407954,True,1.0695117,in_distribution,correct,False,32x29
10433,150378,Loc,4,Training,lot9662,20.0,64,71,test,4,Loc,True,0.00014682367,0.0001258145,0.0006010099,4.535423e-06,0.9980836,1.6683395e-06,0.00024182283,0.0006529798,0.00014171969,0.9972732813430034,0.996365485922759,0.010555224059168106,False,0.62689847,in_distribution,correct,False,64x71
10909,169696,Loc,4,Training,lot10855,23.0,47,47,test,4,Loc,True,3.5415306e-07,7.41412e-06,4.403282e-06,6.9174844e-10,0.9999752,6.572255e-10,6.8787376e-06,5.700798e-06,2.8790763e-09,0.9999574298357649,0.9999448075300589,0.00024211381196107847,False,1.0639948,in_distribution,correct,False,47x47
10944,172358,Loc,4,Training,lot10999,4.0,26,26,test,4,Loc,True,0.021518065,9.520172e-06,0.0005339531,1.6994838e-08,0.9776979,1.3908533e-08,0.0001814503,1.2925311e-05,4.6190926e-05,0.9734359507582212,0.9479930566576551,0.058378669589202674,True,1.0748446,in_distribution,correct,False,26x26
10946,172466,Loc,4,Training,lot11003,15.0,26,26,test,4,Loc,True,5.8483107e-07,5.913492e-07,0.00033417047,6.9817836e-09,0.9996331,3.24952e-09,2.9609503e-06,2.8567865e-05,2.7369456e-08,0.9994675061059571,0.9989883544643094,0.0021609225427999907,False,0.89738244,in_distribution,correct,False,26x26
11060,175255,Loc,4,Training,lot11206,20.0,52,59,test,8,none,False,0.0008103845,6.7213514e-05,0.0515044,0.00040886374,0.3595735,0.00017430219,0.0003916232,0.052515738,0.534554,0.5247502457780301,0.16540990479704498,0.4778969856421262,True,0.9118596,in_distribution,predicted_none,False,52x59
11062,175356,Loc,4,Training,lot11215,24.0,52,59,test,4,Loc,True,0.00046167846,4.0557385e-05,0.0046172556,1.173752e-05,0.98863643,5.810416e-06,0.00023716198,0.003893856,0.0020954427,0.9853165520382617,0.9794563649640369,0.043600005324733876,False,0.5845815,in_distribution,correct,False,52x59
11107,177623,Loc,4,Training,lot11378,4.0,52,59,test,4,Loc,True,4.073743e-05,5.4382064e-05,0.0010607239,2.2091124e-06,0.9979849,1.0665041e-06,0.00014369817,0.00065399776,5.823004e-05,0.9971892265903043,0.9957464352388253,0.010352603802835996,False,0.55684733,in_distribution,correct,False,52x59
11109,177638,Loc,4,Training,lot11378,19.0,52,59,test,4,Loc,True,1.073043e-05,2.3810473e-05,0.00019815918,1.6176881e-07,0.9995907,1.07831575e-07,6.1897576e-05,0.00011276523,1.7654316e-06,0.9993834001312714,0.9990925135471206,0.0027220813544988824,False,0.6471644,in_distribution,correct,False,52x59
11144,181149,Loc,4,Training,lot11553,18.0,36,36,test,4,Loc,True,0.15384062,3.204842e-05,0.00030104397,3.9398977e-08,0.84567386,9.013507e-09,7.220681e-05,3.171806e-05,4.850062e-05,0.8352278111676724,0.6711636892238211,0.2061319484996514,True,0.779126,in_distribution,correct,False,36x36
11569,187723,Loc,4,Training,lot11959,6.0,30,30,test,4,Loc,True,2.8499405e-06,1.0634393e-05,0.018997082,1.5714719e-06,0.9807525,1.9280387e-06,0.0001574795,6.652604e-05,9.468046e-06,0.9770162034857981,0.9544120301728208,0.050870410452012474,False,0.6625573,in_distribution,correct,False,30x30
11850,192501,Loc,4,Training,lot12177,8.0,89,90,test,4,Loc,True,6.242081e-05,0.0001751106,0.004308164,2.4408842e-05,0.9783587,1.2966097e-05,0.0005102586,0.014908417,0.0016395764,0.9733173866139001,0.9554096418079312,0.06781456828316725,True,0.7518555,in_distribution,correct,False,89x90
12756,215489,Loc,4,Training,lot13679,20.0,38,39,test,4,Loc,True,1.7629396e-06,0.00021438765,0.00024440518,6.90124e-08,0.9993094,3.3383163e-08,3.563429e-05,0.0001835116,1.0737431e-05,0.9989829166140807,0.9986275644465012,0.004270025180195604,False,0.51199514,in_distribution,correct,False,38x39
14048,237110,Loc,4,Training,lot14802,10.0,36,34,test,4,Loc,True,1.5933992e-05,6.1399e-05,0.025757652,3.4317556e-05,0.5896278,8.874203e-06,4.2363477e-05,0.27413526,0.11031633,0.576786065542636,0.29920818601234855,0.4681259242181979,True,0.73870766,in_distribution,correct,False,36x34
14049,237119,Loc,4,Training,lot14802,19.0,36,34,test,4,Loc,True,0.00064662786,1.5012253e-05,0.29234335,9.639326e-05,0.68703556,6.173459e-05,0.00016089302,0.009913329,0.009727147,0.6762063118781297,0.3771799672198982,0.3368395846964835,True,0.67901635,in_distribution,correct,False,36x34
14050,237121,Loc,4,Training,lot14802,21.0,36,34,test,4,Loc,True,7.1868465e-07,0.00063561456,0.0017523239,4.7307168e-07,0.9949538,1.9115092e-08,3.1149615e-05,0.0026258337,4.870147e-10,0.9933109694183878,0.9898856248952018,0.021373521249306113,False,1.227471,review,correct,False,36x34
15036,244145,Loc,4,Training,lot15284,1.0,152,172,test,4,Loc,True,3.028627e-06,0.00048501097,0.0015983238,1.0279615e-05,0.9786944,1.3965505e-06,0.0006583159,0.018544825,4.392788e-06,0.9741821856998336,0.952112025386008,0.06118251553181831,True,0.8474794,in_distribution,correct,False,152x172
15037,244147,Loc,4,Training,lot15284,3.0,152,172,test,4,Loc,True,4.1826383e-06,0.0002255807,0.002630767,9.1414395e-06,0.98953885,1.7018747e-06,0.0006278597,0.006955121,6.814273e-06,0.9866656115672698,0.9779953276589606,0.03780393733581735,False,0.7939182,in_distribution,correct,False,152x172
15038,244149,Loc,4,Training,lot15284,5.0,152,172,test,4,Loc,True,3.1623645e-06,0.00015368235,0.0019045881,4.1402172e-06,0.9957877,1.1966658e-06,0.00047569317,0.0016653839,4.4292838e-06,0.9943397861548896,0.9918184964990081,0.018826376373856188,False,0.7604037,in_distribution,correct,False,152x172
15039,244151,Loc,4,Training,lot15284,7.0,152,172,test,4,Loc,True,1.6457766e-06,0.00018843781,0.0015396166,3.3415722e-06,0.9919518,5.7052637e-07,0.00041518165,0.00589876,6.4829885e-07,0.9896551933816836,0.9822418174597534,0.030105739979084445,False,0.8482854,in_distribution,correct,False,152x172
15350,244707,Loc,4,Training,lot15336,11.0,65,60,test,4,Loc,True,1.1782297e-05,0.00091745757,0.009740426,6.1857165e-05,0.8443287,2.7020344e-06,0.00047471272,0.14412281,0.0003395438,0.831996598106933,0.6782063907877968,0.23253395649486774,True,0.7969053,in_distribution,correct,False,65x60
15352,244709,Loc,4,Training,lot15336,13.0,65,60,test,4,Loc,True,3.03044e-07,0.0010433814,0.008790895,2.9438383e-05,0.9306726,4.5156182e-07,0.00062789157,0.058834534,5.359065e-07,0.9210168629446456,0.8550810334942636,0.14542484804318484,True,1.0446812,in_distribution,correct,False,65x60
15382,244742,Loc,4,Training,lot15337,21.0,32,32,test,4,Loc,True,8.097053e-05,2.9624525e-05,0.0045962157,1.3538458e-06,0.9924077,1.5983526e-06,0.0008516251,0.002030002,9.527467e-07,0.9901353843569378,0.9842934444011114,0.029708033287840975,False,0.8667168,in_distribution,correct,False,32x32
15683,245050,Loc,4,Training,lot15350,15.0,30,31,test,4,Loc,True,1.3888504e-07,0.00021474666,0.00014099947,4.5193786e-09,0.9995882,3.7085026e-09,1.8004539e-05,3.8023212e-05,8.915294e-09,0.9993858305341775,0.9990717324238725,0.0026504717153677587,False,0.7950279,in_distribution,correct,False,30x31
15687,245056,Loc,4,Training,lot15350,21.0,30,31,test,4,Loc,True,0.00015650298,7.613749e-05,1.807524e-05,4.2769006e-09,0.9995666,4.1814516e-10,8.659056e-06,0.0001731818,8.9369706e-07,0.9993494825680901,0.9990937165872061,0.002848641920809321,False,0.68104523,in_distribution,correct,False,30x31
15898,245341,Loc,4,Training,lot15362,7.0,50,43,test,4,Loc,True,0.014073047,0.034721214,1.00541236e-07,2.587808e-11,0.9511863,5.962411e-14,1.7178243e-05,2.2157349e-06,3.2795828e-13,0.9431339242389765,0.9031702772608861,0.1151929261853382,True,1.7048763,out_of_distribution,correct,False,50x43
15902,245345,Loc,4,Training,lot15362,11.0,50,43,test,4,Loc,True,0.026282582,0.11289395,5.3778484e-07,3.19077e-11,0.8608059,3.7766968e-13,1.6614054e-05,4.311479e-07,1.4095472e-11,0.8478318170948516,0.7259842200309584,0.22877735085649611,True,1.5771064,out_of_distribution,correct,False,50x43
15908,245353,Loc,4,Training,lot15362,19.0,50,43,test,4,Loc,True,0.00015359365,0.00011262773,0.032517705,2.6131933e-05,0.95730424,9.11339e-06,0.0003385762,0.008514237,0.0010237634,0.9496706306138355,0.9121030281406939,0.10772592023163208,True,0.57272166,in_distribution,correct,False,50x43
15911,245356,Loc,4,Training,lot15362,22.0,50,43,test,4,Loc,True,1.6303606e-05,2.0200252e-05,0.010102618,1.6790807e-06,0.9895927,3.6542994e-07,0.00015012562,0.00011283969,3.129161e-06,0.9871498698771237,0.9747604864854303,0.032425532891334846,False,0.60224783,in_distribution,correct,False,50x43
18373,252011,Loc,4,Training,lot15633,24.0,44,44,test,4,Loc,True,7.998339e-05,0.001633419,5.5654573e-07,1.12566935e-10,0.9982786,1.6838951e-12,6.531208e-06,8.9126286e-07,9.942755e-11,0.9976843904384061,0.995504943564096,0.0077078004715994625,False,1.1741338,in_distribution,correct,False,44x44
18374,252012,Loc,4,Training,lot15633,25.0,44,44,test,4,Loc,True,0.00016235169,9.3526396e-05,6.210751e-06,2.9274083e-09,0.99971825,1.6496322e-10,1.3764759e-05,5.7952047e-06,7.421148e-08,0.9995739052497573,0.9993334162026059,0.0018984217045804356,False,0.8153848,in_distribution,correct,False,44x44
18640,252325,Loc,4,Training,lot15646,19.0,63,76,test,4,Loc,True,9.409247e-06,3.3383054e-05,0.00081562955,2.8614597e-06,0.9980246,1.0070373e-06,0.000111478126,0.0009124631,8.914874e-05,0.9972484928153299,0.9959988920708177,0.010093027572393214,False,0.615933,in_distribution,correct,False,63x76
19110,253117,Loc,4,Training,lot15678,19.0,55,66,test,4,Loc,True,3.9248475e-06,0.003466999,0.0022775526,6.0914754e-06,0.80818903,8.115351e-08,0.00025290047,0.18580337,1.1527899e-08,0.7966425973920114,0.6009543706971643,0.2476648204316255,True,1.213882,review,correct,False,55x66
19114,253122,Loc,4,Training,lot15678,24.0,55,66,test,7,Scratch,False,3.9070183e-06,0.006716492,0.00057034806,2.1673048e-05,0.22407986,5.670056e-07,0.0002718763,0.7683265,8.745603e-06,0.7571611651028661,0.523733777186417,0.27252223756339267,True,0.80497086,in_distribution,predicted_other_defect,False,55x66
19455,256856,Loc,4,Training,lot15902,17.0,39,46,test,0,Center,False,0.8504782,0.0013990849,0.00023855205,6.037931e-08,0.14622393,1.5259433e-05,0.0016253656,3.2215169e-06,1.6253995e-05,0.8394013410236894,0.683169443893625,0.21162974389071706,True,1.7483315,out_of_distribution,predicted_other_defect,False,39x46
19456,256859,Loc,4,Training,lot15902,21.0,39,46,test,0,Center,False,0.775275,0.00088466797,0.0009203848,8.7786583e-07,0.21443622,0.0018806806,0.0063625546,1.2113156e-05,0.00022743046,0.7633250748057459,0.5396100793475005,0.2787869930025211,True,2.2172527,out_of_distribution,predicted_other_defect,False,39x46
19501,261743,Loc,4,Training,lot16187,1.0,79,58,test,4,Loc,True,6.563874e-05,4.97675e-05,0.18811888,0.00069544604,0.47385383,0.00018254148,0.00047425815,0.030350996,0.3062086,0.4651911312926056,0.15860923860565562,0.530107280678054,True,0.87943536,in_distribution,correct,False,79x58
19530,264160,Loc,4,Training,lot16359,1.0,126,143,test,4,Loc,True,0.00016756833,5.8424128e-05,0.00053361367,9.441949e-07,0.9988992,4.0407429e-07,0.00018333796,0.00015215858,4.281983e-06,0.9984067892513744,0.9976578973380201,0.006426383124452317,False,0.6963665,in_distribution,correct,False,126x143
19531,264164,Loc,4,Training,lot16359,5.0,126,143,test,4,Loc,True,0.00013653294,4.478248e-05,0.0002695359,4.4504293e-07,0.9993005,1.8964715e-07,0.00011835982,0.00012865898,1.1129868e-06,0.9989621190956455,0.9985719570094208,0.004428709505675413,False,0.7462269,in_distribution,correct,False,126x143
19780,267473,Loc,4,Training,lot16542,6.0,58,53,test,4,Loc,True,1.0650965e-05,0.00023358942,1.174954e-05,9.332666e-10,0.9997154,1.7602311e-10,2.6057702e-05,2.594635e-06,2.32034e-09,0.9995756293813322,0.9992352397199246,0.0018338463653139044,False,0.8927019,in_distribution,correct,False,58x53
20245,278607,Loc,4,Training,lot17106,24.0,41,42,test,1,Donut,False,1.0273425e-08,0.98660743,9.43242e-10,1.5008386e-13,0.0133875925,5.65266e-15,3.0893315e-07,4.7541594e-06,8.8753695e-13,0.9837886360266127,0.9675861317346114,0.03776627202381793,False,0.5642479,in_distribution,predicted_other_defect,True,41x42
20251,278658,Loc,4,Training,lot17111,18.0,41,42,test,4,Loc,True,3.479781e-07,0.030591317,9.540981e-07,1.1071235e-10,0.96932745,4.085747e-12,8.433536e-06,7.151531e-05,1.1272431e-09,0.9643146353522628,0.9287551158403231,0.07048649075029713,True,1.172594,in_distribution,correct,False,41x42
20252,278663,Loc,4,Training,lot17111,23.0,41,42,test,4,Loc,True,1.7502347e-05,0.020660583,5.229508e-05,4.358328e-08,0.9787419,9.3265085e-09,9.628329e-05,0.00042898406,2.4454698e-06,0.9746558918448384,0.9501763810709968,0.05585400077805257,True,0.7723714,in_distribution,correct,False,41x42
20391,279366,Loc,4,Training,lot17149,4.0,41,42,test,1,Donut,False,8.3250757e-07,0.9722527,4.6462003e-07,6.654152e-10,0.02750951,8.278726e-11,1.4974542e-05,0.00022146257,4.465568e-08,0.9675070804644788,0.9353628073891286,0.06614582784006215,True,0.5282228,in_distribution,predicted_other_defect,False,41x42
20392,279367,Loc,4,Training,lot17149,5.0,41,42,test,4,Loc,True,0.00017141289,0.003197773,0.0011005241,3.0626737e-08,0.9949517,8.173016e-09,0.0005716056,6.801653e-06,1.3194328e-07,0.9933090009223444,0.9891744383784395,0.02139220612351976,False,0.87395334,in_distribution,correct,False,41x42
20397,279379,Loc,4,Training,lot17149,17.0,41,42,test,4,Loc,True,0.00020192115,0.040050983,0.0049948473,2.6695807e-07,0.9526827,7.121669e-08,0.0019897427,7.9017074e-05,4.998594e-07,0.9448849392887451,0.8990661837392614,0.11179957521789248,True,1.0063238,in_distribution,correct,False,41x42
20401,279385,Loc,4,Training,lot17149,23.0,41,42,test,0,Center,False,0.68796796,0.017421499,0.0002054739,8.974418e-09,0.29320046,6.9781244e-08,0.0012029457,1.4076566e-06,1.7056337e-07,0.6777263349609957,0.37757776157960854,0.32606270086160444,True,1.5882742,out_of_distribution,predicted_other_defect,False,41x42
20402,279386,Loc,4,Training,lot17149,24.0,41,42,test,4,Loc,True,0.0005419368,0.4874058,2.710357e-06,1.2328494e-10,0.5119925,6.1419073e-12,4.8320864e-05,8.769824e-06,1.0897204e-09,0.5113225085475501,0.023474220681568403,0.31829062267628117,True,0.8052294,in_distribution,correct,False,41x42
20716,283933,Loc,4,Training,lot17348,17.0,63,75,test,4,Loc,True,1.4200435e-05,0.00012518014,0.0040237117,4.3821733e-06,0.99525356,1.3236631e-06,0.00034246835,0.00023303708,2.1534634e-06,0.993796499720412,0.9886465695183829,0.01901817834097288,False,0.6471135,in_distribution,correct,False,63x75
20725,284862,Loc,4,Training,lot17393,14.0,86,89,test,4,Loc,True,1.5281819e-06,0.0002898053,0.004069001,2.6956504e-05,0.99456364,1.3353953e-06,0.00068123185,0.00036548593,9.606573e-07,0.9928631707779962,0.9876593438035965,0.022193610624990576,False,0.78287816,in_distribution,correct,False,86x89
20731,285827,Loc,4,Training,lot17448,4.0,72,72,test,4,Loc,True,0.00011175088,0.0005677636,0.0010623743,2.7161761e-05,0.9469679,8.562499e-06,0.00034949937,0.04826971,0.0026352257,0.9389313291599587,0.8842041005463015,0.11756656583251349,True,0.7436424,in_distribution,correct,False,72x72
20787,290350,Loc,4,Training,lot17782,1.0,81,81,test,8,none,False,0.0072735697,5.186158e-05,0.014060441,0.00015600574,0.15807056,0.00011379994,0.00026402113,0.022482703,0.79752696,0.781378206559147,0.6147954516227752,0.31964916424940487,True,0.94543463,in_distribution,predicted_none,False,81x81
20788,290353,Loc,4,Training,lot17782,4.0,81,81,test,4,Loc,True,2.9895531e-05,0.00033406154,0.009064753,0.00012107461,0.9619946,3.32425e-05,0.0006210354,0.01317631,0.014625174,0.9539339366815172,0.9364215646650729,0.11089896155970057,True,0.7142484,in_distribution,correct,False,81x81
20789,290357,Loc,4,Training,lot17782,8.0,81,81,test,4,Loc,True,7.3641922e-06,0.0001477491,0.00261432,1.1324378e-05,0.99274313,3.5688356e-06,0.00023285906,0.003707889,0.0005318021,0.990492235394861,0.9857333918076105,0.0294081394743062,False,0.613515,in_distribution,correct,False,81x81
20790,290359,Loc,4,Training,lot17782,10.0,81,81,test,4,Loc,True,4.9805003e-06,8.2944636e-05,0.0017459093,6.720736e-06,0.9958941,2.1142694e-06,0.00016688793,0.0017626862,0.00033359238,0.994463437339899,0.992121792005716,0.018611652588541038,False,0.57728195,in_distribution,correct,False,81x81
20791,290363,Loc,4,Training,lot17782,14.0,81,81,test,4,Loc,True,7.3914515e-07,0.00013520189,0.0006078179,1.2344069e-06,0.9979627,2.882342e-07,0.000104840925,0.0011831202,4.197402e-06,0.9971792207574086,0.9955778256342048,0.010179214350522577,False,0.68338275,in_distribution,correct,False,81x81
20792,290365,Loc,4,Training,lot17782,16.0,81,81,test,8,none,False,0.00017873682,0.00012767478,0.026906373,0.00036361557,0.46171245,0.000104692015,0.00036439925,0.03952984,0.47071218,0.466407535236976,0.008519418246137778,0.44100516326087413,True,0.8682061,in_distribution,predicted_none,False,81x81
20793,290367,Loc,4,Training,lot17782,18.0,81,81,test,4,Loc,True,1.9316278e-05,0.00026519323,0.007844198,0.000121122284,0.975839,2.430165e-05,0.0006853648,0.008980129,0.006221234,0.9699439517297259,0.9589191550190116,0.07910164791144154,True,0.712612,in_distribution,correct,False,81x81
20794,290368,Loc,4,Training,lot17782,19.0,81,81,test,8,none,False,0.0001756466,0.00010222108,0.05676196,0.00052674836,0.25912577,0.000113968235,0.0003814312,0.1267478,0.5560644,0.5427855805377846,0.2809962275388391,0.5166446113803019,True,0.83098435,in_distribution,predicted_none,False,81x81
20799,290722,Loc,4,Training,lot17808,22.0,51,59,test,4,Loc,True,0.00094998843,0.0007387727,0.00299388,1.0697642e-05,0.9508936,1.1000942e-06,0.00069652405,0.03910936,0.0046061603,0.9423307278713142,0.897582043663808,0.12227001611252664,True,0.79134756,in_distribution,correct,False,51x59
20804,291515,Loc,4,Training,lot17889,25.0,51,59,test,4,Loc,True,0.00011990552,6.6137014e-05,0.0019306736,2.7979097e-06,0.9973943,2.5615665e-07,0.0002392727,0.00024359574,3.0498613e-06,0.9964496185241635,0.9938938804153533,0.012290851956218865,False,0.5040147,in_distribution,correct,False,51x59
21053,295839,Loc,4,Training,lot18078,8.0,72,44,test,4,Loc,True,0.0001497389,4.6281653e-05,0.29533628,0.00034020716,0.5918769,8.177658e-05,0.0005839331,0.034821715,0.076763116,0.5791272504896502,0.2809601718592574,0.46482654285424646,True,0.8402248,in_distribution,correct,False,72x44
21100,298894,Loc,4,Training,lot18262,4.0,51,30,test,4,Loc,True,0.00034935455,5.3283213e-05,0.0029457978,1.6923698e-06,0.928878,1.7392342e-06,3.7721493e-05,0.013628482,0.054103933,0.9184792482714106,0.8576713337179003,0.1555135861607182,True,0.61740524,in_distribution,correct,False,51x30
21103,299181,Loc,4,Training,lot18274,17.0,51,30,test,8,none,False,3.378346e-05,3.1713585e-06,0.013733521,7.856303e-06,0.31564894,3.9487354e-06,1.2887658e-05,0.014748242,0.6558077,0.6454990415669442,0.3244073790259584,0.35715143963849555,True,0.84401923,in_distribution,predicted_none,False,51x30
21107,300116,Loc,4,Training,lot18359,19.0,74,76,test,4,Loc,True,0.00020182061,0.00041986597,0.009966678,0.00016578005,0.95527166,3.939755e-05,0.0006810712,0.020615062,0.012638637,0.9462681980009772,0.921995540547682,0.12542877902736602,True,0.7167227,in_distribution,correct,False,74x76
21313,303891,Loc,4,Training,lot18560,17.0,72,72,test,8,none,False,0.0026739691,0.00095480616,0.014276985,0.004726257,0.24357286,0.0003978054,0.0021669462,0.36072323,0.37050715,0.3668277073485336,0.00925595353582398,0.557269616394852,True,0.9177769,in_distribution,predicted_none,False,72x72
21331,305765,Loc,4,Training,lot18638,9.0,44,44,test,8,none,False,0.2045635,3.06098e-06,0.011702495,5.4389275e-05,0.09679162,4.4518543e-05,6.1208106e-05,0.0073014414,0.6794778,0.6633333192079419,0.45253376191263894,0.4266230967575019,True,1.0271623,in_distribution,predicted_none,False,44x44
21389,308459,Loc,4,Training,lot18790,4.0,38,38,test,4,Loc,True,0.040659305,4.5710178e-05,0.006669771,8.016234e-06,0.8104128,1.4727077e-05,8.653413e-05,0.0073361606,0.13476698,0.7940269626933306,0.6508710051714847,0.3119449386918995,True,0.79895,in_distribution,correct,False,38x38
21397,309066,Loc,4,Training,lot18822,1.0,38,38,test,4,Loc,True,0.0014278841,5.128667e-05,0.0038589267,7.1136856e-06,0.97421217,6.000318e-06,0.000100568344,0.0049429866,0.015393062,0.9682478967570073,0.9498061490216224,0.08053013679126747,True,0.603088,in_distribution,correct,False,38x38
21399,309685,Loc,4,Training,lot18851,21.0,38,38,test,8,none,False,0.00021771528,5.797809e-05,0.011115726,2.3004517e-05,0.18847893,1.2346214e-05,3.8366994e-05,0.11554863,0.6845073,0.668888121461627,0.4736927138938698,0.4123638545974986,True,0.73211503,in_distribution,predicted_none,False,38x38
21474,315987,Loc,4,Training,lot19231,16.0,40,40,test,4,Loc,True,0.002991596,0.0011225538,6.156882e-05,1.2931466e-08,0.99572575,3.1672516e-09,5.774921e-05,3.8052865e-05,2.731372e-06,0.9943476475300519,0.9904668579343452,0.017938422963982674,False,0.7555358,in_distribution,correct,False,40x40
21528,317430,Loc,4,Training,lot19289,14.0,45,43,test,4,Loc,True,1.6217364e-05,0.0037666233,0.00011130433,2.8012568e-07,0.967324,5.293751e-08,3.9548235e-05,0.02857155,0.00017036246,0.961408611798118,0.9281292401936261,0.08244358696028464,True,0.64208,in_distribution,correct,False,45x43
21550,319212,Loc,4,Training,lot19361,23.0,45,43,test,4,Loc,True,0.08636782,1.1862459e-05,0.00017140355,2.173564e-07,0.91284984,2.9510288e-08,7.5455646e-05,0.0005201164,3.1688405e-06,0.9037956861388379,0.8087017304476265,0.14735673908723632,True,0.85695875,in_distribution,correct,False,45x43
21553,319760,Loc,4,Training,lot19387,21.0,45,43,test,0,Center,False,0.6716136,0.0007512674,8.777215e-06,2.2008065e-10,0.3276161,1.1238549e-12,1.0270395e-05,5.960095e-08,2.4269436e-10,0.66427421743745,0.32958888876547865,0.29372122637712983,True,1.4659147,review,predicted_other_defect,False,45x43
21569,320002,Loc,4,Training,lot19397,13.0,45,43,test,4,Loc,True,8.513171e-06,9.594134e-06,0.0020144451,1.7259629e-07,0.99790204,8.993347e-08,5.3183332e-05,1.14088e-05,5.849151e-07,0.9972037477767147,0.9945414939943366,0.009067167118068877,False,0.58094645,in_distribution,correct,False,45x43
21577,320209,Loc,4,Training,lot19405,21.0,45,43,test,4,Loc,True,2.048793e-06,2.8762533e-05,0.0013285894,3.6437453e-07,0.998206,1.331299e-07,2.3849072e-05,0.00040892378,1.3541774e-06,0.9975384621169535,0.995749310664089,0.008668696670576572,False,0.5746464,in_distribution,correct,False,45x43
21604,322120,Loc,4,Training,lot19487,10.0,72,44,test,8,none,False,0.00097340805,8.5083e-05,0.027489321,0.00019152221,0.4024245,0.0001053444,0.00037342028,0.057327617,0.51102966,0.503580600871274,0.10273102570789078,0.4593812450798597,True,0.87977904,in_distribution,predicted_none,False,72x44
21613,322845,Loc,4,Training,lot19518,12.0,68,80,test,4,Loc,True,0.00018084978,0.0003145863,0.04430612,0.0015305715,0.5899785,0.00027319143,0.0014400653,0.0848506,0.27712548,0.5761172315479633,0.29613293327814544,0.4872760834520141,True,0.98733836,in_distribution,correct,False,68x80
21927,331504,Loc,4,Training,lot19997,11.0,52,59,test,4,Loc,True,7.40359e-05,4.218358e-05,0.00052668893,2.1027802e-06,0.9989403,6.837779e-07,0.0001811186,0.0002189156,1.3962357e-05,0.998465562283767,0.9977259392546196,0.00619728453895301,False,0.6207956,in_distribution,correct,False,52x59
22168,344136,Loc,4,Training,lot20609,25.0,107,150,test,4,Loc,True,4.012217e-06,0.00039263713,0.02269785,0.00058478554,0.9647918,1.8130837e-05,0.0016108748,0.009889284,1.0583513e-05,0.9577052861276015,0.9310281393695525,0.09784498341857749,True,0.88552576,in_distribution,correct,False,107x150
22182,344213,Loc,4,Training,lot20613,2.0,74,61,test,4,Loc,True,5.9163864e-05,0.00065659435,0.012145115,0.00043213752,0.9772323,1.0662773e-05,0.002189675,0.0067667533,0.000507614,0.9716673515132939,0.9569522793189766,0.07466234985018431,True,0.78878486,in_distribution,correct,False,74x61
22460,348090,Loc,4,Training,lot20793,16.0,52,59,test,4,Loc,True,0.00015551632,0.00021905417,0.0055503803,0.0003769179,0.9891642,3.3473185e-05,0.001433045,0.0020339997,0.0010334158,0.9858763726000956,0.9788896313650217,0.04316049277963158,False,0.8371724,in_distribution,correct,False,52x59
22467,348776,Loc,4,Training,lot20838,11.0,57,64,test,4,Loc,True,3.611323e-05,9.6742595e-05,0.0003998407,7.3060517e-07,0.9987,4.1975895e-07,9.6662996e-05,0.00063434,3.518508e-05,0.9981399349574095,0.9972566555256885,0.0073003090243874596,False,0.5737831,in_distribution,correct,False,57x64
22468,348777,Loc,4,Training,lot20838,12.0,57,64,test,4,Loc,True,0.0022258058,0.00014923593,0.011564527,0.00010012301,0.9138223,6.37221e-05,0.00044930904,0.013183037,0.058442056,0.9011791474099227,0.8359462213552935,0.19208445770096083,True,0.77057374,in_distribution,correct,False,57x64
23211,362409,Loc,4,Training,lot21690,21.0,35,40,test,4,Loc,True,0.074136615,0.017054738,0.00045215845,9.919225e-09,0.90636057,1.1350691e-08,0.0019915805,4.158151e-06,2.3602934e-07,0.8947172944943523,0.8127962440193237,0.18354463799824172,True,1.3031027,review,correct,False,35x40
23306,367220,Loc,4,Training,lot21960,24.0,75,77,test,4,Loc,True,3.8742248e-05,4.275896e-05,0.0001251584,2.447531e-07,0.99969196,2.285277e-08,7.2426454e-05,2.7896402e-05,7.920062e-07,0.9995259348626345,0.9993383582466806,0.002190193571886658,False,0.6315226,in_distribution,correct,False,75x77
23357,372488,Loc,4,Training,lot22246,24.0,115,92,test,4,Loc,True,0.00013707619,0.0006502884,0.007217256,7.1274495e-05,0.8472908,2.693094e-05,0.00043256854,0.11050829,0.033665538,0.8321812462341242,0.7132131895723134,0.2668321467411229,True,0.7455332,in_distribution,correct,False,115x92
23367,372885,Loc,4,Training,lot22264,22.0,29,27,test,4,Loc,True,0.0028614658,6.6501815e-07,2.4647105e-05,3.5567638e-10,0.997109,1.1450789e-11,9.747987e-07,2.930065e-06,3.587634e-07,0.9962297868507914,0.9925082588005064,0.011421972767081845,False,1.1291595,in_distribution,correct,False,29x27
23374,375002,Loc,4,Training,lot22389,19.0,64,60,test,4,Loc,True,1.9349368e-06,0.0010879667,5.02682e-06,1.562146e-08,0.99886453,3.3865308e-10,3.7908205e-05,2.5595912e-06,3.5884806e-09,0.9984444727520272,0.9969656993810303,0.005450451871397046,False,0.9933117,in_distribution,correct,False,64x60
23375,375007,Loc,4,Training,lot22389,24.0,64,60,test,4,Loc,True,1.770995e-05,0.0034230568,0.00013913015,2.478293e-06,0.99597543,1.721055e-08,0.0003270337,0.00011483147,3.8493997e-07,0.994703109713746,0.9902889630050156,0.016582328091887318,False,0.8049969,in_distribution,correct,False,64x60
23740,378541,Loc,4,Training,lot22535,2.0,72,44,test,8,none,False,0.00022534678,5.7731177e-05,0.023135146,0.00018354788,0.19054183,7.722398e-05,0.00019337457,0.033649653,0.75193614,0.7361257364666581,0.5376909345488899,0.35293304895063876,True,0.92143935,in_distribution,predicted_none,False,72x44
23768,381307,Loc,4,Training,lot22759,6.0,52,59,test,4,Loc,True,0.00014197895,0.00023449081,0.009006517,6.8682726e-05,0.9354928,2.8933704e-05,0.0004025158,0.02453425,0.030089857,0.924487679128895,0.8897725696944229,0.15948163827499462,True,0.6584693,in_distribution,correct,False,52x59
24138,385481,Loc,4,Training,lot23112,11.0,29,26,test,4,Loc,True,0.003690781,7.0863665e-05,0.00010303054,1.5071254e-08,0.99607724,1.9553743e-09,2.2323156e-05,3.2525753e-05,3.154963e-06,0.9948983779304145,0.9901546412773705,0.01537281935397612,False,0.6833889,in_distribution,correct,False,29x26
24139,385482,Loc,4,Training,lot23112,12.0,29,26,test,4,Loc,True,0.00080558605,3.0049112e-06,1.5919479e-05,1.0663208e-10,0.9991715,1.3680052e-11,3.29067e-06,7.3810776e-07,5.612077e-08,0.9988511668469646,0.9977411587304971,0.004155960048235146,False,1.0653777,in_distribution,correct,False,29x26
24209,388846,Loc,4,Training,lot23311,21.0,88,56,test,8,none,False,0.00021127955,6.350554e-05,0.02294304,0.00046273536,0.21687299,0.00010165835,0.00027827066,0.04469345,0.71437305,0.6988398216241202,0.47497819829346444,0.3832374759450025,True,0.9029381,in_distribution,predicted_none,False,88x56
24218,390476,Loc,4,Training,lot23450,8.0,74,76,test,4,Loc,True,0.0003226882,8.646388e-05,0.014221435,0.00013413733,0.95314944,4.283531e-05,0.00061150495,0.01566749,0.015763965,0.9438379538576124,0.9250598154289671,0.13008563814723742,True,0.6976059,in_distribution,correct,False,74x76
24283,393413,Loc,4,Training,lot23596,4.0,40,40,test,4,Loc,True,0.0458356,1.4706762e-05,0.003416009,2.7512572e-06,0.9240781,4.1198973e-06,5.743994e-05,0.0014382182,0.025153063,0.9125911392284098,0.8607667405187206,0.17150569441692617,True,0.69733477,in_distribution,correct,False,40x40
24289,393451,Loc,4,Training,lot23597,17.0,40,40,test,4,Loc,True,0.0072574,0.0033090222,0.030706422,1.5480738e-07,0.9573764,1.847454e-07,0.0013499021,4.9829623e-07,2.1625645e-08,0.9494397801101667,0.9138842459232895,0.11137412978557774,True,1.334352,review,correct,False,40x40
24386,394949,Loc,4,Training,lot23657,24.0,40,40,test,4,Loc,True,0.0355285,0.001385722,0.0013097362,1.3437333e-08,0.9612027,1.2226916e-09,0.00057323196,1.7039801e-07,1.1261686e-09,0.9546666471489518,0.9137282012102046,0.09263710991348524,True,1.2756704,review,correct,False,40x40
24426,398278,Loc,4,Training,lot23839,10.0,35,34,test,4,Loc,True,0.07340529,0.007125881,1.3062546e-05,2.4097473e-09,0.91933197,2.4305863e-11,9.665897e-05,2.7115233e-05,6.367341e-10,0.9096256689261669,0.8282363192057416,0.15193187630151067,True,1.2733252,review,correct,False,35x34
24427,398281,Loc,4,Training,lot23839,13.0,35,34,test,4,Loc,True,0.0643097,0.22063462,4.7562767e-06,1.422065e-09,0.71487427,2.6165434e-11,0.00015934998,1.7166129e-05,1.9868221e-10,0.7012312875427565,0.47303730846630465,0.3527209621771298,True,1.1379343,in_distribution,correct,False,35x34
24428,398286,Loc,4,Training,lot23839,18.0,35,34,test,4,Loc,True,0.0475902,1.43075285e-05,0.0013729354,3.898387e-07,0.95019054,2.299884e-07,5.631378e-05,0.0001948768,0.00058021664,0.9429270172093528,0.8888815936054119,0.106390593049281,True,0.681095,in_distribution,correct,False,35x34
24456,398665,Loc,4,Training,lot23854,22.0,73,61,test,4,Loc,True,3.415215e-05,2.1833064e-05,1.5057523e-05,5.9878382e-09,0.9998981,1.2729938e-09,2.0316564e-05,1.0500493e-05,7.290587e-09,0.999834810808062,0.9997805365754313,0.0008458921990126332,False,0.9034014,in_distribution,correct,False,73x61
24457,398668,Loc,4,Training,lot23854,25.0,73,61,test,4,Loc,True,7.655991e-05,3.147726e-05,1.692882e-05,2.1774243e-08,0.99983025,1.8219234e-09,4.247475e-05,2.3332323e-06,3.4234646e-09,0.9997336258045122,0.9996163067388807,0.0012797365091306175,False,1.0000302,in_distribution,correct,False,73x61
24482,401281,Loc,4,Training,lot24068,1.0,59,46,test,4,Loc,True,0.04828109,1.7440874e-05,0.01233183,9.4087234e-05,0.8088658,3.6395173e-05,0.00037056155,0.009671059,0.120331794,0.791264386131454,0.6630013340981191,0.3297903746265053,True,0.7600476,in_distribution,correct,False,59x46
24484,401360,Loc,4,Training,lot24074,4.0,34,31,test,4,Loc,True,1.2041716e-07,9.981915e-06,0.010044985,3.6872695e-08,0.9899294,2.8279256e-08,7.5525795e-06,7.9314705e-06,4.910743e-08,0.987632647611478,0.9753087455325714,0.030472843026924535,False,0.9325256,in_distribution,correct,False,34x31
24505,404461,Loc,4,Training,lot24205,11.0,35,40,test,4,Loc,True,0.050432097,0.03661441,0.009370813,8.284449e-07,0.8055459,7.868227e-06,0.09801745,9.843655e-06,7.2358114e-07,0.7866458624397192,0.6814010803846002,0.34978259277593055,True,1.5974904,out_of_distribution,correct,False,35x40
24515,404527,Loc,4,Training,lot24209,1.0,35,40,test,4,Loc,True,6.7377245e-05,0.0031423047,0.0071678543,1.07862e-07,0.9891573,7.2010145e-09,0.0004564792,8.379986e-06,3.408255e-08,0.9862560483538036,0.9773331074640661,0.038208762310235414,False,1.0720086,in_distribution,correct,False,35x40
24517,404547,Loc,4,Training,lot24209,22.0,35,40,test,4,Loc,True,8.0309714e-05,0.35717317,2.3282616e-06,7.466373e-11,0.6427002,2.3225306e-12,3.9987954e-05,3.9874412e-06,1.4615938e-10,0.6365608056083114,0.27331295375797926,0.2990916780197423,True,0.84815127,in_distribution,correct,False,35x40
24518,404549,Loc,4,Training,lot24209,24.0,35,40,test,4,Loc,True,0.0014432386,0.015507458,0.0029479782,4.845004e-08,0.9785065,1.1467517e-07,0.0015932897,1.3255121e-06,8.892916e-09,0.973548661247115,0.954952649845256,0.06669087267928236,True,1.2751234,review,correct,False,35x40
24526,404946,Loc,4,Training,lot24227,21.0,29,26,test,1,Donut,False,2.427226e-08,0.8659051,1.563925e-08,7.718225e-12,0.13401498,1.9294948e-13,4.417309e-06,7.5449556e-05,5.6197116e-11,0.8558120365436566,0.7117453371279514,0.18819312354793194,True,0.7986191,in_distribution,predicted_other_defect,False,29x26
24590,407178,Loc,4,Training,lot24339,5.0,44,45,test,4,Loc,True,2.2563829e-05,0.00018951797,1.2167688e-05,4.7667505e-09,0.9997454,1.0516475e-09,1.6948688e-05,1.3360697e-05,4.908582e-08,0.9996143660927136,0.9993355817715353,0.0017251321537634235,False,0.75677216,in_distribution,correct,False,44x45
24591,407184,Loc,4,Training,lot24339,11.0,44,45,test,4,Loc,True,5.2407904e-05,1.918597e-05,5.5206715e-06,7.0374223e-10,0.9999149,5.586074e-11,7.0067117e-06,9.115787e-07,1.9559416e-09,0.9998638160138824,0.9997821201027174,0.0006818384289668779,False,0.951885,in_distribution,correct,False,44x45
24592,407191,Loc,4,Training,lot24339,18.0,44,45,test,4,Loc,True,5.056171e-05,2.518151e-05,3.6956876e-06,2.4619945e-10,0.9999168,1.5607142e-11,2.7265526e-06,1.0997898e-06,1.5573735e-09,0.9998670899706822,0.9997881444446963,0.0006611713621850954,False,0.97905195,in_distribution,correct,False,44x45
24593,407194,Loc,4,Training,lot24339,21.0,44,45,test,4,Loc,True,0.00026395134,0.00027296398,0.00043936877,6.40585e-07,0.9972898,2.9730933e-07,8.880565e-05,0.0013645666,0.00027954826,0.9962265763334086,0.9943919921449939,0.013834753252968974,False,0.4544442,in_distribution,correct,False,44x45
24672,413412,Loc,4,Training,lot24597,11.0,63,64,test,4,Loc,True,3.668691e-05,0.00043730403,0.031261288,0.0019580934,0.9211566,0.00012511919,0.0020318,0.020065876,0.022927353,0.9078970208450061,0.8720132214867005,0.19546790216354473,True,0.89750826,in_distribution,correct,False,63x64
24681,414174,Loc,4,Training,lot24630,18.0,52,51,test,0,Center,False,0.70865506,0.0065139798,0.000113515765,9.191024e-09,0.2843962,6.523033e-09,0.00032013265,9.936929e-07,1.4260657e-07,0.6991044701618221,0.4067615885287918,0.29723279522913354,True,1.4160258,review,predicted_other_defect,False,52x51
24683,414178,Loc,4,Training,lot24630,22.0,52,51,test,0,Center,False,0.58709097,0.005605268,0.00037885614,4.7044892e-08,0.4056193,7.1515325e-07,0.0013007859,3.1341701e-06,9.142684e-07,0.5820365264666898,0.17315511387522936,0.33211094952682413,True,1.606233,out_of_distribution,predicted_other_defect,False,52x51
24684,414179,Loc,4,Training,lot24630,23.0,52,51,test,4,Loc,True,0.4287145,0.035729866,3.990258e-05,2.4555147e-09,0.53532106,2.2740805e-08,0.00019323186,1.400319e-06,4.285734e-09,0.5305202842528445,0.1013788725632988,0.3781866668315643,True,1.8534929,out_of_distribution,correct,False,52x51
24685,414180,Loc,4,Training,lot24630,24.0,52,51,test,0,Center,False,0.9356938,0.00010824207,3.8262828e-05,1.7856332e-08,0.06405968,2.9073299e-06,9.570283e-05,5.2406176e-07,9.2076635e-07,0.9279418505301622,0.8562564105917357,0.1190971290095844,True,1.9153445,out_of_distribution,predicted_other_defect,False,52x51
24686,414181,Loc,4,Training,lot24630,25.0,52,51,test,4,Loc,True,0.36342525,0.014796189,0.0010656997,1.1127335e-07,0.61842686,2.966064e-07,0.0022818348,3.2016787e-06,5.563599e-07,0.6107741973395233,0.24314708624831205,0.34835360889881467,True,1.4493675,review,correct,False,52x51
24893,424466,Loc,4,Training,lot25460,9.0,63,76,test,4,Loc,True,0.0038324161,0.00019448038,0.00014947892,2.2413967e-06,0.99197024,2.6560687e-07,0.00033212977,0.0035073138,1.1472171e-05,0.9895722680890863,0.984661826209226,0.0313759442650255,False,0.7852638,in_distribution,correct,False,63x76
24918,429953,Loc,4,Training,lot26067,6.0,72,67,test,4,Loc,True,1.2092161e-06,0.0010207345,6.628502e-06,4.6625748e-09,0.99737,1.1874817e-09,2.0406225e-05,0.0015809403,1.381572e-07,0.996450639363355,0.9943388856194598,0.01192589822649387,False,0.87369525,in_distribution,correct,False,72x67
24999,437861,Loc,4,Training,lot26467,8.0,35,40,test,4,Loc,True,3.7833813e-06,0.0014369858,1.3417243e-05,2.6443623e-09,0.9983339,6.0436234e-10,8.782049e-06,0.00020239397,7.371852e-07,0.9977297938656707,0.9958013607324951,0.007843216796807021,False,0.7218787,in_distribution,correct,False,35x40
25558,530901,Loc,4,Training,lot33240,24.0,25,27,test,2,Edge-Loc,False,0.0039924732,3.949108e-07,0.52045035,0.00012795955,0.44156814,0.00012701159,0.000608397,0.00017366669,0.03295157,0.5157924506984152,0.07492410561576757,0.3921780420114064,True,0.8852309,in_distribution,predicted_other_defect,False,25x27
25683,560190,Loc,4,Training,lot35227,4.0,32,29,test,4,Loc,True,1.4004552e-05,6.824974e-06,0.0129097905,2.923425e-06,0.9378951,1.9297227e-06,4.9122857e-05,0.025874563,0.0232456,0.9271867056190849,0.8971171819292484,0.15432643701334195,True,0.7400356,in_distribution,correct,False,32x29
25684,560205,Loc,4,Training,lot35227,19.0,32,29,test,4,Loc,True,8.2242395e-06,4.79551e-06,0.006319753,1.2085351e-06,0.9795673,7.76195e-07,3.797776e-05,0.009699761,0.004360139,0.9746058842823253,0.9627251895870977,0.06626312711604164,True,0.675914,in_distribution,correct,False,32x29
26007,577823,Loc,4,Training,lot36111,10.0,33,33,test,4,Loc,True,1.5602508e-06,0.0025091672,2.9090908e-05,1.6853923e-07,0.99047893,2.5859084e-09,0.00011195459,0.0068679303,1.201504e-06,0.9879341335055644,0.9793644359597061,0.03345978487570149,False,0.86042213,in_distribution,correct,False,33x33
27463,595039,Loc,4,Training,lot37262,2.0,49,39,test,4,Loc,True,0.0030762712,6.4948326e-05,0.019067397,3.555835e-05,0.82500637,3.6129855e-05,0.00023480401,0.016374476,0.13610412,0.809417964103571,0.664594214292046,0.2901010144824235,True,0.7424027,in_distribution,correct,False,49x39
27519,602412,Loc,4,Training,lot37901,20.0,49,39,test,4,Loc,True,0.0009494535,0.00110285,0.0030337174,0.00023614393,0.9567812,1.1966317e-05,0.0008197589,0.010945729,0.026119146,0.9481516596125694,0.9177098322877255,0.12036598181891979,True,0.7303374,in_distribution,correct,False,49x39
27572,607531,Loc,4,Training,lot38247,11.0,32,29,test,4,Loc,True,5.378521e-05,1.4364759e-06,0.011035709,2.5501805e-07,0.9886729,1.0723726e-06,5.698159e-05,1.7946903e-05,0.00015990973,0.9860802921091907,0.9726030022417169,0.034506868925018565,False,0.7044538,in_distribution,correct,False,32x29
27580,608371,Loc,4,Training,lot38286,4.0,32,29,test,4,Loc,True,1.2306125e-05,7.4494224e-06,0.0037452334,9.879385e-07,0.9864088,6.6834895e-07,2.9098517e-05,0.0055774474,0.004217979,0.9827330080106454,0.9757174504305883,0.04845656764532417,False,0.5665313,in_distribution,correct,False,32x29
27581,608381,Loc,4,Training,lot38286,14.0,32,29,test,4,Loc,True,2.2905324e-06,1.4697012e-05,0.00016008636,5.987917e-08,0.9988452,5.875405e-08,2.6837672e-05,0.00091760245,3.3088218e-05,0.9983816984515229,0.9971249365416659,0.0060327973360426055,False,0.66396844,in_distribution,correct,False,32x29
27582,608386,Loc,4,Training,lot38286,19.0,32,29,test,4,Loc,True,1.5981935e-07,2.3098387e-06,2.0469357e-05,2.1215651e-09,0.9998795,2.2109485e-09,7.0458027e-06,9.033485e-05,2.1455524e-07,0.9998123786135028,0.9996749745732794,0.0008881987730341001,False,0.9095167,in_distribution,correct,False,32x29
27583,608388,Loc,4,Training,lot38286,21.0,32,29,test,4,Loc,True,5.784915e-06,4.170694e-06,0.004182651,1.0208353e-06,0.98272735,5.780015e-07,2.5182024e-05,0.0066110557,0.0064422064,0.9783266084293825,0.97008199022986,0.05839846652426357,False,0.6532522,in_distribution,correct,False,32x29
27626,611309,Loc,4,Training,lot38429,19.0,32,29,test,4,Loc,True,2.2757562e-05,9.329189e-06,0.013507868,5.911118e-06,0.60823286,3.1650193e-06,3.299209e-05,0.09143077,0.28675437,0.5959572465817314,0.30531031721534607,0.4374234681110051,True,0.8261253,in_distribution,correct,False,32x29
27632,612108,Loc,4,Training,lot38468,25.0,32,29,test,8,none,False,3.8736107e-05,8.555786e-06,0.017181389,9.3432745e-06,0.34039593,7.4270615e-06,4.876505e-05,0.097006015,0.54530376,0.5356054581357914,0.194090390196546,0.46175173606736886,True,0.88928455,in_distribution,predicted_none,False,32x29
27648,614346,Loc,4,Training,lot38590,2.0,32,29,test,4,Loc,True,1.3306408e-05,8.973383e-06,0.007915001,2.6461246e-06,0.9553034,1.6628783e-06,4.6275523e-05,0.018432932,0.018275794,0.9466837263452047,0.924861813196307,0.120409401260079,True,0.65777236,in_distribution,correct,False,32x29
27649,614355,Loc,4,Training,lot38590,11.0,32,29,test,4,Loc,True,2.6363184e-06,3.2694102e-06,0.002228626,3.2789634e-07,0.9947044,1.6701468e-07,2.3800885e-05,0.0026453123,0.00039145842,0.9930158709882076,0.9895664648275732,0.021982314907802596,False,0.64350253,in_distribution,correct,False,32x29
27650,614357,Loc,4,Training,lot38590,13.0,32,29,test,4,Loc,True,1.6144783e-06,5.6949857e-06,0.0014802038,2.2118529e-07,0.99705124,1.2681897e-07,2.5084168e-05,0.0013121518,0.00012350062,0.9960111145660057,0.9940283171377432,0.013508581399866536,False,0.59744126,in_distribution,correct,False,32x29
27651,614359,Loc,4,Training,lot38590,15.0,32,29,test,4,Loc,True,3.445431e-05,1.3968504e-05,0.01659184,6.114131e-06,0.81423,4.2505876e-06,5.5807872e-05,0.058574237,0.11048935,0.797465685108652,0.6790633955166208,0.31321527128971144,True,0.75538045,in_distribution,correct,False,32x29
27652,614363,Loc,4,Training,lot38590,19.0,32,29,test,4,Loc,True,2.319238e-06,3.4368422e-06,0.0022335881,3.089343e-07,0.99470395,1.5642388e-07,2.3815634e-05,0.0027135336,0.00031895185,0.993023817858893,0.9894894796038075,0.0218744929775971,False,0.6480272,in_distribution,correct,False,32x29
27655,614605,Loc,4,Training,lot38604,7.0,32,29,test,8,none,False,0.0021969923,1.5439596e-07,0.0044065234,2.0645955e-06,0.44116935,2.0187686e-06,3.1561904e-05,0.0002285347,0.55196285,0.5485158864297339,0.10565436333207467,0.33593531935982823,True,0.9266096,in_distribution,predicted_none,False,32x29
27662,615046,Loc,4,Training,lot38630,4.0,32,29,test,4,Loc,True,0.00028970788,2.3633757e-07,0.033475567,1.3595045e-05,0.5796408,2.2807573e-05,1.9034484e-05,0.0025694456,0.38396886,0.5724054018759791,0.186129175438692,0.37899610247947085,True,0.89571184,in_distribution,correct,False,32x29
27677,616514,Loc,4,Training,lot38711,7.0,31,33,test,4,Loc,True,0.05065785,0.00022158129,0.0025595308,8.23846e-08,0.94236284,3.747087e-09,0.0041665225,2.5631165e-05,5.952775e-06,0.9337867386659924,0.8765247529418492,0.12625098779701033,True,1.1582372,in_distribution,correct,False,31x33
27691,617978,Loc,4,Training,lot38782,6.0,33,33,test,4,Loc,True,2.0981919e-05,1.0008897e-05,0.0047130603,1.5196731e-06,0.9808053,1.0996193e-06,7.824189e-05,0.011230595,0.0031391212,0.9761425871259494,0.9624723159751847,0.062248515008340506,False,0.6337777,in_distribution,correct,False,33x33
27698,618646,Loc,4,Training,lot38816,21.0,49,39,test,4,Loc,True,0.00016839331,2.8825572e-05,0.0014685314,5.889862e-07,0.99793917,2.4738605e-07,6.37256e-05,0.00010480517,0.00022571906,0.9971491830016183,0.9951807450543828,0.010281793469363146,False,0.47711474,in_distribution,correct,False,49x39
27715,624255,Loc,4,Training,lot39212,6.0,32,29,test,4,Loc,True,0.00034058015,4.562839e-07,0.014567135,1.2869066e-06,0.9802594,2.7936148e-06,4.942016e-05,0.0004779282,0.00430094,0.9757639756144004,0.9582363968363508,0.06041077189143034,False,0.63371,in_distribution,correct,False,32x29
28258,639723,Loc,4,Test,lot40330,11.0,26,26,test,4,Loc,True,2.6534313e-05,8.7889816e-07,0.019469881,4.740814e-06,0.9610235,2.2267689e-06,1.9032737e-05,0.0018250565,0.017628232,0.9535411303980804,0.9305134806648703,0.10402318688143646,True,0.7104058,in_distribution,correct,False,26x26
28263,639728,Loc,4,Test,lot40330,16.0,26,26,test,4,Loc,True,6.805099e-07,1.1869763e-06,0.002840476,3.018374e-07,0.9962218,1.2174974e-07,3.9390357e-06,0.0005804947,0.00035097817,0.9949824062721244,0.9912884397564898,0.01611907533411527,False,0.71677804,in_distribution,correct,False,26x26
28296,639761,Loc,4,Test,lot40331,24.0,26,26,test,8,none,False,7.1540867e-06,1.2784459e-07,0.015079708,1.0361714e-05,0.018147988,5.005134e-06,1.4533164e-06,0.00049490447,0.9662534,0.9596461930326152,0.9380880594232273,0.09113623546129447,True,0.86045533,in_distribution,predicted_none,False,26x26
28872,640550,Loc,4,Test,lot40363,17.0,26,26,test,8,none,False,0.0068453737,4.5387897e-06,0.0023420344,7.437814e-06,0.36160815,1.7162212e-05,5.9514e-05,0.00068612356,0.6284296,0.6212060976142093,0.2547437630378604,0.3315513644928855,True,0.898068,in_distribution,predicted_none,False,26x26
28876,640555,Loc,4,Test,lot40363,22.0,26,26,test,4,Loc,True,0.18953307,2.7467988e-07,0.0004933421,3.2078037e-07,0.8091706,1.2210148e-07,0.000107294945,5.0728384e-05,0.0006442644,0.7985283043660493,0.5988500905597243,0.23421145306778154,True,0.94570297,in_distribution,correct,False,26x26
29387,641163,Loc,4,Test,lot40388,9.0,26,26,test,4,Loc,True,5.3795875e-06,1.0848148e-07,0.0003402317,1.5820824e-07,0.9921834,7.720579e-08,3.2434884e-06,7.625739e-05,0.007391155,0.990183384784195,0.9809854545707781,0.026328199500406956,False,0.86152214,in_distribution,correct,False,26x26
29690,641514,Loc,4,Test,lot40402,10.0,26,26,test,4,Loc,True,3.1486026e-05,2.619806e-06,0.050805915,1.7835147e-05,0.8346895,9.410975e-06,1.8583454e-05,0.022400793,0.09202378,0.8179607499233996,0.7183639239589152,0.29682143411608947,True,0.804272,in_distribution,correct,False,26x26
29937,641802,Loc,4,Test,lot40413,23.0,26,26,test,8,none,False,1.15823495e-05,5.0388042e-08,0.0008827368,1.3893022e-06,0.004712181,8.946054e-07,2.9081502e-07,0.003798543,0.9905923,0.9879208775908755,0.9819411952451279,0.03501137838244565,False,0.7499718,in_distribution,predicted_none,True,26x26
30342,642268,Loc,4,Test,lot40433,9.0,26,26,test,4,Loc,True,4.6385065e-08,1.9994264e-05,0.0050126696,6.99437e-08,0.99488926,3.943858e-07,7.123754e-05,6.1680325e-06,2.655204e-08,0.9934937314863242,0.9871409530967884,0.0182470647987417,False,1.0106512,in_distribution,correct,False,26x26
31186,643116,Loc,4,Test,lot40467,7.0,26,26,test,8,none,False,0.044151798,1.1862904e-07,0.0023260023,2.4236829e-06,0.03564502,5.9120844e-06,3.391536e-06,0.007985978,0.90987945,0.8967215767440067,0.8468543494485511,0.20036592690091987,True,1.1388589,in_distribution,predicted_none,False,26x26
31208,643138,Loc,4,Test,lot40468,4.0,26,26,test,8,none,False,8.8037865e-05,1.6326078e-07,0.37537304,0.00028685466,0.07055342,2.975502e-05,2.3786519e-05,0.0017787269,0.5518662,0.544173138630263,0.16755095781340512,0.41606745423634983,True,0.76798284,in_distribution,predicted_none,False,26x26
31301,643232,Loc,4,Test,lot40471,23.0,26,26,test,8,none,False,0.0001868764,6.8965754e-08,0.008275028,1.7811557e-06,0.10734206,1.4905693e-06,4.204057e-06,0.0006096641,0.88357884,0.8722746828745991,0.7557502218827401,0.19312288819606171,True,0.931059,in_distribution,predicted_none,False,26x26
31672,643603,Loc,4,Test,lot40486,19.0,26,26,test,4,Loc,True,0.00086109294,1.470495e-05,0.0086875325,9.258353e-06,0.50296134,7.594412e-06,6.6614135e-05,0.06022405,0.42716786,0.49735198121580015,0.071828767981166,0.43048739608834286,True,0.7241959,in_distribution,correct,False,26x26
32059,643992,Loc,4,Test,lot40502,8.0,26,26,test,4,Loc,True,0.07187298,2.6544137e-06,0.10992823,1.9616644e-05,0.74669397,5.612306e-05,0.0004165411,7.3298164e-05,0.07093661,0.7277117519791244,0.6109215514971522,0.40252552517106294,True,0.8631945,in_distribution,correct,False,26x26
32075,644008,Loc,4,Test,lot40502,24.0,26,26,test,4,Loc,True,6.2206936e-07,2.325999e-06,0.0004700136,2.5160494e-07,0.9976513,6.310643e-08,2.9301098e-06,0.0010053469,0.0008671179,0.9967649973174185,0.9953943681970561,0.011502097951224113,False,0.76900166,in_distribution,correct,False,26x26
32151,644143,Loc,4,Test,lot40508,15.0,26,26,test,4,Loc,True,0.105235204,3.1795964e-05,0.0064923647,7.5085507e-07,0.8797084,1.0536258e-05,0.007886723,3.030239e-05,0.00060395565,0.8672934261498308,0.7531293420570391,0.21003742368682687,True,1.1940693,review,correct,False,26x26
32282,644385,Loc,4,Test,lot40518,7.0,26,26,test,8,none,False,1.202131e-05,5.6357628e-08,0.058924824,2.9041077e-05,0.18647052,1.1796128e-05,6.6878742e-06,0.00056809373,0.753977,0.7395289230141717,0.5447511990633885,0.3302679762646818,True,0.9096864,in_distribution,predicted_none,False,26x26
32291,644397,Loc,4,Test,lot40518,19.0,26,26,test,4,Loc,True,4.8360907e-05,1.14591e-06,0.00019020388,3.1323402e-09,0.99972564,3.954877e-10,6.939609e-06,1.8761513e-05,8.991319e-06,0.9995848220002235,0.9993050772111708,0.0018526725550685695,False,0.8546392,in_distribution,correct,False,26x26
32444,644663,Loc,4,Test,lot40529,10.0,26,26,test,4,Loc,True,5.8383907e-08,1.2636978e-05,0.00052292395,1.5929947e-08,0.99943143,1.0977673e-08,8.821561e-06,2.4064871e-05,5.286976e-08,0.9991902021447029,0.9984554407300448,0.003141483552568859,False,0.7969593,in_distribution,correct,False,26x26
32940,645520,Loc,4,Test,lot40564,2.0,26,26,test,4,Loc,True,5.191625e-07,7.583717e-07,0.0009323001,3.7263593e-08,0.99901855,3.6684618e-08,8.822897e-06,3.891241e-05,6.385591e-08,0.9986448236335765,0.9973687205030356,0.004850395625111706,False,0.88895375,in_distribution,correct,False,26x26
32958,645542,Loc,4,Test,lot40564,24.0,26,26,test,4,Loc,True,5.449973e-06,5.3233894e-06,0.0011005385,4.456813e-08,0.99885035,1.4130821e-08,1.8755529e-05,1.7518025e-05,2.058913e-06,0.9984232000720643,0.9969281245675992,0.0055451659695158395,False,0.8318659,in_distribution,correct,False,26x26
33090,645733,Loc,4,Test,lot40572,15.0,26,26,test,8,none,False,0.1961,8.900533e-08,0.018392568,2.9166953e-05,0.11839209,1.875242e-05,6.859482e-05,0.00036575896,0.66663295,0.6509217624066841,0.4485928808230225,0.43218513739831527,True,1.0744444,in_distribution,predicted_none,False,26x26
33523,646300,Loc,4,Test,lot40595,24.0,26,26,test,4,Loc,True,1.976741e-05,4.7863555e-06,0.3272079,7.9347476e-05,0.671113,4.683935e-05,0.0003390085,0.00014902772,0.0010403758,0.663548166075633,0.329388591076349,0.2981526063839442,True,0.6669133,in_distribution,correct,False,26x26
33918,646832,Loc,4,Test,lot40618,1.0,26,26,test,4,Loc,True,4.726438e-07,3.439008e-06,0.012714992,1.8774062e-07,0.98718387,4.8499106e-07,9.195248e-05,3.1503503e-06,1.4459577e-06,0.9844187313308518,0.968993204268546,0.03697938091514175,False,0.88925475,in_distribution,correct,False,26x26
35336,648946,Loc,4,Test,lot40709,8.0,34,31,test,4,Loc,True,5.9106624e-06,7.330664e-06,0.00028929056,5.8041003e-08,0.99669707,1.04637834e-07,5.8947035e-06,0.001995546,0.0009988955,0.9955509949262932,0.9929139297243901,0.014886757677363045,False,0.5962336,in_distribution,correct,False,34x31
35497,649287,Loc,4,Test,lot40723,1.0,34,31,test,4,Loc,True,1.9959425e-05,1.7198906e-06,0.05330179,1.2249756e-05,0.662577,1.0166412e-05,1.2485358e-05,0.0031893791,0.2808753,0.650617621649281,0.36394053886852035,0.376439151314714,True,0.81176144,in_distribution,correct,False,34x31
35621,649493,Loc,4,Test,lot40731,14.0,30,34,test,2,Edge-Loc,False,4.291789e-07,5.226744e-06,0.7536622,0.0037964343,0.22993818,1.10678775e-05,0.0006224732,0.011962745,1.2488098e-06,0.7415349248575759,0.5028689343344265,0.2984320349622922,True,0.88504964,in_distribution,predicted_other_defect,False,30x34
35626,649498,Loc,4,Test,lot40731,19.0,30,34,test,4,Loc,True,0.02797172,8.735345e-06,0.00029283582,1.2610401e-07,0.97074956,2.6494467e-08,3.7400463e-05,0.00061135687,0.00032818396,0.9655492388147597,0.9329073024747566,0.07242881376974783,True,0.66271746,in_distribution,correct,False,30x34
35630,649502,Loc,4,Test,lot40731,23.0,30,34,test,4,Loc,True,0.4180207,5.951711e-07,0.0054723094,2.4031647e-06,0.46160924,3.0028532e-06,8.250031e-05,4.6716097e-05,0.11476255,0.45677859408067895,0.0412800513396811,0.46119657395349756,True,0.98293364,in_distribution,correct,False,30x34
35635,649507,Loc,4,Test,lot40732,3.0,30,34,test,8,none,False,1.4090557e-05,7.1022114e-06,0.002222929,1.8254466e-06,0.2691376,1.0826641e-06,4.573326e-06,0.02177724,0.7068336,0.6954705045477875,0.41888720845553284,0.3265958348983164,True,0.8113127,in_distribution,predicted_none,False,30x34
36780,650727,Loc,4,Test,lot40781,10.0,30,34,test,8,none,False,0.00063975836,8.7973564e-07,0.001823459,9.24429e-07,0.24783929,2.614615e-06,3.3457254e-06,0.0006820342,0.74900764,0.7388655319430671,0.481893411452733,0.2729723236551771,True,0.85854554,in_distribution,predicted_none,False,30x34
36872,650825,Loc,4,Test,lot40785,8.0,30,34,test,4,Loc,True,0.10545859,0.0010518793,0.0027273684,8.777933e-06,0.8757594,3.2470732e-06,0.005697558,0.0008057678,0.008487382,0.8624250006358808,0.7481818630919247,0.22486522707692222,True,0.8166477,in_distribution,correct,False,30x34
37381,651424,Loc,4,Test,lot40809,10.0,30,34,test,8,none,False,0.25799432,9.65605e-07,0.005304461,2.1229023e-06,0.35268113,2.9001862e-06,2.8032162e-05,0.003996214,0.37998986,0.3770558594811545,0.025920176418812058,0.5208409738902409,True,0.87889344,in_distribution,predicted_none,False,30x34
37388,651431,Loc,4,Test,lot40809,17.0,30,34,test,4,Loc,True,5.563678e-07,1.5099318e-06,0.00078810245,1.30737146e-08,0.9991955,1.28143185e-08,5.8320384e-06,7.035499e-06,1.4797953e-06,0.9988843701572372,0.9977973674342423,0.004037024262601356,False,0.70234907,in_distribution,correct,False,30x34
37942,652061,Loc,4,Test,lot40835,7.0,30,34,test,4,Loc,True,6.2207255e-06,0.000115715855,0.00027008087,5.793238e-09,0.9994024,2.0241637e-09,2.0133251e-05,0.00018548938,8.4422364e-10,0.9991185183844751,0.9987275798724694,0.003712293957597298,False,0.9976501,in_distribution,correct,False,30x34
37985,652109,Loc,4,Test,lot40837,5.0,30,34,test,4,Loc,True,8.2112956e-07,3.4410412e-05,0.270413,8.001393e-05,0.72354853,2.3587943e-05,0.00034262225,0.0042716726,0.0012853144,0.7135517379456,0.4347855037317305,0.291792052182213,True,0.7499283,in_distribution,correct,False,30x34
39106,653327,Loc,4,Test,lot40887,4.0,30,34,test,4,Loc,True,1.2050446e-06,7.356728e-05,0.00020592764,6.3408514e-08,0.9942544,1.1043934e-08,2.124583e-05,0.0052678147,0.00017572584,0.9926307739329516,0.9859712807197833,0.021257968186553615,False,0.6220984,in_distribution,correct,False,30x34
39124,653348,Loc,4,Test,lot40887,25.0,30,34,test,4,Loc,True,6.631174e-06,2.724182e-07,0.09067708,6.7020815e-06,0.902069,7.5421544e-06,1.6358073e-05,7.499625e-05,0.0071415044,0.8916446867823971,0.7922427910652738,0.1706790410810065,True,0.9127296,in_distribution,correct,False,30x34
39210,653445,Loc,4,Test,lot40891,22.0,30,34,test,8,none,False,0.00011227512,5.278456e-06,0.023416571,8.7743965e-06,0.30864173,6.9648245e-06,5.3531465e-05,0.022910917,0.6448439,0.6334413660490229,0.32002516911008205,0.3857082767801489,True,0.7845701,in_distribution,predicted_none,False,30x34
39412,653661,Loc,4,Test,lot40900,13.0,30,34,test,4,Loc,True,4.2663025e-05,7.2737957e-06,0.0048468458,1.1762406e-06,0.88876015,1.4787282e-06,2.2805163e-05,0.00078605965,0.105531596,0.8780025085100519,0.7632452747628098,0.18300300443319226,True,0.65433764,in_distribution,correct,False,30x34
39740,654023,Loc,4,Test,lot40915,1.0,30,34,test,4,Loc,True,2.712411e-07,2.4442147e-06,2.4399633e-05,1.0858726e-09,0.9999529,2.6844343e-10,1.1798526e-06,1.7458864e-05,1.2942065e-06,0.9999225538210821,0.9998831849724461,0.0004082559054396393,False,0.81863314,in_distribution,correct,False,30x34
39805,654088,Loc,4,Test,lot40917,16.0,30,34,test,7,Scratch,False,6.047988e-06,6.368244e-05,0.00014853198,5.628336e-08,0.26053464,1.3902122e-08,3.6807514e-06,0.7391296,0.00011373364,0.7298641598172916,0.46022275481746433,0.267423769021664,True,0.7212319,in_distribution,predicted_other_defect,False,30x34
39942,654225,Loc,4,Test,lot40923,3.0,30,34,test,4,Loc,True,6.701158e-06,1.6737413e-07,0.002235453,3.9048737e-07,0.98786783,1.4307777e-07,3.8854478e-06,9.3288465e-05,0.009792173,0.9848888277977282,0.9728708037107392,0.039466237541559285,False,0.8281621,in_distribution,correct,False,30x34
41146,655635,Loc,4,Test,lot40980,4.0,30,34,test,4,Loc,True,0.00015843485,0.0012030804,0.0015769488,5.9518577e-08,0.99427235,6.939764e-08,0.0027795394,5.687807e-06,3.9655074e-06,0.9924034305749176,0.9887877992330166,0.024332173446111972,False,0.9250714,in_distribution,correct,False,30x34
41809,656443,Loc,4,Test,lot41012,19.0,30,34,test,4,Loc,True,2.6624153e-05,5.471326e-07,0.020466572,1.4238649e-06,0.9666187,2.6520543e-06,1.0916864e-05,0.00040918027,0.012463362,0.96011048647049,0.9359264439190698,0.08980240662108167,True,0.71371514,in_distribution,correct,False,30x34
42521,657240,Loc,4,Test,lot41045,2.0,30,34,test,4,Loc,True,1.4521588e-05,1.215324e-05,0.14155939,3.6843532e-05,0.83663744,1.1657212e-05,0.000101410245,0.009062639,0.012563991,0.8230109359926377,0.6721540896753069,0.25501959625828685,True,0.71685874,in_distribution,correct,False,30x34
42872,657700,Loc,4,Test,lot41063,12.0,30,34,test,4,Loc,True,1.0109773e-06,4.7643553e-05,0.0049437773,7.6897595e-07,0.99397475,2.9399015e-07,6.327934e-05,0.00081389473,0.00015458699,0.9922091700455374,0.9859423998602562,0.023090115320253145,False,0.5398473,in_distribution,correct,False,30x34
43165,658088,Loc,4,Test,lot41079,7.0,30,34,test,4,Loc,True,2.930447e-05,6.060795e-06,0.20726618,5.4513977e-05,0.7447931,2.5232224e-05,7.276385e-05,0.004458886,0.043293964,0.7305673105106,0.5152014582781501,0.33574937566390767,True,0.70577097,in_distribution,correct,False,30x34
43632,658574,Loc,4,Test,lot41098,18.0,30,34,test,4,Loc,True,3.7599834e-06,0.00015787192,0.071247116,2.4220211e-05,0.60001713,3.7689622e-06,0.00011075288,0.3279751,0.00046022786,0.5902529510245683,0.25871581097919966,0.4020090149329829,True,0.9161196,in_distribution,correct,False,30x34
43867,658868,Loc,4,Test,lot41110,22.0,30,34,test,2,Edge-Loc,False,1.0730768e-05,1.0351936e-06,0.776181,0.00013625972,0.12137599,5.9756057e-05,2.7133352e-05,0.0029239857,0.09928405,0.760086909323471,0.6308659128160525,0.3347110249077207,True,0.6666463,in_distribution,predicted_other_defect,False,30x34
45385,665740,Loc,4,Training,lot41457,23.0,32,29,test,4,Loc,True,1.9750798e-06,6.753896e-07,0.046311285,2.4726858e-06,0.9513374,4.971562e-06,3.1625543e-05,7.918374e-05,0.0022303297,0.9442344774422089,0.8915645565005599,0.10376838734639926,True,0.8149729,in_distribution,correct,False,32x29
45399,668069,Loc,4,Training,lot41599,16.0,32,29,test,4,Loc,True,0.00036713004,6.1740207e-07,0.0008193087,6.7437924e-07,0.98085964,2.7800002e-07,1.8687335e-05,0.00020879155,0.017724872,0.9768668129579995,0.9557158958668998,0.054074567974658594,False,0.7173845,in_distribution,correct,False,32x29
45431,673830,Loc,4,Test,lot41961,22.0,54,71,test,4,Loc,True,0.0012096544,0.0016270075,0.0007964871,3.2864916e-06,0.9926917,1.217867e-06,0.0003451148,0.00069514214,0.0026304736,0.9902150313202702,0.9867871582817247,0.032295688657780326,False,0.7487285,in_distribution,correct,False,54x71
45487,673886,Loc,4,Test,lot41964,3.0,54,71,test,4,Loc,True,2.0140422e-05,0.0012707378,1.7132628e-05,3.9333177e-08,0.9985072,1.0227353e-09,9.1608235e-05,9.2908274e-05,1.0269449e-07,0.9979437521101095,0.9962288689555137,0.007326932235831293,False,0.7644229,in_distribution,correct,False,54x71
45499,673898,Loc,4,Test,lot41964,15.0,54,71,test,4,Loc,True,0.00038230524,0.0068574524,0.00022848637,9.806938e-07,0.98764974,9.133346e-08,0.0003308081,0.0043767006,0.00017348808,0.9842786047937834,0.9757297356887498,0.044468109050545074,False,0.6931821,in_distribution,correct,False,54x71
45502,673901,Loc,4,Test,lot41964,18.0,54,71,test,8,none,False,0.0013858349,0.0016343037,0.025345372,0.0004574376,0.41768312,2.5871635e-05,0.0014910684,0.05895429,0.49302283,0.4861178647286806,0.07119654615067866,0.4706486904464576,True,0.9137239,in_distribution,predicted_none,False,54x71
45505,673904,Loc,4,Test,lot41964,21.0,54,71,test,4,Loc,True,0.00060267973,0.004064823,0.0027311072,2.1164007e-05,0.98530966,4.0622067e-06,0.0011733273,0.0017854748,0.0043077758,0.9809714485765341,0.9754935187127601,0.05711924504678697,False,0.712098,in_distribution,correct,False,54x71
45506,673905,Loc,4,Test,lot41964,22.0,54,71,test,4,Loc,True,0.0003897736,0.0004773245,0.0006202876,5.562898e-06,0.9962682,4.3569202e-07,0.00036127632,0.0016025265,0.00027464854,0.9948487354974029,0.99271063862102,0.018466986070051743,False,0.53203833,in_distribution,correct,False,54x71
45583,673982,Loc,4,Test,lot41967,24.0,54,71,test,8,none,False,0.00025877493,9.887436e-05,0.052606154,0.008302412,0.087311015,0.00015104115,0.0013860851,0.022369906,0.8275157,0.8090513727809917,0.7145873564239617,0.3265463767231317,True,1.0369964,in_distribution,predicted_none,False,54x71
45785,675098,Loc,4,Test,lot42013,3.0,29,27,test,4,Loc,True,7.467637e-07,4.404448e-07,0.23892197,2.535281e-06,0.7601871,1.1583566e-06,1.1244787e-05,8.5036125e-05,0.0007898749,0.7503364025711888,0.5018886798936449,0.259514754652068,True,0.87133414,in_distribution,correct,False,29x27
45797,675110,Loc,4,Test,lot42013,15.0,29,27,test,4,Loc,True,1.0533939e-07,7.583655e-07,0.21230832,1.2096683e-06,0.78765476,4.1114913e-07,2.0712461e-05,6.1652477e-06,7.5559083e-06,0.7775925679833187,0.5552454795437565,0.24147236609037762,True,0.94062555,in_distribution,correct,False,29x27
49180,678585,Loc,4,Test,lot42152,24.0,26,26,test,8,none,False,0.000110047746,9.212887e-07,0.00252879,5.800543e-06,0.10367178,2.6853725e-06,4.305298e-06,0.0009575558,0.89271814,0.8823643374655673,0.7694587840894779,0.17550214859809576,True,0.84290284,in_distribution,predicted_none,False,26x26
49632,679058,Loc,4,Test,lot42172,3.0,26,26,test,4,Loc,True,2.037587e-06,4.555674e-06,0.0005892937,1.3942768e-07,0.99818027,2.6831815e-08,2.6125372e-05,0.0008839237,0.00031368973,0.9974598249554377,0.9962474980250176,0.009359422088750723,False,0.716428,in_distribution,correct,False,26x26
49645,679072,Loc,4,Test,lot42172,17.0,26,26,test,4,Loc,True,2.9910318e-05,5.919253e-08,0.0059507145,8.904103e-07,0.9739391,1.1760961e-06,4.4253784e-06,3.6427402e-05,0.020037213,0.9686973343622449,0.9449577139598537,0.07157754093358847,True,0.9764074,in_distribution,correct,False,26x26
49679,679106,Loc,4,Test,lot42174,1.0,26,26,test,4,Loc,True,1.2548666e-05,1.710096e-06,0.07317657,1.0967522e-05,0.9174749,4.626145e-06,3.6992064e-05,0.0009662928,0.008315456,0.9073284089955465,0.8262297383378838,0.15854960618462513,True,0.7394024,in_distribution,correct,False,26x26
49680,679107,Loc,4,Test,lot42174,2.0,26,26,test,4,Loc,True,6.5452214e-06,1.1364981e-05,0.020716999,1.0812991e-05,0.9789163,7.5229167e-07,0.0001738416,0.00016006365,3.3173583e-06,0.9749076657550373,0.9503621626254352,0.05483011644940091,True,0.67500734,in_distribution,correct,False,26x26
49682,679109,Loc,4,Test,lot42174,4.0,26,26,test,0,Center,False,0.9740382,3.2119996e-09,5.0474686e-05,1.9635545e-08,0.02589429,2.7389557e-09,2.5971e-06,8.11443e-07,1.3610221e-05,0.9695429124068502,0.9391927872693835,0.0624058176594339,True,0.6186856,in_distribution,predicted_other_defect,False,26x26
49994,679449,Loc,4,Test,lot42187,20.0,35,31,test,4,Loc,True,0.00065306947,0.0003866439,0.0026279588,2.2209358e-06,0.5494205,5.0348e-06,4.1192718e-05,0.00080671546,0.44605672,0.5463574018236614,0.09860341991443139,0.33102071962407337,True,0.9689823,in_distribution,correct,False,35x31
50130,679585,Loc,4,Test,lot42193,6.0,35,31,test,4,Loc,True,6.313083e-05,2.6069583e-06,0.003638542,2.0713487e-06,0.91051567,1.2871136e-06,1.0825738e-05,0.0012854841,0.08448036,0.9005503269309145,0.8075491285773682,0.16027052222016902,True,0.63891095,in_distribution,correct,False,35x31
50138,679593,Loc,4,Test,lot42193,14.0,35,31,test,4,Loc,True,0.01872998,3.0921798e-05,5.2981217e-05,8.536194e-09,0.98112065,2.8975933e-09,4.437914e-05,1.8907185e-05,2.1930257e-06,0.9774618773481765,0.9551591243260457,0.049787368679380446,False,0.7707031,in_distribution,correct,False,35x31
50194,679650,Loc,4,Test,lot42195,21.0,35,31,test,4,Loc,True,5.1312527e-06,8.213539e-06,0.0041916547,5.674741e-07,0.9950814,2.9484787e-07,2.2320053e-05,0.00048336285,0.00020707872,0.9936011101832393,0.9882462717874197,0.019320511576821877,False,0.5103512,in_distribution,correct,False,35x31
50930,680410,Loc,4,Test,lot42226,10.0,35,31,test,4,Loc,True,0.00020708064,1.6466838e-06,0.0018951796,5.769312e-07,0.8843998,4.9153465e-07,4.866964e-06,0.0015379691,0.11195232,0.8737932286299719,0.7523906741349069,0.183795069815824,True,0.6749778,in_distribution,correct,False,35x31
50935,680415,Loc,4,Test,lot42226,15.0,35,31,test,8,none,False,6.8402046e-06,2.659919e-08,0.00042810643,2.2796594e-07,0.008930474,2.5305343e-07,7.083653e-08,0.00024093337,0.990393,0.988017990658355,0.977003879725497,0.03139697722616896,False,1.0716814,in_distribution,predicted_none,True,35x31
51021,680502,Loc,4,Test,lot42230,2.0,35,31,test,4,Loc,True,0.006442735,0.000102216116,0.004639172,1.2649498e-05,0.9024009,4.460012e-06,0.00020144609,0.0014486425,0.08474768,0.8908014146302505,0.7977368228454935,0.1858149373852588,True,0.62501746,in_distribution,correct,False,35x31
51038,680519,Loc,4,Test,lot42230,19.0,35,31,test,8,none,False,0.0005224108,0.00030254878,0.0074510085,1.0147257e-05,0.4266852,6.2543704e-06,0.0008216716,0.00014773123,0.56405306,0.5597566650463714,0.13096422458890117,0.34052890845448436,True,1.0170808,in_distribution,predicted_none,False,35x31
51039,680520,Loc,4,Test,lot42230,20.0,35,31,test,4,Loc,True,0.0016140077,0.0045143366,0.005961397,1.2441852e-05,0.67105865,1.5853146e-05,0.0029263168,0.001232804,0.3126642,0.6609878772343021,0.3422362628809514,0.3400449402944919,True,0.95743835,in_distribution,correct,False,35x31
51795,681360,Loc,4,Test,lot42265,9.0,35,31,test,4,Loc,True,0.0007492074,0.00018835565,0.00091578875,8.7958404e-07,0.98049027,5.04267e-07,6.27622e-05,0.0024537435,0.015138549,0.9759644770406694,0.9577812541723175,0.06080675099871322,False,0.520916,in_distribution,correct,False,35x31
51801,681366,Loc,4,Test,lot42265,15.0,35,31,test,4,Loc,True,0.08243276,6.611235e-05,0.0022525687,6.9371686e-07,0.911913,8.1370376e-07,0.00011666992,1.3180494e-05,0.0032043378,0.9018498854756368,0.8110044881876771,0.1607847399917175,True,0.9265569,in_distribution,correct,False,35x31
52109,681729,Loc,4,Test,lot42280,3.0,35,31,test,4,Loc,True,0.0069184643,0.00024046052,0.006916933,7.334041e-06,0.8107936,1.0413043e-05,0.0002577114,0.0016487138,0.1732065,0.7975969423809254,0.6149407973362505,0.2687857274637382,True,0.6804752,in_distribution,correct,False,35x31
52126,681750,Loc,4,Test,lot42280,24.0,35,31,test,4,Loc,True,0.0007794578,0.06915386,0.021175995,6.2466546e-07,0.88371575,3.238165e-06,0.025164539,6.436618e-06,1.6009905e-07,0.8689780217096679,0.792707501092687,0.23655846691455154,True,1.2357241,review,correct,False,35x31
52302,681958,Loc,4,Test,lot42289,7.0,35,31,test,4,Loc,True,2.0546079e-06,1.2833741e-06,0.22478591,7.5438084e-06,0.7748559,1.092467e-05,3.441778e-05,4.3785913e-05,0.0002581934,0.764868318272662,0.5302589835142075,0.25015355078869816,True,0.88964593,in_distribution,correct,False,35x31
52864,682883,Loc,4,Test,lot42326,16.0,35,31,test,4,Loc,True,9.668072e-06,7.923049e-06,0.0077055395,3.8067594e-06,0.59102714,2.1132473e-06,7.72293e-06,0.0050004832,0.39623564,0.5851257805299114,0.18571673735914607,0.34380328186847453,True,0.80723983,in_distribution,correct,False,35x31
52906,682940,Loc,4,Test,lot42329,13.0,35,31,test,4,Loc,True,0.00079743523,1.6050004e-05,0.03174249,1.1484583e-05,0.7629782,4.1602045e-05,0.00015077088,0.00125385,0.20300812,0.7493518806488009,0.5377161843827352,0.31186979374160095,True,0.6489859,in_distribution,correct,False,35x31
52917,682951,Loc,4,Test,lot42329,24.0,35,31,test,4,Loc,True,5.4523235e-07,3.189795e-05,0.00016905135,4.01661e-08,0.99965334,1.833282e-08,8.830423e-06,9.2998605e-05,4.318996e-05,0.9994739666061877,0.9992240186830555,0.0023610815401869413,False,0.5969305,in_distribution,correct,False,35x31
52918,682952,Loc,4,Test,lot42329,25.0,35,31,test,4,Loc,True,6.807638e-07,0.0008091262,5.9781138e-05,1.7600419e-08,0.997198,3.2452543e-09,3.7429956e-05,0.0018717435,2.3202478e-05,0.9962145680382496,0.9937334956062628,0.01277621554171066,False,0.6948241,in_distribution,correct,False,35x31
53042,683093,Loc,4,Test,lot42335,16.0,35,31,test,4,Loc,True,0.0030197238,2.123139e-05,0.0035045794,2.646898e-06,0.56076884,4.7781673e-06,2.7505399e-05,0.019269275,0.41338143,0.5548805152481419,0.14018222908667877,0.37413467869626277,True,0.6955578,in_distribution,correct,False,35x31
53324,683388,Loc,4,Test,lot42347,11.0,35,31,test,4,Loc,True,6.968567e-09,0.002106501,2.8664626e-06,3.022014e-10,0.99785304,1.2685778e-11,8.5536785e-06,2.9044133e-05,4.863271e-11,0.9971556633188896,0.9943773519169268,0.009047862014902042,False,1.2790072,review,correct,False,35x31
53325,683389,Loc,4,Test,lot42347,12.0,35,31,test,4,Loc,True,1.168009e-06,0.0071155583,1.6764114e-06,2.1360476e-10,0.99284804,1.826521e-11,2.7195501e-05,6.2912063e-06,6.182816e-10,0.9910680692837255,0.9821956853365192,0.023411279283590537,False,1.0661228,in_distribution,correct,False,35x31
53326,683390,Loc,4,Test,lot42347,13.0,35,31,test,4,Loc,True,7.486013e-07,0.0054166657,3.689349e-07,2.668675e-11,0.99457246,1.5785394e-12,3.64372e-06,6.0819807e-06,2.9865138e-10,0.9931405453046745,0.9863000442340661,0.018732879785426988,False,1.1993302,review,correct,False,35x31
53444,683509,Loc,4,Test,lot42352,7.0,35,31,test,4,Loc,True,0.0018743781,4.496292e-05,0.008320401,3.9746765e-06,0.5708269,3.2957762e-06,0.00012484686,0.0020010544,0.41680017,0.5657856589107602,0.1467724393149169,0.3480824820138051,True,0.6726568,in_distribution,correct,False,35x31
53540,683607,Loc,4,Test,lot42356,5.0,35,31,test,4,Loc,True,0.008143623,0.000102010534,0.0060272035,8.448196e-06,0.54426384,5.144773e-06,7.626478e-05,0.08493272,0.3564408,0.5349443516710424,0.177863035702237,0.4566416545157514,True,0.7040601,in_distribution,correct,False,35x31
53859,683931,Loc,4,Test,lot42370,1.0,35,31,test,8,none,False,0.004096511,2.5912108e-05,0.0018151599,1.1597375e-06,0.28987303,2.5586287e-06,1.8205752e-05,0.0016446623,0.70252275,0.6928471005699248,0.39533600206573516,0.30487873317853426,True,0.85686463,in_distribution,predicted_none,False,35x31
53868,683941,Loc,4,Test,lot42370,11.0,35,31,test,4,Loc,True,0.01290913,0.008872738,0.0003592549,1.3835052e-07,0.976722,4.473236e-08,0.0008788745,0.00020086802,5.6823552e-05,0.9714028729931351,0.9558015076192459,0.07168524971699117,True,0.8170689,in_distribution,correct,False,35x31
53870,683943,Loc,4,Test,lot42370,13.0,35,31,test,8,none,False,0.0011440662,3.2617532e-05,0.010311908,1.5297666e-05,0.39267537,1.1408826e-05,0.00015376408,0.00047887114,0.59517676,0.5891963100388826,0.19311557669776525,0.34125683587252753,True,0.77774787,in_distribution,predicted_none,False,35x31
53872,683945,Loc,4,Test,lot42370,15.0,35,31,test,4,Loc,True,9.5770665e-05,0.0054554534,3.0820695e-05,1.7353388e-08,0.994175,7.836359e-09,9.0168774e-05,0.00014707532,5.6617723e-06,0.9925548601746761,0.9856690234558289,0.021226254822093574,False,0.773267,in_distribution,correct,False,35x31
53873,683946,Loc,4,Test,lot42370,16.0,35,31,test,4,Loc,True,0.013818513,0.0009976679,0.00057385466,6.1710836e-07,0.9808961,3.700629e-07,0.0017355355,5.5881406e-05,0.0019214596,0.9762635082806227,0.9595989337529606,0.06201646515290149,False,0.86136925,in_distribution,correct,False,35x31
53880,683953,Loc,4,Test,lot42370,23.0,35,31,test,4,Loc,True,0.03231167,0.047028154,0.015813833,4.6752416e-06,0.52816033,1.3454144e-06,0.36853176,0.007975044,0.00017326746,0.5176948226405976,0.1505618724765172,0.5005026277323303,True,1.0357323,in_distribution,correct,False,35x31
55175,685295,Loc,4,Test,lot42424,18.0,38,42,test,4,Loc,True,1.5045961e-05,3.0195193e-05,0.12071534,8.1420425e-05,0.86004335,1.4354956e-05,0.00023111717,0.007067736,0.011801536,0.8468594157725798,0.7170017968556794,0.23288070595334373,True,0.68022513,in_distribution,correct,False,38x42
55234,685354,Loc,4,Test,lot42427,2.0,38,42,test,4,Loc,True,8.434494e-05,1.5441858e-05,0.08150375,6.473696e-05,0.61880344,1.6814509e-05,7.5418364e-05,0.06306187,0.2363741,0.603575041142718,0.3628031022691458,0.4764111814335576,True,0.7669414,in_distribution,correct,False,38x42
55252,685372,Loc,4,Test,lot42427,20.0,38,42,test,8,none,False,5.5149007e-06,1.0887553e-06,0.005391219,1.0257601e-05,0.0148417605,2.2945871e-06,1.98608e-06,0.0055761533,0.9741698,0.9683828183761962,0.9505691012682894,0.07819890265988498,True,0.8076418,in_distribution,predicted_none,False,38x42
56605,686750,Loc,4,Test,lot42484,23.0,41,38,test,4,Loc,True,1.329241e-06,6.56057e-05,0.0153263565,1.4350225e-06,0.9842114,5.830719e-07,5.7829177e-05,0.0003340343,1.4588377e-06,0.9808990221628223,0.9624741867000425,0.04461612102267464,False,0.64129174,in_distribution,correct,False,41x38
56860,687022,Loc,4,Test,lot42496,3.0,41,38,test,8,none,False,0.0026500782,8.09083e-07,0.0041141855,1.00645975e-05,0.02474456,1.27901185e-05,3.586159e-06,0.0008778809,0.96758604,0.9611063694492685,0.9321138790898673,0.0893287845173426,True,1.0006162,in_distribution,predicted_none,False,41x38
59263,689547,Loc,4,Test,lot42601,6.0,41,38,test,4,Loc,True,0.011794853,0.00047796793,0.0007363794,8.851236e-07,0.98468286,2.485291e-07,0.0005772183,0.0012853608,0.0004440826,0.9808155812328061,0.9664756993959779,0.05148561462997581,False,0.689532,in_distribution,correct,False,41x38
59537,689837,Loc,4,Test,lot42613,5.0,39,37,test,4,Loc,True,8.677509e-06,2.8866083e-05,0.011494331,1.9374293e-06,0.98828506,1.0580053e-06,6.355237e-05,9.6485564e-05,2.0037769e-05,0.9856468165934816,0.9716360720701237,0.0351658737793964,False,0.45666483,in_distribution,correct,False,39x37
59565,689865,Loc,4,Test,lot42614,8.0,39,37,test,4,Loc,True,0.016894534,5.0922088e-05,0.0019271029,3.5784233e-06,0.95887923,4.3028313e-06,0.00011283691,0.0016895791,0.02043806,0.9507864757158335,0.9266848395586389,0.112589037899283,True,0.62258667,in_distribution,correct,False,39x37
59567,689867,Loc,4,Test,lot42614,10.0,39,37,test,4,Loc,True,0.056135964,4.885634e-05,0.015877305,2.2904707e-05,0.897476,1.2788792e-05,0.00022583704,0.002324079,0.027876252,0.8831546078606036,0.8205679780940335,0.22269640248307931,True,0.6475923,in_distribution,correct,False,39x37
59909,690278,Loc,4,Test,lot42631,3.0,39,37,test,4,Loc,True,3.093575e-05,4.518591e-05,0.026757281,4.7041234e-05,0.8821747,1.21806115e-05,9.569661e-05,0.0018699992,0.08896696,0.8691606011247665,0.7719630208088238,0.21560327613658362,True,0.66160786,in_distribution,correct,False,39x37
59929,690298,Loc,4,Test,lot42631,23.0,39,37,test,8,none,False,5.347251e-05,7.9668865e-07,0.009414511,3.0568888e-05,0.024601439,1.0430856e-05,6.2069053e-06,0.0010733187,0.9648093,0.9580554796040069,0.9292356855792667,0.09363202188006413,True,0.7766283,in_distribution,predicted_none,False,39x37
59948,690317,Loc,4,Test,lot42632,17.0,39,37,test,7,Scratch,False,7.7375705e-07,0.00087265205,0.0079797935,3.0757521e-06,0.20409058,1.4622508e-07,0.000110448884,0.7869374,5.100236e-06,0.7753078276601455,0.5616299137348031,0.2646157246553748,True,1.2063019,review,predicted_other_defect,False,39x37
59962,690331,Loc,4,Test,lot42633,6.0,39,37,test,8,none,False,1.1879988e-05,1.0645914e-05,0.027404929,5.1446434e-05,0.0922742,5.5173628e-06,4.0850573e-05,0.008231092,0.8719694,0.8578653552910759,0.7574181761973278,0.23628817770608693,True,0.87107253,in_distribution,predicted_none,False,39x37
60143,690534,Loc,4,Test,lot42641,12.0,39,37,test,4,Loc,True,1.9177114e-05,2.8584664e-05,0.0126908915,3.8947524e-06,0.9869402,1.5756074e-06,9.720533e-05,0.000115845214,0.000102572885,0.9840430773957729,0.9686477193914949,0.03874777763705244,False,0.46934956,in_distribution,correct,False,39x37
61548,692054,Loc,4,Test,lot42702,19.0,39,37,test,4,Loc,True,0.0010222845,3.0868592e-05,0.0016388192,1.582569e-06,0.9959926,6.525508e-07,6.3355525e-05,0.0002122554,0.0010375838,0.9945510289054424,0.9923667914601624,0.01874397668669888,False,0.47551796,in_distribution,correct,False,39x37
61673,692179,Loc,4,Test,lot42707,19.0,39,37,test,8,none,False,9.596978e-05,3.9299132e-07,0.0023116935,5.4651878e-06,0.0077263587,3.077832e-06,1.1790703e-06,0.0025339688,0.9873219,0.9839269788183169,0.9743468956765939,0.04478151318406331,False,0.65994275,in_distribution,predicted_none,True,39x37
61707,692213,Loc,4,Test,lot42709,3.0,39,37,test,4,Loc,True,1.6316675e-05,0.001083149,0.0047444445,2.1837828e-05,0.96576405,1.7535738e-06,0.00034922006,0.02786713,0.00015228415,0.9592923457764374,0.9268184598071002,0.08997165899841651,True,0.57151175,in_distribution,correct,False,39x37
62582,693130,Loc,4,Test,lot42746,4.0,38,38,test,8,none,False,0.0019134041,4.7576905e-06,0.007419264,2.3535855e-05,0.045513693,1.5063635e-05,1.526602e-05,0.005496687,0.9395982,0.9297943682917998,0.8781748057928044,0.14277763006356922,True,0.97340053,in_distribution,predicted_none,False,38x38
62588,693136,Loc,4,Test,lot42746,10.0,38,38,test,8,none,False,0.00025664663,4.210773e-06,0.007136642,2.852478e-05,0.030910222,1.2514097e-05,9.927043e-06,0.0067404923,0.9549008,0.9466066340347306,0.9108442362585008,0.11678902163009583,True,0.86681455,in_distribution,predicted_none,False,38x38
62601,693149,Loc,4,Test,lot42746,23.0,38,38,test,8,none,False,3.755478e-05,4.804083e-06,0.096056156,9.418724e-05,0.041800275,3.7194535e-05,1.9033634e-05,0.0035871146,0.8583637,0.8438779342062706,0.739651096805809,0.25029980445933503,True,0.827434,in_distribution,predicted_none,False,38x38
63159,693707,Loc,4,Test,lot42769,6.0,38,38,test,8,none,False,0.0002764917,5.9986655e-06,0.0042611663,1.9628675e-05,0.026871331,1.4569261e-05,9.439134e-06,0.0036666088,0.9648747,0.9580873581558581,0.9267343441708875,0.09414931736930275,True,0.94240206,in_distribution,predicted_none,False,38x38
63333,693903,Loc,4,Test,lot42777,5.0,38,38,test,4,Loc,True,0.13203692,4.7672174e-06,0.01049639,4.595321e-06,0.64884603,1.3577715e-05,5.7708672e-05,0.0013554106,0.2071846,0.6340268542020795,0.42089078484736964,0.4364032654592809,True,0.8581828,in_distribution,correct,False,38x38
63496,694066,Loc,4,Test,lot42783,18.0,38,38,test,4,Loc,True,0.00046026494,1.9999337e-05,0.0068666413,4.0948144e-06,0.9853356,5.789183e-06,7.0888185e-05,0.00093267317,0.0063041174,0.9814842979920207,0.9729296483477086,0.050979119883873145,False,0.5332891,in_distribution,correct,False,38x38
63604,694174,Loc,4,Test,lot42788,1.0,38,38,test,8,none,False,8.169522e-05,1.2671117e-07,0.0010109596,1.3002314e-06,0.0026329514,1.371695e-06,2.3339203e-07,0.00024153359,0.99602985,0.9947060511433474,0.9912705653046068,0.01721748766814618,False,0.6823021,in_distribution,predicted_none,True,38x38
64066,694656,Loc,4,Test,lot42808,13.0,32,32,test,4,Loc,True,3.3229537e-06,0.0005011944,0.00011246807,4.9845536e-08,0.997065,4.8432447e-08,0.00022492337,0.001993506,9.946668e-05,0.9960065937422079,0.9933718261386824,0.013766503756524459,False,0.7279369,in_distribution,correct,False,32x32
64175,694765,Loc,4,Test,lot42812,22.0,32,32,test,8,none,False,0.0004642522,2.669329e-08,0.02851421,9.6334825e-06,0.09715834,1.495817e-05,9.0641315e-06,0.00028501925,0.8735445,0.8604735585463466,0.7548165229309937,0.22176159031459006,True,1.008639,in_distribution,predicted_none,False,32x32
64380,694971,Loc,4,Test,lot42821,3.0,32,32,test,8,none,False,4.846995e-05,2.8559822e-07,0.014025473,6.3420925e-06,0.104153,5.6584568e-06,9.813423e-06,0.0024884345,0.87926257,0.8669736633038743,0.7539179416934109,0.20840972174835154,True,0.93069386,in_distribution,predicted_none,False,32x32
64402,694993,Loc,4,Test,lot42821,25.0,32,32,test,4,Loc,True,3.483905e-06,4.2695166e-05,0.19683789,2.6650348e-06,0.79834783,4.65643e-06,0.004736426,2.3099932e-05,1.2387488e-06,0.7872536045629479,0.5805141292391351,0.24834535750060868,True,1.0528884,in_distribution,correct,False,32x32
64665,695256,Loc,4,Test,lot42832,13.0,32,32,test,4,Loc,True,0.0004905758,3.670117e-07,0.031565923,1.2568222e-05,0.5000031,1.5808704e-05,3.87649e-05,0.013512464,0.45436049,0.49566548861581844,0.04330023960328494,0.4079844362770544,True,0.83093625,in_distribution,correct,False,32x32
65313,695991,Loc,4,Test,lot42862,12.0,31,28,test,4,Loc,True,0.0028321822,6.7985393e-06,0.019110555,4.883056e-06,0.93382597,1.7074322e-05,4.1432148e-05,0.00038209162,0.043779083,0.9235022141384892,0.8738080042524914,0.15187307805767145,True,0.7103525,in_distribution,correct,False,31x28
66387,697221,Loc,4,Training,lot42912,1.0,25,27,test,4,Loc,True,0.0019181533,2.3930816e-06,1.0762886e-05,2.6586355e-10,0.9980627,2.1745586e-11,3.387384e-06,2.2440886e-06,3.7401227e-07,0.9974262108908003,0.9948854389777122,0.008253202959647423,False,1.0092415,in_distribution,correct,False,25x27
66391,697225,Loc,4,Training,lot42912,5.0,25,27,test,4,Loc,True,0.001633772,1.8657319e-06,0.2724818,0.00031865275,0.6863344,7.908426e-05,0.033114947,3.289157e-05,0.0060025845,0.6738317606192017,0.39494628334995846,0.3634695250325209,True,1.2289791,review,correct,False,25x27
67962,699019,Loc,4,Training,lot42984,11.0,25,27,test,4,Loc,True,8.1175385e-06,2.5950393e-07,0.00063705264,4.0305892e-08,0.99886346,1.5917097e-08,2.5772008e-05,0.0001354303,0.00032981124,0.998381990233361,0.9974950276702627,0.006268464522275266,False,0.84376854,in_distribution,correct,False,25x27
69398,700651,Loc,4,Training,lot43050,2.0,25,27,test,4,Loc,True,4.6244472e-06,3.89829e-05,0.00159648,8.68335e-08,0.9957616,3.0245197e-08,4.803364e-05,0.0025306793,1.951659e-05,0.9943852594887692,0.9910775365635951,0.017900918373955632,False,0.7422589,in_distribution,correct,False,25x27
73020,704711,Loc,4,Training,lot43213,18.0,25,27,test,4,Loc,True,5.536541e-07,2.3259625e-05,0.0005409126,2.4077243e-08,0.9993795,1.4546431e-08,1.6942971e-05,3.8520102e-05,1.5716365e-07,0.9991134226215943,0.9983545630599167,0.0034697465192304916,False,0.67063475,in_distribution,correct,False,25x27
76721,708786,Loc,4,Training,lot43378,7.0,25,27,test,0,Center,False,0.666188,1.539287e-09,0.00053695444,4.451962e-08,0.3190197,4.3295152e-08,2.1919145e-06,2.5145926e-05,0.0142279,0.6572039069272368,0.331872597898561,0.32551264132966995,True,1.2029644,review,predicted_other_defect,False,25x27
76913,708998,Loc,4,Training,lot43386,19.0,25,27,test,4,Loc,True,0.088142894,1.934564e-07,0.00021815904,1.1103181e-08,0.9115896,2.0019117e-09,3.043244e-05,7.938974e-06,1.0696452e-05,0.9026425988882729,0.8056789894710272,0.14658259863134732,True,1.0726625,in_distribution,correct,False,25x27
79278,711555,Loc,4,Test,lot43489,13.0,25,27,test,8,none,False,0.0012277748,2.536366e-10,0.0005609988,1.5093289e-07,0.0031839083,2.6979953e-07,7.2645214e-08,2.205985e-05,0.9950047,0.9934036803530927,0.9892860553279595,0.020840995417448833,False,1.1861589,review,predicted_none,True,25x27
79389,711666,Loc,4,Test,lot43493,24.0,25,27,test,8,none,False,0.0051366617,7.625665e-09,0.0013735321,1.0601217e-07,0.048503526,2.0564522e-07,3.415144e-07,0.00070472906,0.94428086,0.9358202261882048,0.8808731461426659,0.12389575967697743,True,1.1175468,in_distribution,predicted_none,False,25x27
79598,711894,Loc,4,Test,lot43503,8.0,25,27,test,4,Loc,True,0.00036949385,8.8915286e-08,0.01301978,3.1838738e-06,0.56221396,2.7274389e-06,2.3623352e-05,0.0056082485,0.4187589,0.5569469403740769,0.13656947897578808,0.36073589354866764,True,0.87300026,in_distribution,correct,False,25x27
80857,713171,Loc,4,Test,lot43554,18.0,25,27,test,4,Loc,True,0.00045490966,1.33675785e-05,0.0010659044,5.02458e-07,0.789764,2.307214e-07,6.787461e-06,0.1317204,0.0769739,0.774168642181905,0.634200027911415,0.31647764765904773,True,0.75487596,in_distribution,correct,False,25x27
82356,714694,Loc,4,Test,lot43615,18.0,41,41,test,4,Loc,True,0.007871,0.00019739533,0.009110494,8.482127e-06,0.90619546,1.26552295e-05,0.00018526538,0.005394698,0.07102464,0.8935092429988375,0.814967684596611,0.1972038328880935,True,0.72199696,in_distribution,correct,False,41x41
83019,715381,Loc,4,Test,lot43643,7.0,45,42,test,4,Loc,True,0.0001618795,5.0919047e-05,0.022248859,0.00023380133,0.63194823,4.8007445e-05,0.00017475143,0.010580083,0.33455348,0.622126359789877,0.283200043376488,0.3724500494977919,True,0.73605466,in_distribution,correct,False,45x42
83261,715647,Loc,4,Test,lot43653,25.0,45,42,test,8,none,False,0.00011926232,2.5288808e-05,0.034797013,0.00011645272,0.34139726,6.775922e-05,8.614696e-05,0.005531618,0.6178592,0.608385453332523,0.26311873800689284,0.38008902761846386,True,0.85150427,in_distribution,predicted_none,False,45x42
83301,715687,Loc,4,Test,lot43655,15.0,45,42,test,4,Loc,True,3.7309233e-05,0.0002096827,0.04103599,0.00016668615,0.68669194,2.3537505e-05,0.00015821522,0.12063335,0.15104328,0.6690803885008141,0.5115213771611313,0.4413689123155108,True,0.74245906,in_distribution,correct,False,45x42
83506,715892,Loc,4,Test,lot43663,20.0,45,42,test,4,Loc,True,1.1719193e-05,0.0002748802,0.14750345,0.0002523677,0.6470266,1.9051267e-05,0.00017593055,0.18131751,0.02341847,0.6312769259606261,0.44393927162623625,0.4536473548936882,True,0.87370455,in_distribution,correct,False,45x42
83916,716325,Loc,4,Test,lot43681,5.0,45,42,test,4,Loc,True,2.3399456e-05,0.00010214928,0.028099447,0.00012536258,0.44569322,1.5601972e-05,0.000103301936,0.15541105,0.37042648,0.439301004310191,0.07113220487289201,0.5171702864383654,True,0.79670537,in_distribution,correct,False,45x42
83918,716327,Loc,4,Test,lot43681,7.0,45,42,test,8,none,False,4.4252716e-05,3.4338757e-07,0.0032852741,1.5130402e-05,0.0042254482,3.3282788e-06,2.3901332e-06,0.0018179457,0.9906059,0.9878621673348418,0.9824741329789727,0.03592545753891269,False,0.6768588,in_distribution,predicted_none,True,45x42
83924,716333,Loc,4,Test,lot43681,13.0,45,42,test,4,Loc,True,0.00027913053,9.844702e-05,0.10170678,0.00018932758,0.8443547,5.3906e-05,0.00050491805,0.013540081,0.039272822,0.8284049820765315,0.7186375371917889,0.27989238820924006,True,0.64828897,in_distribution,correct,False,45x42
83930,716339,Loc,4,Test,lot43681,19.0,45,42,test,7,Scratch,False,2.4387168e-06,0.00020485022,0.0058830976,3.7612146e-05,0.08676914,1.3252119e-06,6.3609245e-05,0.905458,0.0015799992,0.8948602146034876,0.799551532998159,0.17118299975621978,True,0.5739448,in_distribution,predicted_other_defect,False,45x42
83933,716342,Loc,4,Test,lot43681,22.0,45,42,test,8,none,False,8.7613764e-05,8.920296e-06,0.019806461,6.0922903e-05,0.09084341,1.4592784e-05,1.788682e-05,0.05082036,0.83833975,0.8217818470833202,0.7233567712664876,0.2918816476067127,True,0.8259631,in_distribution,predicted_none,False,45x42
84040,716449,Loc,4,Test,lot43686,4.0,45,42,test,8,none,False,4.712196e-05,5.9337685e-06,0.01193156,9.834941e-05,0.022434168,1.4361644e-05,1.2922922e-05,0.0055169603,0.95993865,0.9520499312662088,0.9256979948200972,0.10953404752258414,True,0.82343936,in_distribution,predicted_none,False,45x42
84484,716893,Loc,4,Test,lot43703,23.0,45,42,test,7,Scratch,False,2.3783376e-05,3.1280644e-05,0.0641169,8.2524486e-05,0.3681205,7.326337e-06,5.805913e-05,0.4839803,0.08357945,0.475580319921425,0.10936252091562493,0.5114844043162229,True,0.75140375,in_distribution,predicted_other_defect,False,45x42
84496,716905,Loc,4,Test,lot43704,10.0,45,42,test,8,none,False,4.0223833e-05,9.557338e-07,0.015314874,2.941141e-05,0.028071636,6.2642553e-06,7.51826e-06,0.0051855077,0.9513436,0.9425008365419435,0.9099069029400998,0.12498518582443313,True,0.8825112,in_distribution,predicted_none,False,45x42
84509,716918,Loc,4,Test,lot43704,23.0,45,42,test,4,Loc,True,0.00023431005,0.0005422037,0.004298947,1.7933295e-05,0.8592948,7.185021e-06,0.00014456765,0.061367787,0.0740924,0.8441355344030702,0.762854347991702,0.2584724579628993,True,0.61780864,in_distribution,correct,False,45x42
84925,717334,Loc,4,Test,lot43721,14.0,45,42,test,4,Loc,True,4.3914147e-06,4.5168243e-05,0.00038691948,3.9565873e-07,0.9994567,1.9825828e-08,4.354277e-05,4.9803428e-05,1.3016481e-05,0.9992017588350381,0.9986506772896678,0.0033388505586795405,False,0.6129561,in_distribution,correct,False,45x42
85763,718185,Loc,4,Test,lot43757,3.0,41,40,test,4,Loc,True,1.7250739e-05,0.000582735,0.026662957,7.761509e-06,0.9717541,2.4453177e-06,0.00051129545,0.0004542948,7.2271496e-06,0.9665947964281565,0.9354099508764274,0.07156957531543132,True,0.56406564,in_distribution,correct,False,41x40
87061,719528,Loc,4,Test,lot43811,1.0,41,40,test,8,none,False,0.018119756,3.5397203e-05,0.018356713,4.078664e-05,0.10673715,2.6352e-05,9.622472e-05,0.0011959913,0.8553917,0.8403372386317135,0.7251724580470773,0.2603851944440698,True,0.95853084,in_distribution,predicted_none,False,41x40
87156,719623,Loc,4,Test,lot43814,21.0,41,40,test,4,Loc,True,9.902173e-06,0.00077034766,0.0018816246,8.914621e-06,0.94065577,6.587339e-07,0.000174365,0.053952288,0.0025460622,0.9320940131172516,0.871285991846322,0.12703499336083762,True,0.55941176,in_distribution,correct,False,41x40
88293,720779,Loc,4,Test,lot43861,11.0,34,31,test,4,Loc,True,7.412442e-05,6.024517e-06,0.016064802,8.141942e-06,0.77956855,2.9667333e-06,2.4510122e-05,0.0086020585,0.1956489,0.7660535961519743,0.5614433862004536,0.2969984150979103,True,0.68863034,in_distribution,correct,False,34x31
89413,721922,Loc,4,Test,lot43907,7.0,25,26,test,4,Loc,True,0.00013698963,3.624893e-05,0.0045356625,5.741187e-06,0.69752806,2.8002628e-06,4.284594e-05,0.016060688,0.28165096,0.6865521721786546,0.3977737148104608,0.3292666832744745,True,0.72173727,in_distribution,correct,False,25x26
89979,722489,Loc,4,Test,lot43929,24.0,25,26,test,4,Loc,True,0.0016031968,2.4085696e-06,0.0029483747,3.9864312e-06,0.7455335,1.6928894e-06,1.5074277e-05,0.0031393925,0.24675232,0.7346316039970545,0.4790701095961766,0.28728976836686304,True,0.7096659,in_distribution,correct,False,25x26
90042,722552,Loc,4,Test,lot43932,12.0,25,26,test,8,none,False,4.6501453e-05,2.1859226e-08,0.049077623,1.0330389e-05,0.33957654,8.918288e-06,1.3429458e-05,6.956842e-05,0.6111971,0.6021078018194506,0.25860637078276133,0.37895011109539234,True,1.0799396,in_distribution,predicted_none,False,25x26
90052,722562,Loc,4,Test,lot43932,22.0,25,26,test,8,none,False,0.017739085,9.480746e-09,0.0017836042,1.3322126e-06,0.017555835,3.1755542e-06,1.0771727e-06,0.00023248784,0.96268344,0.9553637063729045,0.9342894410154746,0.10137609007612593,True,1.1017911,in_distribution,predicted_none,False,25x26
90306,722816,Loc,4,Test,lot43943,1.0,25,26,test,0,Center,False,0.6026891,3.4892328e-06,3.4213062e-05,8.1525e-09,0.39722762,6.2938155e-10,1.8541985e-05,2.546692e-05,1.5538152e-06,0.5981558915477181,0.19644243433838587,0.30725145167822,True,0.90463257,in_distribution,predicted_other_defect,False,25x26
90472,722982,Loc,4,Test,lot43949,17.0,25,26,test,4,Loc,True,1.23915415e-05,5.1328755e-07,0.0024574327,2.5515058e-07,0.9972703,2.0411969e-07,8.368679e-06,0.00016676114,8.375805e-05,0.9963711261531909,0.9931531205177389,0.011692325798519117,False,0.60554475,in_distribution,correct,False,25x26
91334,723886,Loc,4,Test,lot43986,6.0,25,26,test,4,Loc,True,0.00015300688,6.167372e-06,0.1581066,7.7012315e-05,0.82394046,3.278659e-05,0.00013947388,0.0004906387,0.01705384,0.811078439668714,0.6434247457890256,0.2537927356902892,True,0.70360124,in_distribution,correct,False,25x26
91700,724252,Loc,4,Test,lot44000,22.0,25,26,test,4,Loc,True,2.6006917e-06,9.260485e-07,0.00011983078,2.7549445e-08,0.9996896,5.053208e-09,5.1537863e-06,0.00014885573,3.3023876e-05,0.9995307793501379,0.9993094214316841,0.0020873489246847916,False,0.65170425,in_distribution,correct,False,25x26
91882,724435,Loc,4,Test,lot44008,5.0,25,26,test,4,Loc,True,1.5822889e-07,8.378785e-06,0.2347309,3.876085e-05,0.7647959,9.08237e-06,5.232188e-05,0.0003599357,4.5304164e-06,0.7549504149102445,0.510578650272298,0.25582935224350273,True,0.7884823,in_distribution,correct,False,25x26
91926,724479,Loc,4,Test,lot44009,24.0,25,26,test,4,Loc,True,0.00021062458,2.7089556e-05,0.0015030698,1.7457461e-06,0.8707302,1.0981194e-06,2.5717534e-05,0.012282989,0.11521748,0.8585236886791408,0.7340852448553894,0.21293988070111622,True,0.630511,in_distribution,correct,False,25x26
92380,724933,Loc,4,Test,lot44028,3.0,25,26,test,4,Loc,True,3.613646e-05,0.028610457,0.00015949416,2.2375302e-07,0.90762186,8.05676e-08,0.0001124045,0.061961997,0.0014973617,0.8955854593037179,0.8265865691536707,0.18751797328763525,True,0.95999545,in_distribution,correct,False,25x26
92395,724948,Loc,4,Test,lot44028,18.0,25,26,test,4,Loc,True,0.009948346,1.2468355e-05,0.03289899,1.32192e-05,0.9524263,1.4240416e-06,0.00021443797,0.003101014,0.0013839435,0.9437828364864203,0.9058455878612092,0.12230826096979053,True,0.6429572,in_distribution,correct,False,25x26
92397,724950,Loc,4,Test,lot44028,20.0,25,26,test,4,Loc,True,0.0010320118,5.4460015e-06,0.0033588773,8.766458e-06,0.98767066,1.0545238e-06,4.554266e-05,0.0054332223,0.0024443462,0.984143010863783,0.9772993387713959,0.046378550702907466,False,0.56432015,in_distribution,correct,False,25x26
93017,725586,Loc,4,Test,lot44054,16.0,30,34,test,4,Loc,True,1.8566967e-05,9.464173e-07,0.01738823,2.5721947e-06,0.7485601,1.18276e-06,8.210044e-06,0.008627237,0.22539303,0.7355584878746271,0.501775296882543,0.31519254174359473,True,0.83964837,in_distribution,correct,False,30x34
93577,726146,Loc,4,Test,lot44077,1.0,30,34,test,8,none,False,0.00066643284,2.8889213e-05,0.0025700235,3.831861e-06,0.33351058,2.9498653e-06,1.9245155e-05,0.112722754,0.5504753,0.5413098818542975,0.2058649887727952,0.4449284837142078,True,0.74370587,in_distribution,predicted_none,False,30x34
94094,726675,Loc,4,Test,lot44098,18.0,30,34,test,4,Loc,True,0.001213823,8.592931e-06,0.004863884,6.9458124e-06,0.81589776,1.0108141e-05,7.185154e-05,0.00070121535,0.17722589,0.8041474038711274,0.6170369750014849,0.2449147332711085,True,0.67734236,in_distribution,correct,False,30x34
94118,726699,Loc,4,Test,lot44099,17.0,30,34,test,4,Loc,True,0.011984577,0.002363065,0.00013943207,4.6612385e-08,0.98479086,6.837976e-09,0.00065616163,6.370967e-05,2.115701e-06,0.9811295684744309,0.9665663591912064,0.04879525295877762,False,0.8299248,in_distribution,correct,False,30x34
94746,727327,Loc,4,Test,lot44124,20.0,30,34,test,7,Scratch,False,6.9362e-06,5.078915e-05,0.00019320684,2.290028e-07,0.13894293,2.1323524e-08,1.3260038e-05,0.8604712,0.0003215329,0.8501316151526745,0.7011067218401179,0.19506399570643862,True,0.68102837,in_distribution,predicted_other_defect,False,30x34
94748,727329,Loc,4,Test,lot44124,22.0,30,34,test,4,Loc,True,9.032501e-06,7.665887e-06,0.28703016,5.7099034e-05,0.6991946,1.0254765e-05,8.978828e-05,0.013297012,0.0003044357,0.6891577340414332,0.3946705741444247,0.3128834881633445,True,0.69601357,in_distribution,correct,False,30x34
94989,727570,Loc,4,Test,lot44134,13.0,30,34,test,8,none,False,3.9887324e-05,1.6015052e-06,0.13592742,3.936011e-05,0.40800375,1.9265013e-05,2.0124662e-05,0.0108697545,0.44507888,0.4401902849439546,0.03508382745454508,0.48313478514728636,True,0.8075316,in_distribution,predicted_none,False,30x34
95585,728187,Loc,4,Test,lot44160,9.0,42,43,test,4,Loc,True,3.0752755e-05,1.3039345e-05,0.0053933305,1.1710601e-06,0.9944036,3.9342828e-07,6.382052e-05,7.56936e-05,1.8134666e-05,0.9928709478616174,0.9860593360576161,0.020076194196819473,False,0.45434412,in_distribution,correct,False,42x43
97506,730342,Loc,4,Test,lot44248,4.0,33,29,test,4,Loc,True,0.009059778,0.01946836,9.3915834e-05,2.7892986e-09,0.9466651,5.2266937e-09,0.024703339,8.69421e-06,7.625835e-07,0.9370160434728723,0.9081999422738012,0.1370072195875277,True,1.3666207,review,correct,False,33x29
97921,730847,Loc,4,Test,lot44268,23.0,33,29,test,4,Loc,True,6.3758853e-06,1.5030366e-05,0.001291349,1.935487e-07,0.99811757,1.3627412e-07,4.005354e-05,0.000312725,0.00021654577,0.9973934872065734,0.9956523629228291,0.009415047994940903,False,0.39803356,in_distribution,correct,False,33x29
98311,731297,Loc,4,Test,lot44287,15.0,33,29,test,4,Loc,True,1.177792e-07,3.770676e-06,2.2428738e-05,2.3460345e-09,0.99986386,6.7218475e-10,2.1459623e-06,0.000106002604,1.6836655e-06,0.9997898046805993,0.999629727883118,0.0009786732696279077,False,0.76964724,in_distribution,correct,False,33x29
98313,731299,Loc,4,Test,lot44287,17.0,33,29,test,4,Loc,True,0.19969743,0.010932926,0.00020592484,1.580658e-08,0.7813895,2.1173006e-09,0.0077665173,7.0451842e-06,7.551293e-07,0.7684282497824352,0.5595956850174062,0.2878467203792761,True,1.1548434,in_distribution,correct,False,33x29
98414,731451,Loc,4,Test,lot44294,3.0,33,29,test,0,Center,False,0.60616606,1.6811949e-06,0.00087699806,4.5490967e-07,0.37691692,4.5140908e-07,2.353392e-05,0.00042463047,0.015589319,0.599316237687091,0.2185965953884368,0.3458772096087772,True,0.8678586,in_distribution,predicted_other_defect,False,33x29
98470,731538,Loc,4,Test,lot44297,15.0,33,29,test,4,Loc,True,3.148227e-05,7.3116803e-06,0.33227786,0.00015909069,0.43933558,7.3073206e-05,5.8540238e-05,0.017982163,0.21007481,0.4331654335528454,0.10140639114478456,0.5199047703013778,True,0.7043176,in_distribution,correct,False,33x29
99269,732571,Loc,4,Test,lot44340,7.0,33,29,test,8,none,False,0.1910918,2.383461e-06,0.0027657175,2.618084e-06,0.39708224,4.443893e-06,2.2042936e-05,0.0054730014,0.40355578,0.4000676792722783,0.006130721623473112,0.5033383180486176,True,0.8370519,in_distribution,predicted_none,False,33x29
99298,732606,Loc,4,Test,lot44341,17.0,33,29,test,8,none,False,6.860344e-05,2.392516e-06,0.0029262858,2.0492064e-06,0.42963952,1.9162228e-06,3.6884662e-06,0.003724258,0.56363136,0.5596826686995939,0.1278042139416417,0.33412556000611876,True,0.80216765,in_distribution,predicted_none,False,33x29
99988,733457,Loc,4,Test,lot44376,4.0,33,29,test,8,none,False,0.00022471767,3.0516088e-07,0.0020189057,3.3980477e-06,0.037192885,3.7121117e-06,1.956625e-06,0.00055174076,0.96000224,0.9534785755783531,0.910712819077536,0.0929551052178805,True,0.91132164,in_distribution,predicted_none,False,33x29
100763,734420,Loc,4,Test,lot44415,1.0,33,29,test,4,Loc,True,4.5343643e-07,0.0006406632,0.00029747514,4.568662e-08,0.9986355,5.0830703e-08,0.00034355654,5.6219815e-05,2.595484e-05,0.9980578543003672,0.9971661870378706,0.007520411748469149,False,0.79834145,in_distribution,correct,False,33x29
103534,737447,Loc,4,Test,lot44537,21.0,33,29,test,4,Loc,True,2.058146e-05,8.2027873e-07,0.011368672,8.701331e-07,0.981574,8.866842e-07,2.126107e-05,7.329205e-05,0.006939695,0.9773416738810133,0.9635043126268013,0.05663811266716775,False,0.65720797,in_distribution,correct,False,33x29
104907,738890,Loc,4,Test,lot44597,19.0,43,44,test,4,Loc,True,1.4250748e-08,0.0251251,9.550307e-07,1.886634e-10,0.9748541,7.672453e-13,1.0700874e-05,9.205738e-06,3.9944708e-13,0.9704716813035763,0.9409784200379926,0.06071302236278608,True,1.4883858,review,correct,False,43x44
106302,740307,Loc,4,Test,lot44654,14.0,43,44,test,4,Loc,True,2.1749433e-06,0.008509022,3.59799e-05,4.9162487e-08,0.77082753,9.987845e-10,2.324422e-05,0.22060089,1.0314201e-06,0.7596293061382257,0.5296292619762468,0.2707460072995025,True,1.013461,in_distribution,correct,False,43x44
110112,746289,Loc,4,Training,lot44895,25.0,27,25,test,4,Loc,True,1.0731935e-05,6.3441024e-07,0.0011288112,2.886547e-08,0.9987998,3.423129e-08,7.0428614e-06,4.6614423e-05,6.26717e-06,0.9983532228063784,0.9968215235311968,0.005799317547553831,False,0.6570128,in_distribution,correct,False,27x25
111158,747405,Loc,4,Training,lot44940,18.0,27,25,test,4,Loc,True,0.0153979575,3.6189979e-06,0.0009890569,8.547887e-07,0.96903235,2.2839528e-07,4.934797e-05,0.0005998204,0.0139267575,0.9625644493195508,0.9441317818351715,0.08848141020940892,True,0.7104697,in_distribution,correct,False,27x25
112238,748547,Loc,4,Training,lot44986,10.0,27,25,test,4,Loc,True,5.10189e-06,6.0279235e-05,0.014751503,4.200626e-07,0.9787385,1.0632841e-06,9.168898e-05,0.0063374,1.4052916e-05,0.9740840500588026,0.9563489508747423,0.06274638532878044,True,0.7778014,in_distribution,correct,False,27x25
116384,752875,Loc,4,Training,lot45161,5.0,27,25,test,4,Loc,True,2.2022576e-05,0.0001054863,0.00014630916,3.6811063e-10,0.9997002,8.985804e-11,1.7652721e-05,8.225155e-06,1.5337257e-07,0.9995441033440813,0.9993263624527623,0.0020539743010940894,False,0.99194276,in_distribution,correct,False,27x25
116385,752876,Loc,4,Training,lot45161,6.0,27,25,test,4,Loc,True,4.369128e-08,0.020244585,6.9007194e-07,8.1646755e-12,0.97970486,2.7980658e-12,2.4313073e-05,2.558966e-05,4.94228e-10,0.9759018182114659,0.9518850845706944,0.051971802700897435,False,1.6040303,out_of_distribution,correct,False,27x25
117591,754110,Loc,4,Training,lot45210,15.0,27,25,test,4,Loc,True,3.2032588e-06,3.305078e-07,0.06692448,4.285982e-07,0.931385,8.44226e-07,5.4228667e-06,8.6500404e-05,0.0015937536,0.9230676935342096,0.8483880389050784,0.12834702316222674,True,1.1940888,review,correct,False,27x25
119203,755748,Loc,4,Test,lot45276,3.0,27,25,test,4,Loc,True,1.7986353e-05,9.363546e-06,0.044703335,3.805997e-05,0.9450249,6.4467863e-06,0.0001385338,0.002908366,0.0071530174,0.9362946943417249,0.8854786482582965,0.12680472066508688,True,0.6370607,in_distribution,correct,False,27x25
120158,756729,Loc,4,Test,lot45316,9.0,39,37,test,4,Loc,True,6.461172e-05,9.862292e-05,0.0011167935,1.1091167e-06,0.99515945,5.90671e-07,3.2627853e-05,0.0005280035,0.0029981977,0.9935537083636833,0.9896657345497597,0.020916043473328594,False,0.5168192,in_distribution,correct,False,39x37
120162,756733,Loc,4,Test,lot45316,13.0,39,37,test,4,Loc,True,1.1338873e-05,1.2880378e-05,0.0016398764,9.997054e-07,0.995321,1.5045265e-07,3.8550126e-05,0.0024061983,0.00056899845,0.9937646876281229,0.9906131489698404,0.020246320768410434,False,0.4327001,in_distribution,correct,False,39x37
120164,756735,Loc,4,Test,lot45316,15.0,39,37,test,8,none,False,0.0005272097,4.780661e-05,0.02720473,0.00015298232,0.14371115,3.4331897e-05,8.371715e-05,0.003117628,0.8251204,0.8108887093421545,0.6580877404529551,0.2714303594771507,True,0.88313216,in_distribution,predicted_none,False,39x37
120169,756740,Loc,4,Test,lot45316,20.0,39,37,test,4,Loc,True,0.29588166,7.3868556e-05,0.00045696518,5.637955e-07,0.7025797,1.3169453e-07,0.0006436519,0.00025527255,0.00010818748,0.6939938438402636,0.390117686549726,0.2874107790359202,True,0.828705,in_distribution,correct,False,39x37
120358,756929,Loc,4,Test,lot45324,9.0,39,37,test,4,Loc,True,0.0032666593,0.0002614155,0.00013213888,4.8466212e-08,0.9960032,2.6175984e-09,0.000118542084,0.00021780282,1.2196378e-07,0.9947067538434552,0.9904855002938651,0.0168972236143616,False,0.78932226,in_distribution,correct,False,39x37
121598,758236,Loc,4,Test,lot45377,1.0,39,37,test,4,Loc,True,0.031244105,0.001583278,0.00041698065,4.3819693e-07,0.9662153,7.071816e-08,0.00040887887,7.826478e-05,5.2640637e-05,0.9602903388619156,0.9240468319184142,0.08311708261155915,True,0.7152479,in_distribution,correct,False,39x37
121651,758290,Loc,4,Test,lot45379,5.0,39,37,test,2,Edge-Loc,False,3.210902e-07,9.495855e-06,0.52205896,5.8027214e-05,0.47627723,1.2619514e-06,0.00039387745,0.00081781874,0.00038300065,0.5207134855211515,0.04369562179915182,0.3228726440074904,True,1.0644946,in_distribution,predicted_other_defect,False,39x37
121652,758291,Loc,4,Test,lot45379,6.0,39,37,test,4,Loc,True,3.445233e-06,0.00050944346,1.5726291e-06,8.6847535e-10,0.9994649,2.6864974e-11,1.9163463e-05,1.4516811e-06,1.7065883e-09,0.9992404662629677,0.998523790524231,0.00292032541095595,False,1.0816752,in_distribution,correct,False,39x37
121659,758298,Loc,4,Test,lot45379,13.0,39,37,test,2,Edge-Loc,False,1.8752648e-06,2.512816e-06,0.93288267,0.00025536702,0.06602569,3.225838e-05,0.00077550916,1.0701382e-05,1.350214e-05,0.9247355974621175,0.8509940184606511,0.1255192614802834,True,0.55092275,in_distribution,predicted_other_defect,False,39x37
121991,758654,Loc,4,Test,lot45393,21.0,39,37,test,4,Loc,True,5.866772e-06,4.7575627e-06,0.0016126088,4.2813613e-07,0.99825674,1.18477125e-07,1.6657328e-05,5.2785344e-05,5.0011393e-05,0.9976401075083767,0.9954872347571575,0.008012182933849622,False,0.46470767,in_distribution,correct,False,39x37
122694,759384,Loc,4,Test,lot45423,24.0,39,37,test,4,Loc,True,5.0096194e-05,8.802794e-05,0.012382797,2.8093458e-05,0.85145664,1.2036451e-05,8.087001e-05,0.012349723,0.12355166,0.8375883277524941,0.7050077194428801,0.2476589104568957,True,0.62564546,in_distribution,correct,False,39x37
122698,759388,Loc,4,Test,lot45424,3.0,39,37,test,4,Loc,True,4.3058617e-06,3.3857234e-06,0.0010285471,8.0767954e-08,0.9989367,3.2218463e-08,1.7955643e-05,7.7599525e-06,1.1626998e-06,0.9985400036401054,0.9971384150786217,0.005149372759456599,False,0.5628438,in_distribution,correct,False,39x37
122741,759431,Loc,4,Test,lot45425,21.0,39,37,test,0,Center,False,0.9007804,5.0729614e-07,0.0012678258,2.1400742e-06,0.043320023,4.4222293e-06,1.5022986e-05,0.00016458827,0.054445058,0.8881587231377333,0.8272433582468612,0.19873010828229346,True,0.8780308,in_distribution,predicted_other_defect,False,39x37
124473,761221,Loc,4,Test,lot45498,7.0,39,37,test,4,Loc,True,3.5181933e-05,5.7574773e-05,0.003821479,3.3152635e-06,0.9892062,1.7768222e-06,5.133774e-05,0.0029974668,0.0038256757,0.9860955132830742,0.9811975085351693,0.04081094879037667,False,0.415108,in_distribution,correct,False,39x37
124477,761225,Loc,4,Test,lot45498,11.0,39,37,test,4,Loc,True,6.726102e-05,0.00042781705,0.00021389987,1.0374111e-07,0.9968978,3.494832e-08,2.3876766e-05,0.0020284355,0.00034070626,0.9957728732473422,0.9930942367408463,0.014636149551687669,False,0.48485997,in_distribution,correct,False,39x37
125517,762279,Loc,4,Test,lot45541,2.0,39,37,test,4,Loc,True,0.031243574,0.32382572,0.0018339928,2.428823e-07,0.38469222,2.9957798e-07,0.25811914,0.00013967996,0.00014507321,0.38029357787947127,0.057677119005277944,0.5537029506701224,True,1.1103641,in_distribution,correct,False,39x37
125523,762285,Loc,4,Test,lot45541,8.0,39,37,test,4,Loc,True,0.018372314,0.0018516222,0.0016812611,3.0401243e-06,0.8639725,1.6188841e-06,0.00025585573,0.10852233,0.005339471,0.8497486672317546,0.7325572071719221,0.24401899371254876,True,0.71987057,in_distribution,correct,False,39x37
125673,762459,Loc,4,Test,lot45548,8.0,39,37,test,4,Loc,True,0.015708186,4.7890062e-05,0.0074177478,4.2929455e-06,0.65892005,8.630382e-06,3.810424e-05,0.0052826526,0.31257245,0.6481871865522423,0.33020099780109485,0.36170475748328995,True,0.7843632,in_distribution,correct,False,39x37
125998,762784,Loc,4,Test,lot45561,8.0,39,37,test,8,none,False,2.1616359e-05,3.5965402e-06,0.0031514715,4.6693312e-06,0.04965146,1.9080146e-06,1.9375254e-06,0.0051022987,0.94206107,0.9333472204467743,0.8771813349239969,0.12801445575925943,True,0.95702416,in_distribution,predicted_none,False,39x37
126581,763391,Loc,4,Test,lot45585,22.0,39,37,test,8,none,False,9.0535126e-05,5.719385e-05,0.008737852,5.2352207e-05,0.12495774,6.571641e-06,3.245951e-05,0.29831663,0.56774867,0.556877137516788,0.25566647566821926,0.4571821779963403,True,0.64276993,in_distribution,predicted_none,False,39x37
126640,763451,Loc,4,Test,lot45588,7.0,39,37,test,4,Loc,True,1.261335e-05,0.0062190928,0.00036678597,8.017437e-07,0.9916175,2.9867513e-07,0.00037869363,0.0005506824,0.00085358205,0.9891798914819319,0.9813837638620758,0.031985168610126305,False,0.7266997,in_distribution,correct,False,39x37
127739,764566,Loc,4,Test,lot45633,20.0,34,34,test,8,none,False,0.049974788,7.73531e-06,0.024161074,8.3367675e-05,0.09323257,5.8128244e-05,0.0001161165,0.0056825746,0.82668364,0.8088109214056025,0.7081712104798299,0.3188756163712861,True,0.8815956,in_distribution,predicted_none,False,34x34
127741,764568,Loc,4,Test,lot45633,22.0,34,34,test,0,Center,False,0.90375865,6.314331e-07,0.0057713315,1.4590862e-05,0.045303766,1.2709467e-05,6.4117005e-05,0.00016124548,0.044912897,0.8907122344416755,0.839617472385214,0.20244407592479524,True,0.83176565,in_distribution,predicted_other_defect,False,34x34
127762,764590,Loc,4,Test,lot45634,19.0,34,34,test,4,Loc,True,0.12699533,0.0042173173,0.004944453,0.00022785993,0.8054992,6.171613e-07,0.057794273,0.00031108098,9.8815135e-06,0.7889747642730873,0.6537906187905449,0.3175411398996815,True,1.155383,in_distribution,correct,False,34x34
127893,764722,Loc,4,Test,lot45640,1.0,34,34,test,0,Center,False,0.60371846,3.1853358e-06,0.0015480688,4.2235597e-06,0.3903837,4.2297675e-06,0.00038051562,0.000126745,0.0038308883,0.5980858506296346,0.20367393167353376,0.3268233931679589,True,0.95075816,in_distribution,predicted_other_defect,False,34x34
127894,764723,Loc,4,Test,lot45640,2.0,34,34,test,4,Loc,True,0.010303785,0.00013897625,0.0016670766,1.9509523e-06,0.9810595,1.856941e-06,0.00096158555,0.004915068,0.00095023215,0.9761797987947223,0.9635915519208292,0.06498558399326605,False,0.63536984,in_distribution,correct,False,34x34
127902,764731,Loc,4,Test,lot45640,10.0,34,34,test,4,Loc,True,0.007213965,0.0007862859,0.03955244,4.010557e-05,0.8947573,1.2449958e-05,0.04864591,0.008940689,5.08839e-05,0.8798452287530484,0.8253050980232481,0.23202847762353268,True,1.0427634,in_distribution,correct,False,34x34
127903,764732,Loc,4,Test,lot45640,11.0,34,34,test,4,Loc,True,0.003986994,0.0008468852,0.0037566526,1.0688789e-05,0.97300965,5.6588756e-06,0.014090061,0.0022909727,0.0020024306,0.96640006656731,0.9494643762439147,0.0890225954520705,True,0.76290315,in_distribution,correct,False,34x34
127904,764733,Loc,4,Test,lot45640,12.0,34,34,test,4,Loc,True,0.005313362,2.855719e-05,0.0061329366,4.6739146e-06,0.9851429,3.9116876e-06,0.0021858965,7.964064e-05,0.0011081218,0.9810804003646503,0.973402554103639,0.053656939409811054,False,0.662042,in_distribution,correct,False,34x34
127906,764735,Loc,4,Test,lot45640,14.0,34,34,test,4,Loc,True,0.0047196215,0.0004205995,0.0017234739,1.1491633e-06,0.9904226,5.989111e-07,0.0020981277,0.0006129511,8.490741e-07,0.9875120417405545,0.9815248420191828,0.03811072659436746,False,0.8327703,in_distribution,correct,False,34x34
127907,764736,Loc,4,Test,lot45640,15.0,34,34,test,4,Loc,True,0.00084123324,0.00023814534,0.0076270383,5.8807004e-06,0.9881706,5.50309e-06,0.0013790106,0.00063714624,0.0010953891,0.9848038999589305,0.9753407876128376,0.04435898624993203,False,0.5095823,in_distribution,correct,False,34x34
127908,764737,Loc,4,Test,lot45640,16.0,34,34,test,4,Loc,True,0.0048665237,0.00035040686,0.0028805628,1.0942693e-05,0.9590305,7.931628e-06,0.0007290219,0.0297188,0.002405404,0.951051093825634,0.9165868042990203,0.11142077255328535,True,0.6190115,in_distribution,correct,False,34x34
127910,764740,Loc,4,Test,lot45640,19.0,34,34,test,4,Loc,True,0.024941117,0.00043423267,0.00017301332,3.025862e-07,0.9723893,4.7084686e-08,0.0011763492,0.0008845666,1.026418e-06,0.9670873805012876,0.9378318850635644,0.07312012811738026,True,0.9563868,in_distribution,correct,False,34x34
127913,764744,Loc,4,Test,lot45640,23.0,34,34,test,4,Loc,True,0.0017328889,5.0162118e-05,0.0010200174,2.1865377e-07,0.99662685,5.029217e-07,0.00051495124,3.662666e-05,1.7723123e-05,0.9954165444866184,0.9931121258886167,0.015731331264963823,False,0.68391174,in_distribution,correct,False,34x34
129407,766365,Loc,4,Test,lot45707,20.0,44,41,test,4,Loc,True,1.3292258e-06,0.00055417226,0.00047398513,3.8582243e-07,0.99743646,3.257226e-08,4.9724757e-05,0.0014731147,1.0869108e-05,0.9964825926480871,0.9945086585766759,0.0123903133830045,False,0.5052648,in_distribution,correct,False,44x41
129411,766369,Loc,4,Test,lot45707,24.0,44,41,test,8,none,False,0.00073926646,3.0587973e-06,0.004396523,6.559595e-06,0.048515793,7.745532e-06,1.0790023e-05,0.0039245137,0.9423958,0.9334914662765392,0.8785631647040201,0.1303170029760942,True,0.88415426,in_distribution,predicted_none,False,44x41
130296,767254,Loc,4,Test,lot45743,9.0,44,41,test,4,Loc,True,1.2143095e-06,0.0018703825,0.014028646,1.6759373e-06,0.98343706,5.321502e-08,0.00052881235,0.00013228846,1.0828529e-10,0.9796640248060452,0.9627405097294266,0.05055138079479898,False,1.2709843,review,correct,False,44x41
130898,767881,Loc,4,Test,lot45768,12.0,44,41,test,4,Loc,True,3.2727952e-05,0.032564487,0.0015231034,2.464328e-06,0.93182075,6.156873e-07,0.00021535452,0.019153088,0.014687431,0.9202041475657645,0.8828007845134346,0.16893908414260927,True,0.8472949,in_distribution,correct,False,44x41
131104,768087,Loc,4,Test,lot45776,18.0,44,41,test,8,none,False,0.0014771912,7.3284986e-07,0.0027043875,5.13388e-06,0.015122038,5.8776486e-06,2.4722103e-06,0.002347327,0.9783347,0.9732813376986331,0.9551288795609533,0.0679294388834349,True,0.9843775,in_distribution,predicted_none,False,44x41
131441,768428,Loc,4,Test,lot45791,6.0,44,41,test,4,Loc,True,0.0040351665,8.732261e-06,0.00016404681,3.135664e-08,0.99573284,9.313719e-09,2.430607e-05,2.7694783e-05,7.1819627e-06,0.9944817221132061,0.9893166070320312,0.016323679194485595,False,0.6711825,in_distribution,correct,False,44x41
131456,768443,Loc,4,Test,lot45791,21.0,44,41,test,4,Loc,True,0.00028688041,0.00066772563,0.0018294189,3.9246056e-06,0.9879118,1.0588612e-06,0.00012840699,0.0016411439,0.0075295754,0.9845129067572259,0.9751657301754966,0.04479036977986874,False,0.53123426,in_distribution,correct,False,44x41
131568,768555,Loc,4,Test,lot45796,8.0,44,41,test,4,Loc,True,0.0005373255,0.0010704568,0.0012042173,1.2255063e-06,0.99163646,4.2458885e-07,0.000122060395,0.0020611489,0.0033667888,0.988932611416308,0.9845949391559421,0.035314602004118525,False,0.5598935,in_distribution,correct,False,44x41
131570,768557,Loc,4,Test,lot45796,10.0,44,41,test,4,Loc,True,0.005941069,0.0007393075,0.014067017,3.726123e-05,0.7858514,2.0805062e-05,0.00059182965,0.032599065,0.16015215,0.769152022047001,0.6007593503316592,0.3369409373822533,True,0.68924516,in_distribution,correct,False,44x41
132011,769020,Loc,4,Test,lot45815,1.0,44,41,test,4,Loc,True,5.616182e-08,1.8994264e-05,0.18079035,1.3357845e-06,0.81907344,3.1445708e-07,0.000106795014,8.692318e-06,1.0142945e-09,0.8087180693997533,0.6176417424819318,0.22293603981164328,True,1.1102716,in_distribution,correct,False,44x41
133462,770561,Loc,4,Test,lot45877,2.0,44,41,test,4,Loc,True,1.6884567e-05,5.6472886e-06,0.009998673,3.1159407e-06,0.9886762,1.6129744e-06,4.3664826e-05,0.0009980134,0.0002561742,0.9858945122441123,0.9736316432262996,0.036878645531183675,False,0.5059488,in_distribution,correct,False,44x41
133644,770791,Loc,4,Test,lot45886,9.0,44,41,test,4,Loc,True,4.5350794e-06,7.2039176e-05,0.000543079,6.1252945e-07,0.9792573,6.5690095e-08,1.5503085e-05,0.019870311,0.00023648413,0.9751693831367131,0.9515842554333876,0.05573412621799443,False,0.5083678,in_distribution,correct,False,44x41
134554,771701,Loc,4,Test,lot45922,19.0,44,41,test,8,none,False,5.8661044e-05,1.1106454e-05,0.0745491,0.00017765208,0.11414084,1.979898e-05,6.4657805e-05,0.01747276,0.7935053,0.7762398665939756,0.6543910086533709,0.3369326631681418,True,0.77097136,in_distribution,predicted_none,False,44x41
134557,771704,Loc,4,Test,lot45922,22.0,44,41,test,4,Loc,True,0.07228966,0.00012163454,0.0074577695,9.265261e-06,0.84732515,1.9140818e-06,0.00020011999,0.0092710825,0.06332338,0.8304282711758312,0.7512725989235705,0.29015369707514266,True,0.659256,in_distribution,correct,False,44x41
136479,773742,Loc,4,Test,lot46008,20.0,41,45,test,8,none,False,0.0009956262,4.0667933e-06,0.023187825,2.7115644e-05,0.25326535,1.5407872e-05,3.0511605e-05,0.011330675,0.71114343,0.6981340215525588,0.43766533755547654,0.3483448115633526,True,0.83099335,in_distribution,predicted_none,False,41x45
138034,775353,Loc,4,Test,lot46075,10.0,41,45,test,4,Loc,True,0.000336486,4.75449e-05,0.022566771,1.8164821e-05,0.9123587,6.7948536e-06,0.0001278737,0.0072586983,0.057278994,0.9000154093078859,0.8360075054549015,0.18880060404437277,True,0.5785899,in_distribution,correct,False,41x45
138485,775844,Loc,4,Test,lot46097,11.0,39,50,test,4,Loc,True,0.00053158274,0.00026660817,0.020850578,9.740722e-05,0.68528664,1.9214343e-05,0.0003320756,0.19422945,0.098386504,0.6689615819466189,0.46827900021956526,0.4232117260417378,True,0.6413388,in_distribution,correct,False,39x50
138497,775856,Loc,4,Test,lot46097,23.0,39,50,test,4,Loc,True,0.0008565488,0.005689587,0.00042628424,9.573653e-07,0.9871838,4.796109e-07,0.0007965018,0.0043450235,0.00070083165,0.9834838092446098,0.9763335141446056,0.048708571901031075,False,0.68371046,in_distribution,correct,False,39x50
138714,776092,Loc,4,Test,lot46107,16.0,39,50,test,7,Scratch,False,0.00010133036,0.0010531712,0.0002983985,1.2691468e-06,0.08273599,1.760834e-07,4.900815e-05,0.91478294,0.0009777496,0.9053697818190282,0.8141236869835269,0.151032007638674,True,0.46815178,in_distribution,predicted_other_defect,False,39x50
140199,777635,Loc,4,Test,lot46170,2.0,42,44,test,8,none,False,1.3254795e-05,8.243381e-06,0.039599165,2.5532308e-05,0.0614019,6.090903e-06,1.6723257e-05,0.23507592,0.66385317,0.6485407246581727,0.4078921304112031,0.4290830714495692,True,0.8684015,in_distribution,predicted_none,False,42x44
141063,778512,Loc,4,Test,lot46205,16.0,42,44,test,4,Loc,True,1.8552188e-05,9.532901e-05,0.021091552,8.559221e-06,0.8306391,1.5807378e-06,9.3421186e-05,0.13411765,0.013934141,0.815784953376662,0.6727892494886595,0.27556703983575814,True,0.7350128,in_distribution,correct,False,42x44
143564,781065,Loc,4,Test,lot46308,18.0,42,44,test,8,none,False,0.03176803,3.6398992e-06,0.00903291,4.080356e-06,0.093376,9.922828e-06,2.278887e-05,0.061615102,0.8041675,0.7852448613716961,0.6847792108584667,0.35122844185024477,True,1.0344243,in_distribution,predicted_none,False,42x44
144318,781866,Loc,4,Test,lot46340,22.0,42,44,test,4,Loc,True,2.3496506e-05,3.118513e-05,0.07804946,4.815821e-05,0.774672,2.1626023e-05,0.00012354643,0.012942993,0.13408753,0.7577914436222005,0.6158420023592772,0.34747974842000057,True,0.73400134,in_distribution,correct,False,42x44
145070,782632,Loc,4,Test,lot46371,25.0,42,44,test,1,Donut,False,0.017594274,0.6530336,0.00026882574,3.281938e-08,0.3135488,1.1549168e-06,0.015522672,2.3704712e-05,6.9184666e-06,0.6423532148008108,0.3235690135010524,0.3659569652441589,True,1.200292,review,predicted_other_defect,False,42x44
145615,783196,Loc,4,Test,lot46394,20.0,42,44,test,4,Loc,True,1.9710276e-06,4.370333e-05,0.066698626,2.908863e-05,0.8443735,4.5452825e-06,6.226672e-05,0.064521186,0.024265112,0.8275806817069783,0.7542892842040273,0.29033545130444033,True,0.84536207,in_distribution,correct,False,42x44
148707,786522,Loc,4,Test,lot46529,8.0,33,37,test,4,Loc,True,0.012804752,5.7137288e-05,0.0014069144,1.1437417e-06,0.96487314,1.7131423e-06,7.242599e-05,0.006089523,0.014693326,0.9572962162311447,0.9396942166326417,0.10375396193804444,True,0.60226715,in_distribution,correct,False,33x37
150412,788228,Loc,4,Test,lot46598,13.0,33,37,test,4,Loc,True,3.8424473e-06,2.0411908e-06,0.00010950513,2.4385974e-08,0.99976844,5.3813016e-09,2.9015457e-06,6.8044916e-05,4.525871e-05,0.9996434101002184,0.9994782951737597,0.0016491450304484349,False,0.5929918,in_distribution,correct,False,33x37
151050,788866,Loc,4,Test,lot46624,1.0,44,43,test,7,Scratch,False,0.000990868,0.00050460314,0.001890725,4.0630903e-06,0.32857037,3.2458818e-06,8.4971085e-05,0.63908386,0.028867291,0.629354441952133,0.29594247018326797,0.3636264669259603,True,0.63032484,in_distribution,predicted_other_defect,False,44x43
152122,789990,Loc,4,Test,lot46669,2.0,51,30,test,4,Loc,True,7.708382e-06,0.00015850164,0.0007834949,8.178386e-07,0.9560674,1.1811106e-07,4.6053818e-05,0.04280042,0.00013538475,0.949517145924396,0.9006257700154927,0.09493167270823238,True,0.5369236,in_distribution,correct,False,51x30
152125,789993,Loc,4,Test,lot46669,5.0,51,30,test,4,Loc,True,7.942272e-06,5.875348e-05,0.0048287096,5.1433876e-06,0.9851601,2.8842876e-06,4.62976e-05,0.0035743038,0.0063157333,0.9812158079011942,0.9733186134951604,0.0521260067642005,False,0.54842323,in_distribution,correct,False,51x30
153803,791758,Loc,4,Test,lot46742,1.0,29,26,test,4,Loc,True,2.0685675e-05,1.6950884e-05,0.00085230864,2.5243884e-07,0.9929542,1.06857925e-07,9.913839e-06,0.000980277,0.0051653422,0.9908838969003673,0.9843515108825217,0.027081353623512543,False,0.5155884,in_distribution,correct,False,29x26
154204,792182,Loc,4,Test,lot46759,2.0,29,26,test,8,none,False,3.059219e-06,1.8939814e-07,0.0069566434,3.6160473e-06,0.065510385,1.5723122e-06,2.516056e-06,0.00077534915,0.9267466,0.9172807756235212,0.844219953386965,0.14503396867529658,True,0.963806,in_distribution,predicted_none,False,29x26
154390,792368,Loc,4,Test,lot46766,13.0,29,26,test,4,Loc,True,6.7372556e-09,0.0005850358,0.00018527395,4.2591328e-08,0.9988102,1.3483895e-09,0.0004098649,9.712864e-06,2.4033766e-11,0.9983111099992972,0.9974934549882859,0.006488226812052838,False,1.3802906,review,correct,False,29x26
154700,792678,Loc,4,Test,lot46778,23.0,29,26,test,4,Loc,True,2.4441706e-05,6.4466008e-06,0.005313559,2.7957221e-06,0.82134616,1.0632201e-06,2.1745125e-05,0.005216491,0.16806725,0.8090673426775304,0.6312473009474803,0.24804989774248426,True,0.6375378,in_distribution,correct,False,29x26
156060,794094,Loc,4,Test,lot46836,9.0,29,26,test,8,none,False,0.014717007,6.622978e-06,0.0057755597,4.0302666e-06,0.36619997,2.527301e-06,1.710016e-05,0.019702766,0.5935744,0.5846019815940638,0.21600455742671848,0.39703097165743917,True,0.77206016,in_distribution,predicted_none,False,29x26
159210,797294,Loc,4,Test,lot46965,11.0,29,26,test,8,none,False,6.2133927e-06,3.5079232e-08,0.002527782,6.941116e-07,0.009359544,4.0885737e-07,1.3140124e-07,0.003140721,0.98496455,0.981140632895177,0.9696417033984772,0.05067248058099084,False,0.8385445,in_distribution,predicted_none,True,29x26
160101,798249,Loc,4,Test,lot47005,3.0,29,26,test,8,none,False,6.3940315e-06,2.204413e-07,0.0011669376,8.765677e-07,0.0053383345,4.1384808e-07,2.8203152e-07,0.0074224644,0.9860641,0.9824646672305203,0.9732472274483719,0.04759108333496078,False,0.8191453,in_distribution,predicted_none,True,29x26
161295,799464,Loc,4,Test,lot47053,22.0,29,26,test,4,Loc,True,6.018487e-09,6.217648e-05,2.7767564e-06,1.8640268e-10,0.99988425,2.0117862e-11,6.0132465e-06,4.4776476e-05,2.2674738e-09,0.9998182311890065,0.9997220525158529,0.0008751637827766931,False,1.110624,in_distribution,correct,False,29x26
161792,799984,Loc,4,Test,lot47074,19.0,29,26,test,8,none,False,0.00071671634,4.5405868e-05,0.0048219673,2.1099513e-06,0.3486445,2.1073631e-06,1.827184e-05,0.025471026,0.6202779,0.6113646449979155,0.25869531590049494,0.368232304118748,True,0.74973184,in_distribution,predicted_none,False,29x26
162781,800988,Loc,4,Test,lot47115,9.0,29,26,test,4,Loc,True,0.00030605277,1.850846e-05,0.00020394003,6.083759e-08,0.9987828,1.764989e-08,1.0456182e-05,0.00024916985,0.00042895987,0.9982430121546683,0.9976350775835156,0.007037491439727276,False,0.5180327,in_distribution,correct,False,29x26
162797,801004,Loc,4,Test,lot47115,25.0,29,26,test,8,none,False,0.00096980867,7.0935052e-06,0.0028830252,9.1546434e-07,0.33636683,7.281462e-07,3.2560756e-06,0.02097033,0.63879806,0.6296795761970522,0.2883947496003417,0.35367424810974646,True,0.8411728,in_distribution,predicted_none,False,29x26
163385,801610,Loc,4,Test,lot47141,15.0,29,26,test,4,Loc,True,0.00057968724,0.0001634892,7.97257e-05,5.7664987e-08,0.9667109,2.624416e-08,2.53502e-05,0.032188136,0.0002526352,0.9611258385497223,0.9238231082929117,0.07869611096703008,True,0.69359404,in_distribution,correct,False,29x26
163390,801616,Loc,4,Test,lot47141,21.0,29,26,test,4,Loc,True,2.3651978e-06,0.00015275514,0.00042331987,7.932729e-08,0.9081153,6.3676104e-09,7.895919e-06,0.09129716,1.0943153e-06,0.8989370077418971,0.798709259686446,0.15148146271345705,True,0.88288474,in_distribution,correct,False,29x26
164866,803112,Loc,4,Test,lot47202,23.0,29,26,test,4,Loc,True,2.2131998e-08,3.2849508e-05,0.00063,1.3781363e-08,0.9993062,3.6783314e-09,1.0028839e-05,2.0744792e-05,1.5598715e-07,0.9990189954099329,0.9981412237970639,0.0037375713685102742,False,0.8359409,in_distribution,correct,False,29x26
165806,804063,Loc,4,Test,lot47241,13.0,33,35,test,4,Loc,True,1.353539e-05,7.357313e-07,0.058808524,3.5949215e-06,0.93794084,3.6656988e-06,2.1118534e-05,0.0003187361,0.0028892537,0.9297224853794935,0.8636839379982775,0.12390332244903175,True,0.6961534,in_distribution,correct,False,33x35
166568,804851,Loc,4,Test,lot47273,2.0,41,33,test,8,none,False,0.34847924,3.79359e-06,0.010720747,1.7318443e-05,0.12727065,4.6835445e-05,4.0627285e-05,0.010701461,0.50271934,0.49381153597859057,0.14580958042840353,0.49850970632375596,True,1.060054,in_distribution,predicted_none,False,41x33
166833,805116,Loc,4,Test,lot47283,17.0,41,33,test,4,Loc,True,9.027393e-05,8.477209e-05,0.014482224,3.6511134e-05,0.3888978,1.3271768e-05,5.2343992e-05,0.23420097,0.3621419,0.38541993667594227,0.025362350827563718,0.5227606568528864,True,0.65648085,in_distribution,correct,False,41x33
166838,805121,Loc,4,Test,lot47283,22.0,41,33,test,8,none,False,0.0021150196,0.0001751657,0.002457689,3.6006816e-06,0.30914247,1.0977129e-05,3.7431862e-05,0.041002247,0.64505535,0.6341074729173983,0.319973990411307,0.37785258473833533,True,0.89817315,in_distribution,predicted_none,False,41x33
167648,805963,Loc,4,Test,lot47318,7.0,41,33,test,4,Loc,True,3.0017003e-05,0.00022452354,0.00041908852,6.705914e-07,0.98974866,2.8901087e-07,3.0349987e-05,0.007521916,0.0020244885,0.9869691874385451,0.9776243850239696,0.03660817851818027,False,0.4867144,in_distribution,correct,False,41x33
167701,806016,Loc,4,Test,lot47320,10.0,41,33,test,4,Loc,True,7.344984e-05,0.00020622498,0.024516018,5.126936e-05,0.54282475,1.1110576e-05,0.00013852329,0.26217145,0.17000724,0.5312664506825973,0.2661258275629969,0.4998226834481072,True,0.6604304,in_distribution,correct,False,41x33
168186,806502,Loc,4,Test,lot47339,21.0,41,33,test,8,none,False,0.00030679986,7.063681e-07,0.008838142,1.1016051e-05,0.18249868,6.5931267e-06,7.1465206e-06,0.0010497405,0.80728126,0.795233224545928,0.6030041778826027,0.255154684966225,True,0.8932718,in_distribution,predicted_none,False,41x33
168405,806745,Loc,4,Test,lot47349,15.0,41,33,test,4,Loc,True,1.8115288e-06,4.452932e-05,0.00069590245,1.3116214e-07,0.99917895,7.176052e-08,3.5309746e-05,3.547611e-05,7.804768e-06,0.9988356684207607,0.9978704711484683,0.004473691299588846,False,0.5189632,in_distribution,correct,False,41x33
168458,806798,Loc,4,Test,lot47351,18.0,41,33,test,8,none,False,0.0006181988,3.729131e-06,0.009746984,2.2441975e-05,0.19792856,1.8792793e-05,1.975602e-05,0.0043402156,0.78730124,0.7747091013253566,0.5674480491664782,0.27814887448320474,True,0.8120152,in_distribution,predicted_none,False,41x33
169934,808276,Loc,4,Test,lot47410,21.0,41,33,test,4,Loc,True,1.3383086e-05,0.0002660911,0.018753583,2.4937075e-05,0.931226,2.8193278e-06,0.00025218408,0.045093145,0.0043678954,0.9205048311876465,0.8694172287797942,0.15820213817658932,True,0.520234,in_distribution,correct,False,41x33
170523,808912,Loc,4,Test,lot47436,10.0,41,33,test,4,Loc,True,6.687005e-05,0.0026494726,0.23004332,6.8921213e-06,0.76171464,0.00012423251,0.0053924457,2.0936297e-06,8.445192e-08,0.7504828296574375,0.5112715641263484,0.2788650271591167,True,1.449567,review,correct,False,41x33
170640,809029,Loc,4,Test,lot47441,2.0,41,33,test,4,Loc,True,1.257997e-06,3.794097e-06,0.0007153777,5.8805778e-08,0.9992537,1.0466774e-08,1.9874113e-05,5.627251e-06,2.9087371e-07,0.9989572267640258,0.9979662009517857,0.0038518713763162913,False,0.6292738,in_distribution,correct,False,41x33
170941,809351,Loc,4,Test,lot47454,3.0,41,33,test,4,Loc,True,6.444616e-05,5.0546805e-05,0.025379179,6.365766e-06,0.97291416,1.9743895e-06,0.000114140494,0.0010884681,0.0003806948,0.9678728542640346,0.938118036503303,0.06969663808461163,True,0.451461,in_distribution,correct,False,41x33
171049,809459,Loc,4,Test,lot47458,11.0,41,33,test,4,Loc,True,1.9796007e-05,0.00018578274,0.00025075255,3.2276967e-07,0.9976532,2.1557452e-07,2.1434658e-05,0.0010477218,0.0008207547,0.9967398437436101,0.9953141358571099,0.011874118334289743,False,0.573668,in_distribution,correct,False,41x33
171725,810189,Loc,4,Test,lot47490,17.0,26,30,test,4,Loc,True,0.00011093773,6.7256784e-05,0.039762028,7.2527095e-05,0.5210185,1.0712225e-05,0.00029097594,0.43725106,0.0014159629,0.5163569047035812,0.07958290409694968,0.39105892848648544,True,0.7868066,in_distribution,correct,False,26x30
172812,811314,Loc,4,Test,lot47537,10.0,26,30,test,8,none,False,5.52519e-05,1.9692407e-05,0.079150245,0.0005976662,0.22147661,4.2006013e-05,0.00014747166,0.033409767,0.66510135,0.6492688603467355,0.42208517003362894,0.4362832480912256,True,0.7942998,in_distribution,predicted_none,False,26x30
172820,811324,Loc,4,Test,lot47537,20.0,26,30,test,4,Loc,True,5.87566e-06,1.42662775e-05,0.02348263,2.5701205e-05,0.9208741,6.4423275e-06,3.595168e-05,0.006480481,0.04907454,0.9092134509960068,0.8539189584625799,0.17527830825232824,True,0.6797692,in_distribution,correct,False,26x30
172822,811326,Loc,4,Test,lot47537,22.0,26,30,test,7,Scratch,False,1.8044605e-06,0.00010830095,0.255549,0.0014868513,0.34503764,2.3162884e-06,0.0048707826,0.3929432,5.2236853e-08,0.3896046456073534,0.04548908327053319,0.5131737796999633,True,1.5598673,review,predicted_other_defect,False,26x30
657,743,Scratch,7,Training,lot30,19.0,26,26,test,7,Scratch,True,0.030731957,0.00011540811,0.0027540356,6.3650673e-06,0.048918907,3.0028623e-06,9.881541e-05,0.88840425,0.02896724,0.8730250877017806,0.8182462559351019,0.2417563102246315,True,0.8235205,in_distribution,correct,False,26x26
1374,1592,Scratch,7,Training,lot64,18.0,26,26,test,7,Scratch,True,2.7202225e-07,0.00023080407,1.3446483e-05,2.0725992e-08,0.08526341,5.5040444e-10,6.936696e-06,0.91448385,1.2691809e-06,0.9056653658192723,0.8116992622441952,0.14337060559082296,True,0.927563,in_distribution,correct,False,26x26
2935,3359,Scratch,7,Training,lot135,18.0,26,26,test,8,none,False,4.2625097e-06,5.4883753e-08,0.0011122836,1.3547512e-06,0.0050337305,5.95701e-07,8.497433e-08,0.021882324,0.9719653,0.966334836211724,0.9405248680690717,0.07713093405861224,True,1.1497815,in_distribution,predicted_none,False,26x26
4628,5206,Scratch,7,Training,lot210,7.0,26,26,test,7,Scratch,True,2.221127e-06,3.9106503e-06,0.0018321846,3.8993703e-06,0.020768523,7.600568e-08,9.642901e-06,0.9772658,0.00011382499,0.972785881015573,0.9481960394714269,0.06117018003111113,True,0.8868565,in_distribution,correct,False,26x26
6775,8587,Scratch,7,Training,lot1625,18.0,26,26,test,7,Scratch,True,6.211262e-05,4.3599027e-07,0.0037208197,2.4498543e-06,0.007288114,6.7185243e-07,3.076025e-06,0.903686,0.085236385,0.8926033940987937,0.7989644232435958,0.1782300320737805,True,0.97231424,in_distribution,correct,False,26x26
6798,10917,Scratch,7,Training,lot1959,24.0,34,34,test,7,Scratch,True,0.00030248516,8.493448e-05,0.001676294,6.4356664e-06,0.006989509,1.6695212e-06,1.7506072e-05,0.9900648,0.0008563096,0.9872802138929259,0.97856799307779,0.03662194855226437,False,0.5525165,in_distribution,correct,False,34x34
7094,15933,Scratch,7,Training,lot2233,13.0,33,29,test,7,Scratch,True,1.0218598e-06,0.3302709,0.0005208144,0.00830952,0.0014127187,8.0171625e-10,0.0112051815,0.6482799,1.2353874e-15,0.6387722987644933,0.30330694044758916,0.3516489831015462,True,2.7545474,out_of_distribution,correct,False,33x29
8383,37595,Scratch,7,Training,lot3399,1.0,89,76,test,7,Scratch,True,6.399679e-05,0.00049578334,0.028237669,0.0003417584,0.25304344,7.042293e-05,0.0005467657,0.5717716,0.14542854,0.5586962599762292,0.30219112415190885,0.4935934448645903,True,0.76244885,in_distribution,correct,False,89x76
8541,48789,Scratch,7,Training,lot4050,23.0,87,74,test,7,Scratch,True,8.588803e-13,8.099899e-05,3.8924614e-12,1.3762426e-13,1.1796808e-08,3.6629392e-16,1.8713554e-10,0.99991894,6.775811e-16,0.9998761587582589,0.9997523449027681,0.0005635442339549988,False,1.7066853,out_of_distribution,correct,False,87x74
9488,99017,Scratch,7,Training,lot6893,19.0,63,59,test,7,Scratch,True,4.2899333e-07,0.00025616426,3.0611238e-05,1.6514147e-06,0.001909883,7.44484e-08,9.294254e-06,0.99775827,3.3645527e-05,0.9969766784813812,0.9944467723608565,0.010156711865866709,False,0.5594695,in_distribution,correct,False,63x59
9577,107435,Scratch,7,Training,lot7306,11.0,35,31,test,7,Scratch,True,8.905362e-11,0.00016388955,4.0552678e-08,2.1085916e-10,3.970699e-05,4.2526873e-13,1.8127177e-07,0.9997962,1.3314017e-11,0.9996941997130921,0.9994515246031177,0.0013376378242715135,False,1.118425,in_distribution,correct,False,35x31
9866,133596,Scratch,7,Training,lot8773,25.0,42,61,test,7,Scratch,True,0.00038686505,0.0109131755,9.566158e-05,3.2056046e-06,0.0016617998,1.1583801e-07,0.00037840803,0.98640996,0.00015080425,0.9830098964800679,0.9696879443872682,0.04518054219375349,False,0.9611491,in_distribution,correct,False,42x61
9888,136371,Scratch,7,Training,lot8889,12.0,56,41,test,7,Scratch,True,3.738599e-08,0.0013050252,1.093483e-07,2.7083251e-09,8.626404e-06,1.6989351e-11,5.0750987e-07,0.99868566,3.6832761e-09,0.9982248864158272,0.996465647504538,0.0059680099992905885,False,0.959683,in_distribution,correct,False,56x41
10436,150649,Scratch,7,Training,lot9686,20.0,64,71,test,7,Scratch,True,1.2667674e-12,0.00046002166,2.46968e-11,9.557905e-13,4.306158e-08,1.0449824e-15,4.836656e-10,0.99954,2.858494e-14,0.9993497500306937,0.9986995938502856,0.0024679332002210154,False,1.5406458,review,correct,False,64x71
10772,158704,Scratch,7,Training,lot10225,24.0,75,61,test,7,Scratch,True,2.5756722e-07,5.7043984e-05,0.00015589075,1.6824029e-06,0.00437584,9.507964e-08,8.168917e-06,0.9953811,1.991339e-05,0.994050327921338,0.988470093711862,0.017378117627341847,False,0.54663503,in_distribution,correct,False,75x61
10893,167314,Scratch,7,Training,lot10661,21.0,64,60,test,7,Scratch,True,2.1068889e-09,0.00032046984,5.776908e-08,2.8797866e-09,3.7216672e-05,2.5116773e-11,1.9914836e-07,0.99964213,1.1991642e-10,0.9994801805727873,0.9990198044122005,0.0021112010310833837,False,0.96273047,in_distribution,correct,False,64x60
11097,176685,Scratch,7,Training,lot11293,6.0,52,59,test,7,Scratch,True,1.3387437e-07,8.1888815e-05,2.367829e-05,2.2141302e-07,0.000644126,5.579242e-09,1.7493985e-06,0.9992454,2.9009548e-06,0.9989310951313162,0.9980345647343515,0.004089718016808938,False,0.48560545,in_distribution,correct,False,52x59
11117,177975,Scratch,7,Training,lot11405,22.0,52,59,test,7,Scratch,True,6.968535e-08,0.00015772886,1.7892038e-06,3.4531244e-08,0.00022541964,1.2256489e-09,7.0026476e-07,0.9996138,4.44174e-07,0.9994314130741134,0.9991024168460861,0.002383536152906297,False,0.52279663,in_distribution,correct,False,52x59
11124,178111,Scratch,7,Training,lot11420,17.0,52,59,test,7,Scratch,True,1.4889554e-06,0.00013630795,2.9724488e-05,5.99135e-07,0.00042084663,2.820826e-08,1.9623794e-06,0.9993449,6.4174346e-05,0.9990453213587526,0.99844821297769,0.003913609279256754,False,0.46260795,in_distribution,correct,False,52x59
11273,185977,Scratch,7,Training,lot11824,25.0,56,63,test,7,Scratch,True,1.9926438e-06,7.714098e-06,0.00010138128,4.7156814e-06,0.00012853813,3.1140587e-08,1.4829538e-06,0.99962986,0.00012422276,0.999440295880264,0.9992478901762207,0.002492531971122027,False,0.8322574,in_distribution,correct,False,56x63
12738,212320,Scratch,7,Training,lot13526,20.0,89,81,test,8,none,False,6.344566e-05,2.4058152e-06,0.006339444,0.00031539635,0.004260241,1.3854814e-05,1.29161e-05,0.102938,0.8860543,0.8743305637269663,0.7624113660140422,0.19718008896578829,True,0.94842184,in_distribution,predicted_none,False,89x81
12963,219729,Scratch,7,Training,lot13899,1.0,39,50,test,7,Scratch,True,2.7245647e-10,0.0002873346,5.801633e-10,6.6123474e-12,4.9629466e-07,4.1227082e-14,4.597103e-09,0.99971217,1.043404e-11,0.9995842075329263,0.999169382540351,0.0016655991223909834,False,1.1826359,review,correct,False,39x50
13367,225326,Scratch,7,Training,lot14176,4.0,68,72,test,7,Scratch,True,6.413042399999999e-18,0.0006198623,4.1910142000000004e-16,1.8668012e-17,6.8701798e-12,3.4540314000000003e-22,7.8143546e-13,0.9993801,6.843448000000001e-23,0.9991356818148993,0.9982713636724869,0.003167848165398814,False,2.603111,out_of_distribution,correct,False,68x72
14974,243412,Scratch,7,Training,lot15152,19.0,36,30,test,7,Scratch,True,1.2956662e-09,7.904698e-06,3.4942432e-06,1.9614932e-08,3.0101884e-05,1.2869393e-10,6.406757e-08,0.9999583,1.6077259e-07,0.999931807672321,0.999883695369618,0.0003544042300328431,False,0.7098005,in_distribution,correct,False,36x30
15009,243646,Scratch,7,Training,lot15208,9.0,122,104,test,8,none,False,5.8174333e-05,1.3481032e-06,0.0031007144,6.979595e-05,0.003988826,1.7041499e-05,7.916936e-06,0.00434683,0.9884093,0.9851243584169194,0.9795922392988908,0.043157318035622186,False,0.93241745,in_distribution,predicted_none,True,122x104
19100,253107,Scratch,7,Training,lot15678,9.0,55,66,test,7,Scratch,True,1.308207e-10,7.348003e-06,2.0348378e-07,1.2449722e-08,2.7264573e-06,2.0857325e-11,3.7808228e-08,0.9999896,9.3097985e-10,0.9999821092979512,0.9999695943686816,0.00010306261346227738,False,0.9266551,in_distribution,correct,False,55x66
19742,266902,Scratch,7,Training,lot16514,18.0,77,76,test,7,Scratch,True,0.00017451399,0.003946829,0.0011933775,0.00073076494,0.13364388,1.9521029e-05,0.00076654536,0.84688896,0.012635582,0.8332503938234738,0.690354376396606,0.2484473582343279,True,0.7926471,in_distribution,correct,False,77x76
20089,270598,Scratch,7,Training,lot16687,7.0,135,146,test,7,Scratch,True,6.132276e-05,0.0001055031,0.006075301,0.00011052644,0.052074756,2.2480608e-05,8.960476e-05,0.7473846,0.19407591,0.7323999612293064,0.5303057126628808,0.344511245053468,True,0.69563454,in_distribution,correct,False,135x146
20092,270936,Scratch,7,Training,lot16703,14.0,116,146,test,7,Scratch,True,1.2285925e-06,0.0041126525,0.00023740307,3.2725336e-06,0.12488475,6.999361e-07,0.0003111913,0.8704403,8.529724e-06,0.8594508844365968,0.7248722065333882,0.19737545063058304,True,0.9240157,in_distribution,correct,False,116x146
20093,270939,Scratch,7,Training,lot16703,17.0,116,146,test,7,Scratch,True,1.5765146e-07,9.617361e-05,3.748883e-05,1.9703398e-06,0.0008829015,8.4797705e-08,5.7139187e-06,0.9989512,2.4292205e-05,0.9985304078305675,0.9973190134340416,0.005476292670583379,False,0.67381847,in_distribution,correct,False,116x146
20094,270940,Scratch,7,Training,lot16703,18.0,116,146,test,8,none,False,8.871722e-05,0.00010695953,0.021423612,0.000990361,0.087860286,0.00010529325,0.0003199782,0.121796824,0.76730794,0.7493861420774632,0.6201513827925409,0.36900489111115625,True,0.9241869,in_distribution,predicted_none,False,116x146
20095,270941,Scratch,7,Training,lot16703,19.0,116,146,test,7,Scratch,True,0.00011013262,0.00018470337,0.00025201938,4.528443e-06,0.004748643,1.8198467e-06,4.0319443e-05,0.9941127,0.00054521626,0.9923293287669765,0.9862990517045193,0.023325323625721147,False,0.7404042,in_distribution,correct,False,116x146
20096,270943,Scratch,7,Training,lot16703,21.0,116,146,test,8,none,False,0.00021719595,0.0001986519,0.027717263,0.0006356312,0.12811853,0.00013582627,0.00046993923,0.18116781,0.6613391,0.6448118227264952,0.4575619315402934,0.45133075472856693,True,0.87849104,in_distribution,predicted_none,False,116x146
20097,270944,Scratch,7,Training,lot16703,22.0,116,146,test,7,Scratch,True,2.1314802e-06,0.0005688429,0.00034626486,1.0270257e-05,0.011223081,9.441965e-07,4.657408e-05,0.9874687,0.00033324334,0.9844516756996796,0.9707626473465844,0.04013708324177551,False,0.59092593,in_distribution,correct,False,116x146
20098,270945,Scratch,7,Training,lot16703,23.0,116,146,test,8,none,False,0.00013699706,0.00033431672,0.021943944,0.00067846215,0.13331136,0.00010942365,0.00050111295,0.40136206,0.44162232,0.43597795212871787,0.03803581075753515,0.5062015010366738,True,0.82278115,in_distribution,predicted_none,False,116x146
20099,270946,Scratch,7,Training,lot16703,24.0,116,146,test,7,Scratch,True,0.00044876686,0.0004467922,0.010653802,0.00027454525,0.046995975,6.874329e-05,0.00029373256,0.7507548,0.19006282,0.7351219505030544,0.5371364469438487,0.3514967351312986,True,0.75472474,in_distribution,correct,False,116x146
20100,270947,Scratch,7,Training,lot16703,25.0,116,146,test,7,Scratch,True,6.310469e-07,7.377883e-05,2.5125273e-06,4.2508155e-08,8.340423e-05,9.701818e-09,1.1726456e-06,0.99983776,7.4493323e-07,0.999750056284811,0.9996227399459441,0.0011566960552503078,False,0.83123344,in_distribution,correct,False,116x146
20726,285420,Scratch,7,Training,lot17431,22.0,72,72,test,7,Scratch,True,1.8170838e-11,0.0050915726,2.2662703e-09,2.4234798e-11,0.00082804495,1.057992e-13,2.4557215e-07,0.99408,3.2164914e-15,0.9924155245300217,0.9859692777854762,0.021750957594286215,False,1.7737354,out_of_distribution,correct,False,72x72
20809,291908,Scratch,7,Training,lot17910,12.0,63,76,test,7,Scratch,True,2.373376e-05,0.00016698427,4.3974997e-06,9.400182e-08,0.00027722146,1.8676737e-08,3.0606618e-06,0.9995223,2.0564858e-06,0.9992967924487954,0.9988959638561877,0.00295184832946955,False,0.86386764,in_distribution,correct,False,63x76
20836,293437,Scratch,7,Training,lot17976,22.0,50,43,test,7,Scratch,True,1.531606e-05,4.383033e-05,0.0027884296,2.1385982e-05,0.00655914,2.2124425e-06,8.494709e-06,0.89565444,0.094906785,0.8845027633361663,0.7808049690128538,0.18391474478110514,True,0.63693285,in_distribution,correct,False,50x43
20840,293893,Scratch,7,Training,lot17995,4.0,72,72,test,7,Scratch,True,6.420417e-08,0.0018875516,2.2197194e-06,1.2514444e-07,0.00047797523,3.453777e-09,4.159803e-06,0.9976278,9.083732e-08,0.9968127271915046,0.9943111760766238,0.010574336900664984,False,0.74171615,in_distribution,correct,False,72x72
21075,296618,Scratch,7,Training,lot18114,6.0,74,76,test,7,Scratch,True,8.4419943e-10,0.0027237183,5.881898e-09,1.271508e-10,0.00012058024,3.0537604e-12,1.6345206e-07,0.99715555,6.261385e-11,0.9962685466964812,0.992718307208658,0.011521062045991981,False,1.1544017,in_distribution,correct,False,74x76
21301,302428,Scratch,7,Training,lot18500,3.0,72,72,test,7,Scratch,True,3.696153e-05,0.0003219998,0.003173634,0.00013292953,0.025263822,1.4805429e-05,0.000120693345,0.9381464,0.032788645,0.9279049774042095,0.8901852006424215,0.148663359832623,True,0.61036885,in_distribution,correct,False,72x72
21302,302430,Scratch,7,Training,lot18500,5.0,72,72,test,7,Scratch,True,5.4651673e-07,0.00020244095,0.0009768058,0.00013331108,0.0031156936,1.153785e-06,6.698536e-05,0.99546295,4.01659e-05,0.993968732225918,0.9899348734952518,0.019469012770616374,False,0.7076606,in_distribution,correct,False,72x72
21306,302723,Scratch,7,Training,lot18512,23.0,72,72,test,7,Scratch,True,2.7256504e-14,4.3829645e-05,8.773914e-12,5.570485e-14,4.3024002e-08,1.1653315e-15,1.7280109e-10,0.99995613,8.766574e-15,0.999931029117415,0.9998621511210896,0.00033248567992293174,False,1.6397518,out_of_distribution,correct,False,72x72
21543,318574,Scratch,7,Training,lot19336,10.0,45,43,test,7,Scratch,True,8.3437607e-07,1.9288005e-05,0.0003251826,1.225428e-06,0.0041428884,1.2409086e-07,1.9220658e-06,0.993743,0.0017656004,0.9918582910814087,0.9865654506785189,0.024595998245458772,False,0.4459215,in_distribution,correct,False,45x43
21591,321476,Scratch,7,Training,lot19457,15.0,39,45,test,7,Scratch,True,2.5992993e-06,0.001029383,1.8219027e-05,6.3600574e-08,0.005601603,1.570916e-08,4.365412e-06,0.9933228,2.0935544e-05,0.9914637851774731,0.9844038781060014,0.024339379993863076,False,0.538224,in_distribution,correct,False,39x45
21617,324829,Scratch,7,Training,lot19643,15.0,72,67,test,7,Scratch,True,4.945321400000001e-16,0.00906016,2.6288074e-15,5.2931608e-17,1.7676209e-10,4.7539734e-20,1.1653033e-11,0.99093986,1.0851024e-20,0.9888299124658955,0.977659825470087,0.027904117872212694,False,2.4575837,out_of_distribution,correct,False,72x67
21918,330710,Scratch,7,Training,lot19936,17.0,52,59,test,7,Scratch,True,3.774917e-07,0.0002094297,4.915768e-05,6.5785315e-07,0.009891995,3.519218e-08,1.194167e-05,0.9898318,4.5214947e-06,0.9874443422653326,0.9753009179855312,0.031666179125261366,False,0.55347323,in_distribution,correct,False,52x59
21920,330971,Scratch,7,Training,lot19956,3.0,52,59,test,7,Scratch,True,7.455223e-09,9.914523e-05,1.9084708e-07,3.6388925e-09,4.4710854e-05,8.457733e-11,1.4204478e-07,0.99985576,1.0899965e-08,0.9997789082542874,0.9996287356629762,0.0010128408116253733,False,0.6948536,in_distribution,correct,False,52x59
21921,330984,Scratch,7,Training,lot19957,16.0,52,59,test,7,Scratch,True,3.8041037e-08,0.0002065238,4.793611e-07,1.1619067e-08,0.00015840362,4.816699e-10,6.2719334e-07,0.9996339,3.2470275e-08,0.9994601978189251,0.999157585784262,0.002269539780951768,False,0.6771769,in_distribution,correct,False,52x59
21925,331229,Scratch,7,Training,lot19977,11.0,52,59,test,7,Scratch,True,7.856159e-08,2.7423463e-05,1.5266354e-05,1.1205687e-07,0.0007341203,6.9031323e-09,1.0410722e-06,0.999218,4.013058e-06,0.9989056921990409,0.9978899037833278,0.0040585381748845335,False,0.47914016,in_distribution,correct,False,52x59
22095,341655,Scratch,7,Training,lot20485,14.0,109,111,test,7,Scratch,True,2.2458084e-09,2.6255437e-05,1.421148e-07,3.5454115e-09,1.6014841e-05,3.6829862e-11,5.7791823e-08,0.99995756,2.1000182e-09,0.9999310105793233,0.9998887868777074,0.00035437586909615077,False,0.7750972,in_distribution,correct,False,109x111
22096,341768,Scratch,7,Training,lot20490,2.0,59,56,test,7,Scratch,True,9.540508e-06,3.8728376e-05,8.066962e-05,2.1277501e-06,0.00936245,1.2426044e-07,8.408123e-06,0.99030685,0.00019115112,0.9879785277775469,0.9764557007369328,0.030838739162998834,False,0.46283177,in_distribution,correct,False,59x56
22702,351112,Scratch,7,Training,lot20935,25.0,52,59,test,7,Scratch,True,3.8708995e-07,0.00024365463,2.874339e-06,4.5060933e-08,0.00044653515,2.757783e-09,1.4756697e-06,0.99930465,4.3825366e-07,0.9990043060669063,0.9983724404791725,0.0039077500075851675,False,0.5834264,in_distribution,correct,False,52x59
22911,357990,Scratch,7,Training,lot21426,17.0,52,59,test,7,Scratch,True,1.3812596e-06,0.0003468359,3.4510387e-05,1.667877e-06,0.0018547598,6.648673e-08,9.177673e-06,0.997726,2.5484202e-05,0.9969268502271685,0.9944667659892157,0.010385231133190691,False,0.513088,in_distribution,correct,False,52x59
23287,365150,Scratch,7,Training,lot21858,6.0,40,43,test,7,Scratch,True,6.333679e-07,0.00046957412,8.577218e-05,5.403479e-07,0.017816551,4.143862e-08,7.0930964e-06,0.98154664,7.310475e-05,0.977821671491521,0.9565597394144774,0.05051405121953348,False,0.35994342,in_distribution,correct,False,40x43
23765,381274,Scratch,7,Training,lot22757,7.0,52,59,test,7,Scratch,True,1.8746909e-11,0.0006571999,8.973454e-10,2.058293e-11,5.4181232e-06,2.2358694e-13,1.7269466e-08,0.99933726,1.1528852e-12,0.9990766533610065,0.9981627006529082,0.003380414029500342,False,1.2411652,review,correct,False,52x59
23766,381283,Scratch,7,Training,lot22757,16.0,52,59,test,7,Scratch,True,7.063686e-09,0.0012348101,2.4828015e-08,1.5196201e-09,2.2723767e-05,2.669263e-11,2.3374791e-07,0.9987423,3.7762465e-10,0.9982939314562763,0.99662516876683,0.005807763837419965,False,0.9822191,in_distribution,correct,False,52x59
23782,383239,Scratch,7,Training,lot22933,10.0,52,59,test,7,Scratch,True,2.4776458e-07,0.0005177633,2.3740834e-06,1.0378345e-07,0.00041291953,2.8945653e-09,2.3944042e-06,0.9990639,3.256068e-07,0.9986760889698806,0.9979483726297657,0.005037969795813742,False,0.5890559,in_distribution,correct,False,52x59
24805,421045,Scratch,7,Training,lot25278,14.0,52,59,test,7,Scratch,True,8.561141e-15,0.0006277828,1.5468914e-13,5.465175e-15,3.3739758e-09,2.9040234999999998e-18,3.2100118e-11,0.9993722,1.4247442999999998e-18,0.9991251326626801,0.9982502735598114,0.003201726934812678,False,2.0396059,out_of_distribution,correct,False,52x59
24912,428576,Scratch,7,Training,lot25903,4.0,51,59,test,7,Scratch,True,4.1002804e-06,0.0007349636,0.00097432855,0.0024303652,0.011254476,2.8770664e-06,0.00022706724,0.9832617,0.0011101611,0.9789453080349169,0.9652407235963113,0.0574234256990401,False,0.94923586,in_distribution,correct,False,51x59
25277,476827,Scratch,7,Training,lot29454,11.0,49,39,test,7,Scratch,True,2.4837757e-06,0.0852063,4.7745075e-06,4.4132028e-07,0.0061166463,3.891909e-09,0.00012917859,0.90854,1.7119002e-07,0.8984761551816649,0.8047336517090518,0.1624268487642304,True,0.9537338,in_distribution,correct,False,49x39
25582,535543,Scratch,7,Training,lot33465,23.0,32,29,test,7,Scratch,True,2.6594596e-05,1.2550848e-06,0.0040121945,2.2728525e-05,0.001045752,2.9130365e-07,4.004921e-05,0.9948415,9.651124e-06,0.9932811771888734,0.9881459574675037,0.020353412204859395,False,1.1125375,in_distribution,correct,False,32x29
25686,560488,Scratch,7,Training,lot35243,6.0,32,29,test,7,Scratch,True,5.778074e-09,7.435982e-05,7.783087e-08,2.5537442e-10,5.810162e-05,1.0732763e-11,7.412323e-08,0.9998673,1.47686805e-08,0.9997953843461428,0.9996812838844331,0.0009493417545367819,False,0.9509087,in_distribution,correct,False,32x29
27701,619477,Scratch,7,Training,lot38890,16.0,49,39,test,7,Scratch,True,1.7481627e-08,0.00035100555,5.73167e-07,8.63868e-09,3.4456672e-05,2.40212e-10,3.7096754e-07,0.99961346,3.9317687e-08,0.9994411346766533,0.9989389609130893,0.0022474859633078085,False,0.6670403,in_distribution,correct,False,49x39
29366,641137,Scratch,7,Test,lot40387,8.0,26,26,test,8,none,False,0.00014460059,3.457938e-06,0.001056886,1.6474895e-06,0.012027135,1.5323404e-06,2.3392402e-06,0.28966284,0.6970996,0.6871120468662444,0.3900778529131573,0.31406835469962613,True,0.8288044,in_distribution,predicted_none,False,26x26
30365,642291,Scratch,7,Test,lot40434,7.0,26,26,test,8,none,False,6.127892e-05,6.6417584e-08,0.00046737562,3.6406794e-07,0.002075887,7.892343e-07,9.6245564e-08,0.008401721,0.98899233,0.9861276782557543,0.9757430140007983,0.0378058069560622,False,1.1110864,in_distribution,predicted_none,True,26x26
30753,642682,Scratch,7,Test,lot40449,23.0,26,26,test,8,none,False,8.2358065e-06,9.594748e-07,0.0010157952,2.123552e-06,0.005312393,9.2026255e-07,2.7050666e-07,0.06629828,0.9273611,0.9180597530268266,0.8441440811274603,0.14271508491337478,True,0.92057335,in_distribution,predicted_none,False,26x26
32154,644147,Scratch,7,Test,lot40508,19.0,26,26,test,4,Loc,False,2.8042201e-05,3.4530292e-06,0.017417075,2.0837842e-05,0.9419591,1.9356867e-06,6.809483e-05,0.03924569,0.0012557333,0.9326537168393012,0.887814737654659,0.13512392121789127,True,0.7406836,in_distribution,predicted_other_defect,False,26x26
33179,645865,Scratch,7,Test,lot40578,14.0,26,26,test,7,Scratch,True,0.00058842276,0.00022806271,0.001444829,3.2733435e-06,0.17632276,1.2240284e-06,3.1972006e-05,0.7495171,0.07186234,0.7343180959993691,0.5499347244970411,0.3452107610132145,True,0.58094233,in_distribution,correct,False,26x26
34255,647294,Scratch,7,Test,lot40636,13.0,26,26,test,8,none,False,0.00043692958,8.85185e-06,0.0015496445,1.8259614e-06,0.22641419,1.1838775e-06,3.856105e-06,0.14481358,0.62676996,0.6137773552857483,0.38165005555405684,0.42853773676747686,True,0.8428642,in_distribution,predicted_none,False,26x26
35365,648983,Scratch,7,Test,lot40710,20.0,34,31,test,6,Random,False,0.00011503135,0.0047391844,0.0074858577,0.0019847043,0.36718047,1.161479e-06,0.58103126,0.037402064,6.02495e-05,0.571869173527435,0.20292939559003476,0.4138656502912452,True,1.455722,review,predicted_other_defect,False,34x31
37876,651974,Scratch,7,Test,lot40831,10.0,30,34,test,7,Scratch,True,5.3590475e-06,4.0402803e-05,8.1155275e-05,7.426965e-08,0.0658769,1.664307e-08,2.0074267e-06,0.9326824,0.0013116403,0.9244765696816193,0.8508992181314484,0.1263205558372735,True,0.70914096,in_distribution,correct,False,30x34
41590,656211,Scratch,7,Test,lot41003,12.0,30,34,test,7,Scratch,True,5.0517053e-09,0.035973333,8.224338e-08,1.0571877e-09,2.542792e-05,7.86585e-12,1.6218376e-06,0.9639995,2.946381e-09,0.9584782729181879,0.917000324099339,0.07878412169689765,True,1.1372925,in_distribution,correct,False,30x34
41805,656439,Scratch,7,Test,lot41012,15.0,30,34,test,7,Scratch,True,2.224266e-06,2.8425088e-06,0.0025303848,2.0116156e-06,0.0038375582,4.8726946e-07,5.099751e-07,0.535601,0.45802292,0.5329934466818775,0.07397639664974553,0.3353728728100201,True,0.86895955,in_distribution,correct,False,30x34
41811,656445,Scratch,7,Test,lot41012,21.0,30,34,test,7,Scratch,True,2.146451e-07,2.229011e-06,0.00089676277,1.5204928e-06,0.002093589,5.492261e-08,7.346616e-07,0.9885511,0.008453819,0.9855664114945919,0.975121758203433,0.03938601390520288,False,0.7903823,in_distribution,correct,False,30x34
42039,656688,Scratch,7,Test,lot41022,14.0,30,34,test,7,Scratch,True,2.850389e-06,4.693352e-06,0.00034796738,1.4809562e-07,0.002383505,7.6182e-08,5.703176e-07,0.98780304,0.009457174,0.9847475284899768,0.9731233768864436,0.04044253640867588,False,0.6123728,in_distribution,correct,False,30x34
45272,660538,Scratch,7,Test,lot41178,1.0,30,34,test,4,Loc,False,2.8547045e-05,2.662918e-05,0.021958228,3.7559414e-06,0.82128704,1.5229323e-06,4.4503675e-05,0.11311387,0.04353586,0.8046486626013184,0.6834740833973925,0.3060704688981906,True,0.76588094,in_distribution,predicted_other_defect,False,30x34
49791,679219,Scratch,7,Test,lot42178,14.0,26,26,test,8,none,False,1.929263e-05,6.0480164e-07,0.0013942793,2.3392208e-06,0.019213779,7.537078e-07,5.3864966e-07,0.043696392,0.935672,0.9258274998167629,0.876191727817885,0.14484423118615475,True,0.8684089,in_distribution,predicted_none,False,26x26
51445,680955,Scratch,7,Test,lot42249,4.0,35,31,test,7,Scratch,True,2.8006005e-07,0.0001325276,3.0631363e-05,6.808497e-08,0.004070151,1.3445626e-08,1.0316348e-06,0.99554944,0.00021581257,0.9942280366590233,0.9890205786550093,0.017241503819671936,False,0.5567564,in_distribution,correct,False,35x31
51463,680975,Scratch,7,Test,lot42249,24.0,35,31,test,4,Loc,False,5.148243e-06,0.0046493122,8.671751e-05,9.151751e-08,0.8723819,2.4721688e-08,2.818763e-05,0.122808605,4.0007188e-05,0.8614722721683776,0.72900158502161,0.19500163307490279,True,0.9143648,in_distribution,predicted_other_defect,False,35x31
52001,681604,Scratch,7,Test,lot42275,3.0,35,31,test,8,none,False,3.9209003e-06,3.1613686e-07,0.019774886,3.1666616e-05,0.0054598944,3.1460913e-06,1.2429175e-06,0.01977277,0.95495224,0.9464316428683001,0.9230930643092272,0.11934538291839969,True,0.870318,in_distribution,predicted_none,False,35x31
52317,681975,Scratch,7,Test,lot42289,24.0,35,31,test,4,Loc,False,5.87683e-06,0.003728348,7.6575874e-05,4.5876693e-08,0.9228345,4.486183e-09,4.8157915e-05,0.07330583,6.483792e-07,0.9137134155298923,0.8323600566330517,0.14280949885571642,True,0.9263131,in_distribution,predicted_other_defect,False,35x31
53046,683097,Scratch,7,Test,lot42335,20.0,35,31,test,4,Loc,False,0.00021624865,0.0032766121,0.000317522,1.1165985e-06,0.6953474,1.4002511e-07,0.00033613548,0.30049172,1.301984e-05,0.6865309672798866,0.3784219063455203,0.2973365950270386,True,0.8779786,in_distribution,predicted_other_defect,False,35x31
53443,683508,Scratch,7,Test,lot42352,6.0,35,31,test,7,Scratch,True,4.5021257e-05,0.0006591862,0.00046116207,4.0962345e-07,0.24561127,1.2093145e-07,1.8200384e-05,0.7517257,0.0014790079,0.741611886336856,0.4867823290804881,0.2703755057741974,True,0.707001,in_distribution,correct,False,35x31
53454,683520,Scratch,7,Test,lot42352,18.0,35,31,test,8,none,False,8.513644e-05,5.9744355e-07,0.091571845,0.00015044761,0.014957395,1.7424896e-05,5.6523104e-06,0.18177623,0.71143526,0.6951999477040157,0.5063112028278884,0.39558460675936497,True,1.0311365,in_distribution,predicted_none,False,35x31
55203,685323,Scratch,7,Test,lot42425,21.0,38,42,test,7,Scratch,True,3.1292067e-05,0.00055770495,5.4361306e-07,2.711459e-09,0.0026429966,4.2834118e-11,3.073323e-06,0.9967643,2.4072926e-09,0.9957139412602793,0.9922648748620744,0.013649992699072942,False,1.1050551,in_distribution,correct,False,38x42
55492,685612,Scratch,7,Test,lot42437,10.0,41,38,test,7,Scratch,True,3.29908e-11,0.00020748774,4.020323e-09,3.154953e-11,4.2875804e-06,3.6900366e-13,8.6374055e-09,0.9997882,4.12808e-11,0.9996885037115288,0.9993845183912387,0.001302607366043291,False,1.0393243,in_distribution,correct,False,41x38
56738,686900,Scratch,7,Test,lot42491,6.0,41,38,test,7,Scratch,True,3.2326262e-09,0.0003913066,2.4618078e-07,1.1405609e-09,0.00018267988,5.7510455e-11,1.6944348e-07,0.99942565,2.5026736e-08,0.9991729223246537,0.9986158748355001,0.003288826979427458,False,0.7727052,in_distribution,correct,False,41x38
58511,688742,Scratch,7,Test,lot42568,4.0,41,38,test,7,Scratch,True,3.9112788e-10,0.005651702,2.4725844e-09,2.1079806e-11,1.1461298e-05,1.3528089e-13,4.0201982e-08,0.9943368,3.4086846e-12,0.9928575483243189,0.9857342905835833,0.019363579318912777,False,1.2291081,review,correct,False,41x38
58910,689172,Scratch,7,Test,lot42586,3.0,41,38,test,7,Scratch,True,7.083739e-08,0.00013641763,2.324825e-05,1.0844183e-07,0.0067923237,7.777083e-09,1.6262762e-06,0.9930247,2.14973e-05,0.9912339847593734,0.9827469075215396,0.023536730446553737,False,0.42516705,in_distribution,correct,False,41x38
59574,689874,Scratch,7,Test,lot42614,17.0,39,37,test,7,Scratch,True,0.00081593974,0.0014862237,0.0048024138,1.0148124e-05,0.077990286,1.062068e-05,4.7222224e-05,0.6999703,0.21486674,0.684998658823571,0.4632381218546022,0.38787962178662827,True,0.68058693,in_distribution,correct,False,39x37
61545,692051,Scratch,7,Test,lot42702,16.0,39,37,test,8,none,False,0.00039642266,1.1876238e-05,0.011871144,5.733329e-05,0.023475451,2.077716e-05,1.1558829e-05,0.060689207,0.9034661,0.8902644430377603,0.8227262388634942,0.2047658619290638,True,0.82145065,in_distribution,predicted_none,False,39x37
62811,693359,Scratch,7,Test,lot42755,8.0,38,38,test,7,Scratch,True,5.0847928e-05,0.0012821584,0.00068147277,5.1098395e-06,0.034052234,1.5156589e-06,3.110727e-05,0.9547945,0.009101039,0.94684155435603,0.9076014523820315,0.11271148050216837,True,0.5073099,in_distribution,correct,False,38x38
63707,694277,Scratch,7,Test,lot42792,4.0,38,38,test,7,Scratch,True,7.648844e-05,0.00013864499,0.0075188,6.4566855e-05,0.09275854,1.1626817e-05,4.8295336e-05,0.8148095,0.08457356,0.7983895908531454,0.6981536596815936,0.30803595844911297,True,0.56858987,in_distribution,correct,False,38x38
64618,695209,Scratch,7,Test,lot42830,16.0,32,32,test,8,none,False,1.441622e-05,2.1473948e-06,0.008111565,8.222038e-06,0.023146344,1.7482222e-06,2.9863338e-06,0.43732417,0.5313884,0.526614733965261,0.08939902142762773,0.38273275123934675,True,0.8271142,in_distribution,predicted_none,False,32x32
64669,695260,Scratch,7,Test,lot42832,17.0,32,32,test,8,none,False,0.0007905937,7.809887e-08,0.0011391351,5.088666e-07,0.007953049,2.2030417e-06,3.8061717e-07,0.024131276,0.9659827,0.9592791297931806,0.9309822598465701,0.09261502018525973,True,1.1165355,in_distribution,predicted_none,False,32x32
80849,713163,Scratch,7,Test,lot43554,10.0,25,27,test,8,none,False,4.7735586e-05,7.909728e-08,0.0009026555,1.7379023e-07,0.0024234583,2.0525668e-07,1.00438676e-07,0.051888842,0.94473666,0.936911106034215,0.878266077153858,0.11579894109945868,True,1.1398464,in_distribution,predicted_none,False,25x27
84469,716878,Scratch,7,Test,lot43703,8.0,45,42,test,7,Scratch,True,7.216455e-06,0.00014945022,0.0018232671,5.682846e-06,0.4003644,2.7942113e-07,3.5454166e-05,0.5968977,0.00071651256,0.5920658796983608,0.1877333382959454,0.3185641464437951,True,0.66782206,in_distribution,correct,False,45x42
84645,717054,Scratch,7,Test,lot43710,9.0,45,42,test,7,Scratch,True,3.334072e-05,8.520763e-05,0.010465087,2.2503224e-05,0.08535814,1.4391978e-06,3.4655837e-05,0.9032592,0.00074044045,0.8923050045617121,0.7985273555904973,0.17677496805528128,True,0.54847646,in_distribution,correct,False,45x42
85815,718237,Scratch,7,Test,lot43759,5.0,41,40,test,7,Scratch,True,0.0014456216,0.0010608558,0.025437422,7.263374e-05,0.15081951,1.617625e-05,0.00046400575,0.80146897,0.019214816,0.785247252699256,0.625932686251286,0.31727830723819905,True,0.58428586,in_distribution,correct,False,41x40
87667,720151,Scratch,7,Test,lot43836,8.0,41,40,test,7,Scratch,True,2.6446882e-05,0.00088818587,0.0006123867,1.3274309e-06,0.023023054,6.5045015e-07,1.600408e-05,0.95915943,0.016272426,0.9514630852239712,0.924446677849575,0.10750781441782935,True,0.4685704,in_distribution,correct,False,41x40
87929,720414,Scratch,7,Test,lot43846,21.0,41,40,test,8,none,False,0.00033866244,0.00047764156,0.005621347,0.00011086017,0.07017463,1.6949818e-05,0.00020170212,0.15573345,0.76732486,0.7512029105859621,0.5873858316514511,0.34340301731869216,True,0.7210513,in_distribution,predicted_none,False,41x40
88051,720537,Scratch,7,Test,lot43851,19.0,41,40,test,4,Loc,False,2.2196275e-06,8.262492e-05,0.0015475629,1.8340636e-06,0.72873425,2.2222105e-07,1.8934048e-05,0.2588744,0.010738026,0.7178566306999606,0.45067581632094356,0.30053782281512365,True,0.77040327,in_distribution,predicted_other_defect,False,41x40
90043,722553,Scratch,7,Test,lot43932,13.0,25,26,test,8,none,False,0.011164371,4.1526854e-07,0.0034750204,8.536199e-06,0.02662135,3.9220795e-06,5.4756747e-06,0.20153283,0.7571881,0.7423283364120432,0.5326113723346185,0.33498589791648503,True,1.0662403,in_distribution,predicted_none,False,25x26
91075,723627,Scratch,7,Test,lot43975,22.0,25,26,test,8,none,False,4.664108e-06,3.4719598e-08,0.0017600694,1.3248602e-06,0.01328553,5.201529e-07,2.575629e-07,0.05351963,0.93142796,0.9215370644230986,0.861313937517291,0.1477246807787983,True,1.1815931,review,predicted_none,False,25x26
91884,724437,Scratch,7,Test,lot44008,7.0,25,26,test,7,Scratch,True,5.5212377e-07,6.0351114e-05,1.2621208e-06,2.1575521e-09,0.0023864722,1.3229409e-10,2.0993463e-07,0.997551,1.2481789e-07,0.996772904014883,0.9936432728949968,0.010099764094560882,False,0.691407,in_distribution,correct,False,25x26
92391,724944,Scratch,7,Test,lot44028,14.0,25,26,test,7,Scratch,True,8.771652e-08,8.944346e-05,8.473495e-08,5.8327515e-10,3.1051113e-05,1.3775102e-11,6.5411925e-08,0.99987924,1.4346392e-08,0.9998138022609256,0.9996776930560396,0.0008635481802159354,False,0.8388291,in_distribution,correct,False,25x26
93014,725583,Scratch,7,Test,lot44054,13.0,30,34,test,8,none,False,1.1063125e-05,2.1228773e-07,0.0008368959,4.786314e-07,0.0087223565,4.544679e-07,2.3924213e-07,0.0036073674,0.9868209,0.9834468649963448,0.9726907692127623,0.04462550080727823,False,0.87049043,in_distribution,predicted_none,True,30x34
93587,726156,Scratch,7,Test,lot44077,11.0,30,34,test,4,Loc,False,7.862585e-06,8.601347e-05,0.004396374,3.0764322e-06,0.865187,8.707751e-07,5.71132e-05,0.11165082,0.018610915,0.8519253249257435,0.7313631092627106,0.23016563614851115,True,0.63816726,in_distribution,predicted_other_defect,False,30x34
94141,726722,Scratch,7,Test,lot44100,15.0,30,34,test,4,Loc,False,1.2967691e-05,0.00013713061,0.00017607903,1.17817855e-07,0.6730108,1.7027356e-08,7.496726e-06,0.3266224,3.3017353e-05,0.6656965519365189,0.33192920250764485,0.29209317287009934,True,0.82788205,in_distribution,predicted_other_defect,False,30x34
94981,727562,Scratch,7,Test,lot44134,5.0,30,34,test,7,Scratch,True,2.1045493e-05,0.00045517937,0.00047263643,7.2039956e-07,0.015298329,2.92924e-07,1.1222111e-05,0.97580385,0.007936725,0.9704917218575705,0.9521445106845527,0.07186508962595806,True,0.4705516,in_distribution,correct,False,30x34
94993,727574,Scratch,7,Test,lot44134,17.0,30,34,test,8,none,False,3.579956e-06,5.447244e-07,0.002005742,1.1429379e-06,0.0036070503,4.4545178e-07,2.1038242e-07,0.08065669,0.91372466,0.9037986542053155,0.8147999005521194,0.15795204950097294,True,1.023028,in_distribution,predicted_none,False,30x34
95578,728180,Scratch,7,Test,lot44160,2.0,42,43,test,7,Scratch,True,1.7333718e-08,7.782023e-05,6.2513305e-07,3.948324e-09,0.00028270076,2.1707022e-10,1.8528733e-07,0.99963856,7.698048e-08,0.9994706587099138,0.9990622422479083,0.0021926903744331496,False,0.6015775,in_distribution,correct,False,42x43
96819,729560,Scratch,7,Test,lot44216,18.0,33,29,test,7,Scratch,True,1.4487772e-13,0.0019064938,1.1482861e-11,7.2239035e-14,1.0453331e-07,5.0900258e-17,1.2121375e-08,0.9980934,1.1246673e-16,0.9974736893891956,0.9949476218414428,0.008026282966669233,False,1.8423302,out_of_distribution,correct,False,33x29
97072,729866,Scratch,7,Test,lot44229,3.0,33,29,test,7,Scratch,True,3.698293e-08,0.0005143131,0.00010210258,1.9211053e-07,0.067526445,1.3888339e-09,1.6821488e-05,0.93184006,2.8908265e-09,0.9237622614472992,0.8484197516232307,0.12510409026795866,True,1.2286959,review,correct,False,33x29
98041,730990,Scratch,7,Test,lot44274,16.0,33,29,test,7,Scratch,True,3.299557e-06,2.7868982e-05,0.016825436,2.8531615e-05,0.21186396,7.948088e-07,7.391453e-05,0.77115273,2.3503648e-05,0.7590473566426571,0.5380126085801185,0.28333306216552745,True,0.99299246,in_distribution,correct,False,33x29
98622,731779,Scratch,7,Test,lot44307,19.0,33,29,test,8,none,False,5.953004e-05,1.23128675e-05,0.0054445933,8.358329e-06,0.25786382,6.139762e-06,4.0098825e-05,0.23731391,0.4992513,0.49082277741078484,0.22965407344071775,0.4905521214973162,True,0.8407059,in_distribution,predicted_none,False,33x29
99857,733293,Scratch,7,Test,lot44369,15.0,33,29,test,7,Scratch,True,9.769605e-07,3.929126e-05,0.00044503817,3.2806277e-06,0.07245434,2.7999558e-08,1.5307674e-05,0.92702985,1.1753108e-05,0.9187224508767341,0.8381803192455123,0.13040136095965998,True,0.758531,in_distribution,correct,False,33x29
103878,737803,Scratch,7,Test,lot44552,15.0,33,29,test,7,Scratch,True,9.079907e-09,4.2335087e-05,1.8453831e-07,4.0349044e-10,3.123264e-05,1.6768403e-11,2.6582779e-08,0.9999261,1.3307827e-07,0.9998828091811414,0.9998161771177723,0.0005746411817475421,False,0.7207446,in_distribution,correct,False,33x29
103888,737813,Scratch,7,Test,lot44552,25.0,33,29,test,7,Scratch,True,1.0160806e-05,6.6238736e-06,0.001783295,1.808357e-06,0.015008887,4.4254458e-07,1.4557535e-06,0.84179395,0.14139344,0.8290257038055058,0.6781245211855611,0.23973229091156512,True,0.71496314,in_distribution,correct,False,33x29
104875,738858,Scratch,7,Test,lot44596,12.0,43,44,test,7,Scratch,True,6.997573e-08,0.0025608074,1.0816174e-05,2.4943347e-07,0.0048514092,1.4223022e-08,4.565283e-06,0.9925599,1.2118925e-05,0.9904584280760349,0.9843060143891434,0.027484870639747503,False,0.5967065,in_distribution,correct,False,43x44
105808,739791,Scratch,7,Test,lot44633,20.0,43,44,test,7,Scratch,True,3.537531e-14,0.00052919466,9.644772e-14,1.5149166e-15,9.048618e-09,7.6170896e-19,3.573806e-11,0.9994708,9.180920999999998e-19,0.9992567842453198,0.9985135894493263,0.0027751813774344837,False,2.0249686,out_of_distribution,correct,False,43x44
108441,744519,Scratch,7,Test,lot44825,4.0,22,50,test,8,none,False,2.6993923e-06,3.928531e-05,0.016734788,2.9371738e-06,0.41482505,1.2845397e-06,7.940707e-06,0.100088164,0.4682979,0.4626456995187744,0.05058297251044541,0.47178494744414584,True,1.0264397,in_distribution,predicted_none,False,22x50
120356,756927,Scratch,7,Test,lot45324,7.0,39,37,test,7,Scratch,True,3.6021027e-06,0.0004826365,0.000102865626,6.824604e-07,0.0017331348,6.9399704e-08,6.615494e-06,0.9975539,0.00011650168,0.996664813413718,0.9943592403397972,0.01155617746073186,False,0.42223912,in_distribution,correct,False,39x37
121286,757877,Scratch,7,Test,lot45362,13.0,39,37,test,7,Scratch,True,1.8272441e-09,0.0001315715,2.7616312e-07,1.5763942e-09,0.00011993176,1.3023839e-11,1.5219081e-07,0.99974805,1.1551932e-08,0.9996222614898504,0.9994255084251246,0.0016487080523613507,False,0.71165746,in_distribution,correct,False,39x37
121699,758361,Scratch,7,Test,lot45382,3.0,39,37,test,7,Scratch,True,1.9573628e-05,4.0919127e-05,0.002215336,4.402784e-06,0.012622209,6.747253e-07,6.303155e-06,0.97459,0.010500537,0.9689215206832474,0.9536586502721933,0.07660997676535124,True,0.45763418,in_distribution,correct,False,39x37
122677,759367,Scratch,7,Test,lot45423,7.0,39,37,test,8,none,False,4.068459e-05,1.4997086e-07,0.0016355522,2.745685e-06,0.0014352164,1.0958618e-06,2.303795e-07,0.002630944,0.99425346,0.992395102223245,0.9889642499506899,0.024187062176027826,False,0.5898212,in_distribution,predicted_none,True,39x37
122742,759432,Scratch,7,Test,lot45425,22.0,39,37,test,7,Scratch,True,3.5838409e-07,0.00020568543,6.805136e-06,1.830643e-08,0.00028577517,2.6476388e-09,4.424811e-07,0.99949646,4.435181e-06,0.9992649975132928,0.9988523694786184,0.0030218419914151188,False,0.49546587,in_distribution,correct,False,39x37
123661,760389,Scratch,7,Test,lot45464,17.0,39,37,test,7,Scratch,True,6.524762e-05,2.7069145e-05,0.010214837,2.1477861e-05,0.09082692,5.998194e-06,1.4155739e-05,0.53151226,0.36731198,0.5232694620568423,0.15558419999924528,0.4496532009404726,True,0.6119049,in_distribution,correct,False,39x37
125988,762774,Scratch,7,Test,lot45560,23.0,39,37,test,7,Scratch,True,2.0670603e-08,0.0015998184,1.0308414e-06,2.7293094e-09,0.00043701497,1.503216e-10,7.0551414e-07,0.9979613,9.486975e-08,0.997241489463515,0.9951051758480892,0.009333723429463035,False,0.74833786,in_distribution,correct,False,39x37
127721,764547,Scratch,7,Test,lot45633,1.0,34,34,test,7,Scratch,True,1.5178811e-10,0.009209165,8.2883095e-10,4.1248125e-12,8.366623e-08,1.4702942e-14,4.70241e-07,0.99079025,4.1392527e-15,0.9886538514719277,0.9773087835397318,0.028267989161020263,False,1.7867761,out_of_distribution,correct,False,34x34
128549,765438,Scratch,7,Training,lot45670,16.0,48,48,test,7,Scratch,True,8.1165014e-10,0.00029121738,2.3320346e-10,4.715698e-12,6.957003e-07,3.8913846e-14,4.8251327e-09,0.999708,1.6901766e-12,0.9995784926629447,0.9991583169635432,0.0016868185861219423,False,1.2832056,review,correct,False,48x48
132976,770052,Scratch,7,Test,lot45856,16.0,44,41,test,8,none,False,1.3413851e-05,3.3428376e-05,0.004941115,1.45650265e-05,0.06007794,2.6836708e-06,8.951236e-06,0.32339326,0.6115147,0.6011295456546917,0.2739730883608741,0.40148970256564387,True,0.68145466,in_distribution,predicted_none,False,44x41
134395,771542,Scratch,7,Test,lot45916,10.0,44,41,test,7,Scratch,True,4.835974e-07,3.810434e-05,0.00017027093,7.692628e-07,0.0013330395,5.177692e-08,1.2029387e-06,0.9968882,0.0015678713,0.9957950308452403,0.9937003629974717,0.014196325548823148,False,0.46144843,in_distribution,correct,False,44x41
135406,772590,Scratch,7,Test,lot45960,21.0,41,42,test,7,Scratch,True,1.2032972e-05,0.00024195739,0.0004976721,2.6892728e-06,0.019277386,3.4055867e-07,1.1679663e-05,0.9772868,0.0026693465,0.9725477796150411,0.949652780147572,0.06440819539963973,True,0.28833234,in_distribution,correct,False,41x42
135410,772594,Scratch,7,Test,lot45960,25.0,41,42,test,4,Loc,False,0.00039920583,0.013627279,0.012010792,0.00015225919,0.57994527,2.8990557e-05,0.0011932368,0.30684298,0.08580002,0.5674259756265607,0.25847290649043875,0.47550476801751396,True,0.7753029,in_distribution,predicted_other_defect,False,41x42
135780,772987,Scratch,7,Test,lot45976,20.0,41,42,test,7,Scratch,True,0.00047724083,6.0226284e-05,0.0032066097,1.1549922e-05,0.06115178,3.466388e-06,1.9480898e-05,0.85480285,0.0802668,0.83976778454677,0.7520460713199596,0.25983793870525884,True,0.52281296,in_distribution,correct,False,41x42
139049,776451,Scratch,7,Test,lot46122,2.0,35,34,test,8,none,False,0.002901043,2.4636532e-07,0.002211568,1.3827099e-06,0.0034638473,4.0323844e-06,7.099115e-07,0.015662802,0.9757544,0.9701481562575228,0.9513894820064113,0.07556522172806572,True,1.0245286,in_distribution,predicted_none,False,35x34
141060,778509,Scratch,7,Test,lot46205,13.0,42,44,test,8,none,False,8.4246516e-05,1.0341653e-05,0.0076501323,1.1758963e-05,0.03377325,4.1865746e-06,9.794764e-06,0.2940085,0.6644478,0.6529431133795822,0.3532163854385891,0.36796352337620214,True,0.7042568,in_distribution,predicted_none,False,42x44
145194,782756,Scratch,7,Test,lot46376,24.0,42,44,test,7,Scratch,True,0.00011849314,7.331449e-05,0.0063186437,1.13886545e-05,0.08787852,2.9430466e-06,1.5820706e-05,0.561572,0.34400883,0.5522595968520206,0.2064038587030385,0.43572935605482827,True,0.58778197,in_distribution,correct,False,42x44
148786,786601,Scratch,7,Test,lot46532,12.0,33,37,test,7,Scratch,True,1.1515287e-05,6.5984896e-05,8.426833e-05,1.4199045e-07,0.013696885,6.210965e-08,2.5340569e-06,0.9852963,0.0008423366,0.9820409482888892,0.9654895783475439,0.043616884176112085,False,0.47446555,in_distribution,correct,False,33x37
150378,788194,Scratch,7,Test,lot46597,4.0,33,37,test,7,Scratch,True,0.0003378572,0.00015442316,0.002126629,4.6008117e-06,0.07239357,3.026277e-06,2.6764692e-05,0.8370723,0.08788084,0.8216864836181126,0.7262021204041473,0.2771237708424567,True,0.5111497,in_distribution,correct,False,33x37
150631,788447,Scratch,7,Test,lot46607,7.0,44,43,test,4,Loc,False,6.5335516e-06,0.00021066876,0.001149903,2.5188558e-06,0.8395335,3.1148883e-07,5.3020158e-05,0.15895317,9.03769e-05,0.8288010696034142,0.6596635827730926,0.214223983267754,True,0.6749104,in_distribution,predicted_other_defect,False,44x43
150637,788453,Scratch,7,Test,lot46607,13.0,44,43,test,7,Scratch,True,0.01408772,0.0005006134,0.0020662164,5.020827e-06,0.09245153,6.0889706e-06,8.87791e-05,0.8629824,0.027811699,0.8475496141625264,0.7471396929905274,0.2599803714118204,True,0.75924724,in_distribution,correct,False,44x43
150776,788592,Scratch,7,Test,lot46613,2.0,44,43,test,7,Scratch,True,4.8757784e-06,2.9462362e-05,0.00056860934,1.5535726e-06,0.024648698,2.1456226e-07,3.4369502e-06,0.9679796,0.006763586,0.9618447355824871,0.9329485465963504,0.08479563924292548,True,0.42729938,in_distribution,correct,False,44x43
151976,789843,Scratch,7,Test,lot46663,5.0,51,30,test,7,Scratch,True,1.5033738e-05,3.5637244e-05,0.0025827282,4.1375556e-06,0.06757116,6.882051e-07,9.467636e-06,0.9094945,0.020286659,0.8978165151435548,0.8228256363035207,0.18202044719260996,True,0.46391678,in_distribution,correct,False,51x30
152137,790005,Scratch,7,Test,lot46669,17.0,51,30,test,4,Loc,False,0.00041160505,0.009134602,5.8750258e-05,3.1041232e-08,0.9776488,1.2895094e-08,0.00010929803,0.012620835,1.6090618e-05,0.9726466648139616,0.9573724831060586,0.06740089623111646,True,0.8739765,in_distribution,predicted_other_defect,False,51x30
154735,792713,Scratch,7,Test,lot46780,8.0,29,26,test,4,Loc,False,1.38134355e-05,6.4507185e-05,0.0071756626,2.2448401e-05,0.4906344,1.4087917e-06,2.5598325e-05,0.46333584,0.038726304,0.4870003935906152,0.025908836529788093,0.4031157991967766,True,0.715031,in_distribution,predicted_other_defect,False,29x26
154807,792796,Scratch,7,Test,lot46784,5.0,29,26,test,7,Scratch,True,7.021077e-08,4.2394254e-06,5.01084e-05,3.2778647e-08,0.0005793,3.050506e-09,7.835566e-08,0.9989396,0.00042655936,0.9984991766897956,0.9976891263285528,0.005725838701342166,False,0.73775166,in_distribution,correct,False,29x26
156500,794534,Scratch,7,Test,lot46853,24.0,29,26,test,7,Scratch,True,2.8784024e-07,3.3798467e-05,0.00033733906,4.887706e-07,0.008435254,4.4236717e-08,2.6025893e-06,0.9876537,0.003536593,0.9844946480157666,0.974074200186015,0.04175105816218141,False,0.6059576,in_distribution,correct,False,29x26
159330,797452,Scratch,7,Test,lot46972,6.0,29,26,test,8,none,False,2.490147e-05,8.976235e-07,0.0034403182,2.8691127e-06,0.007606842,6.8402574e-07,5.622207e-07,0.30754617,0.68137664,0.6720540871081344,0.35764873439032885,0.31764055561922694,True,0.82470775,in_distribution,predicted_none,False,29x26
161427,799596,Scratch,7,Test,lot47059,4.0,29,26,test,7,Scratch,True,1.651129e-06,3.1830623e-06,0.0017264313,1.436341e-06,0.003137842,2.5671548e-07,8.130323e-07,0.9411323,0.05399605,0.9328197232637369,0.871946669635821,0.12353539322542387,True,0.74752444,in_distribution,correct,False,29x26
161558,799727,Scratch,7,Test,lot47064,10.0,29,26,test,8,none,False,8.845591e-06,2.6719143e-05,0.0020237954,3.0036142e-06,0.07123277,9.2528194e-07,3.0837114e-06,0.17897008,0.7477308,0.7327035780044442,0.5456629553200345,0.3440466464851714,True,0.8149003,in_distribution,predicted_none,False,29x26
162129,800321,Scratch,7,Test,lot47088,6.0,29,26,test,7,Scratch,True,1.0175271e-07,3.5104586e-06,0.00010613407,6.906937e-08,0.00050849124,4.238843e-09,1.0711394e-07,0.9982401,0.0011413594,0.9975704714889128,0.9960229019511487,0.008694149472698538,False,0.7011132,in_distribution,correct,False,29x26
163187,801403,Scratch,7,Test,lot47132,16.0,29,26,test,7,Scratch,True,3.6924037e-06,0.00016197961,0.00034341973,8.072403e-07,0.012687544,1.1173991e-07,2.4089334e-06,0.96797013,0.018829854,0.9616011257668817,0.9392625400961391,0.08758920166671871,True,0.52835786,in_distribution,correct,False,29x26
163785,802012,Scratch,7,Test,lot47157,17.0,29,26,test,7,Scratch,True,1.538916e-05,8.2217426e-05,3.0345285e-05,5.0325237e-08,0.018718457,5.7282223e-09,2.191064e-06,0.9810519,9.9474266e-05,0.9773586911547268,0.9550699027857973,0.05024696986055291,False,0.5236356,in_distribution,correct,False,29x26
166392,804674,Scratch,7,Test,lot47265,25.0,41,33,test,7,Scratch,True,1.5420227e-07,0.000320668,1.9370086e-08,1.8467083e-10,4.634227e-05,6.07622e-12,9.38567e-08,0.9996327,3.801868e-10,0.9994661700521998,0.9990055243564708,0.0021724767387666898,False,0.9704629,in_distribution,correct,False,41x33
166947,805230,Scratch,7,Test,lot47288,6.0,41,33,test,7,Scratch,True,0.0727004,1.510185e-05,0.010373206,1.9518382e-05,0.036210116,2.1747474e-05,2.7181646e-05,0.4672555,0.4133772,0.46032604252095344,0.050825494649936465,0.503005622149644,True,0.92177063,in_distribution,correct,False,41x33
167902,806217,Scratch,7,Test,lot47328,11.0,41,33,test,7,Scratch,True,8.673251e-05,7.434788e-05,0.016901702,8.372168e-05,0.27097958,1.4057663e-05,5.814222e-05,0.57583183,0.13596983,0.5636768429056507,0.28925570297135644,0.4714797398398832,True,0.72001374,in_distribution,correct,False,41x33
168760,807101,Scratch,7,Test,lot47363,21.0,41,33,test,8,none,False,0.000121424935,9.792641e-08,0.0022987924,4.3621376e-06,0.002058027,3.481164e-06,6.1484644e-07,0.0027670905,0.99274606,0.9904778672182566,0.9868794116683707,0.0295829799959764,False,0.6166126,in_distribution,predicted_none,True,41x33
169863,808205,Scratch,7,Test,lot47407,25.0,41,33,test,7,Scratch,True,3.8859034e-11,0.01787373,1.6466384e-11,1.4505655e-13,2.7425256e-07,1.0153103e-15,3.8438013e-09,0.98212606,7.819122e-15,0.9786659725461392,0.9573324937588454,0.046965095544278405,False,1.7058809,out_of_distribution,correct,False,41x33
171224,809635,Scratch,7,Test,lot47465,12.0,41,33,test,7,Scratch,True,9.427512e-06,5.140936e-05,0.0021532613,4.9001824e-06,0.013935161,9.019741e-07,6.0765815e-06,0.96744365,0.016395284,0.9607522999077918,0.941187367987861,0.09176869976480793,True,0.44918612,in_distribution,correct,False,41x33
171713,810177,Scratch,7,Test,lot47490,5.0,26,30,test,8,none,False,2.7858516e-05,3.712914e-06,0.011175687,1.0439226e-05,0.04036439,3.9568267e-06,4.7274257e-06,0.2857587,0.6626505,0.6504573764223875,0.35912504120169675,0.3806701392406442,True,0.7203776,in_distribution,predicted_none,False,26x30
171732,810196,Scratch,7,Test,lot47490,24.0,26,30,test,7,Scratch,True,1.7712975e-05,6.7396715e-05,0.050089907,0.00014543107,0.1545037,1.6457094e-05,6.227325e-05,0.6667991,0.12829795,0.6494220071483502,0.4886989765121515,0.45845954608807754,True,0.6395246,in_distribution,correct,False,26x30
172526,811018,Scratch,7,Test,lot47524,23.0,26,30,test,7,Scratch,True,3.6520128e-06,2.1278947e-05,0.009528499,1.4341172e-05,0.19984795,1.4861354e-06,1.5545224e-05,0.7537484,0.036818832,0.7391225321445801,0.5310760355065407,0.3339243391395605,True,0.73585534,in_distribution,correct,False,26x30
172857,811362,Scratch,7,Test,lot47539,8.0,26,30,test,8,none,False,8.8835174e-07,1.2118717e-06,0.004560684,4.5848624e-06,0.0064553507,5.6901916e-07,6.030301e-07,0.15961884,0.8293572,0.8170294128136463,0.6476665112501561,0.2428897729322991,True,0.93582153,in_distribution,predicted_none,False,26x30
172860,811365,Scratch,7,Test,lot47539,11.0,26,30,test,4,Loc,False,1.1678398e-05,9.047797e-06,0.086620055,4.064597e-05,0.41891488,8.124489e-06,1.6927432e-05,0.30867216,0.18570648,0.41165761364181847,0.10413128394450866,0.5748639747649527,True,0.90740514,in_distribution,predicted_other_defect,False,26x30
172861,811366,Scratch,7,Test,lot47539,12.0,26,30,test,8,none,False,4.5168886e-06,3.1261536e-06,0.011844129,1.4275176e-05,0.032141406,1.8021152e-06,3.4523796e-06,0.2262832,0.729704,0.7157160990948618,0.4817502844806062,0.34580259534643576,True,0.84882605,in_distribution,predicted_none,False,26x30
