feature_14,feature_21,feature_22,feature_28,feature_59,feature_63,feature_64,feature_65,feature_70,feature_95,feature_99,feature_100,feature_103,feature_104,feature_114,feature_121,feature_122,feature_124,feature_125,feature_127,feature_129,feature_130,feature_160,feature_163,feature_180,feature_183,feature_210,feature_213,feature_247,feature_249,feature_281,feature_295,feature_298,feature_316,feature_348,feature_351,feature_365,feature_387,feature_430,feature_431,feature_434,feature_435,feature_436,feature_452,feature_455,feature_471,feature_510,feature_511,feature_519,feature_557
2.2493,-5528.948431779025,2746.057113213701,69.82621139761136,-2.8166292670052724,20.652422376998047,18.90568126727753,22.609196270997103,631.6855378013433,0.00013903693824456452,0.8854,-0.00048547078692292466,-0.0025394785495735928,0.00044930031950048604,0.0,15.838404172839361,4.272657066799726,15.699676217621876,0.9385449134237005,0.517187925831831,1.071498775141572,0.8068227620131143,76.0,0.15675265385688858,20.288687938423035,24.646282138894986,0.11411263961014871,0.09810155999914583,0.15053570349274986,0.0,0.018611787594370422,354.9708921131622,0.0175,6.472237818962792,0.019680498205628782,0.015480050089833894,0.005918872187380009,0.0,14.09855591086324,123.7329640840318,19.000570888922883,0.3003999999999998,0.6279000000000003,5.348328065182476,2.8515520783029835,6.920038426694626,122.64138556718834,986.6667,4.555969503054883,0.3275000000000001
3.9479273843854408,-5087.583229395279,2357.097320634659,62.60270186432358,-2.3098487770960454,10.12495504825634,14.17854314611903,36.387171875449575,614.8581862770803,0.0003611377675939401,0.04219661057609027,7.271847899332109e-05,-0.010246623279406303,0.00019826295854647437,0.0006295429631294963,16.007445368730078,3.822340109564246,15.911458517676731,0.9411959368682805,0.7191217104973824,0.926799823749868,0.7087486237369869,475.49114207784373,0.04352891348539163,18.514064352342768,26.464811021377095,0.09781817573262838,0.03780070963565431,0.0167,0.005063313330502398,0.0078,287.0696895193935,0.08098602285126584,4.2398957581449865,0.03643887315746541,0.03180117100171434,0.005153854544741896,0.065,136.50751535327626,66.50448040623266,4.682336748566037,7.536785409789671,0.6279000000000003,5.988405851296259,4.6099026015241815,17.870589628698156,31.21444045641573,284.2798990652303,3.6093,0.3275000000000001
6.941508623738468,-5380.416427452422,2660.087417982721,67.47602193540557,10.525589112918796,13.740264988068313,26.991335839964325,21.75841016580097,620.7445504715539,0.0001309249190081171,0.012397329641555141,-0.00019770482646050451,-0.003687567417471619,0.0005860626391797346,0.0,15.831982418587735,4.357070999577844,15.731451568219603,0.6055,0.4108,0.9357242137007267,0.7127223366876977,76.0,0.034,26.1598413081575,19.75487290132593,0.033900000000000007,0.07454365624106815,0.0167,0.0,0.015421604364785891,297.2076457364734,0.12008852342268975,5.794508338822219,0.028671934474217464,0.008,0.004639219798042093,0.0,22.192608900204686,400.00000000000006,3.120508396158069,12.170578796011442,166.36629379244394,6.110778367079733,2.8084423248291923,3.6093299037508393,241.16906302286748,850.5509578668037,3.6093,1.0495025069253283
8.256417889260458,-4943.100073496113,2332.379920510548,60.2667,-5.501829721867411,19.423905061478884,42.63,29.10840778508866,622.5420037198148,8.546200311461558e-05,-0.06389296296100394,-0.0005564996572260116,-0.0032732151424987154,-0.004694178391288536,0.0,15.831423961310476,3.1717998783214942,15.665881421044515,0.9276758188548884,0.49279968371538013,0.5534541321207065,0.8764,76.0,0.049364832371156755,15.959840079426783,21.550880447560605,0.13905622768644132,0.0172,0.1514921916763174,0.006420373218131879,0.02333120688865581,152.0064981531211,0.0175,4.502016966900163,0.023302537899848763,0.0313689481046135,0.006150700326504428,0.0,43.52215258524514,159.0593977031172,233.85267299255082,0.3003999999999998,82.46580102841695,5.6259738351426805,2.1869,21.460532496851023,112.83453355112013,915.7975784206412,5.496158652027201,1.7209877258535793
5.889585306744677,-5301.4851020207125,2483.888587908481,66.03611675327542,23.247474491312982,24.576003796712513,18.650260288174245,39.45513700071974,610.2866565171665,9.699261140645179e-05,0.04677432460294511,0.0002899483288602307,-0.014011563977656346,0.001328811990875796,0.0,15.79450474995474,3.6978805112273925,15.74254996956113,0.7300157668075207,0.45108911693700493,1.3300094199904597,0.8381274015242559,205.36617150255688,0.034,23.86892314950209,38.21793037969954,0.10473492984931095,0.02763337633715174,0.08257617646726026,0.0,0.0078,165.6355058167366,0.0175,7.790198269252793,0.03844627678377473,0.008,0.01632599326689289,0.0,3.237031687848038,320.3606553029481,36.99064586829482,10.898425073685827,21.869786716366143,4.262297324664588,4.736431750347485,13.0457379189525,74.95585418107899,0.0,3.6093,0.3520847070971376
6.798942744768691,-5641.737881168443,2704.077516971727,67.9026632142925,-12.1527,4.4283,20.020334254208517,30.785333867847452,623.6038443134266,0.00026960623374845243,0.07150282514574549,-0.0005380354562237394,-0.007121457832324707,0.0015,0.00030240553327673316,15.887072934920655,2.401461405931135,15.615670080768012,0.6055,0.47396865650541836,0.7880031346939034,0.7542632207845695,512.3021302867634,0.034,20.326835516480568,29.973967182746662,0.4892000000000001,0.0467933189167587,0.0167,0.03540041122262185,0.00789867889717261,226.96009736523257,0.06994966920521208,4.0902,0.01908272803029918,0.03895953165999865,0.007380742983781921,0.0,25.07761764179925,29.231449934193584,13.006974415584393,5.6578557549272945,10.681240238674269,6.055666957731775,4.072176261733586,15.397219365370868,36.08167579695673,160.8147959420476,3.6093,1.1811138811971333
13.23192601926917,-4843.849073270754,2398.5200394957437,63.68552179594721,-3.1440686627432872,17.10973452179957,19.046771438383345,35.860644592094744,624.8642395452925,0.00014897271335370812,-0.03784094193274505,-0.0005063687267662948,7.028070148794655e-05,0.0015,0.0,16.07,3.7714014175871537,16.09,0.6055,0.42686837104764686,-0.019286885775895546,0.7694559983254587,1662.5979657668322,0.08130882310287904,22.595797659134092,29.218023722375097,0.26835493670146093,0.06836003068340307,0.05086324702532724,0.0019887305430020506,0.010111400695649532,200.09960569342536,0.13256761652853197,6.766457604804745,0.011582538151953368,0.008,0.00621041855501065,0.0,206.44013225475373,36.59397869384832,181.11501078013714,124.25838978599707,400.0,6.7094027965596,2.4354759506910066,3.1599000000000004,55.877069544955596,173.96607961738272,5.877799527714895,2.2017162465265083
8.951227626007595,-5512.31082624535,2605.547994828713,66.35233344618847,-12.1527,19.93760133363538,13.812228654506523,18.13518577512182,634.3218,0.0004000000000000001,-0.05533734210693012,-0.00022128294950454785,-0.004223141137843922,-0.001063519119179254,0.0007327119935224852,15.731481332309873,2.5594831684213712,15.622155503507084,1.2892488615572362,0.8490179062954554,0.3366752574784757,0.7581981803869948,4170.0,0.034,21.34669006037824,30.047481633645422,0.08761830663504439,0.3360005676153314,0.04562024130960101,0.007618789678058371,0.009523542691118459,283.9982368664962,0.06592107827071123,6.155342018139297,0.030080101025962057,0.008,0.008867217845990392,0.0017131838979487061,14.766307778927903,28.61737261404625,2.5786999999999995,71.11424467597335,31.266317911838172,4.9660315137367785,4.305025195462852,40.586017773342554,117.80514571811916,271.085786479196,10.598647009110731,2.6861828203444293
7.313205091610895,-5893.12828034806,2423.927207725656,65.94458053759801,-5.351331304110563,12.12921436250285,24.68456766942446,28.07661645522253,626.4331064737818,0.00018357166372275088,0.019121660762494767,8.341713670618847e-05,-0.006005790775277413,-0.0009772902450936674,0.0,15.79927361970136,3.7122724733311636,15.68875189181691,1.2409260806259803,0.5486203555567268,1.7090952408902755,0.6639353947400002,1119.7791023929726,0.13271727804942812,16.02416643952462,19.946227819254812,0.09337091522921726,0.08712518590059534,0.05149111545580395,0.0,0.008564666524816755,408.0315876833006,0.12325501921114591,6.59044434509065,0.04816822550705749,0.023266277541096714,0.007668553592209616,0.0,25.030154631366965,35.2742536629088,11.32787571372008,209.53269900908882,310.4758913915616,4.229481453667773,3.878206236347894,9.775668825634712,86.36538339937923,986.6667,8.304496697599111,0.5992385392474537
10.241651061993714,-5211.252596338239,2597.7373682260304,63.68783385125424,-9.3132061105839,18.21378153800645,18.209396664070248,30.611417694509047,618.075573448042,6.5517260960201e-06,0.8582311689269353,4.3856217246018424e-05,-0.008024034115099082,-0.003928357240588681,0.0,15.896874290864783,3.308149349523646,15.915131679476254,1.1321539221200811,0.47545840310105153,0.6288758132828622,0.8020502125229583,76.0,0.15936036179722254,17.284909878977086,35.93069538152072,0.1233359181684879,0.033526237240458945,0.03574381371724678,0.008171923617256459,0.0078,37.027000000000015,0.0175,7.991685392933354,0.029835384526416035,0.032492439197153306,0.003880894353722195,0.0,65.62650749495995,20.790730196383112,24.38170415524351,0.3003999999999998,11.440058112907591,6.699186822133572,4.650762003490527,10.957572330837316,200.27252515208906,0.0,3.6537883298640716,1.394333627589997
7.476285808060714,-5159.309384453926,3493.75,72.41025005876762,-7.61522795740674,24.100785985698458,22.274205983770813,39.21504319594262,622.3193041072514,9.535356000000669e-05,0.026623295264822933,0.000632351868218032,-0.002148158464094934,0.001332767007597814,0.00019756249186594216,15.897479116936912,3.3611047218193746,15.704817660503673,0.6531261015187015,0.4114520480658532,1.0568204547179771,0.7678500456605295,76.0,0.31161452492066416,16.637026173014146,25.851171423036774,0.13940234118784917,0.14251083740023482,0.05381528449929103,0.0,0.0078,135.3376312606444,0.0175,7.9478753258192985,0.017066845511817454,0.03732903385168025,0.008336422372736865,0.0,31.56474889985276,42.402441077758525,11.983970480419844,20.042966294397523,130.94276524710966,6.860334019766778,3.637786529579769,8.586092220810105,131.4539435657314,253.12097037599546,3.6093,0.9302492268048221
13.192752332889299,-5247.009815659746,2790.499384054294,69.46149038546656,-7.292256168331232,17.68375108609064,29.05377995301017,23.18600679964125,610.6467120819914,0.0004000000000000001,-0.07858969021458834,-0.0006265982250676943,-0.0006026333124729555,-0.00044393582257576137,0.0,15.779555572686075,3.6760397495804584,15.737056464506232,0.7715322880117652,0.4108,0.4951458129911652,0.734793497869889,76.0,0.22404779764315674,20.30301549454491,37.264183236946465,0.1252056960170296,0.0172,0.13025685297684284,0.0,0.009382455767595822,311.8880001724841,0.06939933444437903,6.1335514983434125,0.0359743697813201,0.04785430007418394,0.003470063566527606,0.0,306.7661733161324,3.3354999999999997,11.289379521898436,33.4828826909224,15.681960199533762,7.1916821315845585,3.160348706725816,14.324493803330654,79.62854722349101,0.0,6.748390969837256,0.5613488293765727
4.923814410848164,-5213.255950153975,2427.6495902481115,66.29952577545684,11.271452462630247,22.470508934443238,24.079691331872972,14.281534366326028,599.6751866518325,1.6055061230835467e-05,0.854594792712328,-0.0005631430437325672,0.002306198930007986,-0.00032395273002886604,0.0,15.842929475046914,2.9434229018630194,15.734949379472495,0.6576063040273773,0.4727124720988628,0.2224460698033336,0.7599970384527922,76.0,0.07520187484733042,26.61051964868351,34.46696856497399,0.14273431446061852,0.04101897951944147,0.0167,0.005682011522409481,0.0078,164.7501231130467,0.0175,6.655081333755805,0.05201139941014109,0.008,0.005508377709114982,0.0013852972315382918,41.400479297243066,11.864335807613788,2.5786999999999995,131.64162295878407,12.92924054412048,5.253374100299046,3.4278097471260978,12.72156075348472,23.017723936719634,405.62900571242585,5.244210507885752,0.3275000000000001
4.2811219491059544,-5257.775411679829,2603.686990713338,68.44442869050278,-12.1527,22.053673755244613,12.756779274374363,39.76009890838897,633.8695542359096,4.809270379079743e-05,-0.028019288743533093,-0.000295065249329548,-0.000749331909535458,0.000249786926964501,7.25624884217426e-05,15.907538770683287,3.493882192986943,15.909207589193866,0.6055,0.6648830177627835,0.2819562329806603,0.8764,467.8771189047857,0.38545161370183384,18.74295281992518,17.908570144444653,0.1404780377928553,0.041727410081127486,0.05497292808051269,0.00819906810475834,0.0078,422.30051007242025,0.07105095730048978,6.327188846560214,0.02158379122618218,0.0274288829937354,0.005466449156215001,0.0,40.10860318379598,43.99168263860405,9.378076259879117,26.88860436736845,29.122904622906738,4.628592934639331,2.1922349128003846,18.355802599512526,37.18003775846664,501.1614346075254,3.6093,0.3275000000000001
12.810148083391448,-4884.6489926736895,2612.5299462478215,67.07567628685824,4.265205798738514,19.888904636257077,7.8778939269630985,56.8964,612.1347324264805,0.00018259543509692176,0.02719295609122852,-0.00030014220955531693,0.00046701433763177147,0.0011159243602544976,0.000425369803556128,15.91652743199951,3.6732494780172176,15.852239969676967,0.8820326860130621,0.5430473339497124,0.2192655045465769,0.7664183278353448,491.7001096302141,0.24115592652809237,25.036061195292735,28.696320367504875,0.15944919675142707,0.0172,0.03352469328663713,0.0069595852087229425,0.01805348656597529,711.078788982916,0.27401997189992733,5.569622579169776,0.011446208798253121,0.026386038026938466,0.014307653782302487,0.0010746370260323952,46.28996165190232,16.13089432159702,22.706104241953547,0.3003999999999998,119.99188963183101,6.556968502344819,5.001335430353336,16.77970740111659,77.56744123041206,14.291781666271731,3.6093,0.3275000000000001
9.596567867576095,-5159.202158902714,3486.4442211182704,74.18553264944602,-12.1527,5.716786236319962,20.226305667895975,56.8964,611.3540649718437,6.224664569881737e-05,0.05678735809067862,-0.00036355981626946435,-0.004902509236409595,0.0004645495315769713,0.0009481634124646927,15.79110594371496,2.7367163641927323,15.809363953083858,1.2996779794560294,0.5622422132553574,0.8264946076097857,0.82026728448841,193.90570372420177,0.4905971786399387,17.586517972026986,33.42098120776057,0.12443519939180755,0.08062379936459897,0.036036445544750065,0.008862233792759995,0.017486009467407485,313.4213328917372,0.18456651962016118,4.424616040716453,0.03816054627211391,0.015488427538939756,0.006474981431491648,0.0,13.1675633115387,31.542668988687147,373.4643468271695,0.3003999999999998,4.432623125511439,4.554812355115506,4.1422880805112925,13.543598712825451,216.16339900739388,202.83548507551689,3.6093,0.3275000000000001
9.682186875182321,-5004.861425656638,1957.8455709598825,63.202418391754556,-11.238924937676662,19.63225631633392,6.4482,35.25736146175927,617.8428278476233,0.00017794172952829377,0.07328977175532805,0.00023927332433930799,-0.0009853551762369645,0.0011701868474685636,0.0,15.875621114190622,2.398,15.800038175094116,1.3206338649319107,0.4325427859216145,0.04823681700603766,0.8481286237678896,76.0,0.2148409640085887,18.241004618686702,33.66661810409686,0.13563789309072982,0.03560040268262528,0.15430704933912148,0.00361778600066855,0.0078,37.027000000000015,0.0175,4.720345725554311,0.010499999999999999,0.019277591266261218,0.004661400685933024,0.0,179.30702098615131,400.00000000000006,19.948715003742727,0.3003999999999998,0.6279000000000003,3.9606233331337313,2.8372899735556896,9.979926239931034,63.17953067034768,142.87403721484839,3.6093,1.312242656777206
6.093969823596457,-5462.957653832054,2449.3049957735957,63.95026793329632,-9.893902937854198,24.796118054803742,9.869003047999982,33.733588219971224,620.0535784739266,8.049590986135134e-05,-0.010863730741763123,0.00039696421983752517,-0.011983022581150582,-0.0006248599866444712,0.0004375794590508592,15.875289584699903,3.8597283749571463,15.655957097849344,0.6869687907920591,0.5151642981266615,0.08680448041719158,0.8366504258334987,76.0,0.4681373834185337,18.534753250606354,29.34387517505908,0.134047519147948,0.04093325721521418,0.04184499044841879,0.005105869617454369,0.0078,37.027000000000015,0.04424226928132985,5.102174474690127,0.01189506218360366,0.031121428000254275,0.0025,8.083253459260236e-06,44.19874032617777,7.918927438608584,2.5786999999999995,0.3003999999999998,43.88195506299262,6.0466176301011725,4.85910082317635,21.513532760197347,75.2232545299021,667.8774864839957,3.6093,0.3275000000000001
11.589315979191717,-5043.142466791419,3493.75,60.612450685457866,-5.567282206660936,10.927547176117166,16.2214793639954,36.197693997683736,628.2751792325074,5.407916409790507e-05,0.23790898393998886,-0.00029050556101044934,-0.009832828007604572,-0.00033404224684965085,0.0,15.881541439211478,2.398,15.728511839284838,0.6528715951562654,0.5742544527051592,0.5786577246102971,0.8051959936269317,76.0,0.24494320498402014,21.895364597868152,23.215325868200466,0.13681030508613523,0.031614774739936756,0.0167,0.0022921362336791942,0.010480473579499694,951.9208100726534,0.0175,6.157432244832488,0.012172143967736518,0.023904747573378494,0.008269255504598085,0.0,182.33472524794033,400.00000000000006,33.29502819394436,0.3003999999999998,0.6279000000000003,4.150767592848362,4.73223660642765,9.214681368941047,41.11255790067429,957.5055646057963,7.221395327726206,0.3275000000000001
3.0428822103109914,-5507.605809412728,2397.9907154785933,68.62140496112346,-4.548631342769358,12.855417869621906,26.455936466892286,32.40115924799798,607.0026983361438,6.546525800273433e-05,0.014925314140444545,-8.335346638697171e-05,-0.0007334367295457351,0.00013509702559351443,0.0,15.835681425152297,2.914953618121362,16.09,0.7593445060197263,0.5294245803710768,0.19376641860208899,0.8126927828396553,80.90488621743839,0.034,20.41606178387053,20.911727387005456,0.12133638673581393,0.06639683275653102,0.0167,0.006141474582391872,0.00986114624974226,1312.688512380902,0.0175,4.728165099087641,0.013583841194191851,0.011069349095190816,0.004060042858706712,0.0017960726735607264,6.087634724737681,7.586771458802495,252.7298143570979,0.3003999999999998,0.6279000000000003,6.070115284893114,4.835872398001568,17.348688404702624,123.35579275227582,91.90206152334929,4.299268115930856,0.3404598740729097
4.293401596784606,-5118.421560490726,2469.7173819779055,72.32235653935307,-12.1527,18.100049947538977,20.273224810716123,27.050714459581126,627.7288049217983,0.000257973912526087,0.0004461109290724986,-0.00021654222569398267,0.0016098929501854702,-0.0005233153258294594,0.016298169561333443,15.81535055207552,2.5938988005168575,15.812784527821433,0.9562805968617532,0.5533010200867596,-0.1590775250933495,0.7717483503772538,511.0362751342532,0.271517840307001,24.518096287528202,26.582395123843874,0.051675671853792446,0.07427354128454147,0.23621967002977093,0.0,0.0078,378.3016169744528,0.05822783061177892,6.804425880929944,0.01197354451158383,0.012064267227006029,0.0025,0.0,24.330414626933205,23.90646614062818,2.5786999999999995,5.954118350228599,12.362828735931988,4.193069713016515,4.9393431902182865,158.1332,400.0,225.5222818927482,3.6093,0.3275000000000001
6.760781902959909,-5040.852385199208,2809.992001616508,64.49943533784584,-12.1527,21.729080394984845,8.158371964661642,54.51904025611596,596.8452642794816,0.00010379360512442293,-0.04909196482949161,-0.00024664652822944017,-0.014203436182098971,0.0014398563367862798,0.0,16.01006635696749,2.438285810400716,16.06197721339625,1.0940634497980797,0.5557316308226955,0.13765688650637609,0.7522081404366785,76.0,0.16988380938094505,15.736997394241305,35.43314250160332,0.07956867005885908,0.09303796918764301,0.03085850969301862,0.006025277933548033,0.0078,63.8891192352024,0.0175,4.469533946674025,0.010499999999999999,0.05065076434957321,0.0038664286227925487,0.0,50.45509388748336,41.31309749834755,27.447720581113337,0.3003999999999998,14.482046779302449,5.119323153393366,4.292778510880995,17.407650702449704,38.829271631851405,0.0,9.813762027935377,0.3275000000000001
10.697623514763837,-4929.185605338283,3079.223240600854,69.1097433606635,8.352757504830945,28.340467769911477,19.56136515746161,25.88855207162757,615.8376023278423,7.889454493177143e-05,0.014533254971674596,-0.00042674342824094487,0.001111698910719187,0.0007172884043444371,0.0,15.726811775767771,2.688074280734288,15.848462877803279,1.3037812938835571,0.6600468848573978,0.7024509529196876,0.6995056818981994,1179.0629073124078,0.13719334062464553,15.220610965027745,35.293933113822504,0.06454802575113971,0.07930669762491008,0.15006154037542763,0.0,0.0078,106.53061248146832,0.019313012196386245,5.756890124253787,0.013305330831075574,0.027329680788657953,0.00696444127932336,0.0,155.85783991479497,35.317365765548594,2.5786999999999995,187.4871532553894,57.0633649528786,4.621951467467692,4.640873311083678,14.420298478162765,66.6477168981006,42.41032412759654,29.184816007006393,20.093716624805516
13.606310987755673,-5440.615477718783,3344.669047954534,70.49242969637194,4.348139242642357,46.16586029642463,28.69547443965847,19.565155507468315,620.5070966038913,8.539096803603154e-05,-0.03156539703513579,-0.00044122001049692113,0.002634514371181047,-0.001341907446891522,0.0,16.07,3.602788886708083,15.872758396975948,0.9166624030378144,0.5789154567986627,1.172074312271207,0.8461704895526473,349.34946121722675,0.7027425733163348,20.562964102708477,21.218955317903415,0.10531109520169682,0.033222083289599275,0.018757547960660773,0.004153133887795044,0.012510997137965118,317.7421170440074,0.0382740790948993,7.2887012115013885,0.025963050302691523,0.008,0.006095435439911658,0.020499737729447153,41.29971351735738,198.5084404582861,2.5786999999999995,10.051999142671246,19.329419376720885,5.2495467374666545,4.289436291580195,5.678947477227057,89.39380194956148,627.5598027859753,8.95607047204357,1.1032334986264816
8.730503378358808,-5290.131021646294,2464.915143847065,74.48701917744502,9.227371013412,15.876427408044847,7.00108847025183,22.119165620966026,609.1022103815639,0.0004000000000000001,-0.003274201169610064,0.00023396833615617785,-0.002330939596546162,-0.0009833504415846684,0.0,15.888980151306576,2.398,15.651632096994781,1.0408567714564545,0.594550742832607,-0.7993341200815796,0.7808944705359478,819.040813177046,0.2763602956770279,22.41743086254867,24.378120062880004,0.05938496237696373,0.07256858186104496,0.0167,0.006841795510051445,0.013033542192264198,488.7282913325298,0.0175,4.792563431726513,0.010499999999999999,0.021637021178204274,0.005811887346953989,0.0,140.11840748265257,40.556722302804204,106.63854262748944,0.3003999999999998,0.6279000000000003,6.746507090993756,5.161762163636541,31.88786704217111,115.75483246614806,280.40411481193223,3.6093,0.5567886397515407
5.967114292212605,-5110.021906358637,2386.2775415559368,75.9444,-2.9963309747893967,5.169097582902259,24.154928903430655,17.525725018000372,607.6112567074882,0.00013417333597188342,-0.010635968580552982,-0.0007358519346842491,-0.0008284038196354118,-0.0119,0.0,15.695326038120704,3.24382423515112,16.02275498026583,1.3263541963121146,0.568853225155795,-0.1625516821144521,0.774315523827835,673.496642369485,0.0908422543219047,24.370213258111008,28.295625185488515,0.10753121218212669,0.054829371118933455,0.0167,0.0,0.012683245625431347,453.8631951529071,0.059247833439232456,6.621049433114664,0.04028091677419031,0.037160384916031,0.009460535282936,0.0,1.328800000000001,21.91157963549465,2.5786999999999995,16.276033026042743,0.6279000000000003,5.487834255862432,4.050026569310199,18.162147605305936,267.4543436380705,816.1145897293756,3.6093,1.5363609790232065
12.587393926757095,-4991.939565969877,2521.363861614237,66.89226386417161,-6.3735527341994285,13.527641386267339,16.239628988821643,41.067763755645544,628.0167386425948,1.1075833249398718e-05,-0.11350000000000002,-0.0002545780307983851,-0.00698089943665972,-0.0019713432003416187,0.0,15.86905181288383,3.275505870446021,15.613540115917266,1.2706122771763504,0.6539665016181434,-0.14102071731177207,0.7859731882332366,630.2238513735489,0.034,19.073945119790714,27.669645507416906,0.09974790789556069,0.018470043391894515,0.029548582048771182,0.002816641918315271,0.0113142544317583,164.6889628889159,0.19083189445736787,5.83257189507072,0.010499999999999999,0.033200733962709505,0.00576764699625002,0.0,32.85470294153234,15.336608748446206,2.5786999999999995,8.980196009388376,1.0484161580807028,3.673274510273334,3.3897863611607986,19.137483287095165,109.50436677276144,78.68749078056516,3.6093,2.076908296310514
7.315880417997086,-4885.23904070551,2705.168422770106,65.17007019160488,-12.1527,15.367049620783519,19.07631185305158,10.657279439869537,615.6184889104921,6.411375216136492e-05,0.830965195161106,0.00024122709174512013,0.0017934968001611182,0.00029510114565718594,0.007539001503683252,15.756404585916847,4.337587461979071,15.57938616921133,1.1337381839588327,0.4772792889422318,-0.8156450345075086,0.6946002038237709,76.0,0.23442695478846037,25.76763641628019,29.80824477665049,0.18314124406768229,0.060880948127419426,0.10501604886470249,0.0,0.009484776644909161,378.73500248731926,0.1584430888669991,7.423493910793201,0.040354301589008185,0.008,0.005939853464237659,0.0,400.0,3.3354999999999997,2.5786999999999995,236.83831547696792,0.6279000000000003,4.453296080381396,4.837840278258774,105.88758315343411,103.63697271791622,382.28848525076137,3.6093,0.3275000000000001
5.0230761220285665,-5166.836081438644,2660.869515954451,70.09730454760205,-7.298324642002777,10.219870667656828,29.171319291460605,37.94880153354796,633.2090599199167,0.00012561659929796198,-0.038363294928586075,-0.0001887994800238701,-0.0023878965301559153,-0.009677542845917804,0.0,15.771209435384218,3.0948201508748636,15.85235771642717,0.9120191718563015,0.4108,0.9582850902208344,0.834449962894769,76.0,0.04190400432010839,23.267754762592553,34.972201019272035,0.033900000000000007,0.03139629560942266,0.1505479554730607,0.007787369951221009,0.00988926834482354,304.102291590435,0.1035675005317416,4.965502113804694,0.22,0.008,0.005027836744034826,0.000712803981200475,14.200945107902292,12.04858614968178,36.50326274208497,15.738135263302915,0.6279000000000003,6.842446749260828,2.9440339820949317,12.013703000123899,28.15159072978064,34.16969594908872,3.6093,5.180227450981555
7.431650502485159,-4858.151080229356,2468.1127213237905,63.52597550799414,1.1795536996976848,43.018665174258615,14.85677756852735,43.750268485467956,625.9022762558172,0.00010431908037504159,0.8444818114997017,-0.0001349204246788739,0.0017172034039344697,-0.0009260129819285491,0.0,15.872720437823316,3.5331583846307897,15.721356252220822,1.267644895225475,0.6621563063049128,1.1229486716784303,0.8065406493089269,76.0,0.034,19.172874839335027,16.062,0.12081244993965079,0.04479513637142135,0.0167,0.0,0.009392369968091705,37.027000000000015,0.5255,7.412260157565383,0.03780377430566727,0.008,0.006568780727648351,0.0,3.8311756491523656,10.951402508690673,2.5786999999999995,83.32867739769272,0.6279000000000003,3.451190730598084,2.1869,13.99177363200598,113.77896888021851,76.27895049391864,5.971684748148303,1.2434691366678128
12.062905638258782,-5316.845359442264,1836.4677788201257,70.29735674207527,-12.1527,12.311655722798148,22.9893222691043,37.78974204937158,627.27708809403,0.0002097653666794578,-0.07093864874461003,-0.00037742407734149406,-0.010485661732145676,-0.0005106429815670828,0.0,15.722379565268826,2.398,15.66849746225033,0.6055,0.5813343386937486,0.6345627944959331,0.8215769974958902,254.10713375353185,0.07536896278842435,14.93011556572462,31.297214163929453,0.27402117959753186,0.0172,0.01870812734004905,0.0,0.0078,278.04775676524577,0.0175,7.051233136953215,0.03499819968948369,0.027348686672024,0.0050598773865469454,0.0,31.801026608077414,32.13997243811367,20.217215441010172,113.49466658820849,400.0,5.347122858583179,2.789897381115696,55.910123533944926,59.04665825732075,0.0,6.033034532813765,0.3275000000000001
6.24371934507621,-4791.55675015638,2810.055528190432,69.6207929383848,-9.800636446210351,26.245664886748123,20.041425106765267,33.31104882274719,604.8584725819586,8.818664281439972e-05,-0.05502780453725385,-0.00028161566370982287,0.0025428693607052553,0.0015,0.0,16.07,3.761555298650049,15.739393209841054,1.1383751710006982,0.5056719522254643,0.07251790519958723,0.7873288154151784,3432.992444453609,0.6596193579672723,17.803415829140164,16.358141847306587,0.11019496730389727,0.06310827572543443,0.03223306572548257,0.010544812570081684,0.00857792052461554,281.2783500308125,0.5255,4.0902,0.010499999999999999,0.010892109895245833,0.007010562409007788,6.365931521967066e-05,203.66062313163948,21.551083075072878,2.5786999999999995,32.79008262430333,215.61781736761623,4.942238088230876,3.4766504747484785,135.9525840183744,27.950801149188965,425.46355447563656,7.787173615178258,2.8822110662342273
12.892375146497429,-6395.837699877016,2617.46706095286,64.30008102532784,-6.089246062362287,26.03486112628686,12.522870913959903,56.8964,603.73183454279,-0.00014706424764418844,-0.003031318477127255,-0.0006289072742223483,-0.011227436292623006,-0.00043096981217219475,0.0,15.749569380005713,3.2010784813575364,16.09,1.18599392640711,0.7356869667364027,0.4601967390842123,0.796629945422093,741.383163233269,0.034,21.05225134396541,23.20689219587148,0.11747036122768237,0.0172,0.0167,0.0,0.013362754326653542,203.3259102168634,0.0175,6.544686889672813,0.02426190318178513,0.030056547899943883,0.004091226476688229,0.0032753368014241096,27.947892618472014,78.8468466362241,2.5786999999999995,107.82464220056029,7.717434915502582,4.403396245733508,4.223820879238778,12.353850107656704,73.05767987761473,127.1141699579141,6.400479872445691,0.3275000000000001
6.987194633286478,-6421.282732078794,2435.8075698554057,62.682472913702156,-12.1527,20.575522951869175,22.6073151312197,26.441203078343477,601.3701639582068,-5.3661356893525055e-05,-0.009193714121270239,-7.884789842324116e-05,-0.004523900743534934,-0.0009417932337641347,0.0,15.756020281203542,4.723022973413526,15.73181731744209,1.1445518826036105,0.4891459701287106,0.9217227000682162,0.7816868878652868,426.02185956499864,0.045284703278880525,21.41704400750058,24.63735195701868,0.43063442111406536,0.1580598429948822,0.02861348827348223,0.0020521882295386575,0.008186265019975044,135.64836200710158,0.22252741678999183,5.456076402343665,0.010499999999999999,0.008,0.007703605083910591,0.0,39.844246176472616,167.11746730136255,23.869627282708432,0.3003999999999998,18.992182586412994,6.729776525034149,5.1513388394210775,45.162667030947034,64.60751655475603,99.16464083668777,4.030543012963916,1.4271485824318992
12.871527290167542,-4573.165689663649,2722.1062006934785,60.79672503520324,18.19838982212715,24.291449765824375,6.4482,40.15412501840787,622.8232062442655,0.00022328212705572534,-0.07913638613363785,0.00028914020035957405,-0.0006947876449145997,0.001175321755301774,0.0,16.07,4.2842466222336775,15.6530573880382,0.6055,0.4108,0.7319887419822144,0.7329914710348372,177.97096131807973,0.17884757371414162,21.89833472248656,29.19926679913068,0.0734757591634938,0.10013809041154643,0.05194207681801792,0.09806416459895467,0.013225478405249687,73.70393848088727,0.0175,5.97315513460074,0.022858080613773386,0.012482037841795577,0.013054911471422324,0.0,51.57170760989835,30.04419002661345,12.499158154109496,0.3003999999999998,91.92575736565455,6.528324255751086,2.2281947079702507,7.423472261212503,109.40429748190058,531.1165193655802,3.6093,0.3275000000000001
13.522803629230747,-5059.9106297549315,3493.75,72.57890251612383,-11.451779680190532,17.825748797348282,11.432967805239313,40.989260640855136,607.1037184611464,9.929490907627896e-05,-0.06674460589796072,8.60987793502946e-05,-0.0027346359890623607,0.001272435850854718,0.0008288898017919134,15.862424703399364,3.8511350355434972,15.654572715711017,0.6823569044959943,0.43061211762018015,1.00474816899658,0.7063040693638566,76.0,0.14648142049886703,22.928125299387098,19.22748092435888,0.2919614150704045,0.05351545541305169,0.11874861050311976,0.0021885298609556117,0.009332689231975118,90.05102678774577,0.0175,4.985770208201417,0.010499999999999999,0.01596976223630598,0.008253776089765344,0.0,45.25350607143487,3.3354999999999997,2.5786999999999995,0.3003999999999998,20.0611154562093,6.5698668239173035,4.072484731825637,8.864671901787986,38.91342348774424,0.0,7.881284533174458,1.1241270995895678
7.767846498243292,-4708.946307361148,2849.402583208983,63.47784888285738,-3.625504291134035,8.190359972182433,23.284512734405695,15.939668479360035,615.0883819322493,0.0003201264249192224,-0.04980437170771427,-0.0006432442014492759,0.00029501609302958615,-0.00042937317920997405,0.0,15.670147805028611,4.126014418361002,15.620242007849837,0.6055,0.4108,0.853502233410943,0.7734440790460819,453.40026863215274,0.034,24.75740950382009,28.18833314866811,0.033900000000000007,0.048541180335386125,0.06647747274428158,0.0022256522031206243,0.014563279732212603,167.0987118702592,0.0175,5.542944558004822,0.011893244883986982,0.008,0.005632812997406569,0.0,53.620095681686855,3.3354999999999997,400.0,26.802884429545955,0.6279000000000003,5.9888940067692005,3.630612155026492,22.1812463481982,32.25949355573784,92.28618953488737,3.6093,0.3564729868475993
6.741023425146583,-5038.284410059757,2446.2629725562624,67.46027065398815,-12.1527,9.777680576688137,20.73511648273854,31.60408923857656,631.1321186661274,0.00010479788408906858,0.04304006554777021,-0.0002151998280117576,-0.00317768368032432,-0.00417613293669104,0.0,15.819451039007603,4.0948762205804385,15.87516381774826,0.8042690671249122,0.4108,1.2485528945282303,0.820761782696942,241.79207373792133,0.2208641646350587,18.424025651576198,28.923703060208055,0.05415710971436481,0.07224078410352247,0.02576397834204152,0.0036637791743279143,0.010547479960383372,467.3501693424105,0.0175,5.251465504208548,0.03243289918270693,0.011671429359107768,0.006680617264140206,0.0,1.328800000000001,31.699616492553837,2.5786999999999995,180.46167618608345,12.0916437574907,5.346463333668291,3.686678398530089,9.891242306874195,74.96134922665848,349.73404704845854,3.6093,1.2665466560512368
9.75675835919392,-4779.733261817774,2929.215612546629,70.6206901171696,-12.1527,18.919948998174913,20.264422852989437,44.282106025857566,595.3293955668553,6.752187704801798e-05,-0.07117588601119071,-0.0004191245852220225,0.0041679402002218115,0.0015,0.0008377428330596732,15.83527970699795,3.2591517701403245,15.89701116452291,1.4051643860977276,0.5777844248398042,-0.69094609310601,0.6209971493094663,229.5923447986965,0.2287194624425165,23.460071611309147,22.847369928529556,0.033900000000000007,0.021400933874647435,0.09687209906652428,0.010125885981117017,0.013084902169998433,37.027000000000015,0.020731661022286366,4.830754004769262,0.010499999999999999,0.008,0.0061124315273030595,0.0002209185372545335,27.400894894787065,3.3354999999999997,2.5786999999999995,0.3003999999999998,19.44893628408651,3.3303,3.404650810402811,9.010626755612288,20.357478566338685,960.2364161392861,3.6093,0.7234250328989708
4.896620780600609,-6492.587580776302,2559.9277129552847,66.36775063923196,-12.1527,14.392560939912002,33.33239518625163,27.49215340277689,617.1821872908287,0.00014058298295779637,-0.0016019886076060132,-9.656500952589001e-05,-0.00293454897858296,-0.000512157228630408,0.0,15.916956160801531,4.008525848183301,15.815320985888285,0.8622338059466659,0.4939924459708108,0.4036428270108551,0.714077639865103,76.0,0.14110143825340785,24.278022944556724,33.20884742491323,0.14406837273165063,0.1637045012536472,0.019129400192477847,0.009005891285818307,0.012852452058379931,172.46696208394513,0.26851229411047794,6.548459019705175,0.04060415208259613,0.008,0.0025,0.0,23.332666595590258,29.248447825499085,2.5786999999999995,0.3003999999999998,248.42363996818506,6.126622012765381,2.4447896968439027,9.858053608447758,247.6746472278316,270.3203717132313,10.156600192745278,1.3036159461729184
8.8257191522674,-5010.274411838616,2501.804620128386,66.72333215882432,-5.405519857177847,21.659318803189567,11.381827776224716,34.4310210350306,610.9801213368759,0.00010381894112620752,-0.055291442644990085,-0.0002699035092124586,0.0006512432448625392,-0.0009247247510980904,0.0,16.06242108491395,2.485156603627021,15.770760485255147,0.6055,0.5548885865277369,0.29235423806360594,0.7957335535510612,602.9555989626087,0.13015399053334858,18.450949844038828,17.504332993808262,0.047927489888461926,0.017534143032040816,0.02526397864876166,0.2067,0.0078,352.3111070337222,0.02440526992487175,4.0902,0.010499999999999999,0.011634993628111611,0.00461232390654974,0.0,1.328800000000001,113.18563244563167,2.5786999999999995,70.13284564794533,0.6279000000000003,5.867249335274374,3.392520080876894,18.03551186878702,100.67921080063988,986.6667,3.6093,2.9007751226435587
3.102867986666797,-4833.567993603896,2501.7482566049052,68.25554026874207,-6.4993224770417815,8.195587794579595,30.450279110200512,9.218078995510613,622.9155430985192,0.0004000000000000001,-0.11350000000000002,-0.00023446302994581324,-0.004810388497544419,-0.0018754751349539982,0.0,15.843914589207047,2.398,15.585890540514312,1.1489927274293614,0.5027624328131186,-0.6927798104104432,0.7719402340776749,496.1231057540785,0.034,12.16,20.99849223576453,0.0854308887356754,0.0172,0.043228267184239264,0.011003675814131798,0.009656989251852266,313.0645156213828,0.0892571520208728,7.2486888881099425,0.010499999999999999,0.021602901619784898,0.004913033026569757,0.0,32.55596514541409,26.82555319176869,2.5786999999999995,29.793235220633065,0.6279000000000003,5.828910231418204,4.738567340385487,21.944526004551335,248.54321699130446,134.99340709144732,3.6093,1.4264989971339277
13.956104942473218,-5431.670940000368,2795.3931004515853,62.45409318605887,3.215780485731532,25.15329761964494,11.109468773417968,44.640662784298044,634.3218,0.00015932987327890513,-0.05466486430037927,-0.0008162983437456095,-0.00047742723543855135,-0.00046579634295360143,0.0,15.790258804879612,5.092327604164721,15.859501220067097,1.0911124291279526,0.5561816245965456,-0.6835077036564705,0.7847264115341424,685.7208725631812,0.034,26.71,27.918154202746337,0.1584774162911704,0.0172,0.0167,0.005198598636941691,0.0078,215.19954582875584,0.06310867803916394,6.979178647945875,0.010499999999999999,0.01010036748119681,0.008100797649646425,0.0017974864683970194,34.06546487752791,28.294409384821382,2.5786999999999995,0.3003999999999998,24.594994266522736,6.008958271544848,4.912062694929853,21.795759234988587,298.2919408365538,204.61865582755695,5.351653021869781,1.728765325597829
2.7332098583759814,-6606.372094425372,2467.1844504223955,64.77992333092156,-2.519488250465997,24.335435878199632,32.781593605145716,49.81807440229392,599.4032188564036,-1.4074889113251977e-07,0.056871890560922636,-0.00039782274239279176,-0.009571636975242626,-0.0006185244575487738,0.0,15.744145367497255,3.4743499364314334,15.695076545517745,1.0429619417409577,0.5491482756092106,0.5713487581750218,0.8457133085425763,603.026678997618,0.04697383209046001,17.152140845669184,16.062,0.12131205117714394,0.16933932266810844,0.0167,0.08021432492907815,0.011323754107822775,354.59027022754066,0.08496030581218211,5.2161400396976525,0.22,0.010166814809237684,0.004980265697283248,0.0,12.336286355414883,33.46587648388625,19.69447867056096,0.3003999999999998,0.6279000000000003,5.98407882327014,4.8936328213864755,28.324577606114303,324.4129373262287,0.0,11.067780274802786,1.0690687789601694
8.475114263940718,-5771.857661903412,2509.4778198653917,74.33140959114058,-10.264898030175669,28.33196884423466,35.0237021353719,37.92381712416082,595.3218,4.397611923427028e-05,-0.11304643632580033,-0.0005796511712471387,-0.0037027664518637553,-0.011259458902768998,0.0,15.933112606412594,3.3007333108117924,15.740294137944723,0.8057777656759765,0.4108,0.519995837322099,0.7907699131450097,135.7346381790261,0.13064048690518415,19.702682095275836,31.416791243867408,0.10850926108518931,0.04101156811824169,0.029059986822131574,0.0,0.017808425963691834,356.7449768019161,0.3578772673140621,6.224852618998079,0.0393719647823458,0.04246792335182806,0.005188396132042759,0.0,30.877899112190107,14.339809060897377,20.58173131980506,227.28528138584795,0.6279000000000003,5.977901820356289,5.720804622086427,9.66660901192216,97.09494138199442,0.0,8.68089988927929,0.3275000000000001
7.30293158917525,-5238.636438717017,2836.9331614793805,63.01515486030849,-12.1527,5.75196889558832,13.502278308613334,50.55381692076796,627.1094063308636,8.986953366601222e-05,-0.051354748811701934,0.0001058898260926857,-0.016,-0.0018926828057787355,0.0,15.8908908689451,2.891987225943794,15.669777228055747,0.8890216806911038,0.47006460516910004,-0.3240214596233764,0.7932051093977806,76.0,0.0815923466753396,14.172335489328013,28.703452988090167,0.09907040536943765,0.0172,0.029833965565390454,0.007282505647126247,0.009097862671461225,281.29457264004634,0.025571996065770215,6.739312047615327,0.15062045837143165,0.2503875207871101,0.008018300180434907,0.00018599045966986882,1.328800000000001,92.21393430632257,16.865074033189543,9.323340331807902,0.6279000000000003,5.79233596634389,4.481446331215634,44.626068362693935,230.49554260218616,0.0,5.6815627116391365,1.3275117147263176
13.207785085031025,-6427.877881774382,2731.32992270814,71.37656691974935,-12.1527,18.456552736851517,21.983659364356267,28.84034713399661,602.3906968119265,0.00011628114934477223,-0.07367883023193306,-0.00023146205946594415,-0.010129386248909154,-0.0017358356805914764,0.0,15.79174346794454,3.408412373282248,15.824984357289937,1.2238570160527116,0.5893359227249727,1.3975972160315855,0.8093281989907575,76.0,0.12488329589205305,19.103186322975972,27.440927699207048,0.1935384527441585,0.054641844313288605,0.047866435169250515,0.0,0.014327098427177361,1489.400387878613,0.05451884930774125,7.522977296753245,0.010499999999999999,0.03276997955175492,0.031152815220523093,0.0,1.328800000000001,10.336491700191472,2.5786999999999995,0.3003999999999998,194.68096416298965,5.970685091069979,4.331272904754563,34.98981651125548,59.40155772394286,41.430394449718676,3.6093,1.4634803738638875
4.10847435475031,-5847.407393053251,2419.3786912972,63.765379295095954,-7.083964116738915,13.9521185478916,29.773806451472147,26.457861204346546,607.3356121574009,-7.166437013408745e-05,0.07538199440538679,-0.00030776505193303886,-0.004649566944200619,0.0010485184635445352,0.016848402860498265,15.836353118308416,2.398,15.940076696799137,1.0232580455497033,0.4583155998377274,0.4118307994860393,0.8526442070872622,381.96258070025965,0.2293336023254322,22.73011805788855,16.062,0.25319263005487525,0.034624903081703455,0.0167,0.008573189209687629,0.007869012935351362,856.9452121119735,0.5003716129021847,5.84442217636644,0.05405273699886088,0.008,0.003727683337771256,0.0009358738884654241,34.87438707181473,34.67537416278056,8.907916786776337,28.352948776665684,18.057616503208386,5.25007048574346,3.5181033858476805,3.1599000000000004,60.949286072247276,986.6667,9.250323576416262,1.136718984855871
5.849351868911381,-5157.824252361511,1774.75875167693,60.551828450589746,-12.1527,10.766132721229994,20.37935992273331,23.476361232025834,611.6387536573068,4.672952612912906e-05,0.06502871241318603,-8.859943177491504e-05,0.00187429390296244,-0.005310572861274642,0.0,15.825171129611096,3.833243465423817,15.622604633157705,1.2349685795587304,0.5141997286121951,-0.5409070971236101,0.6896530955914899,76.0,0.3119391349195274,13.27612981823733,29.98988829907114,0.055084482871169856,0.10078910855859696,0.029486322852499088,0.0,0.0078,1020.4297475470112,0.05331325645470555,5.838483165531389,0.02301027117949578,0.013172249193358907,0.003954100567916494,0.0,100.18885726041802,3.3354999999999997,2.5786999999999995,4.0425729621467825,0.6279000000000003,4.103272483716035,4.9466617935998825,17.12229246858345,217.9868506582695,86.15629892719804,3.6093,0.3275000000000001
5.991380500681853,-7150.25,2332.608011815756,68.55544431013391,1.2891308216300057,12.30674923449624,21.705525389967093,53.38870515499591,623.5600061270585,0.0004000000000000001,0.059163008855870045,-5.3084835358903885e-05,-6.830775601612479e-05,-0.0012140335908924194,0.0,15.877070360305947,2.398,15.859055249756139,1.572660600029447,0.5563858763559802,0.497744351226302,0.8432581851480482,77.54939022308395,0.11753934533330149,23.41894735030116,31.01008141354291,0.07901027828738857,0.05253050849672472,0.0167,9.707647079194599e-05,0.010459696070547926,2005.8744,0.05368293578598943,7.147554166973906,0.03925420257692204,0.019018883154192374,0.002832304014608454,0.001960091522086177,80.70484278763493,26.560206739158318,400.0,0.3003999999999998,0.6279000000000003,6.086816740663967,4.009859825865677,11.76340119033114,112.5950479825811,31.04333817179875,3.675609549215503,0.3275000000000001
8.875091067650331,-4670.00062104564,2507.664167084672,72.86893463999343,-10.107083876900875,18.87147145963248,15.511584221604036,21.382733252384035,599.7606143491026,-3.9135610374198826e-05,0.005328326099617541,-0.0002914772761871649,-0.008462487993144962,0.0006085580615722286,0.0008868652781983457,15.73606393922302,3.593921547614393,15.771936865227705,0.7337911502499483,0.4108,-0.3815016412791145,0.8432349742838665,352.9795464420315,0.2867234933069655,26.687047385647087,35.948017990896666,0.12283797789119913,0.08205654326733482,0.0167,0.004358500768434828,0.015818425616066518,232.62323368644013,0.0175,4.0902,0.04169676730280603,0.008,0.008586627306528542,0.0,27.49855003527047,107.81796475402918,2.5786999999999995,3.0782256701680026,88.54885587073153,4.371511811206991,5.323831019246522,3.1599000000000004,65.8772574017565,930.3547358192935,12.724595164761183,1.7653529641896215
9.196870326871123,-5645.260026526007,2716.014771440762,63.976343011992086,-8.020376909523225,20.640085188809365,15.110327750167436,27.04467474195238,619.8768141270987,0.00030764428957284285,0.009612213151624947,-9.360524211752431e-05,-0.007293424379761998,-0.0005159044502644478,0.0,15.861298934046618,3.620946945363869,15.57493302902682,0.8200018189956731,0.4108,1.558043669139299,0.8618809570383517,107.89826143019695,0.034,26.71,30.022766826104004,0.08784032143920902,0.09762131033570987,0.0167,0.003753184195080072,0.008395531523229062,416.5167444384696,0.0741578303878058,7.027176553415397,0.025799634797597185,0.008,0.003199607817797004,0.0,22.062855971224646,50.62215956714034,34.40548787467242,31.23454781273012,4.171092217017484,6.953647312019612,3.3665259599732105,3.727582072934113,229.5639753272021,986.6667,3.6093,0.3275000000000001
6.841072621913549,-4983.740127837886,2474.5295920639182,62.82928138023299,-10.586104162085004,24.73076194942596,19.753527181303788,14.739979662441852,634.3218,0.00015055496376229743,-0.028829064279312575,-0.0004766702623903106,-0.005854429173067939,5.106014392686382e-05,0.00035782018646844465,15.906966537085523,2.401811581110966,15.873232236849589,0.7693770956876287,0.5875267153811417,0.39825051031064607,0.8541380317902718,804.8412923278065,0.034,23.766840951716738,16.062,0.07998946911299534,0.041701751412846474,0.03319962729610372,0.0,0.018008675556934025,74.07191861500479,0.0175,6.693221894666137,0.010499999999999999,0.008,0.0036126503205817393,0.001448814797272936,64.96284802901195,3.3354999999999997,38.902882067296204,0.3003999999999998,23.741952031493604,5.067582955818149,4.59019701254782,15.951043080203227,32.68507765950398,141.9083304057404,5.4995253473475305,0.5789991113975179
11.930389433409767,-1791.8901186193111,2525.1142164324324,66.91356773435143,-3.0723223444329375,27.621293865753774,16.12651635301129,47.935098517784006,623.5612090091472,0.00021245164109216983,-0.06540499844329958,0.00015242926876440997,-0.010589637319048455,-0.0119,0.0,15.849836947194929,2.876135377460466,15.738406961682626,1.4732756979929058,0.5765167188193585,0.11251886576983394,0.8406515993361597,733.075030214836,0.05702308309545702,13.760403454587172,37.67985956363004,0.19137993538085,0.0172,0.0862328446781073,0.003476135029352147,0.0078,61.25193375138875,0.0810740584714695,6.648993314810336,0.010499999999999999,0.03917006165183089,0.0066954346750931395,0.0,251.51250199971318,38.177833218516085,2.5786999999999995,0.3003999999999998,26.9519592698036,5.831472555017185,4.944305789720715,16.25796078417197,91.19750452725147,986.6667,3.6093,1.5870699434292967
5.944981761857911,-5063.948111278032,2676.197166504482,73.05510136378271,-12.1527,18.724609558543474,19.680773314678508,50.709782133401006,617.6427875950635,0.00010599655765325163,-0.03241698654973329,-0.0013,-0.0021305042810946216,-0.0004696666292953274,0.0,16.07,2.4963822669592437,15.686940223728385,0.6943298801432538,0.4985908823508032,-0.1679251891446566,0.7408127267676519,76.0,0.04485481537657539,24.854042847393814,24.58570173149571,0.13889594646764902,0.04140520533598982,0.052768664131831136,0.008141495689572311,0.014739636929588022,37.027000000000015,0.2018290997875467,5.227008987202477,0.02281254419883383,0.02504332907802159,0.004032538184600823,0.0017391332680128295,27.150513486246496,7.562113381268695,2.5786999999999995,0.3003999999999998,0.6279000000000003,4.008940424426643,2.1869,20.78605633837,70.91826179606498,36.179403060324205,3.6093,2.3200228383845714
14.1879,-5426.251319437241,2863.9984213628813,75.3657605260707,2.0812967790121593,20.45461807792136,28.519182583665568,42.03954088774485,604.5895707627027,0.00012899136558166613,0.017902471860508345,-0.00036035694267600533,0.0013352925541263022,1.3320498609020916e-05,0.0,15.882237823510355,3.5099428682621476,15.673831309208536,1.3914725125033298,0.6332189206782346,-1.4321630099371514,0.7490723603714522,236.2226098333976,0.40316721969562597,22.756069217819203,29.120869807204883,0.07684335556716597,0.06726000646339128,0.03289136183757365,0.005610786197017308,0.010530254248290818,330.4901512803458,0.11052521560197136,6.332730471273944,0.013741916830889513,0.03274881493286277,0.009669789308021572,0.0,400.0,372.52093339779697,82.79123550461784,357.6032436254114,7.609031222558841,5.686597415478267,4.6542222691306225,11.123448303171488,146.49926016585852,360.5580720160491,41.23706107497564,0.3275000000000001
5.808720962381328,-5436.8300900794675,2425.6063146566726,67.73981617319284,-12.1527,27.089313924329026,17.58525561178297,33.96743069086913,634.3218,7.616618340756678e-05,0.009749347734703649,-0.0003658908941504095,-0.0009131190171170461,0.0007624116917626972,0.0029337177821317888,15.898622277732942,3.5842211854830723,15.929221613029295,0.9959343733026642,0.570016645050014,0.591830540014098,0.8687486405638672,76.0,0.034,21.16649908772925,17.99575796655041,0.052238632110927226,0.0528475650839923,0.03626938302001261,0.002477293012735935,0.0078,368.4857241658152,0.08355866348401395,6.64389871442786,0.021032931170175122,0.009306308527495984,0.0025,0.0,74.50595429123521,400.00000000000006,7.669117908887149,16.11869880865127,18.80183974214705,4.919481354920067,2.1869,21.320414059198605,90.54091065519412,139.83090712732718,3.6093,0.3275000000000001
10.0535080235245,-5656.759221716979,2393.878327866406,67.97940259495503,-12.1527,15.191641489032765,42.63,49.89871053143079,600.4456331789132,0.00015252133223280173,0.02902153759827382,-0.0001505995721971121,-0.012173696686943312,0.0005569552034117748,0.0007570135773786612,15.780753725373758,4.639089993258356,16.013504735776195,1.005391265214258,0.5026842985973268,0.45006638475604066,0.7475015843522496,295.7343719711881,0.1736292470102426,12.41096937152139,16.071078374323783,0.2495193776918397,0.07220363781029543,0.032409875547360883,0.0004798331500052487,0.015713072009856423,162.73686095929406,0.14928033471543817,5.826120166397768,0.010499999999999999,0.03506886361646917,0.011029811300665476,0.0,27.282782496426144,33.44288142975174,115.01705581852119,0.3003999999999998,23.003033612262715,4.700373487448625,3.6342625089325855,12.228601969419714,86.1931634424231,986.6667,4.6676093990525445,0.5841388062103823
14.063226505652327,-5436.100389127787,2888.613547136843,67.13831504830365,-8.982880010881798,21.629615340086158,22.34762002880154,37.36997283356526,604.0108175026195,0.0004000000000000001,-0.10903122594169451,-0.0006826665907000598,0.005958320911631489,0.0015,0.0,16.07,2.398,15.755423073234033,1.3501638979884336,0.4690576041735541,-0.3674033608543199,0.83337428440785,239.09993540992792,0.2810650908194525,18.166779176188484,18.78439838501314,0.05045925348071894,0.05303831565433257,0.043017467179180285,0.04286999550747391,0.009290988219878168,269.54204894783976,0.0175,6.365126087119128,0.010499999999999999,0.033136000006308994,0.005055591529478604,0.0005524355617607393,28.737697051347297,95.29364774146201,18.15711322141671,11.605289872382315,0.6279000000000003,6.032107141490618,3.9689518310031726,12.213378489522364,81.73858065132393,441.30190846341225,3.6093,29.70850180809438
7.123038705071311,-1368.75,3027.595868281802,69.57122237358462,-12.1527,20.82667005356653,23.791302375508284,42.74874497900694,621.9751897510386,3.046659049840703e-05,0.056207632285051164,-0.00012038032034906123,-0.00842140760050831,-0.0021333520671002375,0.0,15.870738714010713,3.8058230496824588,15.66726546005347,1.319539057611205,0.50729476439542,0.6726868139202573,0.6709627837600577,501.4620274923854,0.05351197925593204,18.359099683974478,25.16908532317494,0.1412588439382252,0.07240666035823771,0.0167,0.000596263996326403,0.01028710383321033,166.18834691847147,0.0175,5.185949049857814,0.010561171622450499,0.03154837590805447,0.007340405002790254,0.0,1.328800000000001,38.512078519716454,20.599541478756706,0.3003999999999998,4.244133059720512,3.3303,4.818562878746186,158.1332,221.70711477230824,167.0790855733013,6.0708643959272885,1.3134065410898557
6.423604574805344,-4951.526628254158,2578.8480865734573,66.35114866541755,-12.1527,19.241884671676114,8.723206607251601,32.073461899070026,613.3121227523518,-0.00012707380091852603,-0.024983978147440387,0.0002594191428316618,-0.002956037163956032,0.0010787640833335825,0.0,16.07,3.8263568008504456,15.781603087939123,1.0578224689743023,0.4108,0.6823509614955787,0.6974905190566771,76.0,0.27698707576014936,13.789731035804198,37.10477452282066,0.1110858185879035,0.09499162053800228,0.0167,0.010629411402315605,0.008362989388375824,363.2688983633965,0.0175,4.0902,0.03998340569747051,0.026560529127025268,0.00541454045227015,0.0,33.96294187878561,201.2153592794623,2.5786999999999995,1.6633221249619776,9.613508610630156,6.1769927606974875,3.6662369591033293,9.58422133022691,87.79720671708698,0.46097044747949667,3.6093,0.6614524702780877
8.923623786087191,-4996.867102720653,2752.176198846222,72.98063307475583,-5.668786175892613,15.065009402173688,30.689892485211438,39.880771169283044,614.0101538552778,0.00018457356054870183,0.0063219969403235455,0.00016888036014857236,3.7687563397212354e-05,-0.0002851359536076161,0.0,15.834232091974398,3.5292716688085273,15.688871630336314,0.7909785491382779,0.5190708668084485,1.0434761458354844,0.865189604241715,446.10172348268367,0.16286635604650584,20.067631678902057,28.498405289541186,0.23200531890406043,0.022718952086572312,0.0426680219474795,0.0,0.016479859448779468,238.24443258546805,0.19548409707642359,5.777978476047545,0.018708843159128817,0.008,0.014290972517591292,0.0,180.70973182416336,24.62768818026613,126.38017346143391,0.3003999999999998,39.76895428633464,4.918520584336487,2.1869,18.220002530050863,49.01797421145923,0.0,3.6093,0.3410044132026908
6.584490812420616,-5459.126663292393,2768.94395905456,63.55227375658119,-12.1527,10.804363287432771,29.844997369345993,19.892586335313894,611.4089196906563,4.14840689988429e-05,-0.022033861712023043,-0.0012412944439736085,-0.009668728804860926,-0.0119,0.0,15.962069947445045,4.488037201283601,15.732810238530336,1.0524406237765669,0.4685452135785847,0.07002084836456013,0.8710482185040826,239.8092479267424,0.07462625841621806,19.107796270543844,22.93169809973503,0.14700508409307278,0.06926456736030853,0.0167,0.005628366527095599,0.012895524188349015,192.37436855723513,0.07833697328003643,5.334126000701246,0.21320531190068717,0.09700841999796345,0.012136620430817322,0.065,211.3213936237554,29.245998094517077,12.194515432232574,0.3003999999999998,6.670339759312841,6.1596552696948255,2.47402386681165,14.18645966198333,135.9260283220989,223.2397664504089,16.611544259665948,0.6505689492565999
5.605875317661729,-6505.7839935970815,2775.4563050844927,73.44445551434883,4.224075031652947,10.084271439323896,13.21788682863366,38.016705514271365,610.6929769044636,0.00010021453362620286,0.06355801740646391,0.002108075031450739,-0.0040338617073066305,0.00011265050826032489,0.0,15.988938410783925,2.697514740376355,15.719211312392279,0.9773812650688897,0.4721749708090833,0.7684700420992725,0.7078806632609203,148.82730705839117,0.15189861355044304,18.719909800377174,22.153830877569895,0.16606352239675254,0.03476219635590977,0.029326285602457154,0.0033907110558920764,0.009204462910724093,444.83531946098566,0.0175,5.522480063743933,0.010499999999999999,0.015245956863861867,0.006934547943223766,0.0,7.292142111570836,23.4227908733877,10.91120885199539,0.3003999999999998,5.9654251493274595,5.689975227426496,3.8526399269002574,3.1599000000000004,52.76820858298278,900.7988298739566,4.735855457102524,2.480504968524587
2.7576595031438336,-5696.481816149997,2403.0962466426927,62.21122645728239,-12.1527,11.54405879812671,9.118534599545148,19.79738655648878,633.2272064123582,3.736381149187203e-05,0.06195883911552533,-0.00016776099819687884,-0.009531112285380634,-0.0006000810393718553,0.0,15.838645323801329,4.121540945713406,15.581594634151909,0.9300295528769527,0.5166634457977572,0.24461254057922732,0.7508595459450789,510.58005625661303,0.09826617125643239,19.548988703588112,22.250771755233174,0.16177667274722368,0.043756282848993036,0.08036430342028425,0.0,0.0078,356.70485815071345,0.0175,6.257474831869394,0.010499999999999999,0.01984196204848474,0.0038712540176011065,0.0,26.98194022309648,33.76961545252423,189.2698686155398,15.317547508291545,145.5505598214574,3.9757359100175176,5.1224433625808405,17.147274069128446,60.98510062129878,0.0,5.007595930439041,0.8063416328510993
7.146538653240026,-5272.921591585443,2702.597485154045,70.72536784042069,-12.1527,16.722571115421662,20.95293874064303,31.611543639687973,617.59749304255,-1.174334646313921e-05,-0.11350000000000002,-0.0003380706770300025,0.001965891232232916,-0.0011059740577183572,0.0,15.829014386821406,3.613372235478651,15.590553873254526,0.9189364612513877,0.4934193983407047,-0.2380351560292016,0.7788223743899138,755.3497619803786,0.14894426255733695,25.68232691275313,33.81327782973987,0.13526645046522373,0.15948713598411562,0.05316802372126471,0.004113497366001034,0.0078,1433.3683938133224,0.33177039872114766,6.92766016879602,0.019495976690265076,0.010825231727671844,0.008043028116044936,0.0,13.763493386884548,14.656512891432335,23.107441284922565,188.00716655193827,210.1729897214582,5.580499958377768,2.4874229576836737,19.911403667016152,300.86290037778537,0.0,7.141102319946668,1.6968512400641966
4.305143651989976,-5669.73765951421,2862.5122712543043,63.902410559205855,-2.9201239595747874,15.188448693051635,35.552427972838146,34.197066148815814,622.0438182936588,0.00025211338169109934,0.05695525748471875,-0.00038416760908250615,-0.0017966023365207553,0.0012188981533249076,0.0,15.757376050385005,3.7105350865144007,15.856073243266462,1.2206465900041208,0.6795142334871384,-1.3218965873857769,0.7110408299135634,144.7978225889284,0.07422257418282764,24.74241939620266,16.062,0.05767265290282835,0.16085798432630138,0.0167,0.0,0.0078,37.027000000000015,0.06969861210282445,7.4366649564176965,0.03848933035296606,0.008,0.002658200198940398,0.002825261791742246,34.87664138031621,13.703421596609026,18.716736128592494,9.198946189677672,294.389151382828,5.4372660512807665,4.259524731383856,7.671756418794184,23.905210282168532,0.0,3.6093,0.3275000000000001
2.2493,-5277.500249236805,3493.75,61.54058531972948,-9.08697324968717,5.77240160819599,15.168136639297192,20.168658625031775,630.7852140628779,0.00016058938942040013,-0.042712865379375534,-0.0004237580036557643,-0.0041017935539831895,0.0007284091433640039,0.0,15.88932774012675,4.240022369691892,15.699955654557165,0.6055,0.45665262432496234,-0.08341035518553697,0.6302520311192118,76.0,0.0770085950854055,18.6215980436685,25.393354080307834,0.08379240001973984,0.03806781457733729,0.10988638153003939,0.005112807833903201,0.008929576534315496,256.46096371488,0.0175,4.0902,0.036991561549321636,0.1901687469599764,0.006051112921967068,0.00026369444307289616,20.533822147716624,3.3354999999999997,16.263199797114623,61.64130642381018,4.065954848758487,4.4601718621800455,4.900507019426781,10.841838807142787,27.19422000187643,0.0,5.353021732129843,0.7365194664533323
9.5139819564674,-5955.2863791038535,3170.705433449204,69.47710999283977,-8.846437821312527,16.72585347673565,18.468159082423576,28.622024278334735,610.3727263008118,0.00010128268919826441,0.11924521027763132,0.0002767964374479235,0.0013194190474117226,0.0015,0.0,15.851290071683755,3.4664302166075527,15.803377214807206,0.8241565372719104,0.4108,-0.5684401630159738,0.655549340212662,250.90630042819663,0.2777658949111509,23.55229455656432,23.27236245494031,0.2583272042152686,0.06038250229306506,0.03182323228682171,0.0033170963810837104,0.0078,198.68106889638162,0.0175,7.191336657304666,0.018107020233979303,0.024897121621541948,0.005289399781905386,0.0,31.294476943477964,20.258960509866686,12.607848671243875,1.4723003842385598,400.0,5.9854249679679095,4.034959405611679,119.84374974209702,19.24816880296646,194.12279778199655,8.173785651824724,1.4845329944208323
10.836309989008202,-4713.355250979566,3493.75,73.39369921668776,-7.100501153431779,12.063505635589703,15.688437795207047,34.44024653573694,603.8015281029308,-0.00014207455029646704,-0.09196788697844424,-0.00028749888176842284,-0.0019844012656330427,-0.00015903178003310467,0.0,15.688871188938567,2.5877347025811175,16.09,0.6055,0.49594911164157357,0.4049012585428662,0.8304546934635413,440.59762525350123,0.09299637618993975,20.25734215048959,39.020423467697825,0.04904395046341064,0.0172,0.0167,0.003648854077512581,0.012063839325332056,252.02366237939088,0.0175,4.0902,0.21983877383313716,0.008447572113118057,0.00851122814725521,0.013232499476974104,400.0,3.3354999999999997,16.004751899680908,0.3003999999999998,23.04219228540629,4.952748579393503,4.095769838618882,14.128449647040458,25.932850742615372,420.35684464021574,3.6093,0.3275000000000001
2.2493,-4740.521328281255,2779.1554354416767,65.30627561286627,-6.40397415905087,31.569498651878675,13.337654170673513,30.591105884589613,631.8438964044303,0.00027233877315796,0.04465057149324921,-0.0004676750190530697,-0.003655754517286023,-0.0015788957704305747,0.0,15.868366647173431,3.368598797004029,15.875405785878147,1.2509650076037042,0.5068452026361883,0.37363056615577395,0.7939923102506651,252.7301294812571,0.04814696897060823,13.10971966076096,32.727669703833676,0.24166013480261053,0.02114454057264771,0.021540248014912923,0.0,0.008673210730675004,37.027000000000015,0.1264688388627962,6.59936912697134,0.03488048232875371,0.2839,0.022758098469124396,0.0,158.44339440562902,35.567644198302176,2.5786999999999995,6.116230015773251,0.6279000000000003,5.159984001932809,4.82304284798442,15.587981275137286,150.12037554483464,0.0,5.662691905761351,0.6357058488200622
5.159769026844266,-5255.44646478483,2615.5946253807388,64.21321081222361,-1.0323146066156936,15.477271243881237,37.73416670838517,22.279114191183282,606.6038731675602,2.1431473619640616e-05,-0.10861235768698452,-0.0002903936434698492,-0.0012003623014980088,-0.0015344644752055344,0.0,16.005263374637238,2.7222090671031394,15.54,1.867,0.5288230965406404,0.1722015768888826,0.8224690182786767,2466.8624570018046,0.17616807016231695,17.95459852311501,28.344684353412823,0.1113604599638228,0.05835333751194625,0.033712525321193544,0.12033778311523276,0.012883232573676772,2005.8744,0.0175,8.8015,0.012167664483593651,0.056369674228373676,0.007122919636425855,0.0,28.09262646478831,29.82681231114217,2.5786999999999995,34.65139191025711,0.6279000000000003,5.768669741166613,3.9480703912733657,15.30847008667767,65.02796058673594,986.6667,3.6093,0.3275000000000001
6.88891196716831,-5738.443984464171,2683.970463518779,66.56459962217701,-9.272176406860828,18.08953575629019,16.39599201876421,33.786843301275916,602.9737035509572,-5.29340252544663e-05,0.03338886745600755,-3.599448667328632e-05,-0.012473879350050024,-0.009405786228849333,0.0002989906107699798,15.872979195043959,3.3483284327593195,15.7515975438357,0.7382540491474588,0.7109180977188813,0.810074447800287,0.659805711129155,847.8399860381667,0.2713093735115788,19.81351214824923,31.616004413508673,0.07117473949648401,0.08166787263958619,0.0167,0.0,0.011593051908100924,230.34098673781372,0.0175,4.232017168722132,0.02298551599033479,0.019593462979028926,0.004029240755178751,0.0,23.038737627825654,81.36617648254425,4.805295263466473,11.027777915970816,0.6279000000000003,5.433872990072122,4.324833406618769,22.63701856280442,290.3511374916581,69.94005060093673,15.132611265732915,1.6814601560975984
14.1879,-6398.9246489163315,3224.045871506248,75.9444,-2.101039851549323,14.624042139846212,6.4482,56.8964,618.9249460672402,0.00014392616344026382,-0.11350000000000002,-0.00045217177077607493,-0.006088036519789278,0.0011929351448018513,0.0007027460878500277,15.699965949739447,3.1986897667661105,15.755169737911299,0.7880318874351672,0.8646816231226312,0.36307262402133267,0.8190907263483329,679.7618363128302,0.1163834308239372,26.396269498188204,37.11520607809378,0.24845425438884347,0.11306138582960831,0.0167,0.0,0.008576803275638372,310.47796287192926,0.0175,4.917381795461527,0.010499999999999999,0.04719471642733955,0.0025,0.0011172794811198856,47.285104487935655,33.972470045266775,90.17797508235115,21.08427171794596,58.39568600702992,5.927554629284621,5.056105746376084,8.756082733680023,121.30926247011595,62.09562715862489,13.22483680490452,0.3275000000000001
5.605395342512072,-5019.72918598606,2581.203995321457,67.64765419637617,-8.721595911346686,15.691366228193177,27.025422522541874,20.620236164206347,600.4496977119984,0.00011552099622039824,0.030720934672067587,-0.0003881012042321145,0.0004820590583048921,-0.0013260800586404927,0.0,15.836623114341648,4.244900874763251,15.54,0.6162800478456526,0.5661086260326712,0.5277099231402833,0.800767197419592,118.8793589251809,0.03751059553014796,22.310914592465693,26.11096093937729,0.13476535130774814,0.0172,0.0167,0.0058813072383312424,0.015297159030879352,124.23812414385421,0.0175,4.0902,0.013200127331741137,0.020526852260359843,0.0070024340146661364,0.001570219802547595,203.14170744815326,47.09755263050181,4.67460673663359,8.82070422136138,7.780081347917642,5.99153604750046,4.68960874329594,22.089635351065965,90.28547048836575,516.5462611207622,3.6093,0.3943130496518572
5.631362150401049,-5130.982189650679,2450.1499747519038,64.65682342823261,-12.1527,10.876009108239582,19.902547645665084,32.49575785385289,620.1737823711993,3.3777842927741765e-05,0.003662193008156375,9.855555438512012e-05,0.0013315309404925216,0.00020608079628787717,0.004923682338502289,15.916656622662119,2.398,15.834294776288395,1.1349651362248392,0.4931778756639916,0.5037007873621058,0.821885020362514,76.0,0.931,13.145971560939735,34.36393419206544,0.28857726562040187,0.10219484931014128,0.031532887341306506,0.007329219636400701,0.0078,2005.8744,0.09731700524033182,7.614318707555709,0.03637781581433881,0.04626139637159001,0.006874931731682424,0.0,16.81172941256439,40.32223600350323,2.5786999999999995,173.7493302022415,10.197314760985941,6.2747250691729,2.1869,11.6932494488479,30.18538296318578,982.9502926925321,6.6694968260214775,0.3275000000000001
9.25086016910973,-5019.229242893196,2591.2420789806465,61.92060327595332,-11.186964943079367,6.5321186635077675,22.405514149193266,50.93149790936497,608.625938281349,2.5436327606677638e-05,0.02781518791887742,-5.162356963751972e-05,-0.006429792642542141,-0.002807838526739332,0.0003561448974107824,15.967463270404563,3.815032577214979,15.632648487375816,0.9038698763676671,0.4863654777041517,0.9031614201066054,0.6874571463986912,76.0,0.266119885218441,20.854073585833774,34.42209649806451,0.33311375786228115,0.5775,0.03932501662753379,0.0,0.013705687911810765,136.55073548772629,0.06715449461784244,8.8015,0.050697518764740254,0.044461474721658845,0.0319,0.0,1.328800000000001,15.879367962409894,2.5786999999999995,29.197949625072518,0.6279000000000003,6.274637469897206,3.894374303143549,18.157507461190473,83.39521387013221,165.97893209164653,10.638695784192812,0.9843368644050792
10.662646119379406,-5413.9364403620775,2739.609282711925,70.8708648982133,-11.152168841563121,18.079137852265173,24.759018030611188,41.54849185208752,631.8389310829317,5.3650020025690114e-05,-0.11350000000000002,-0.00045241505435208285,-0.008135432283997983,-0.0119,0.0,15.763773864271732,2.7433748655618473,15.650009003565051,1.867,0.6951857402932047,-0.0016600764371680343,0.7594498523692006,817.9664775634976,0.06274395873532759,21.177652731061457,34.465354848612805,0.10511603827534323,0.07061883777871197,0.07184257560226469,0.004692756871722124,0.01853918156394442,120.3779313624564,0.049921094673250746,5.9440394966867105,0.010499999999999999,0.019437463708283993,0.006937316822521883,0.0,124.81323339267209,36.243159822685215,84.23641135333699,6.5466210315073585,133.13106583658558,4.190025862110646,3.670547936122876,17.43516785862964,113.9371872354952,0.0,7.604375656219863,1.3228223953699731
9.34971179038299,-4944.947700808527,2808.497142353085,75.11397842672304,11.083224074205221,14.975630451145742,17.450345049041825,56.401064645580554,595.3218,0.00026988287735525636,0.06802602437391123,-0.0005308047135066858,0.0027264515374057618,0.0015,0.0,15.80598442550663,2.398,15.809326731172115,1.3669112311356373,0.5076099257942466,0.8670959075621398,0.7852277198357411,135.5792555906787,0.3670637255591884,15.11924314555701,23.356087275379636,0.12610362976630135,0.02130163002210457,0.03420691851743955,0.0,0.011957137968334424,177.05198513398693,0.0175,4.8901908066901365,0.022478127040981608,0.04611908703644149,0.007877665101719378,0.0,23.370178066269567,15.707567068439719,20.616606243700577,2.3204569705895723,0.6279000000000003,4.535910527354141,4.514908755541298,11.900019710868559,27.28787926055711,100.7631796261229,11.03884317340997,0.3275000000000001
6.370830851760516,-1368.75,3493.75,72.46264699788193,-4.425851211066021,15.140974268746453,14.40341771522828,43.55797164440461,615.8837656056451,-6.861689400052782e-05,-0.020408696895267794,-0.00020455929202886365,-0.00508866706512807,0.00041806483498711493,0.0,15.628776856525455,3.185064210098642,15.911718297111564,0.9217064607994885,0.7789557284698905,0.7422733434388271,0.8336733932842705,76.0,0.06117310324445395,24.77007124360331,30.714514382516718,0.13534489680856374,0.05964545892867612,0.1987280973828392,0.0,0.01742377281298658,133.91988731175064,0.0175,4.906130935280002,0.016685727003373958,0.008,0.006847154274742243,0.0006795474185035641,24.637530394366273,3.3354999999999997,11.355841168296108,0.3003999999999998,6.020608887297966,5.346129529373101,3.4656025026320285,19.230485225982484,400.0,90.01164713469655,36.45153854369977,0.8733966659234765
8.243103535497685,-4806.394965647374,2953.7941780593133,66.966283623609,7.194930124295588,7.02473658821298,11.569826227418266,16.98777305843757,601.7487521461163,0.0001212837035084604,0.04373965748562051,0.0005473464967733798,0.0015777809588029042,-0.0013619196110414196,0.0,15.877353345511768,3.3060902623758794,15.930680054203332,1.2235348823284224,0.4108,1.1030118355513654,0.8384527772979277,90.50095491411173,0.1899011808006454,12.16,31.082865744794624,0.0596236436781396,0.0172,0.04096129971176194,0.0,0.0078,295.0007344248428,0.0175,6.550223372952369,0.022931543601904726,0.03813045494596013,0.005593244836279284,0.0,22.76536199408842,39.731332953958145,28.68736896734275,0.3003999999999998,0.6279000000000003,4.713401998742196,4.837521627136274,16.1699458889706,86.85975296642076,0.0,3.6093,0.3275000000000001
5.795653565508533,-1368.75,2617.642969803889,64.41160617971391,-6.523522605292122,27.260820660006445,17.122984244383638,40.42925368948911,620.0694458069037,-0.00012312078508842615,0.007811821022830046,-0.00016225496160183762,-0.006428020635566467,0.0013766499409636052,0.0,16.07,4.060899610075303,15.843963323224738,0.7647103889062548,0.6777560171886767,0.5845006444485761,0.7574492607716078,576.7537570532785,0.034,19.951669331207544,40.713621069997274,0.1422405648123528,0.07594573134692974,0.03080011429658809,0.0,0.0078,523.7782634124072,0.04131534908906222,6.21736935503878,0.010499999999999999,0.04352051793052414,0.00623302038687391,0.0,29.205988914596162,108.69933719244536,16.350903713653917,13.843835895819119,8.070327198695047,5.813422088314593,5.8606,23.923079857188505,82.40945036474217,487.62733419581906,18.8436497498735,0.9034726063072144
5.853122764104544,-2059.82044402114,2463.3013903082065,62.74568292913547,-4.3331528161108945,22.24216003696324,30.11605418408601,25.97924294239471,607.2926390574663,-4.445267546293747e-05,-0.11350000000000002,-0.0005502292431804071,0.0005532063520816352,-0.004038329387903517,0.0,15.831955798019091,3.655040115073491,15.629103976215424,0.9323595116738568,0.4723601478029511,0.11867056042105928,0.8739013063835812,211.65790647180359,0.10443337312507012,14.98605301934422,18.496342583206776,0.1229069466718178,0.07672886590593508,0.04174253306422375,0.007039860048567504,0.030949623662141358,141.06183606016918,0.11667793064986492,5.760117168783108,0.03516148810666077,0.02697131044589044,0.006340555118993265,0.0,43.28842298360337,14.566508338786074,4.9777418565442435,0.3003999999999998,9.931790880240017,4.568820491437988,3.686758571582675,35.45353029727511,114.28833705114585,104.20484853702939,8.635602267371572,0.5458990411082245
6.416039693622725,-5271.362502668558,2537.2460476465944,60.54430998643698,-5.168093371021673,19.132516671998175,42.63,17.548152750515357,607.7534340748065,9.778457505116956e-05,0.10327671401498556,-0.0006811614771699016,-0.00811892597183242,-0.0012336423397171206,0.0,15.827715286494207,3.89686537766487,15.676982868612356,1.0697653938684724,0.4114141145474177,0.37254538350911737,0.8716077194594682,76.0,0.05067549683594742,25.486707543955124,33.15821831993175,0.11479502483956398,0.027235252942510328,0.0167,0.008362634439481792,0.0078,37.027000000000015,0.0763084202733982,6.4316061864549585,0.05353957671303948,0.008,0.01485638031370724,0.03096038419671686,1.9857442666912917,26.733930749282102,34.83294108770268,4.645453861538843,193.01959178790574,6.671662198184201,5.160417341348891,17.13299417538869,21.286038749765716,110.58823013424421,6.341333047132097,0.3275000000000001
9.161151789600202,-5172.367807840172,2390.961544714163,65.91230240226561,-1.456867385781139,14.879681003412886,29.078306859344796,20.952635600163134,604.9548097057336,0.00012406578671335378,-0.013729270424163265,-0.00039059190168321244,-0.0019762750878510047,-0.000276297279308705,0.00027765742195551594,15.985084133984401,3.0640277251975725,15.740539277193026,0.7715507158065856,0.4388630389802489,0.5480066176332132,0.8764,989.8510807504049,0.09140909802219135,21.117515065667288,28.877035458249498,0.13514424208293466,0.05500413289371942,0.03680675054279516,0.0042587686388140394,0.016634656130421258,172.44403932396057,0.049275255610227754,6.283432390582497,0.023277259102768528,0.030750296101835543,0.004512782779715597,0.0002370788157865348,67.66354216829743,24.630898636330816,19.89117105625232,146.4171967663838,151.56993614610928,7.04403364197065,4.599815276035809,10.060839840025256,39.01302503335404,74.4154340762858,19.24940221427257,0.7872785800106222
6.527607386283851,-1368.75,2446.0429714460906,73.99418617533043,-5.376160815712586,22.88066820646275,23.73761874280004,41.97073385164444,616.6458019756856,0.00014258241290076413,0.09666569813923453,-0.0005883460353005003,-0.003929418627859022,0.0010568856297296224,0.0005272188153949319,15.88872797694771,3.5312673355020157,16.09,1.3241052607400732,0.6549545638193383,0.7749659244548004,0.7033221741273701,523.909428611779,0.059389864074904125,16.39574761656047,29.824031282164817,0.08804193420839343,0.09265670372915588,0.0167,0.0,0.015722988833002487,89.75728681822335,0.0175,4.4996326501722335,0.010499999999999999,0.02526920176620553,0.0037100766746483854,0.0,42.46235467758882,34.961134820612976,14.279712216304178,0.3003999999999998,166.50612792353851,5.084548639734015,4.728744114364456,14.542443362999755,89.39354821378146,986.6667,6.777325425022056,2.27108093375393
7.728822518998471,-5142.495816735655,2719.776245126329,70.62758191569763,-11.937648739051033,16.816018507911366,19.4183908025402,26.939856578756352,616.8792808119509,0.00011222167228800044,-0.012453762712400895,-0.0003148545282102116,-0.010640441643310673,-0.0119,0.0,15.92951002024045,2.398,15.757997379375599,1.0083186609513823,0.4108,0.2034781815831378,0.7061048288583279,76.0,0.08872597628579126,25.180530053024487,33.34156857355328,0.09881139776742709,0.04329934198076465,0.0167,0.002619945780308882,0.01070330297246272,245.04281927958058,0.0175,6.723904384644622,0.030607994682157535,0.013674611161067279,0.007283091454014231,0.0,248.92026475050488,22.62337901743087,33.73889534720565,1.5802412495270044,6.255455412586813,6.412750178233989,4.8365674793377655,18.780558415656323,91.31804696367621,550.8200332007772,3.6093,0.3275000000000001
10.018058485520228,-5551.298501157869,1001.2885569305104,60.2667,-12.1527,24.539547080655286,13.367618160440365,30.18048399989844,625.8656943595286,-5.080373148734556e-05,0.0029205268164674766,2.887498202797117e-05,-0.014524778030262087,-0.0017523375426882076,0.0,16.07,3.4916190143682844,15.54,1.0252626661478303,0.4794897758741804,0.7987960087533768,0.8121235556201946,647.4970317987882,0.1850692768353847,17.323512941192895,32.06226819906603,0.4892000000000001,0.0172,0.0991203069019808,0.002741591245409075,0.010174592577547523,81.84708875255922,0.0377158032493652,6.4675727620353785,0.03174717391317662,0.015155744393735534,0.008075936026750738,0.0,240.0441148375794,18.712446181002047,2.5786999999999995,8.333219309946298,0.6279000000000003,6.917762600139508,4.402044833024461,11.806903990854712,283.5994484366672,0.0,4.6402090850719775,6.104969479172092
9.189133581897465,-5273.779599519079,2596.3117460604476,64.79033195941712,-5.798380100348309,21.614274020523048,25.952089073519165,32.74580376429838,598.7314921483038,0.0002172351537985411,0.04692823440433337,-0.0006885271349744978,-0.0013509594872931994,0.0009949189298593753,0.00029785244254130317,15.851492512574325,2.498259553164993,15.74511999711819,1.270020317331969,0.5502159357399757,0.49147974369859204,0.8478601078864608,295.71458336204756,0.034,19.71013859888889,29.526401204097105,0.16678949872987486,0.0172,0.0167,0.008372470339209787,0.012581293679033167,37.027000000000015,0.06568357010363925,4.4393949530280175,0.010499999999999999,0.008,0.005244218360471509,0.003440142688979953,162.67300303343157,21.657100157894035,3.430339727013239,0.3003999999999998,0.6279000000000003,6.782492300202419,4.949033890006117,20.70340920671744,51.758278026039385,0.0,8.967782000678989,0.34624584898356314
12.316515513318233,-7150.25,2827.8583251507844,66.35214702697041,-11.99019074405956,17.00116307617639,31.727997147109214,36.30276360639813,595.3218,0.00010972626012018409,0.04956560801734275,7.413408772018392e-05,-0.005386032635931722,0.0005772900011068229,0.0003765523183902776,15.828525883119713,3.519518787768939,15.805898361678977,1.0687284164181707,0.45283730057807264,1.348379555671015,0.8497126326696766,76.0,0.09700897105333725,16.044127442911204,23.195732093882032,0.17083704179552298,0.04432091716096392,0.19637494043224218,0.0067254623140795226,0.011981080141838109,1361.2161703047032,0.13759466290263778,6.090502129785521,0.03310676602042678,0.030519843564563907,0.005512004271056136,0.00017214001756153018,40.94887405109223,17.7280865130061,18.400246179556003,400.0,3.8244786021887966,5.687726039888689,5.101448530520209,14.460751413033602,69.66955882190366,237.54827297530403,5.137685084660282,0.5393408925047682
10.139642379139023,-5076.810934747924,3493.75,65.00697622596894,-3.2224302738092265,19.802547004553496,10.848437313623062,56.104069001381376,614.2465569862118,4.566370587132068e-05,-0.10492988653153326,-0.0003930320265972323,-0.00554821527095449,0.00026104017031421855,0.0,15.97189787756117,2.398,15.78275026140675,0.8718846140280971,0.4108,0.5950741414365011,0.7609791530655563,76.0,0.5291736673933958,16.75515612942818,36.439955029148365,0.08822845896302196,0.31615222461614817,0.07518412813330855,0.004264390955546673,0.010222780277759174,213.45868912867712,0.08657118280846407,7.092056030812312,0.03186705528627551,0.02930032995654109,0.006375728920341618,0.0,44.755514146211624,400.00000000000006,2.5786999999999995,0.3003999999999998,4.033514275653306,5.55158050853805,4.593209045460997,12.360456871827143,62.03005696783608,592.212732304798,5.97090720402608,2.385969771030366
8.424741679752321,-1368.75,2438.7217844737406,72.32970019978553,-12.1527,24.36434386149515,14.879609031021994,38.30740647532726,623.7566553781136,0.00011983366791019901,0.8243524892690326,-0.0006505471596288214,0.003517884122623008,0.0014217695110365235,0.0008573449168833446,15.860141902962194,4.323782983371623,15.666650823847428,1.0931135090986357,0.6466657239472611,0.6199927241498748,0.8077116561652936,817.1291153954983,0.19233462276200194,16.168847243352847,31.63385971841747,0.15036852685789837,0.021157415682601606,0.024218524737388364,0.003640554896288777,0.012074154390622989,206.9496350105174,0.0175,4.0902,0.010499999999999999,0.03441027451047718,0.004108906848403525,0.0,6.960669515218838,46.60211198623209,13.665577452944614,0.8429319323598268,0.6279000000000003,5.8520460241714884,4.793531180422682,57.30615311260638,75.56657313670568,0.0,3.6093,0.3275000000000001
11.047071586116562,-4885.7126020384585,2649.4278237039275,63.009269801725125,-4.650837878437768,13.47633613622136,17.211654870941594,51.629068866371185,615.5714051395294,0.0001228243505367032,0.1090347320075146,0.00024442759475090366,-0.0020676236079228416,0.0006281467220972877,0.0,15.814621476543014,4.117571603187544,15.572719595596647,0.9372913053697169,0.4108,0.6176921661957409,0.8255556303528765,134.44847830179526,0.09484757212722447,24.283920964533564,29.66428151509328,0.11950841335508161,0.05092778624484412,0.046718643536642686,0.003294863534337599,0.009867622447256237,434.23995422035745,0.0175,5.3467178170257545,0.0360835009531729,0.012867624330044982,0.007578849247175126,0.0,37.69209307803365,25.093057055853716,31.103586257930345,0.3003999999999998,0.6279000000000003,6.952912123006419,2.1869,17.193007801081958,205.49450428890793,220.64228461042336,3.6093,0.6039209916804338
7.895682662066476,-5367.719853429475,2481.555947055882,70.18163249004212,-12.1527,8.108829468793175,27.90526611399119,39.3255333074526,616.4449213770484,-6.625191036021316e-05,-0.04485802326394256,-0.0002912981436164175,-0.009707798134297079,0.00010895990379544624,0.0,15.936971710963665,3.2228592589837706,15.890375261306298,0.7829357865830971,0.6454799754407418,0.03793934100175367,0.7796335211249874,301.17850709304975,0.1642589940376179,15.474129528522482,31.298165498399232,0.1121313662103785,0.1063226248857495,0.029503905927495903,0.010493359989877157,0.013200615207998359,276.8092813973638,0.0175,6.293972611080585,0.010499999999999999,0.008319410179282869,0.004088741463298821,0.0,37.1887737999218,50.8804790211162,227.70691028680454,0.3003999999999998,23.131672299627045,4.934455221754443,4.508698798274391,15.497395071420451,57.85054234394269,560.3495887017652,3.6093,0.3275000000000001
11.198229475365586,-1368.75,2720.1860224329603,75.9444,3.9642045068230254,13.82572398708674,26.353380143468218,38.517487542954214,611.8515709618612,0.0001482245600342217,0.015534163430883182,-0.0005980113889206227,0.004429681408673258,-0.0020947174277392653,0.0,15.922535826327373,2.4886100348973397,15.679431622811776,1.2713890660393552,0.5410401404638003,-2.1758496617697087,0.7561068907157751,514.6767275948198,0.1001573863182684,26.34849348889651,18.75736594514119,0.10158989873241134,0.023372647630355868,0.0167,0.0038147595141116925,0.014831051878599266,172.0484149438115,0.05489686552113612,6.3430225007223715,0.010499999999999999,0.008,0.00647887669406244,0.0008357149512828829,128.5890996226297,40.25825045344277,6.925768301308064,0.3003999999999998,202.05637548479484,4.868061565355099,5.0602402433944285,158.1332,121.86709161204004,748.6884581513693,12.714277822205013,0.5632639116937024
6.320341862739273,-5107.756762230331,2569.035761663502,63.415445858890976,23.078050100992918,9.466306629859762,14.40541874488262,20.77411077106919,595.3218,0.0002497861441470402,-0.05866049107593879,0.000182789823650905,0.001589393499624411,-0.00039039946649454724,0.0,15.80442001211078,3.086814249511499,15.741393875206406,1.0917093348293467,0.5978632691576051,0.21123004521554356,0.7584237848644182,76.0,0.22675624049976173,13.614815841384655,29.349837589722057,0.06880897588384823,0.09507930589538852,0.0167,0.00575797724133408,0.009755988468079022,205.07118466614926,0.05540497388551353,4.5101136974370135,0.02078372353712972,0.02350929711734691,0.003840192942062072,0.0,41.62069697195565,14.341825575601636,2.5786999999999995,0.3003999999999998,0.6279000000000003,5.41895061468316,3.8427579794288,14.747331042602054,211.73557084065126,132.55053402674804,8.446663014531353,0.4405134732570335
6.190998529441486,-4995.5314892948,2814.1164657237273,64.31414682185395,-0.42145272113620624,18.87750711567655,10.67123641844433,38.15945085416911,625.740680307054,-0.000100144760189301,-0.11350000000000002,0.00010028249928546726,-0.0069051263615860625,-0.0006232086491163338,0.0,15.79920183917283,3.2729431466378296,16.072535193675424,0.6055,0.5456378799256061,0.39049141781608043,0.6380501590173844,264.26219581128095,0.12105216671502868,23.339898654484386,29.794367972312067,0.1348028294553921,0.0172,0.21511943712911433,0.002618669312519111,0.010573741430863917,333.0386911374952,0.06175062329719664,6.462225203091553,0.013135958997300428,0.008030463756390313,0.0050903889095913575,0.002459060744347995,185.86639425170068,42.8054503387413,2.5786999999999995,14.964110399300157,107.22142959398205,6.427499459962133,2.997460725520833,16.13368570406165,82.87943054104935,0.0,3.6093,2.2707839985160354
8.568152467355658,-5260.965125547024,2448.5864106403146,69.19108673903928,-10.386865756168826,22.078283139686285,19.680774243727992,22.183324615771003,619.1423615121624,7.716041184041046e-06,-0.00352837945651778,-0.0005144662027254209,-0.0008890629821050565,7.189601350908854e-06,0.00023319530001209146,16.05914149647767,3.850513113167857,15.856605764801285,0.6933586947744943,0.5591105260428386,0.6459752783460633,0.7483360965392346,1090.2963317022904,0.22805212711699124,19.77455517604213,26.441297198295004,0.2780069536036677,0.09686555224166982,0.024944776989101358,0.0,0.01449086078416619,230.10721292750537,0.0175,7.200454570149048,0.016162615101466764,0.008,0.004523519359467529,0.0,226.2660718228285,20.21594295709131,2.5786999999999995,0.3003999999999998,126.67228228472617,5.52992149805268,2.222806066588209,3.1599000000000004,86.5372317231222,986.6667,9.895505419061912,15.542641828836892
2.2493,-4889.053797734268,2783.4254313603133,62.86392031787939,-12.1527,27.38281965439225,12.95913768609022,34.49268790882084,622.841970106327,7.540661800009788e-05,0.014421065055510895,1.21554759769046e-06,-0.0020441107051859296,-0.010629284924582804,0.0,15.766314071975511,4.654732290047425,15.797792098975723,1.1345126853678007,0.4216955716531937,0.9406925021692873,0.8121419254333194,677.2472540884943,0.1604424415538756,12.626350114476997,26.622993243490185,0.033900000000000007,0.4692985508954374,0.08567644567260144,0.008529820399725965,0.0078,382.2044893605817,0.0175,4.0902,0.024673277521599816,0.010074897082290184,0.007054179583030647,0.0,166.4999302336663,19.36642263796955,2.5786999999999995,100.05438933035897,151.06827505899068,6.015365916723437,4.137233020617473,35.859550451586124,91.40301513114417,696.4664937412917,5.702552129146801,34.081931574673625
2.2493,-5644.394935291453,3493.75,73.71689149204708,-6.8829032061280255,14.41031985205804,16.161477775156555,56.8964,600.9423949199671,5.438908532431463e-05,0.050482641143822865,-0.00027882817513232635,0.0007473321436736076,-0.0024734964926215776,0.0,15.768548722533227,4.914678862552688,15.693356430351868,1.1214457035860395,0.49259365375241804,0.6803084970821662,0.6558003006830023,76.0,0.21894057370709108,25.48733970318024,32.55954344305511,0.033900000000000007,0.06760744706057757,0.04386704827507823,0.007776693137496292,0.0078,419.0391572788624,0.06705983802418602,4.835328385493974,0.010499999999999999,0.02069681490774762,0.008324304377707252,0.0,1.328800000000001,37.89430881322614,2.5786999999999995,146.32095087316435,5.423074335739739,3.6763715656472624,4.438346468887083,158.1332,259.5124675015853,793.0824684797249,3.6093,0.6060626035384347
14.1879,-5111.073206166755,1956.7747666732039,63.870439377682956,-11.943910088265834,4.4283,18.61310285809521,19.136494314544777,627.1727680075711,7.166259813603246e-05,-0.08511692636884294,-0.0005369372451985415,0.001759182804024045,-0.0005606911195116835,0.0,15.774135388476724,2.398,15.722525515118326,0.8698362632368489,0.5774879305349199,0.3188295495384188,0.75397231179087,502.8485786201088,0.21852846373591775,19.31973404913675,28.516019352210595,0.033900000000000007,0.0172,0.09715687846976402,2.1201994528531132e-05,0.0078,139.15703960456432,0.09728657781081487,5.785602556877816,0.02396885258236335,0.01688376893173221,0.004736716083708076,0.0,25.820524381877576,5.703879103354918,22.076071851470005,31.977066826327835,147.6550292881483,5.20682165745214,3.035459192720928,16.801888681451963,56.140659612130015,0.0,3.6093,0.3275000000000001
6.544373679946993,-4655.97727698157,2392.2991877256645,72.26104879969947,-11.518132927608884,20.376363490364866,26.54784535078184,27.62296965529802,618.0112436984206,-0.0004000000000000001,-0.08893589394033993,-0.00021209713190564844,-0.004133058987238677,-0.00015523792584146485,0.0,15.858945240667166,3.392843966391584,15.935979747350164,0.6461437307070994,0.42874981153301206,-1.1521662479019372,0.7717556154788313,890.3638042434575,0.11240143090364069,14.453575002648819,19.026774719308342,0.08146703076252977,0.06216529533004487,0.0167,0.002926821480511617,0.015245441243523877,215.92033560150068,0.0175,6.3232484981497485,0.038997879946102765,0.017593723419103206,0.014195376177735013,0.0,4.99311155474761,22.97421798455819,2.5786999999999995,1.421919946340159,10.022691752345613,4.866905084733284,4.658112627206842,18.529035934881918,205.88141962309797,986.6667,3.6093,0.3275000000000001
9.08640304875507,-5286.608989543347,2546.6302412208574,70.32509664530978,2.2934445188782355,15.870115536274103,15.713812280530979,56.0302543124778,611.2254043740784,-3.3162255257559683e-06,-0.11350000000000002,-0.0003173159722868645,-0.00332007883187447,0.0005080466068195962,0.0,16.07,3.1388824465988456,15.77198384345125,1.2680814091259882,0.6625299231533407,2.458,0.835220884464269,76.0,0.15799260977977758,14.415015209428553,32.53370253754389,0.05150010454401549,0.05104228609768105,0.0167,0.0008737851058823382,0.022653814464760585,37.027000000000015,0.26073415446530607,6.862009850195525,0.029489249955279625,0.008,0.004306952222089944,0.0008743271231243034,9.154128528576887,4.065692998058751,13.478049184362987,19.269823518851815,0.6279000000000003,4.609622989036283,3.0955055869141788,8.965096911707162,107.62451783118773,131.2603269112791,4.085212625172164,0.3275000000000001
11.9586849202941,-5069.377076757819,2767.9809786067203,70.51224973431819,-5.019416857390826,15.659851987708034,27.358903833724586,25.281981377703534,610.4536555486268,3.6130959440075166e-05,0.009710345940218894,-0.0008055713375094202,0.004089908607328711,0.00015893751192470448,0.0,16.07,3.485731547086195,15.674251975369481,1.0448079863152353,0.7333440258624341,0.20180376515490894,0.8764,495.98817187431723,0.07071382404122714,20.716264154433002,32.754527147964154,0.11622512074550417,0.0172,0.05325482121436442,0.004031682653098166,0.014413463754670385,369.3293255521426,0.07984858861286184,6.706981681243839,0.021795133545554575,0.039160395453151794,0.006510836325354703,0.0,41.373491645991905,309.8116816915434,17.647417615475412,19.052877408924427,0.6279000000000003,4.528312409810255,2.1869,20.408766819443983,45.46381512506896,19.814162038922632,3.6093,0.3275000000000001
6.541234620739273,-4816.80640988618,609.5,66.99943149313798,-12.1527,51.36793889700702,20.05151072501521,20.49758360877774,625.4854611342421,0.0002806152711843432,0.015201518295822078,-1.6096950955439783e-05,0.003771698113958225,-0.0002216955620890768,7.688830926124366e-05,15.887084994300956,3.0675290003946274,15.719892515696447,1.208307737567343,0.4108,-0.3665308993622821,0.6898909335529033,89.18273462946297,0.14245060873341497,12.16,30.33915565600841,0.09780291382371284,0.0172,0.21881597551810159,0.0,0.0078,184.01042582320304,0.03716833985106062,4.859440543261179,0.01593938338752054,0.05537145057504789,0.004263534274914731,0.0,47.136219873464384,43.76531379107777,27.648946419091516,1.6541823698468514,0.6279000000000003,4.8672868760550125,2.1869,18.320206258628424,83.43123666193246,667.1814841816716,3.6093,0.3275000000000001
11.946423546636414,-4856.613818225692,2365.02689302081,68.63265050051355,-12.1527,26.08049197126321,22.17999010303049,27.321551992341565,634.3218,5.457154934024683e-05,-0.03912591136238419,-0.0002344171340782991,-0.004690708672205926,0.0005607215542320645,0.0,16.01648735628187,2.398,15.777637263949874,0.708781793967402,0.5654124382770644,2.458,0.7965668062615711,443.6524169437731,0.1055198175516111,24.31974161439075,32.65293992142915,0.22416188260682268,0.09159567986653784,0.0167,0.0,0.017083720281904743,304.48907550831046,0.0175,6.293811637450636,0.010499999999999999,0.008,0.005454021971465032,0.0,41.90896440891914,31.332984403647806,8.373035057419969,0.3003999999999998,71.57600432047262,6.204331079438837,3.348161288471207,3.1599000000000004,79.14635441090293,92.07463749031223,3.6093,1.5303537084893624
3.949903967042051,-4664.814106079288,2240.8915460457506,69.52080511516537,-12.1527,23.881980160295974,21.230407197790864,15.687418930914966,618.5105005959166,5.059758020237749e-05,0.3138094940717311,0.00014222648022775314,-0.0084174787775568,-3.267917626378019e-05,0.0001603890926901005,15.807058107282616,3.2799712441258753,16.01548822228442,0.6993414018027215,0.5766823705458204,0.5311231163508274,0.7248659665517531,494.47054593439844,0.06163719488468314,20.39004232131105,32.14108578509032,0.033900000000000007,0.057417218858385244,0.0167,0.0017461173912856247,0.012757914917179427,37.027000000000015,0.07185072482698188,5.644693262783098,0.17004185026576676,0.016984753479200077,0.0025871744161510544,0.0,127.59864808124834,30.586662636740563,3.4567210359738674,0.3003999999999998,14.848313312742526,5.237526032103952,4.892725901585148,14.911431449585923,400.0,986.6667,3.6093,0.3275000000000001
11.112201375805627,-5269.512519461359,2483.493569370213,71.79202071293271,-10.541596607776665,16.12218635599956,9.697212365283834,29.558823441664863,627.1995038470917,0.00020766117638471894,-0.03670097983644298,-0.00012995928459382403,-0.0031275078810412433,-0.00023214931671698577,3.618940333640841e-05,16.07,3.096262694290936,15.63120731351391,0.6081549198560452,0.7891787686348979,0.5652688966643848,0.7999866859971838,4170.0,0.15888849544204064,13.268778407896265,29.93638331776715,0.13125964034683302,0.0172,0.18497724252008596,0.01190946186425928,0.008022766093626633,207.22428705812797,0.0175,7.559944956307608,0.010499999999999999,0.03485515213229299,0.0052329030232935335,0.0,29.766891224257485,47.63772044037275,14.67603509708553,7.084794308371098,0.6279000000000003,6.7642007115671365,3.1108154799915875,15.97111928891104,50.467105716002195,749.0284317259604,3.6093,1.1044920004607754
7.007392068806741,-5138.825234282563,2515.5079957653697,65.89440425315266,-12.1527,4.9411955721205505,14.530046587952867,24.993905660221657,619.2143817428638,0.0002260162244046923,-0.03227443475565753,0.00029455918639493807,-0.016,-0.0008109761898562096,0.0,15.74342441358505,3.6712205106030984,15.681689406453055,0.9499725599008049,0.6209683583823266,0.6366036010252754,0.8080729187565161,1519.6575212526764,0.14887762035493224,23.63754263571323,30.640350317979202,0.4892000000000001,0.15763386242988175,0.047480913748919815,0.0,0.00978525753550619,54.368773925548425,0.09886540343298605,7.851474743789846,0.035184168177551635,0.02440601948308387,0.005920141833268747,0.0002684416770255047,97.79750398217618,3.3354999999999997,6.328864827085599,0.3003999999999998,0.6279000000000003,5.019290535410206,4.449601474758476,19.029000350941327,266.4285790623724,64.01392069171641,4.4971980724054355,0.3275000000000001
14.132338505133712,-5602.88923260157,2533.2181881502843,71.7789370924298,29.153352912361303,7.212146474566982,22.779405396661243,56.8964,601.6368786192538,4.513372691593897e-06,-0.08977567015604374,0.0005372271191708284,-0.007128663762844182,-0.000909803813391175,0.0,15.79173069737916,2.927170752875,15.645458053458231,0.8739424101663317,0.4108,0.7840910159007672,0.7847469517666268,76.0,0.2374592686622965,20.30727537114513,31.476465545423878,0.14605268171235325,0.026329149297508077,0.028914030563778836,0.008918093735712614,0.015707145111852606,276.64711314052687,0.0175,7.2632339119069105,0.020167262888954367,0.01644922322793637,0.008213256813105349,0.0,1.328800000000001,17.982629830296318,19.473511345421876,1.8565936899189728,0.6279000000000003,4.191848428636044,4.298252990018179,15.585549596114678,34.714499998919834,206.33371379724863,3.6093,0.3275000000000001
7.773714059811573,-5832.530166704656,2759.407912931536,64.71998545833094,0.47854349732111956,9.837030030687362,8.759095931686332,27.145981703157737,608.5012812486725,0.00011345103164816919,-0.015500476086144917,-0.00017415994002325903,-0.007477450777328149,-0.0002457377458000517,0.0,15.87202363699241,3.607312906052367,15.674257233433178,0.8459479597511896,0.5572146647331854,0.23359927765130972,0.7935902506011999,301.9908640630478,0.19465018577225168,16.816640252382424,29.061136242501302,0.129693706967093,0.08983818558971012,0.0167,0.0,0.009860527012893933,412.57538810690426,0.0175,6.559130300034384,0.03838480374255767,0.028098756446371092,0.006124676025179663,0.0035322530340059395,129.72400545364135,4.769713265191562,13.861003726119225,0.3003999999999998,0.6279000000000003,6.152597078974956,2.72163347289418,15.835476242235462,67.13659654553798,0.0,3.6093,0.3275000000000001
4.42979799556942,-1908.055071732123,2270.2217845336827,73.47828517551237,-5.900799889036733,17.615970136963558,26.698471428705414,42.88614026888293,595.3218,0.00013464277501101395,0.07224365132446706,-0.0005871306172601608,-0.00048228985144958825,-0.002986755176652395,0.013858624945483681,15.808205243411486,4.064659498970751,15.788269551442518,1.55635635288562,0.7995672222777237,1.1357126236136974,0.7432475131358071,735.9933192011438,0.1314548393915212,14.17421117229201,19.566219522888403,0.10658826496780202,0.08154514417749009,0.05260006448299954,0.0,0.01132243753743184,227.5924464844694,0.061369632983442515,6.453078311254555,0.017124936560900365,0.026865351391411076,0.003069477205439864,0.013787016198922433,6.1262968618278215,44.158480459356426,2.5786999999999995,154.55067115925263,0.6279000000000003,4.364358228637823,4.325261920570354,13.854163693754593,108.61011986835412,0.0,8.477801499640135,0.46818701655523065
10.34833685764412,-5475.256035873986,2901.055992392675,74.96269285227103,-12.1527,31.989576832747467,35.54766378153477,47.718397571848755,595.3218,6.603391235254405e-05,-0.031232153950464712,-4.7702077386214e-05,0.004139764942536183,-4.0667662430684906e-05,0.0002738475851319261,15.941800380259643,3.180086059742782,15.7011572173662,0.9041125788017226,0.5493729219287157,0.31008433297040205,0.8335364088355864,76.0,0.649850824339684,24.547118666366302,32.22997534557422,0.13237278532919095,0.018628502042868055,0.028326982140764897,0.009216833615529598,0.0078,2005.8744,0.07440907234342964,5.412319256946366,0.17464542640740466,0.030572105417221697,0.004368069182390088,0.065,21.223107256916695,3.3354999999999997,2.5786999999999995,400.0,0.6279000000000003,6.370549092813263,4.068092615720378,14.504855006894076,30.665466436915686,0.0,3.6093,0.3275000000000001
14.1879,-4706.419876975394,2841.178371139102,67.35518629310667,-12.1527,14.138388490464518,11.566687469474743,35.30627812517482,620.882174737925,7.790823543931385e-05,0.017757303657479254,-0.00015839027475928757,-0.0034825282649142463,-0.0002244814846537019,0.0,16.031846440702434,2.398,15.632618734246732,0.6055,0.4108,0.017170382641094384,0.6961704647789069,76.0,0.12663854432459754,12.16,22.897723717682982,0.13952921828858222,0.0172,0.03341558049455265,0.006946624948470152,0.011446639274409387,256.1602647569321,0.0175,4.815825944126348,0.026914150653580847,0.04574423743586309,0.007451520171753328,0.0,50.94788656135113,5.5830872040892885,8.226343102635255,13.707470117855179,29.26002846201689,5.693221371751747,4.032373576451995,22.49732834655361,98.49112670907923,1.4816630441393954,5.275003952494742,0.3275000000000001
6.570118995610038,-5398.256346701335,2635.6708797127158,62.63912349524823,-12.1527,18.819216869092017,17.728200451516976,31.30217445424368,607.9268797852965,0.0001742485206370376,-0.09098384403704216,-0.00030031098894723647,-0.009593106196499947,-0.0008272782327618843,0.0004650770273546413,16.03114862864639,4.509650615207698,15.711590706596098,1.0796680893501724,0.6117489658452565,0.617416274781911,0.7389929340428135,212.59370560928562,0.034,20.622801204543943,17.96576507875417,0.12443682855054698,0.14130078081607567,0.056420080683464074,0.00029283385785487475,0.013374611473825293,249.94413759448884,0.03144904380734671,6.756612599687571,0.011328573596142786,0.03014770270329666,0.003271932733603592,0.017230437469118304,17.565144655583207,8.448561517124624,5.853586276931814,7.64853360600313,0.6279000000000003,6.032279115528792,4.21971888788404,11.01795242355595,87.20684813556639,99.3955510182362,33.65251495106761,2.117538263789479
13.429575367247075,-4827.06637229637,2615.829932746741,70.38475745971627,-12.1527,14.766953968050545,11.152416015304937,52.437471565752006,612.1041009517023,0.0002175817062259892,0.8854,-0.0004626180637075958,-0.01311406975280383,0.0014700968563000085,0.0,15.779388763076275,2.478349553300875,16.09,0.8356134896739117,0.534825263857432,0.21648801235443138,0.8413707460756731,76.0,0.19954815639544848,17.60021048965602,33.697604901309724,0.2629820904607879,0.09824546627248933,0.024300384993820923,0.0,0.010996319438168006,37.027000000000015,0.05837899948050734,5.51900182509999,0.027114750120310324,0.02461315612344916,0.002869199987304141,0.0,278.81560218473805,46.24125545354249,2.5786999999999995,0.3003999999999998,150.19980921294828,4.718218884067676,3.8030448825053327,158.1332,102.44619601686912,20.13477032140102,5.318427626043679,0.3275000000000001
2.2493,-5059.035245184212,2782.9894029719785,60.43139363817236,-4.7615700030634525,13.417014125872665,27.024036094852796,28.97060372946835,597.6822702821377,0.00018220554387179255,0.5971234440412674,0.0003569440232048899,-0.002257578594446334,-0.0003856224005586866,0.0,15.600870521346808,4.415737536035064,15.8383335691214,0.6361498702682634,0.4108,0.22195160587934248,0.7016452182186733,76.0,0.24945879627146356,24.916662441567563,25.672282049990837,0.05544700251019567,0.12395846516997647,0.0167,0.004420257924978601,0.008317477082754515,379.5925216514321,0.0175,6.247013836197892,0.027795711875992158,0.011051792333994854,0.007973979440550763,0.0,38.967494840278924,3.3354999999999997,16.229104335668524,8.234560874256452,216.13558059730462,5.893232731476422,4.2520605442320685,3.5944576717472794,174.28286887960354,153.98092031601877,3.6093,0.3275000000000001
2.4785766198160015,-5176.749426365162,2802.108278247386,66.96530392301975,-3.6767385318588848,21.019941567971514,10.832582869810343,23.511282933859057,634.3218,0.00023323242177587773,0.09000687057690238,-0.00012555058819585508,0.0009542312967037326,2.4526542561063956e-05,0.0,15.90331590575784,2.398,15.804239571473635,1.0309387190198456,0.6266308612783865,1.2164740080374754,0.8439278262654059,76.0,0.0849856372920243,25.105432352364687,21.198102483129805,0.10417175958343242,0.03390494088562006,0.04662399111441919,0.00863800267851745,0.009638393496445637,91.16082796744209,0.0175,6.9102161239700175,0.022827516074454494,0.008,0.03041289894826312,0.06420950554871163,31.401792610448858,3.7947361475700063,30.39697858358776,0.3003999999999998,132.90869183329175,5.708240572106994,2.1869,42.90746864485859,18.0064,40.795391450460585,11.010052937943373,0.3275000000000001
6.642367898516399,-5000.579972745516,2558.853045922748,68.27453005447309,20.87789400675543,4.4283,15.626873259277474,25.381933043341764,618.149568684803,0.00012762123412316925,-0.007890935961432206,-0.0006929562958334209,-6.750671176684528e-05,0.0009697058833471468,0.0,16.035081598437237,3.50573872456668,15.68983042530226,0.8358040057392622,0.6292231440831472,0.3863054799642026,0.7719176995565555,324.80577950001765,0.034,16.71929956870408,42.781,0.23730864806712734,0.028753199143061455,0.0167,0.0001668258908643196,0.0078,243.09454352439212,0.05026374362000545,5.176578271932704,0.010499999999999999,0.044651434331986005,0.0028643609954770474,0.0,16.357641851107182,18.697489347832512,400.0,18.32642104882539,1.2408316628334148,6.210618611500139,5.8606,19.269818226028285,78.82609372273551,239.28608311283745,3.6841336059525576,0.3275000000000001
9.691594232222958,-5471.511894534677,2354.6938596706755,66.13777406627449,-12.1527,9.13625690118105,25.00330301532227,34.180189506454624,606.0105469085829,3.089861124482506e-05,-0.07842387909126733,-0.0003898496980969612,0.003294347696662269,-0.0015140929201684975,0.0,15.89407274349776,2.398,15.877559142891947,1.2481092504769564,0.6610615573115527,-0.6300178782936017,0.6573697176905222,474.0503281556274,0.034,18.467274172328498,21.65828886750362,0.056883634142797485,0.07712024821960528,0.03876076445944346,0.002313316811302934,0.008063600465541505,219.60216664763345,0.0175,7.1280261586563425,0.04792994557576373,0.01953980911530569,0.00318430832518056,0.00042407090514334577,1.328800000000001,20.378089715175058,214.16272369592576,9.582301999334636,3.5231463243083496,3.7578124689490937,4.058515038608664,21.182100658865576,72.66730609855523,15.862584686961384,4.979840685804414,0.8349483673554714
12.556076631293212,-5367.10837653445,2643.37744978731,73.37262794209002,-12.1527,16.389886796292103,36.9346537269535,55.33496366256295,630.975891196604,0.0002439257618158138,0.055274144920826246,-0.0004651950699018195,-0.0064611433601353165,-0.0005569406073774383,0.00783807414715784,15.794507073151498,2.4632293901873563,15.930980537078735,0.6055,0.6182420153472736,0.5984162894384999,0.8437581986568226,261.98108342509687,0.034,23.787615188276526,31.974535340099308,0.1346993385592953,0.03235675555941706,0.0167,0.0,0.0078,376.387443275098,0.042726432136080045,6.57396791817615,0.04278595883844795,0.025526595096998148,0.0025,0.06004697810212839,1.328800000000001,12.278390418762706,8.480893394128412,19.470745760577,11.37671241847211,5.143918351871124,4.346809905454142,11.282155339813734,93.87561904771647,77.62608449166476,11.70568259739294,0.8490395308896669
9.248765047696137,-4968.896102448385,2441.431285566072,68.41267378811992,22.736538182101057,25.798842643272177,15.711886432419366,37.35432769028111,609.8658142122696,9.462098704294766e-05,-0.09429592638535031,6.1863554875803325e-06,-0.00025815611002591443,-0.0013858070795458564,0.0,16.07,3.2982408205361233,15.84773084941405,0.9706100479098396,0.520449968736342,0.36953768923767005,0.7959737005087978,76.0,0.09159908714149287,19.70583505339483,16.062,0.046024212463341076,0.0172,0.021167904146128097,0.010682184388742211,0.013471654630125276,43.63639795176525,0.5255,5.5765552174385835,0.0418621526041562,0.026439118505730698,0.006276535925446342,0.0,34.85207094929886,4.535001627537746,2.5786999999999995,0.3003999999999998,0.6279000000000003,5.760161997401541,4.757141260662149,15.64749967512061,87.61371986630274,986.6667,3.6093,0.5021078025817995
9.742860350037628,-5552.712017629208,2824.9659911448302,62.37551796169496,-11.273691261916055,19.84786464592522,22.715739779594614,21.26096587451675,618.6337196626988,9.304678345401027e-07,0.013027909240345465,0.00022834641491463042,-0.006199612057353629,-0.0010596094290975671,0.0005000090518366161,15.834192797927072,3.43141698782988,15.54,1.0762423532003922,0.4108,0.8671887490700809,0.8331970248826666,645.9455576517861,0.19621851228982345,16.51294037132978,30.851113891636647,0.11791940128718348,0.04346626723542159,0.036926606800180284,0.2067,0.015205905272108803,188.05839079012304,0.07855956597210274,5.666729924140993,0.035399501014655194,0.029978858049048058,0.0075078649731583295,0.0,33.65389414529584,56.73471535409902,2.5786999999999995,95.61022733862593,60.05316944937539,5.574241849999559,4.341175018877009,17.685539483168824,116.67642504890406,986.6667,5.0667229330397605,1.4245017583931554
5.7884153115329795,-5685.152222242797,609.5,60.2667,-12.1527,23.6360066315288,17.155895893762022,15.052093717245759,611.9003222899113,1.2254383935429139e-05,0.0864514197020533,-3.081455908487584e-05,-0.005454017365399631,0.0003668491607323231,0.0,15.76180729288666,3.155409552256266,15.54,1.5402286670712553,0.4108,0.7277484596657353,0.8450541614530545,209.07313211296326,0.22622304028217505,23.879459989703722,25.79930022292622,0.18245706105168913,0.06036814797352808,0.0167,0.0,0.011092190998350956,318.8897448856997,0.020307041401982917,5.1948987443240915,0.035309843888154925,0.008,0.0073615590636051656,0.0,34.11122775783029,33.619596773565235,2.5786999999999995,10.880432574649515,167.7550933030713,4.249840761402663,4.688183520426401,3.1599000000000004,58.96100801475725,640.360814293861,11.765324889650872,0.9925544405581102
7.467115284418456,-4808.051483844781,2651.3689691677096,73.99974104910878,-8.313015128072802,19.99741699830236,12.0744721848967,26.48535698581545,604.2109825747932,0.00015243589126876083,0.07266543951585117,-0.0005074759040958982,-0.0005596391696411941,0.0015,0.0004279469217790677,15.786195580547496,2.6131176314606277,15.904152881596085,1.2758878506425688,0.540447106823306,0.29496506414538204,0.674074190729722,406.41448470177227,0.034,20.14770011537169,22.75085564413578,0.10773705734343661,0.0664205364786573,0.025973792503040105,0.0,0.011754608106327651,115.36510443049505,0.0175,5.89661563234269,0.02960253167023469,0.009229883485659833,0.005553340293858301,0.0024874818354690444,400.0,9.065010819933399,2.5786999999999995,0.3003999999999998,98.87797841919809,6.365205895275122,4.289605102809663,11.879256080906313,60.23845009011424,370.1172169029227,3.6093,1.2125144668838934
5.199637168942133,-4831.965788077211,3493.75,66.21979490427542,-12.1527,5.53528470775583,24.01303589064138,51.49400475987909,624.3962997379022,5.6227869257884994e-05,-0.04228366807632658,0.00030650154591997783,0.0014172227357520887,-0.0006956393041651269,0.0,15.817235941703663,3.4509645260366533,15.722923884506425,1.4855816294828366,0.5312605160559241,-0.06757266180313604,0.7716370210285812,76.0,0.28021233854960625,19.60988633570256,25.637981294437374,0.07722584751501524,0.07727611853097113,0.13914027863643239,0.004288056871161796,0.0078,253.2364845223296,0.052478724049546704,6.7963060606796235,0.010499999999999999,0.021977882172088063,0.0077530069326840235,0.0,400.0,42.93019931331982,2.5786999999999995,2.829905025767939,16.74040998836384,5.192610119283858,4.051970632484817,10.183597596874996,67.27552072958218,265.35002908804796,3.6093,0.9289118737470681
5.044207104492257,-2285.7240218357465,2646.193678957703,64.79159519240237,-9.13040476149102,14.880581088009828,18.641106345758097,33.496146969988864,634.3218,0.00014989619246078733,-0.04416473863213057,-0.00042009239779861913,-0.0065995560473779795,-0.001738463642146687,0.0,15.907518184684987,2.7609664710697577,15.683774504519157,1.3999780860394313,0.772307323723217,0.516818063649549,0.7783506213073703,76.0,0.034,25.68120463817737,31.170367982178604,0.11601305327967293,0.027993389421185576,0.0167,0.005697316968320865,0.0078,516.3781673227552,0.10357492693715215,7.621458196530025,0.030224806266998146,0.00968885255144403,0.004757232681560405,0.0,6.460967845534716,39.15731439464822,2.5786999999999995,27.366470248219066,0.6279000000000003,5.055217284922021,4.369149313527809,20.069581174509032,29.33813868978699,0.0,4.413094002374181,0.3275000000000001
14.1879,-5441.0239414394,2682.4889207987985,64.09764308378314,6.705747330651004,14.79241751303543,16.229128442779803,51.528308822089436,611.8288672490132,0.00015285372662887133,0.0944951410549906,-0.0003718479068294398,-0.0006567575490215444,0.0008157960267344165,5.654568121601279e-05,15.744512963309983,3.673532523002779,15.945434840230561,1.2578614555155336,0.4108,1.0024965673838184,0.675244713517411,594.954343556498,0.1330412289316903,21.74810189068653,33.12683647480565,0.04922453570938301,0.04296336224771757,0.06589675638732234,0.0,0.009783139016970975,101.6775618644046,0.0175,6.121418227836737,0.010499999999999999,0.03523354435199817,0.007441526934762702,0.0,111.99215919329293,400.00000000000006,2.7839826791112685,0.3003999999999998,21.875691359312725,6.236005024908214,4.992007308095643,12.718832905330212,99.96683862776794,951.1880454547427,60.5469,2.1955752437849005
5.888549533824218,-5149.0673425297655,2460.3624655695494,75.62687843892465,13.958216057199389,23.215177939587658,33.435909117008684,37.3162282615322,614.9915613212785,7.339191328320564e-05,0.06000996653744806,-0.00014828529807370377,0.003401293172457862,0.0006014645246229383,0.0,15.824803420606905,3.648950231570804,15.667376690811572,0.689418210634453,0.4845210526118071,1.214835530962978,0.8172657035264158,396.16826285908337,0.11702143476247166,24.96785454205652,31.96224845902565,0.13952755731033617,0.05324983257528588,0.024688264950960284,0.0,0.01280396134190169,512.1092655128404,0.019295326748284145,5.858614871701574,0.010499999999999999,0.008,0.005565329728924261,0.0,159.35133574086677,197.72471232752682,2.5786999999999995,211.87401525784472,24.4547207099517,5.260691841940332,4.669219395944384,5.6803732441246755,78.73293680963951,0.0,3.6093,0.3275000000000001
7.015698928772151,-5120.999404498872,2531.898792717909,69.61741568480832,-3.071430718018054,25.3678354622294,37.452476909678126,12.706344145334965,619.5880751893424,0.00016336429116227137,-0.03879229493861651,0.00025341250907591294,-0.013002699461155082,-0.0011099588534672353,0.0,16.07,3.697411769075214,15.708774719920317,1.0155387282664097,0.7502874614087098,0.19832925689284964,0.8661877751587009,461.4666887361256,0.12374768840763675,19.901750826809266,20.150887438801,0.119705379993094,0.08219195108399378,0.04495869364533235,0.011186915750913589,0.008016789948080527,225.30368763709112,0.08338581837270534,7.008929977455179,0.01499687870977069,0.008,0.007458627633417268,0.0,29.959284410529662,34.89581700695767,14.121540958845015,0.3003999999999998,12.614089798494085,5.917309186390593,4.3334174434166295,3.716338275156617,62.62306375637393,658.570999355336,3.6093,1.4279120146101896
2.2493,-5047.654449888356,2605.7728050722244,74.20420122977065,-4.714396705720407,11.582594263029858,27.354608480640856,21.287148220735396,611.7622539458375,-5.5394141034451e-06,0.015307844056419842,0.00016731003126766673,-0.002558337766671845,-0.0006950050602505141,0.0,15.76961955899918,2.7453367121046757,15.666852835546246,0.924418002797513,0.426688980839998,0.39050031675263475,0.7268403525741476,282.66044216539945,0.07392357316856307,17.00506585074735,32.00744744846998,0.12172720982598637,0.0172,0.04130321731516529,0.009238437804705815,0.01274602650765326,366.5146187657963,0.0175,4.0902,0.017462399412357797,0.01729684893650387,0.008073723548131684,0.0,22.572100641447697,42.69926571693841,2.5786999999999995,0.3003999999999998,0.6279000000000003,3.4769278993881843,5.16014711927485,49.1933367163197,76.3285096467693,986.6667,3.6093,0.3275000000000001
10.18137064570603,-5677.162630216646,2715.1351515933866,63.06017538709503,-12.1527,24.496734045863032,10.406653988597109,30.29675754444887,613.7179899991361,-4.586892142843761e-05,-0.060228733821573004,-0.00044224545899428216,-0.006817501635282884,-0.0008040657281121036,0.0,15.86906447883519,5.181534825279972,15.635402958949134,0.6055,0.5523705846928855,0.3589732374701877,0.7761634786088064,875.466842265164,0.034,21.086474320153453,26.349463638891457,0.13148064591207637,0.07257799933835281,0.02206057281012278,0.0,0.009607193867079571,210.6093303251185,0.027178526199947095,5.456105755258767,0.012150829324054266,0.029748942875351837,0.007507651019852776,0.0006860193874953984,11.419280059009392,3.3354999999999997,16.375716699524908,400.0,5.865738568399509,6.125418104928352,4.719714096862663,17.619382159789982,400.0,0.0,3.6093,1.3916115239172437
6.525528390802192,-5195.260532351122,2842.9712490132138,66.88917804533797,-9.998162658707436,17.400588473462015,14.894077047145633,39.103819034747644,595.3218,1.2789707717482066e-05,-0.008689779187527624,-0.00040658335180218777,-0.01403749041631316,-0.0001998247588980946,0.0002979123875262897,15.851684265878285,5.092899874099965,15.70748904249906,1.0900984623118455,0.532894905429238,0.43978469974515066,0.780843341306157,76.0,0.931,15.041430615350485,31.73295217885231,0.11695184963935783,0.09612222334320603,0.03737678778625497,0.008550101478776577,0.00907761231519587,37.027000000000015,0.10444615784451214,4.168860726137779,0.010499999999999999,0.05645636773144686,0.004884363359928493,0.0,31.05045744694681,44.751049167837095,16.267838391661016,0.3003999999999998,0.6279000000000003,6.180956672707587,5.128036363800408,9.406585559082828,267.2828419555995,98.90014412165871,4.610941240346316,1.3969164294078908
6.4544977542389415,-4793.036072350289,2493.7173370131977,65.89967502328103,1.3235514502959247,21.396660609147244,13.753338351779284,18.678411576437668,627.5964758082931,0.00020339513920992051,0.12384228330251906,-8.26985391306525e-05,-0.0020695031143432244,0.0004157841892946729,0.0,15.800963373453492,2.9017447816183553,15.608924505967192,0.7844700320807056,0.45105705908768834,0.7289485726875062,0.8764,247.66623149947162,0.15286649970592261,17.188555824372756,24.96699706562049,0.13787800863107613,0.043716119639776695,0.0167,0.0,0.014786316168837153,37.027000000000015,0.018206709590303856,5.273988561523418,0.010499999999999999,0.030890317819959594,0.004097836672413405,0.0,52.31493878103341,85.46923746448047,2.5786999999999995,0.3003999999999998,23.17225395768823,6.079611028464477,2.9669698378408924,53.80760013450537,106.24422081773844,43.286981848306425,17.75604482241419,0.6209549081318095
4.250068959188153,-5165.361972235859,2498.5805606550057,63.912600968678035,-12.1527,12.648885449000138,20.88136251191203,26.138668148587065,630.0671615643096,9.911441631500108e-05,0.0944546868803618,0.0001835552090043915,-0.008725392514639697,-0.0004019480939345885,0.0,15.819695580663165,3.799424419911869,15.54,0.9268311622063188,0.5170515065171188,0.735368484943574,0.7282072960305235,139.1690613290678,0.047874659892381016,21.376958522304307,31.39353370404875,0.4233217640661846,0.046295968686114276,0.0167,0.002979982477094266,0.0078,1098.653713174762,0.06206475441438351,6.487113894414531,0.033166024457657525,0.008,0.005028606020241112,0.025462249289645182,10.301999373177352,11.02405436095833,98.96379476635154,9.973914367498349,284.1727339746744,6.0945768899969455,2.1869,15.690814773021437,55.511819933160105,20.13285772420153,9.72295984468266,1.385554897509849
3.4358831215861425,-4903.3556455175685,2719.8431712304255,68.32812542197311,1.9881472305618553,17.185150143438033,8.883431910288426,36.99029270648845,618.449589173546,0.00011979275738176528,0.05545498673688147,0.00024439227783247216,-0.006709018548982283,0.0014536288899214707,0.0,15.887541565019621,4.218152188029427,15.789929906339182,0.6055,0.4108,0.3534593832392311,0.846562422671503,254.83983508258285,0.7452787163718886,19.19081699616792,29.327804758839314,0.09622313545919937,0.116507279272289,0.0167,0.0,0.0078,429.4129960906221,0.01925489199157699,4.919929095652765,0.015603355859410828,0.008,0.003817149316461596,0.0,71.0951675756047,3.3354999999999997,20.06378234018118,0.3003999999999998,0.6279000000000003,4.97342674446128,5.190248170469299,16.21956412307825,272.52973514480584,37.11715610053625,3.6093,14.320047501201124
5.389410967030173,-3267.085290487804,2484.1655775062663,75.9444,-9.20577037245169,18.461945993266795,21.670802379959465,56.8964,630.1897193205737,0.0004000000000000001,0.025421076597706677,-0.0008390487444104658,0.0032086489659546528,4.690099279834618e-05,0.0,15.75705191266855,2.398,15.806595019148796,1.3192447940792673,0.7268049780442727,1.2984445521384034,0.8268117586579107,450.90946174363245,0.034,21.6299498598866,33.93263379469752,0.2183967262927162,0.3280813285180381,0.02659262524771374,0.0,0.012182518799241041,213.77655088696017,0.0175,8.8015,0.02891605011221681,0.023840375382822958,0.006163764734346272,0.000654742735428572,1.328800000000001,20.269448649452805,15.447104374733758,213.15966843387343,18.81716394967898,3.9805444653505235,2.1869,17.869465828696846,400.0,665.0387729712215,24.567411784943268,3.1860928356415874
9.33783486464811,-5264.92180570769,2804.1468425707485,64.54458039800174,-12.1527,21.205335630072298,20.20669843589723,45.008473549776795,634.3218,8.280075593562674e-05,-0.039243501036701,-0.00047969387440144806,-0.0015287015832737283,-0.0012617582655106538,0.0,15.896711045889779,4.203555794713305,15.941020553316935,0.8333069954554599,0.5068244172796497,0.30551764253724256,0.8764,76.0,0.04718951470213144,19.55542658626353,27.99519184772372,0.11661543472357055,0.051106158288384364,0.0167,0.2067,0.015836080714274843,367.84431412048417,0.01829770726355453,4.450181681924583,0.04980964159844355,0.01925776275223652,0.005906947766315688,0.0025072641447712305,53.05963476535164,31.640666134576353,2.5786999999999995,233.31609598867064,24.46193135101399,5.979566744013361,3.8774092218839513,16.083517165482164,54.919213771633515,19.199923769922293,3.6093,0.3275000000000001
6.907848711025328,-5300.662803913142,2569.3670029554187,63.15228895013621,-8.299991629987018,15.87330967506382,13.41126404753808,32.7429196786192,595.3218,8.358524395003431e-07,-0.10258695605464455,2.7437146017941413e-05,0.0008538831658616037,-0.00045138181322831476,0.0,15.784493583347293,2.40113961262008,15.855652902160923,0.9684694516870943,0.5434202412916169,0.2389120159161402,0.8401336877148148,175.07307004607236,0.1054174974201621,21.27754956464298,25.446321892204587,0.24485117285825184,0.03446682808131188,0.0167,0.008538582849753965,0.01119134888491367,1184.6352145744324,0.0175,5.083832782197694,0.011391735180930802,0.015783210832101775,0.006305123108662747,0.002125949641964803,29.79911432947132,3.3354999999999997,2.5786999999999995,0.3003999999999998,400.0,3.4994108177850882,5.807138157349131,11.786644186273941,74.0321777706705,531.4176138633682,5.801323705514234,0.3275000000000001
12.372114827024332,-5524.918789639524,2771.150412094263,70.28759115515209,-8.92675390455014,11.725175074906772,32.17992597404587,28.398384454539798,605.817757316175,0.00015278590653391538,-0.08015038119052892,-0.00015452713605562763,-0.003757271271123853,-0.0007718845538396677,0.0,15.646399129175899,3.0866153237283793,15.744528045576171,0.8942294944388074,0.5606298280725436,-0.5097475073498813,0.7799086526737286,401.7639798217773,0.1265026198344167,19.4114582412381,16.062,0.21935251690144192,0.08960337918377834,0.07366027495634206,0.11512799535886828,0.013450524811832508,269.41253124590554,0.0175,5.612642239878332,0.03011670330413899,0.030288668179472046,0.0319,0.002199725476414455,102.32010730356947,47.286160782874106,5.9244486355587185,0.3003999999999998,323.51907129443805,6.13266645235814,4.99748091848458,14.083459478372419,103.6872817916544,16.50596773637693,10.142212764561025,35.5806
7.256290271367688,-5141.4560571368975,2526.7756526742915,63.0291166886088,6.547309916429235,16.248215924644928,17.29533025086364,56.80238844048144,603.6435781501972,0.00012430178555740689,0.05007109094246147,-4.0425195671099576e-05,-0.0040180904984507245,0.0004887808103788145,0.0,16.07,2.398,15.766268537664153,1.739153777454145,0.49674697174219096,0.5786380738079333,0.8373018277846109,121.92843325612085,0.1361713681440175,16.871746797324175,20.255174642744088,0.10497163515912514,0.04126851750252736,0.0167,0.006165223868365726,0.0078,69.36209934907575,0.0175,5.267171604062885,0.02596094348399318,0.032086560960363844,0.005197400881483456,0.0,113.57512973940209,23.03372971176555,2.5786999999999995,0.3003999999999998,0.6279000000000003,4.04021363455915,5.8606,17.750844535179525,36.38119422585419,0.0,10.51762121383433,0.964662260734403
8.387187165091875,-4978.155170562607,2694.8019572727435,75.82207668826267,-9.767457792232298,22.052054328086754,13.708025321118129,42.884937058284144,614.6690117847579,0.00023774608559754115,0.003267785673056355,-0.0005367431472851893,-0.0030781899099883185,7.129838600650638e-05,0.0,15.966207930538541,2.8614596375252415,15.96318604292385,0.6055,0.4108,-0.5656823703874881,0.6462626107653656,457.56359360389695,0.18888384007421696,19.558420544820336,38.585536893961574,0.07738200651672375,0.02544237506679651,0.22510937018094568,0.003953889996690871,0.011196723569351565,300.3102047839942,0.03054375002349083,6.3876913275643785,0.019418938882493034,0.2839,0.004403899889971715,0.0,45.97363162473576,32.934782977149354,11.162980803333499,400.0,0.6279000000000003,3.3303,3.7027490818341207,10.66950026008054,185.7384129179323,75.61712928144323,5.300441673453369,0.4962683919571498
5.746470953291311,-4772.489724429855,1142.0209376452167,66.4999492850222,-12.1527,7.267347187150848,22.595599388454914,56.8964,633.1368804034594,0.0002546496153285924,-0.0538169161112419,-5.6842031370492774e-05,0.0022284092108654785,0.00023812586724556253,0.000483228191849204,15.59,3.396061284503519,15.659878914066955,1.1298653958924143,0.6544113910049691,0.5171007816448452,0.8764,620.8131139092781,0.12943687362755849,20.86719952755811,36.0503073121561,0.19907208636731172,0.10014165749339277,0.049655195347044656,0.001429094955112002,0.01127714873988708,291.17010296617775,0.2120065886800013,4.0902,0.020178435848102385,0.01723754338094135,0.0056364183852955505,0.0,194.31996397217543,196.12564783799448,2.5786999999999995,9.304421141223589,11.709519131295492,4.42338415224481,3.7435672605775956,141.25664111320907,90.54989136401434,986.6667,7.922053516663597,28.32212725515559
4.425735644286902,-4938.411777223523,2833.2995101282872,73.57753712838638,-5.9169906065696924,17.844995541410494,6.4482,56.8964,633.2070880721093,4.820016965671678e-05,-0.01869315669964305,-4.1809135080210254e-05,-0.010049025862601962,7.409344999201487e-05,0.0,15.940985104812134,3.4510909463951926,15.577760704804058,0.6538074199958934,0.4625187307933614,-0.22964434689227137,0.8200800332980508,76.0,0.034,19.47341752334675,38.252911449582555,0.14860090235343887,0.0463958406080226,0.18687639099421194,0.0,0.013330289341426467,197.21513100855975,0.029962820853985106,4.294747526634412,0.06014452320420089,0.008606179457641236,0.005893363181167972,0.0,182.0333951588166,37.47123935019561,4.022971429823951,0.3003999999999998,75.9530311727627,4.323120959174269,4.886165557875648,18.961033158772757,104.20964431010412,789.1302475546019,3.6093,1.2819818027760899
6.975435419794425,-5223.840417945535,3016.3131414017166,60.89120663644226,-7.117855356782792,15.901498718641,18.997442341205925,26.39009300784496,615.1443744456951,0.0002700450002614905,0.06469778220974748,-0.0003694858984235854,-0.005393466569305699,-0.0014438885212984423,0.0,15.869750165064138,4.25194453684148,15.54,1.2882523719394763,0.4149548798806526,-0.41269804583146497,0.8180301633296705,76.0,0.14937068877093929,17.06853234953076,32.65392938985461,0.052377002417454716,0.051474146211213274,0.0167,0.0010813692437451228,0.0078,1174.52532448939,0.183645295047007,5.0418112798117605,0.010499999999999999,0.036267276113529714,0.0061004363313688515,0.0,77.10569011175855,41.73416395379732,2.5786999999999995,1.8742382294383084,0.6279000000000003,4.30792956085632,5.47576708092044,18.670038531606732,85.43917860162736,135.15159988525076,3.6093,0.6026024634643168
8.810002897229891,-5616.903026147549,2576.6748562149824,65.97885749063408,2.4783690908819453,15.417277778882918,23.723871132969116,25.413212419142887,604.6586063078927,6.325160575078122e-05,-0.07674535865411047,-0.00016580121562642062,0.0008120381400779138,-0.011330152009407112,0.0,15.82864442231039,2.398,15.591001381002673,1.3096834123736703,0.5813851316513178,-0.7160774701159465,0.7465586007234281,390.052458175678,0.049943378832799395,17.39862691771331,16.062,0.0878388919478737,0.07987342895391904,0.0545244110964827,0.007015802968242226,0.0078,309.2113667275214,0.0368252023636102,6.779369989549989,0.010499999999999999,0.025996565333532232,0.006040275851308069,0.0,48.173934063726136,40.45814797446738,3.9237934970925323,18.732058734271344,41.61222432095729,4.081428556354721,5.01037281265295,20.405431172320583,81.06974082414587,986.6667,22.458901891966036,0.3275000000000001
6.693673000951041,-5231.993589123216,2602.0514621535663,72.57192902827552,-6.092842345298674,24.650858392922657,23.30956791256907,47.230953222167244,625.3045537099733,2.0333754078732477e-05,0.005234194565203094,-0.0003810097605284355,-0.004661663665988817,0.0012564818606082813,0.0004181157476197562,15.757804898185444,2.398,16.06234028025272,0.7756294129063577,0.4184639646062168,1.0110807985324717,0.8386202692380061,76.0,0.034,19.408921126493777,23.441345728706207,0.10290657781644974,0.08095033791218784,0.023374249598948238,0.0007357409728762288,0.015940534751472807,161.6238913627527,0.0175,4.0902,0.011528339214195243,0.03589409585301197,0.0033198240903525127,0.0,13.173479652998108,27.74187842589766,8.871591310869636,0.3003999999999998,17.999503841124966,4.981153366694173,3.729739105134041,12.953376633032395,106.44117616876531,986.6667,5.998492044118542,2.5700723810805144
9.256046658617622,-3040.7950606873355,3051.5003977116357,68.79858940621823,-0.4657712250062822,25.37772927591025,12.023564676949668,38.029515731060926,621.9287876132594,0.0002246026009005658,0.10753263402279806,0.0002042954805776682,0.0005365803492540979,-0.0013201559243329896,0.0,16.043948414903074,4.016100734697981,15.769900012105895,1.5090419757145885,0.6470512766103289,0.8853971922924779,0.7632991725751042,745.7896454576256,0.2307975711352932,19.042837911180207,31.29081603668614,0.0738362296262927,0.051196829050065853,0.03445924833976339,0.12055629189461214,0.01049998944801154,111.43010183885374,0.16452875798504174,5.25431699034163,0.027112467152994976,0.04537206571152415,0.004587002639661544,0.0,52.36033128081609,36.47777130995999,3.816686428261109,9.942187094644613,7.734338444860105,6.252679072316733,4.835442657201639,12.712861691135812,110.26443102032701,773.9758239025695,3.6093,0.3275000000000001
5.789757236767631,-5787.678280826182,2397.800273111575,67.8283845815896,-4.29461831283691,28.72662406984793,22.416802815057537,28.19415523044198,595.3218,-5.9878391037297633e-05,-0.11350000000000002,0.0001223858950566832,-0.0035896896065302645,-0.0014070609139483045,0.0,16.07,2.439624594249888,15.74521467794951,1.7464266343527548,0.4465413829096041,1.4411432168260023,0.8764,286.9718636899791,0.22467483913382463,18.859503897889944,16.062,0.21251909057168014,0.09153705927733849,0.11243524413469116,0.007928651614380758,0.02238474160842438,258.7611818882398,0.10670904020274954,7.317278050484163,0.03039251254935335,0.010781616427491675,0.005324839079161967,0.0,34.10227596699891,26.74088856508899,5.364685930294794,1.2995891819825776,0.6279000000000003,5.692649199795572,3.466811579178232,5.393555423068414,124.59544837993732,986.6667,29.75529437988691,0.3275000000000001
13.258879531394918,-5378.779323948359,2682.8090329217375,66.91145161916225,6.592067301881917,13.426131007289255,17.752507030193595,29.216472778090655,596.5399167807216,-7.330816703973652e-05,0.12582973425391059,5.967097545683781e-05,-0.004499446353725821,0.0015,0.0004644874577360036,15.753138083244725,4.681370624288032,16.053818017123792,0.8486974003389527,0.4108,0.8273596934019629,0.8025165606715234,429.4129855667737,0.37011094318405224,24.14487088866164,30.141370494156206,0.4892000000000001,0.052025226770311545,0.028663924714966996,0.0,0.0078,420.36770238752956,0.04034155837865294,4.468140524532313,0.046143581745003326,0.03390278061966966,0.007166188411449727,0.0,104.47257696330911,18.60416591375194,7.858774280297898,247.0364039625243,4.496497653467308,6.595135900872249,4.524567364111605,11.049701947754572,81.43880214077694,101.76910625379656,8.472030021948141,0.8176510609814868
8.99999310841295,-4679.955179110644,1779.3848292174598,72.58241801316538,30.380554645253135,15.647373938898408,6.516129214235553,35.26107116721599,603.0500980980762,0.00012426800841488773,-0.051184818817209626,-0.0002844972662306829,-0.009819214806754633,0.0008472476148487848,0.0,15.807219861505642,3.810389385038045,15.7034047757522,0.6055,0.4699701567596021,2.337911674080586,0.8127593401848392,196.9280210534418,0.1840491710092555,20.179910963297402,36.62939077237526,0.16364986609618146,0.0172,0.032385814949001404,0.0023558084298955645,0.010306327130524193,190.5532771477674,0.0175,6.369520190465584,0.010499999999999999,0.27477464035194366,0.004204806839444391,0.0,275.88856684322514,28.94201995096074,16.951458091308456,1.4820645826269878,128.47570838282127,5.16820031911978,4.888431377412896,10.810084451473823,68.17147970975775,773.0799509888552,4.964426672932635,0.3275000000000001
9.041002743214214,-4929.6058281343,2590.4609434512154,71.18981656480243,-12.1527,20.470976172147765,17.67141065820404,34.4687025003511,610.8608432194026,4.9829047387468265e-05,-0.11350000000000002,-0.0005552719802274115,0.0015269614632480877,0.0002446820860769185,0.004182556686465006,15.94080515085413,3.857841359964058,15.790587603261267,1.1285225443996174,0.5007449867975369,-0.20009174844595673,0.8548563942455907,76.0,0.034,24.5793408714036,30.10005109437506,0.08257796750704685,0.13006375398643402,0.021870158030689996,0.2067,0.0078,85.03329213942928,0.1062000541522724,5.64458985771832,0.11906747452794159,0.010469370981428232,0.003160044314682898,0.0012950154989571098,131.36596393764663,13.338878499655245,2.5786999999999995,121.2657024817753,22.259101776812408,4.082555344584008,2.4879560903063473,16.539438381060364,400.0,596.6313135787724,3.6093,0.3275000000000001
4.362385240187776,-5082.533101133114,2487.0875114618,63.15617119223799,-9.711936706025806,38.80663568248586,18.09302442616571,25.814489175735464,621.7489117015764,0.00010093965114249014,0.5303000985104229,-0.0002511160697110812,-0.013009152028630594,-0.002139386084387054,0.0,15.79150074937968,4.032079552346516,15.620219350266968,0.6055,0.5778921820786789,-0.7527400647322301,0.8110537980069109,121.1681744481773,0.034,25.160433404136153,32.360418719371296,0.13662425643087464,0.07411676687925167,0.04581592002623795,0.008683577873756685,0.01022500749057412,102.59124990967229,0.45577331613942096,6.591005322299319,0.020951470898794747,0.012910526884101098,0.005343552363108818,0.0,20.785682293520054,55.59322905216946,2.5786999999999995,2.194699248250295,5.821631885293938,5.210063435249079,4.085588315999065,15.96330921710487,99.61069098614713,434.72085057357936,3.6093,1.812214940877311
14.1879,-5469.998920029104,2854.211785225873,70.32131265889393,-5.317479694927705,16.374833106328673,7.2640066151494,30.30647297733855,619.6710515337531,7.318591060696722e-05,0.02433228775749361,-0.00018318328367092685,0.0012493848930463132,-0.004055032694490817,0.0,15.862104982535335,3.801959405264913,15.627565978869896,1.422220658579272,0.4108,0.3510678854677072,0.7533919938765334,76.0,0.2197538702375275,22.518375429663724,31.167514727010893,0.15169536210092566,0.06447065141081888,0.07262266620915514,0.0,0.0078,380.0688987795984,0.06275067123613917,5.642162794946239,0.017946813378163028,0.02614809959777265,0.005568818525996236,0.0,1.328800000000001,3.3354999999999997,2.5786999999999995,1.9529967606185998,135.3761683137189,5.1492570821149135,3.780022656611839,15.008271508512102,111.33315587383393,204.11211606751175,33.8179287288752,0.5941004230376619
7.213144435514973,-5695.453119234696,2498.9513910210185,70.2516954587323,-12.1527,20.64363450047077,42.63,16.266789606729994,620.273782518102,5.4725848239363733e-05,0.03531921270200692,-0.0003810203072246247,0.0014311222405666638,-0.0008767528776519165,0.0,15.745019078537847,4.042769684980059,15.641188519933829,0.899142309369189,0.5480018885146708,-0.3018624405045603,0.7827479529010336,557.636803235112,0.034,20.688549283061022,29.574590706999704,0.09595757622077387,0.056692266945987016,0.0167,0.0,0.0078,413.2781555613983,0.0175,6.257838845408897,0.024271107706243758,0.016098068390102364,0.0025,0.0,14.488226328409132,15.867711809002156,35.86843140042451,22.0016016035283,0.6279000000000003,7.177130799139937,3.241122853887346,17.95112637410578,135.0382024289678,0.0,3.6093,0.3275000000000001
3.1167581612182955,-4707.246209024028,2719.8015115334065,73.16773855926525,-8.108945358987095,24.252197806783492,26.325722483308684,9.630996088293916,617.5503741188687,0.00033411355678401595,0.0881848604450125,-0.00038439344384310633,0.0004774218443553413,0.00013762900380477893,0.0,16.06927626129959,2.398,15.785333176688557,0.9654337442689489,0.5272480169985809,0.22797571050393084,0.729737032474313,76.0,0.1338926026929709,23.435667577903118,35.030177924832415,0.23563255910699332,0.03308835941352622,0.0167,0.00927235827444494,0.014328915923752896,313.1333003334224,0.12200283749100813,5.576900237249497,0.034350678178089414,0.008,0.004912463272884819,0.0,87.4313264085971,38.758958428423455,2.5786999999999995,22.929010125438374,0.6279000000000003,4.664929750143228,3.736938918291428,14.18519768193027,74.92544305079753,986.6667,3.6093,0.3275000000000001
7.009376744475808,-4622.073415283332,2904.840472999609,73.31671855262209,-11.616636159441246,4.4283,25.901284655049313,46.639894343068036,630.9679675541329,0.0004000000000000001,-0.0901225659175966,-0.000554084947592105,-0.00611719953698954,-0.0016667866761699668,0.0,15.726994717625248,3.024031773446225,15.76939519540695,1.1649714826459892,0.6123101093795663,-0.07263484014750632,0.7938041994794575,76.0,0.15082239143430284,17.661691513398477,39.42908385656183,0.04894232532313848,0.0172,0.0167,0.006209137064237379,0.0078,179.18092072013604,0.0175,6.458396797725143,0.02076145947089132,0.02042705666225206,0.006998626805631225,0.0,33.695541067642466,400.00000000000006,8.97714738452571,16.346203384431398,0.6279000000000003,5.119680654501824,4.388329736431673,17.31642094688345,76.79048689405505,304.090407876968,3.6093,0.9767984822238941
8.961781859262885,-5600.2832145650555,2740.4976795281086,69.97091326985282,0.18554370159169808,4.4283,17.17639930118453,52.88564521313748,622.899631000752,0.00010497246910858005,-0.032110450869215774,-0.00012387784025149815,-0.005390490611895843,-0.0008494795666985105,0.0,15.806848259275135,3.799588001155439,15.892643026199748,1.0216468038150213,0.6164871475269886,0.7652499436216313,0.6810415442714389,76.0,0.08534861694894125,21.59134431830136,34.97394146547622,0.09116915253569874,0.0172,0.0293923985437244,0.008414745870845597,0.009390600262030584,381.29990302570764,0.04183516079057145,7.63164347110888,0.03809106337860527,0.014756807752118285,0.012154852315239943,0.0005051449643366709,21.097716742102886,24.81608920597044,33.23669597320065,44.043473085934046,400.0,4.614951004491367,4.069066379083791,10.59226944825372,53.37822031419735,0.0,3.6093,0.3275000000000001
10.534029905164143,-4983.598249585795,2326.3808142560224,68.1747007542353,-7.497078676404515,12.905849060379902,16.96237159917801,31.56285738487092,595.3218,-0.00010621050958535257,-0.11350000000000002,-0.00015519709316033867,-0.005638454769537271,-0.0056291020087308255,7.582727988169377e-07,15.77418195484127,3.299756353484095,16.09,1.0065217586258721,0.5393631165724763,0.2719311055296615,0.8300409084112732,391.8235617117461,0.8216715974393985,14.613816169063494,28.28845382044674,0.4892000000000001,0.061769109813992,0.04482325516433368,0.007807194971876829,0.018269485120838737,924.4585635328692,0.0175,5.859006391913907,0.16022332486518095,0.03335760032236251,0.007166404653842003,0.0,138.7980959065564,107.83312189596283,60.286750312038016,96.01627348075549,98.20322580138655,6.009672590791951,2.1869,10.382014488249641,78.87885795004193,68.4397175971859,52.2987316250092,2.207880060082511
10.6923681356122,-5129.643074368193,2299.0109289981447,60.2667,-8.112467875487638,18.171504015279332,11.509777614382546,42.915332567052154,628.2274649096552,-0.00013117072644505914,-0.06248932936891633,5.830691050750756e-05,-0.00498556707854106,-0.00026542571341720087,0.0,16.07,2.398,15.635212805877782,1.0128643201485878,0.6468988116523929,1.0636851675178687,0.8640988039633956,485.64273539928786,0.09720817464961977,12.16,30.517125106932806,0.14755171139745482,0.08634768945387489,0.03174212689423158,0.0,0.00979046174768231,235.3488552878214,0.0175,6.913718936332295,0.05125183193526861,0.02488560522498069,0.006065271991578947,0.0,15.232167453557278,161.10858779260852,17.19930659168131,18.632082429614734,1.2415641597407374,4.749618230887297,3.1434568622994083,7.230274807247202,51.09245419461024,593.9027348435947,4.763564064590924,0.7842344018460485
5.683093724815109,-5115.110210163951,2663.9753267197416,70.7948439408473,-1.885673264767116,19.291964986549907,17.757326510116073,42.09235450200864,608.5235356658362,0.0001433449605522906,0.0013722721300675363,-0.00026500645562688207,0.0019494412163995369,-0.009673124273990733,0.0,15.690805614475897,2.6480153342113946,15.793460316550384,0.6855118487747728,0.4438793774763586,0.6010902126375426,0.7882598724493162,373.9102890131037,0.04080010747385067,16.65611203897143,16.062,0.11347633857218442,0.06128808303629666,0.027121354994088392,0.0009015499139182412,0.009045855226963523,216.0106042389936,0.0175,8.8015,0.028046326322118016,0.010867266931805505,0.007861013425225846,0.06285858544059014,32.40345330818412,16.69584491584763,19.2777693517751,141.24873138248245,124.65430546956577,5.296102192098473,4.523426159865662,7.590291578130748,376.3177795421899,591.1233638631686,5.830276292124331,0.3275000000000001
6.904496708388713,-1368.75,2735.4023126158368,65.56191957959015,-3.7793056336791326,16.49953436871819,7.831742179015393,14.662884344765361,611.324923917407,4.5329834675985994e-05,-0.053622798999868215,-0.0005711169911094171,-0.005075010734460597,-0.0009704512694665263,0.0,15.940243528835705,4.278701195692455,15.584232703960364,0.9928854935474829,0.5778602248315147,-0.377307779716606,0.6167178078185066,630.9248608207774,0.034,22.8682269331328,28.213655421409,0.033900000000000007,0.0172,0.0167,0.0023072258179590516,0.0078,44.35572894895776,0.0175,4.0902,0.010499999999999999,0.01883515269242913,0.02174516996748874,0.0,26.629460500244086,3.3354999999999997,5.120839884428603,0.3003999999999998,0.6279000000000003,4.5796120414730295,5.8606,21.686766095566743,94.65800691794874,182.3495680276068,5.9674606324267305,0.3484862813938885
14.1879,-1368.75,3493.75,70.05599450588494,-12.1527,18.487229467619947,11.724487443423865,22.367056470229326,606.8784927961966,0.00010848369214194811,-0.07060661977082217,-0.0003338038127313964,-0.0020797055918839414,-0.000476967467757565,0.0,15.885322457256619,4.585061603721145,15.701349735819065,1.2473841299764625,0.48257931244038066,0.06412075438271048,0.8323033845152372,322.7004234191705,0.22728236084407016,18.693408700310908,29.652444291261933,0.146011640912703,0.020436904526519785,0.04537884575756727,0.0,0.01187914392166544,272.6281754535443,0.1959273615183456,8.8015,0.010499999999999999,0.06612039431854541,0.006266569699679027,0.0,167.93640073430413,9.052606668382218,2.5786999999999995,0.3003999999999998,184.27071170373245,5.168997882310491,4.105681904490495,22.25494797395838,87.4794244380032,0.0,4.605226215092009,1.0501322116908582
5.969479524593237,-5473.30892399812,2442.946802984561,75.9444,-3.9550176065292875,13.020738151850757,9.609093879979785,51.001961859251196,617.2771972621622,9.854244291382749e-05,-0.03169191953027588,-0.0002819762188067594,-0.005673303662104868,-0.0008865297763875511,0.0,15.810181509454534,3.7075813178747414,16.010578867511214,0.9836384437408434,0.41672128850530377,0.5872100171099475,0.7827050893775999,76.0,0.09940865372504804,12.920068374121124,37.69293042851969,0.17969257776414704,0.0172,0.0167,0.003934053709770357,0.0078,335.82597824965205,0.026172516744136565,7.536609388802195,0.028497702099716533,0.04647049224012813,0.005091683349980823,0.0,38.771743979962665,95.19209761470903,10.649261046280998,0.3003999999999998,2.7226266267682515,7.031824739237657,4.32620653044904,18.47284979999276,90.4868623710615,716.332047840428,3.6093,0.8770184154871187
9.459876480437682,-4559.452047677905,2548.7498173783833,67.81836926146471,5.028752122671107,4.633282043025014,27.89719634344477,47.851999574963024,626.7194561251974,-2.5385007980580567e-05,-0.07218218967563661,-0.00015228630177082067,-0.005232386453789446,0.0005306284871049901,0.0,15.719352750063953,3.8585974681033535,15.84566988859298,0.6055,0.48064066237967523,1.0697056272355672,0.7741369625431963,477.7502363688019,0.034,20.995666375026154,39.113176387846764,0.09619504340124238,0.036263176701906416,0.0167,0.0,0.008547355285187736,314.1036697859583,0.035666471858722695,4.263892930654314,0.22,0.016133552269354638,0.006881392297438917,0.020766692585960436,31.93106637309903,102.84368407361077,15.211375722477023,368.88636415216064,0.6279000000000003,5.836482552856364,4.60781419278983,20.55414866088585,100.97180791852587,0.0,3.7380990001360326,1.590309527988545
7.706220251346814,-5462.089910499348,2641.2600386841013,74.05421011685522,-3.31929701368064,18.475716226781238,22.952574493805397,22.69587890291636,634.3218,0.0004000000000000001,0.8854,-0.0001436811975201941,-0.004309184040160804,-0.0009501126054337367,0.0,16.01761008741019,2.398,15.814648714364624,1.5021660717079897,0.42704139148030656,0.3835311328756612,0.7611629264236895,169.9599150091048,0.13379921896489919,18.5808294522043,26.636243657901158,0.10136780715854371,0.03749001101612139,0.0167,0.0011190936550953552,0.009448538975615737,430.4296821162593,0.06163525318713909,7.23398962128776,0.010499999999999999,0.013275121868558733,0.0059192830442337955,0.0,1.328800000000001,43.59584090099054,100.43509993483508,35.65504932449726,12.920296371357377,3.3304860942754635,4.788778589710485,16.73614299934617,242.83189796778547,943.6614637675449,4.927694561445966,0.8463631672409331
13.620814135936447,-4815.261348292741,2656.3195092269093,65.83895643690695,-6.663240972071604,9.169425616128215,10.646021729631368,36.09812380582843,617.052168610349,0.00010150197402534447,-0.07733019586655629,-0.0002640026165681961,0.0028079239794605304,0.0005780731401557353,0.0,15.983496323045848,3.3429413523739955,15.671116553495006,0.6455660325651689,0.5623325425236204,0.24789979838396559,0.6174676840748116,264.8972366507309,0.931,16.465919529978816,32.34489304190728,0.07213537994746981,0.0172,0.04191128160058323,0.0037080896186926604,0.01683318841788942,305.36781417189013,0.0175,4.3378023638086525,0.010499999999999999,0.046480123826016545,0.011439472717462252,0.0,37.821556386156175,32.47590448253996,127.79642489451504,7.549449086127687,0.6279000000000003,6.027459543108965,5.8606,20.400995882547576,106.10803390453327,169.4855277074049,3.7342861084071695,1.1225554423708117
12.494591791162627,-5149.895186743764,2502.9631731433224,69.4769527075751,30.806603069427442,24.094149288530133,12.536870689144425,56.8964,602.610593544445,-0.00013264520033525248,-0.08682040285520434,0.0002845091202606142,-0.008326239003142992,-0.0119,0.0,16.07,3.274563770559646,15.627691479475018,0.9732640030490503,0.4602616157822765,0.8591844847782837,0.7197931274199646,237.33015772528938,0.2621630211789631,23.866610777599693,37.5343911772105,0.1330858732005527,0.0172,0.022412650910859654,0.004735988683905117,0.014280491310808214,184.25342624980627,0.05033964597898653,5.520716061049068,0.02712126149747939,0.03870384005263815,0.008007665999162309,0.0,180.02093820178874,39.76676246831117,65.15910543307433,107.67123019752873,0.6279000000000003,4.716074426032024,4.225523336221787,7.386816741242905,121.09294640662773,6.351558386053455,3.6093,0.7511009441017763
7.74400767198152,-4927.646380172567,2621.564785086544,63.64701280295076,-3.168422271508699,20.150941378484596,16.49986875552688,18.110009955448923,596.0333792883367,0.00010105771556703726,0.07841713806123304,-0.00012025606607668016,-0.0061876097226786775,-0.0002938827612539145,0.0,15.957325932977836,2.9568092142347036,15.671849310081011,0.6426758666014418,0.4108,0.698622947362475,0.7297038918785336,76.0,0.1916081564015407,15.993462408375374,30.179611267501013,0.4169084209238195,0.0172,0.019909349526045863,0.005862091497270046,0.027208121433404647,152.20442262911672,0.0175,4.807276860862828,0.029682969250737663,0.023961807754285035,0.010284354729601666,0.0,1.328800000000001,18.02034425166256,62.476759074951296,0.6560042567175302,1.9404417189901189,4.601720289348224,4.421507630192809,15.699687768302619,400.0,0.0,3.6093,0.41545149195145337
8.813700783231324,-5514.157650527884,2557.778090445227,73.3266012466128,-10.215750634728476,27.422948146254164,24.68884535097002,34.95501688834865,617.5352010520835,9.281912649574555e-05,0.05039326437115482,-0.0005828454978238085,0.0024932861087645832,-0.0005848402239137115,0.0,15.797945052239431,4.276212894980355,15.832019786615396,1.084486633941844,0.6729491871926797,-0.5570506944976442,0.6816480946821513,756.6477567340335,0.034,20.828031249091804,26.87798952039413,0.061784091128763166,0.0626391291833169,0.019251341768002875,0.0,0.008131684172838483,284.17873785395875,0.0175,5.840906066385777,0.010499999999999999,0.035622625578347236,0.0025,0.0,1.328800000000001,100.42854350898736,12.061279116854696,18.469728286707632,15.414831472569105,6.487890114002786,5.574512733343246,19.36174661220584,92.87067157956409,0.0,3.6093,0.3275000000000001
2.7006935852441716,-5205.505598606011,2483.286740580991,64.76409007455688,-4.011038460725583,23.418315874378287,18.689496764114363,8.7636,598.2149075695414,-8.406974859761108e-05,-0.010946159493648282,-0.00011653656563442169,-0.011715710907521937,-0.0008512092181315391,0.0,15.858936913517029,4.131767344803382,15.886776794958468,1.074512016882049,0.4108,0.2971855072898796,0.8204413950694607,657.3764007497837,0.1339846904395973,12.954914231893834,21.358745660548195,0.14862571520470827,0.04964380545817215,0.0167,0.0059962745123717295,0.012035832991115715,103.07542680133153,0.0175,4.977239774321854,0.049281521086358,0.016009308503425183,0.00672059204337209,0.0005234277500530516,400.0,3.3354999999999997,2.5786999999999995,0.3003999999999998,0.6279000000000003,5.287574675797503,4.070775641261409,3.1599000000000004,80.71171963853317,986.6667,5.148538523175144,1.621605516422363
4.022740792481538,-6494.662394042503,2472.0525364225105,67.87360190537497,1.7366657760200268,12.814925208070765,22.517515159187653,32.1255459254513,634.3218,-4.54394310898846e-05,0.02896597988425779,0.00025527637154096913,-0.010654340281194241,-0.00039813555587146933,0.00017501865521610821,15.721617485773882,2.5748266603738257,15.741422648419588,0.607700220631696,0.5642742081122419,0.940283394894273,0.7671480294863223,2636.284217757736,0.11530082211123462,19.96530202405161,35.200791205520424,0.11961943479566134,0.08187121020254867,0.0167,0.00304903882120765,0.013008918748950264,365.1971269736522,0.024470640484390398,5.355528225366235,0.025774318311351893,0.008,0.0033355025031242278,0.0,18.809480828057737,35.853432529265646,12.379074239638445,170.58361581920713,146.17179243517305,6.695973594714065,4.624882262085761,3.1599000000000004,84.11957569935714,82.82789888685642,3.6093,0.6253478447613343
4.432442909699843,-4977.157380185017,2560.413618250361,69.27525606328871,-12.1527,24.715603251830903,29.96670456670504,42.38727241090165,603.7300461482325,5.249464744640172e-05,-0.004301870909142666,2.0703423188178654e-05,0.003414356955782934,0.0006097501686654339,0.0,15.807360314228408,4.2526902235923885,15.616208518665216,0.7210163900901184,0.46835298611677817,-0.20911108382729565,0.7384553087985978,564.3602078329054,0.1155949561038601,26.169523325763226,27.530601629006465,0.033900000000000007,0.12765853452250525,0.07005107658118201,0.0005121123503038287,0.0078,468.2442939158579,0.19483247562610875,4.0902,0.010499999999999999,0.008,0.00622830532604532,0.0,54.967872872385804,50.69945721100406,2.5786999999999995,4.588358130482232,38.65906406814449,6.0019535540024735,4.990635182291633,4.82992189085576,90.90140256092745,451.21121647189455,3.6093,1.4203128956757989
9.071130884962972,-5195.535812770495,2727.8648553948883,62.53741972025814,0.8179914134151249,27.813326236393195,6.4482,46.26247993713458,623.0093794359244,-5.1789204496677447e-05,0.054940913977263986,6.724551458937788e-06,-0.012852137386065625,-0.001952672519824528,0.0,15.901943461644105,2.9935372798993622,15.735605829990648,0.6983022152488765,0.4108,0.6683280904153384,0.7593233754243829,553.9428169962058,0.15952684054157745,17.099661872466143,26.604485188350132,0.14095771685528963,0.11350717036114083,0.0167,0.0,0.0078,135.86790563092495,0.02200031465079913,6.611517401117741,0.014848399690347064,0.020973774921225388,0.006991027495533762,0.0,21.522763894860933,46.70158322106411,2.5786999999999995,12.246284493918271,204.22217565444794,6.118064692109617,3.9218853506542795,8.23263871551621,99.30732038677112,0.0,6.698532276292982,2.0620757418434246
8.286653939912158,-5687.006949698284,2282.702716591706,64.0278998269082,17.16432817366157,16.19755068234994,12.833837211194734,56.8964,629.026717991085,1.3437607531402763e-06,-0.0967015656893572,0.0005212890292967663,-0.013442356585253704,-0.0004089893991536703,0.0030203116266973736,15.86230805621316,2.398,15.869832967453236,1.2465253197922535,0.6712708772779513,1.132286069807998,0.8662934307050272,76.0,0.034,23.02620787438277,17.730710394844305,0.033900000000000007,0.0583053863356751,0.02439375249671661,0.0,0.0078,37.027000000000015,0.021572844061415165,6.39340383485392,0.02030776990706682,0.017837479959355106,0.005510463067118112,0.0,1.328800000000001,17.20751830870705,6.272437208446069,0.3003999999999998,189.2587214894236,3.3303,3.2238141090470833,12.791240701889162,51.50788408880236,464.4709931047963,3.6093,0.9470239366317302
9.556042954536693,-5390.298269726809,2542.8290720112605,63.974712653110615,3.7232941554625407,22.744487004887517,26.41820149809092,34.499420916276314,629.1889302109456,1.1763915432677757e-06,-0.05839911121444533,-0.0003129938265287228,-0.004069096817637272,-0.0012113923063774529,0.0006434264084428228,15.820332884182672,3.721239828531292,15.77657722580337,1.3360585265941398,0.43883680755100374,0.5834208743057965,0.7764180202218501,1313.7157154726779,0.04610766499441114,18.172905778030884,29.546417418071066,0.033900000000000007,0.06899952738840869,0.019916293673106846,0.0,0.016168460245143377,179.76753523598435,0.0175,7.300730110894337,0.051207083691266045,0.01797549903909801,0.0071616500681160235,0.0,40.72354066950229,29.32639644682655,346.4757668705034,13.483699478615954,12.722574850440964,6.603275826206195,3.4674643385237154,3.1599000000000004,199.57989981557242,677.4345372204593,3.6093,5.880990494578466
5.120698491256334,-4924.339778575621,3396.6194185360546,66.4890280512815,8.275720555127561,19.20443750000393,6.4482,35.38934672190501,604.081858949813,0.0004000000000000001,0.006664901312347835,-0.0003065117044898908,-0.003001880909003567,0.0011677290906025597,0.0,15.898622495054825,4.145523148905697,15.737561032023104,0.6055,0.4108,2.458,0.8067452880681913,76.0,0.21062173512487578,22.718917066598184,32.13454471404472,0.1374581056937953,0.02043710835976815,0.0167,0.0,0.010298804437386597,37.027000000000015,0.0175,5.062916680133835,0.024293675881999658,0.018384154375460225,0.005851668763688137,0.00087039947238699,56.24627457939018,3.3354999999999997,2.5786999999999995,0.3003999999999998,122.34786982594098,6.39415512707718,5.031024115712811,6.604091187805649,24.781379831956468,873.4676593384163,4.0631653347161025,0.3275000000000001
7.7806677221113505,-5709.509545862469,2511.114724548109,62.7470413711187,-0.4488277219567536,6.988577975662424,15.990270249653953,34.017283533775824,613.3085105358876,0.00014054356163632466,0.013490505216153133,9.598776042361518e-05,-0.0011943835118171185,0.0009329572480019416,0.00010073233026973835,15.797120314265715,4.138237336720878,15.728014071485175,1.3639492783700078,0.4959291162372541,0.6342541842523615,0.67177236743198,122.98498686226162,0.24995417456655078,21.347202250114783,34.66585736984953,0.2258378262016589,0.07297495556167491,0.05194704241142114,0.0,0.014112751996225253,287.6432898231215,0.0175,5.847966424014127,0.01063403872034255,0.03489296083731972,0.004240829891966356,0.0,37.26410028621761,302.2500852349706,11.86365609000411,80.67790591351776,0.6279000000000003,5.085174801293629,4.020848720827239,8.749589841475558,79.9339579610579,986.6667,3.6093,0.3275000000000001
4.884815452728345,-5526.368743990303,2633.4015233462865,62.83791569384213,-5.57089138303083,28.41213829839632,31.518021673083418,9.468398871761455,632.3007795833066,-2.583899048550513e-05,0.06921684861038849,-0.0004370288437394646,-0.006187134969586675,-0.00547256403150883,0.0,16.07,3.2648819728100307,15.668475097840387,1.144364496384661,0.6372149268621279,0.3140528198219311,0.8049686228253952,409.26664909778026,0.8386968661240929,17.143566706300593,26.144138996108293,0.12958327708238096,0.06359078608489768,0.0855218340077181,0.007109979026766779,0.012487669465969155,1200.5425977176285,0.06276446224116891,5.5581773421031535,0.02973030702406919,0.008,0.014771951022831131,0.0,30.731545895406107,31.642568991778084,17.205701473133324,0.3003999999999998,2.9029941069720993,4.357667453284927,2.1869,22.106193766218524,40.408502622814225,986.6667,3.6093,0.3275000000000001
2.2493,-5348.335410596727,2685.83019881961,67.77136457916019,-12.1527,10.213016435497146,15.636775783314047,38.407476871603606,622.288075310888,7.271725962058801e-05,-0.0044046886481072306,8.277790652999632e-05,-0.014445192897006753,-0.006726321574903406,0.0,15.72442435620538,2.8563711716094136,15.724816021864028,0.8869413347513128,0.5051043611069065,0.7453468990728247,0.8597344712865648,76.0,0.05065417555005838,16.31300178102454,21.231793133532857,0.23867815454636748,0.17367103533852107,0.01828574335205577,0.000551606325683804,0.014109307290915104,156.72359135579075,0.03651342537439288,7.505734235263126,0.02544862393491404,0.0149542610316291,0.005254283894451084,0.0,119.1311675450983,38.70572323089189,29.05454568955962,1.2081096276330445,0.6279000000000003,4.809773786565087,3.433336568348552,15.891174881767217,122.99313512195542,154.80021946782438,5.50077795114721,0.9873136756835436
11.845226433736903,-5063.393279235361,2796.7243839379566,70.95709378350712,-12.1527,26.252585185090368,23.089382899385452,11.103364262435699,628.2007301686571,0.0003106214605783571,0.015858262742965038,-0.0005018715768077794,0.002840315989557942,0.0004799033698743572,0.0,16.07,2.398,15.672279098681921,0.8220167308338799,0.4971393063184161,0.7334599678107887,0.8196458515544572,419.4081946701415,0.058811555486987924,16.824999166488517,28.57184403190726,0.1545926463812943,0.0172,0.02113111001145004,0.003630280288213618,0.009766605247417877,427.93618974724484,0.0175,4.9920020003425085,0.010499999999999999,0.02582690915356199,0.003925761598003571,0.0,27.09121083085556,3.3354999999999997,9.562998439521436,0.3003999999999998,42.528934349817206,6.6057089005671115,4.256300521766837,20.93676149383354,100.08796029940768,623.8715341364425,4.288438787311256,0.3275000000000001
9.290314107246413,-6718.830296495907,1032.9625800958881,65.22213808842217,-12.1527,6.753082113750428,6.4482,38.49692521810679,596.3687823614778,0.0003211247618829013,0.06353123412038014,0.0019147733382873127,0.0011336409344737484,0.00033602513784442104,0.00027786227699851015,15.78351147474704,3.002504632419506,15.713532193409986,1.092231146164707,0.46804789477039965,0.5460691362904926,0.6664581520038776,597.8048281407401,0.2542198389055932,17.688832310772725,30.432653483811006,0.14273986378257464,0.06445177483061974,0.048276444792832045,0.007537389563696222,0.009338193591894193,1103.2672614495518,0.08501683275814588,4.263085172783028,0.010499999999999999,0.03213397529168597,0.00555873845631598,0.05295607905041805,117.48860587242214,109.0972321654605,2.5786999999999995,9.457060398476354,0.6279000000000003,5.426437956762613,5.166240354009315,3.3101319230928894,250.25346424259652,161.34681857229458,4.415444357800713,1.84538551552632
9.098143501465637,-4799.1769631073585,2579.3184476283996,68.3705169159208,-3.557561004807319,16.101493675649138,20.776506494762362,11.218933163956867,623.1713082369915,0.0001358583083932617,0.8854,0.0006824213891684397,-0.005789820272936271,-0.009510153325295926,3.801974996568084e-05,15.776382866372066,3.159626791741238,15.783013460178424,0.7261629910354105,0.4603586592267013,0.6498752068151523,0.7890930127507672,2740.6039703021065,0.13811826658915682,13.294929516974538,32.54592191616449,0.1291173010775048,0.0172,0.055501641318930546,0.2067,0.0078,162.60187434847336,0.03224105189918522,5.528821023723134,0.014726151343055932,0.03696322741954858,0.00870146620916409,0.0,173.6930519346251,26.64077113025409,2.5786999999999995,0.5930823161650185,6.573741364075838,5.648881583155761,4.904227785434334,9.903296583801389,55.36858570489354,724.665846765696,3.6093,1.318406983379207
3.71027681776176,-5155.912954928488,2338.5422591552397,62.335188953493066,-12.1527,16.58548593510458,20.31176378427458,23.274940064373844,626.9341535509343,-2.100302797665394e-05,0.05149038049438815,-0.0006885518406909531,-0.0029955648831614546,-0.0008620755192227145,0.0,15.96339641866448,2.534306349925412,15.54,1.246199549003197,0.4108,0.2223685393423952,0.7463297876347945,76.0,0.1270625080756439,19.88008913595268,20.306176962030303,0.4892000000000001,0.05816989006580964,0.0167,0.0,0.00841981143579496,2005.8744,0.08676776261159162,6.942304188570989,0.03850434821288876,0.008,0.0031117891422142224,0.0,11.40593922420938,33.74451328712548,2.5786999999999995,19.17103515241877,19.00339311258373,4.760059339034653,3.7884618533637653,36.044845345643886,400.0,766.0799174520982,3.9085866687240847,0.3275000000000001
10.079461262288675,-5549.69315191898,2274.911515385169,67.59024136162108,-8.726393046102165,24.7272480879113,30.438746507233354,56.8964,595.3218,0.00018345265415848754,0.08596309216371445,-0.00029636807271139363,0.0023501254571363893,0.0004292227977902566,0.0,15.815373559505698,2.398,15.725582042936354,1.867,0.5097474620114724,0.7065342726237385,0.7209053393281275,504.7855605683975,0.034,20.832398778313102,16.062,0.15667329481260728,0.08540374926214546,0.01934237444551875,0.0028459017596759993,0.012388328230660791,37.027000000000015,0.12677627946912856,6.720211339217915,0.01270779119038021,0.008,0.008123650055581647,0.03322477035163034,210.76661377526202,37.980268147108546,2.5786999999999995,400.0,5.421328573600543,6.187446901252424,3.222904788262213,117.22438496379709,155.17684246953516,67.92788779228536,10.912808924608793,2.3748451183895884
6.8852400592558425,-4902.129783462115,2796.880467966947,69.43290188443302,2.231216058763158,48.19980037747665,19.647287012462606,34.437888047499555,595.3218,0.0002603682791703859,-0.07897510971446567,3.0534175693815924e-05,-0.0009526961513897959,-0.008501542931787124,0.0,15.944153558792518,2.398,15.82211611218331,1.0832386523168414,0.47868499010781107,-0.4183596711705183,0.7583023064945765,233.75023887900818,0.1664694888488951,22.69475681119294,29.83299734591676,0.08524658452091474,0.10431662049637899,0.02114592815375643,0.008067523198197282,0.01358474053758333,242.58647711835468,0.0175,4.143113358601761,0.010499999999999999,0.017511873976086615,0.0053376448788556435,0.0,67.68101429016968,29.52855525798841,2.5786999999999995,201.38382253989002,2.7040573981140783,4.380352978595554,4.013546902401776,3.1599000000000004,265.2390724974666,986.6667,10.367692768823447,1.0106895115825507
6.442107592980089,-5589.513188165747,2258.601599779776,69.17629183200661,-10.003337137317073,9.27653393751325,21.81775399571491,28.23663146959231,603.3588048785051,-3.3718046365223785e-05,-0.015780706536738926,-0.0005437160293521979,-0.002288937656250438,0.0006935113321218953,0.0,15.853878373969707,3.2896984671109566,15.865988965352049,0.8928913522822689,0.6414942511439108,0.42626721511924726,0.7349645972932043,76.0,0.20760917705690024,18.597503131644693,17.327665760006596,0.14742638708864528,0.15080985647822595,0.03445343813926173,0.007410702219820403,0.01054372315970167,198.46626319069128,0.01976950842096417,6.271138193186183,0.015732169538785423,0.02994934337882111,0.0030704125262741985,0.001667241829056819,61.80070777356107,41.21584620922856,20.044440863516172,0.3003999999999998,4.894808600160693,4.550071201065691,3.457476755148342,20.111864270345023,64.78291269419088,983.969723788721,4.579907688819625,0.3275000000000001
10.720782549844618,-4987.477006804062,2737.9489933822656,66.25449744153246,-7.857032303829131,10.701630104991136,35.642461560706046,30.8383134944022,624.4669989953509,0.00029707813355421195,-0.11350000000000002,0.0002667122961315695,-0.0002389804631105774,0.0007412433281030871,0.00023253295585448484,15.868236721661106,2.398,15.722077011164874,0.6200501054982679,0.4108,-0.15134569016335275,0.7873858498473474,530.7554774664678,0.28695583161508786,16.620519891000143,16.062,0.44348660869175016,0.07372309059834768,0.25340436019550705,0.0018820427342221549,0.016554730136039177,126.68149865053687,0.0175,4.364283180299712,0.010499999999999999,0.038602003453639545,0.006344339284555182,0.0,29.364879372731185,3.3354999999999997,52.52506264925862,106.95045808869638,335.65152127082905,6.081523881359916,4.812450614288197,13.495468088435784,167.07295897662058,181.42604891163978,6.699338767209811,1.9616846767875256
2.2493,-5430.238680637275,2733.912686568558,65.69858866867172,-12.1527,8.636229358683906,17.806921007970235,35.43483249031659,631.2072883607086,0.00010061217554499161,0.5827763554547992,-0.0005959797146504532,0.002493541853411267,0.0012045900142672783,0.0,15.741337019383357,4.009031329585245,15.69719959788165,0.8507642670962885,0.512335941080281,0.4353934524556745,0.7378067606597927,76.0,0.09945193422358514,21.83139654664285,28.36238071598699,0.12786119612471536,0.08732985870595056,0.0312397249377838,0.0,0.0078,406.5756610438806,0.09457997279221778,5.981385659276884,0.02779630951863769,0.013811767805442242,0.0031606207031824834,0.0,7.612616641056514,3.3354999999999997,6.1057162406006835,94.80525082051264,147.34315022188036,5.850438156484373,4.295490804964184,16.831984876499906,39.75859814859386,0.0,8.143067554429006,0.3275000000000001
4.542129135750915,-5592.65355768947,2510.8531118150822,63.23293934982017,13.1509879542914,8.835894253340964,13.790675278238242,32.131021631880884,624.8780567607371,-5.5794559870600416e-05,0.080407630360387,0.00014255125880252513,-0.016,-8.179215662067711e-05,0.0,15.95978831872563,3.1501263575636176,15.682869567356027,0.8637007774455829,0.4108,1.568067284376215,0.8432990962175975,107.29055352790965,0.034,12.16,32.334329663063656,0.27331990463610123,0.05209908157853904,0.03165068743467189,0.0018334675580203392,0.009204314002474921,530.10713478044,0.14064412360031148,5.673667341823722,0.04576329769836088,0.03755312282738414,0.0046527722978242664,0.0,127.96325800972429,22.00583992036598,2.5786999999999995,0.3003999999999998,8.426147874242234,4.9546133333001405,5.433328977227438,158.1332,400.0,175.19112576236614,5.100318405957375,1.6691772034525394
14.1879,-5132.37725505165,2539.5172977917005,65.854300319022,-1.17476701949326,10.435309803365962,14.034619659953357,35.95442324654506,602.8662955178762,6.221650418485855e-05,0.02142807685457072,-0.0004575783878267645,-0.0014467818048200104,-0.00017646268044834692,0.009085063496397436,15.972641229483388,3.2101918359980233,15.742593373394552,1.1337785052696139,0.4108,0.04151869132901975,0.6703190295339602,76.0,0.2171644895288383,23.974678653068203,31.32270150749674,0.16215208565033562,0.08007870061645406,0.0167,0.0004069947771655868,0.02417134128411555,279.16963005079776,0.020485422713589607,7.442816916108163,0.030660841374873626,0.012717002156333219,0.005935700755713608,0.0,204.9211637378439,20.277204680395553,2.5786999999999995,0.3003999999999998,86.34161668486068,5.7539614824121585,4.166086735488368,3.1599000000000004,102.96444750308495,986.6667,3.6093,0.6699819783982001
13.856310405780558,-5431.763507070507,2734.375846800499,66.73980103045953,18.182696709288916,26.039418081513155,8.03060679295477,40.86285520057657,627.1552125202107,-4.7229624221116506e-05,-0.09581087573376568,0.0001942774738195278,-0.002579493484004226,-0.00023395162650767743,4.056094175081647e-05,15.857260740937352,2.9113107993181666,15.780122470402794,0.7062127429462489,0.6467635411641963,0.8617216325415202,0.782637183721577,342.06918102104817,0.2333557465669781,18.943848126911952,16.228946611973676,0.26186161025219246,0.021253089955985516,0.027174924364386767,0.003137641233263045,0.007913293761009833,593.5413896994726,0.06860899007167114,6.220474547578183,0.010499999999999999,0.041905235904991595,0.005244540434973199,0.0,159.08779114460904,12.849941713652843,5.353009265613558,0.3003999999999998,48.76165492295954,6.420205073649209,3.1152121279899356,21.953327977218507,122.83402350626056,986.6667,43.670073107031236,0.3275000000000001
7.246351060189644,-4716.641425079484,2681.583100532015,71.3256021143827,-5.0135067446916395,7.886112310533791,6.4482,56.8964,634.3218,-4.544645342132819e-05,0.07444731114194189,5.574655638143076e-05,-0.0031804756316282136,-0.006711180758719927,0.0,15.800710944921288,2.398,15.63162908547317,0.7498411864253088,0.5187636840658775,0.4109460501473621,0.734161560579388,367.32475496599795,0.034,21.08221620310573,42.781,0.11072875917621523,0.0172,0.08628574463711478,0.0027503070531012435,0.00971722919526859,468.624138016075,0.03709102865273587,4.0902,0.06092575851461175,0.03441150672582562,0.003903182428098852,0.0,22.492818324112537,44.54633652200976,2.5786999999999995,141.17580742889345,39.52677895102557,4.414257839361181,5.014456631567973,7.158635274865844,112.44268861713405,986.6667,3.6093,1.6729815480602976
7.852106464477537,-4994.18628805,2614.6540501492295,67.75296948668226,12.208058497191859,9.916091109082174,25.82625576229844,39.49485787335037,634.3218,0.00014676454889995098,0.004473675887365387,-5.179573558326148e-05,-0.004874861722973693,-0.0119,0.0,15.794812122536818,3.924794341937819,15.801797665447891,1.1816462122486355,0.5416623980261477,0.7458880031766193,0.7107707165904993,338.0013968433225,0.07409277024622574,22.08240758786711,35.0840859576962,0.033900000000000007,0.031063959395690052,0.026164473079472457,0.004243753862531747,0.011442805378820635,37.027000000000015,0.07314327073627565,5.410296640112561,0.03169630853075449,0.01931761230549267,0.010333158756787846,0.0,1.328800000000001,10.406849318118256,12.171183762762961,2.564387950541782,0.6279000000000003,3.9146879031299067,4.286395814127965,16.352970682132995,86.81090754727245,773.0098548452794,5.667254360412854,1.7503914378515273
7.393883584111922,-4634.159967336918,2595.097988452771,67.74715607286988,7.391780976257245,4.450137990995296,22.060336808622925,27.265964851566032,597.5662948724266,4.282969811950236e-05,0.05087534227372232,0.00029337311848772434,-0.00010931445951729152,0.00020575189022670973,0.0002402000644426336,15.808768117881613,2.398,15.805947230926618,1.1926435168139227,0.5361595910217788,0.27281158825492213,0.6411539679542082,468.41973860063945,0.0912721578737971,18.98301600547996,37.65702950512386,0.044622973667962855,0.0686432048655464,0.06066423287475092,0.010805828489199027,0.012286158685686242,142.25990160867582,0.2822625393697671,5.834230545105333,0.01645703358059327,0.042045463857660156,0.006145473425884949,0.0,17.559383915714314,26.184310740191222,27.921943890656436,15.61310365712128,0.6279000000000003,4.4223122703100035,2.1869,15.230496436285925,83.29654653353066,272.63633897877827,3.6093,0.7049227787999192
12.171679489146008,-1368.75,2818.6678635899084,69.41390645161832,-6.506627384459053,18.146092168425113,16.815252897446427,33.06450542966249,609.0855738082374,-1.4779810304207727e-05,-0.11350000000000002,-0.0006573634861505637,-0.006338092690313863,-8.229556716227481e-05,0.0,15.835167045350833,2.734158111333791,15.860928272249078,0.6108029675203612,0.7785641203873369,-0.5811546709969068,0.8311356243187468,3952.8131921649842,0.13027027797666108,17.31813782822691,24.481442734171623,0.1870442048425877,0.08201948267672357,0.05213024813747351,0.0,0.010902509135324649,295.4304444287395,0.04413493491510419,6.1753806643509375,0.010499999999999999,0.026501713968906413,0.007341360772799298,0.0,41.835531597460886,218.28163476700533,8.116613644877358,13.169104161179291,0.6279000000000003,4.561866604763668,5.8606,13.97184693926405,348.5359886529139,542.8269224417093,9.592180982931243,0.5386209705736575
5.769862837911132,-5478.118279719821,2968.8407010590986,68.63780573452287,-12.1527,9.639535383271209,22.447644685119887,33.56277329181397,624.810564639597,0.0002795183144007224,0.0022242038721702363,2.100835010697389e-05,-0.004796634420406054,-0.0007735681382698191,0.0,15.817959896252209,2.398,15.745436179396647,0.6935699751732429,0.4108,-0.22370613715084708,0.8116292766064276,80.21561145526016,0.10517411190911607,17.94161258203479,31.211448215348987,0.11783564441695041,0.0172,0.046506920286581994,0.008540972199170157,0.0078,1291.9476142610924,0.1701642104508791,5.3544538993254704,0.033180468433490755,0.04021682859033503,0.0073613576239736885,0.0,29.28297932841469,3.3354999999999997,22.398775179398697,400.0,0.6279000000000003,5.548681581587268,2.8136692854963705,18.675662363083617,46.28698443832396,187.37911272217423,3.683277627238322,0.5051073852095815
5.044970730646718,-5497.0394212824995,2576.1492133052507,72.70723167781803,-10.88368743886119,26.307028016506823,28.792806808936618,29.213547001962834,609.5027113461533,1.1095296971710428e-05,-0.047537617582915824,0.001173487412028262,-0.0001282204908898514,0.0015,0.0003948976466328492,16.07,3.748761460572367,15.853965384285365,1.0573475620192045,0.5603935986284106,0.110271853814076,0.7661925400775158,440.394122057388,0.16443701748249742,18.20081464006589,16.062,0.05135871138435823,0.06795584093333597,0.04858562621748164,0.008390491856213475,0.008556223339666918,360.8536008143436,0.5255,5.623918488812359,0.015886312597972498,0.024055729243917228,0.0025,0.0017546608121461874,223.12863466073009,5.298147515811355,7.6096023971831155,24.154043714707473,8.283150120461604,5.578159230492559,2.9249793567720004,4.402853733006775,31.127078458457444,986.6667,3.6093,0.3275000000000001
14.1879,-1368.75,3354.3893004597294,69.18950874510669,-9.216589321451861,26.297636950361543,13.336833748515234,17.58852125626541,595.3218,5.0701583725715e-05,-0.0168489328915061,0.0005959264500883178,-0.00534154021958934,0.0015,0.00042477138596922663,15.863195315801766,3.536682729963691,15.936105332700238,0.6055,0.48875783386012006,-0.06037620761979379,0.800146550824235,553.4733477779895,0.931,26.21355628701147,26.145836835393382,0.11470078182482979,0.05771405088154434,0.019915719796499795,0.0054834958826550945,0.0078,171.92597947094777,0.04078816978667689,4.838882939380164,0.034141091539368965,0.017874484230670153,0.016429606657850135,0.0010024154121747756,48.380389305084655,20.53870077920654,2.5786999999999995,83.61058764130448,133.58159695252883,6.19895402451193,3.627784341419684,3.1599000000000004,30.211381910181288,0.0,3.6093,2.0271822206037204
8.86163341490297,-5118.652446173847,2705.6624878217945,75.9444,-5.521671840273054,17.490951971747126,42.63,35.27621745610161,612.5458124369464,2.2883131592249878e-06,0.11770937215147018,-0.0006262170603717826,-0.004574950842737272,0.0009641882080775301,7.916586845865553e-05,15.657045058639532,4.603341531670678,15.759056024988736,1.1627620045545644,0.6754279438748103,1.2089668163990155,0.7754690975429253,496.0152783368578,0.034,24.779851796148982,27.182750390131655,0.24732940577372503,0.042494868898509564,0.032514940288295144,0.0,0.0078,262.47553990629507,0.0175,4.0902,0.015326591060400043,0.008,0.0052270731963073806,0.0007463914305362264,38.839370408737416,194.2545401769801,106.56705504042003,371.3107430950601,271.58960011075703,4.002185517088678,4.946100995921423,11.09447204294858,18.0064,469.20330986979064,7.511817964321724,0.3275000000000001
11.541413890229942,-5021.814966078768,2870.4188770620995,65.97372401188079,-4.794265453048924,4.4283,21.057064287785703,25.15763917412717,595.3218,0.00028092422920960377,-0.035648904191699804,-0.00027533296131177783,-0.00120957561076121,0.0004523630348292737,0.0,15.923343506904942,3.5269617422886426,15.729038182856115,0.9481673083143141,0.5165523889238851,0.4985900827119565,0.8136859618836988,240.72695309177448,0.931,22.82699038068351,25.814923428551715,0.21512809398266505,0.12967080648322363,0.0167,0.0,0.023807688584890296,400.35399127247604,0.0175,5.984013493023408,0.017689488289559255,0.012509317335895427,0.013438402945107213,0.0,210.7799689913692,3.3354999999999997,2.5786999999999995,0.3003999999999998,0.6279000000000003,5.423683259600878,5.8606,7.9193714026352975,93.65874415646394,791.0505537057683,7.6678820350804155,0.3275000000000001
2.9791266873011804,-5462.7286120735125,2620.8404962970853,65.78170974185335,2.7421450687075692,16.291148737963287,21.083445576887147,25.02720146250438,634.3218,0.0001349703532148191,0.0864588136373321,-0.0005560210242858078,-0.004816012929176726,-0.00034329272724928204,0.0,15.793671800352973,2.398,15.81682725387353,0.8815090809434872,0.713412058988778,0.5895851310859523,0.7802828950076275,162.54241818896168,0.034,24.682474321827478,35.05829367811314,0.16866365323507002,0.0172,0.0167,0.1980526340782795,0.0078,279.0080314396092,0.0175,8.8015,0.02470366548119887,0.008,0.0031808441739422846,0.00030218136695503526,1.328800000000001,26.665293477668932,13.885104505343705,23.29910385704023,0.8727486434148126,4.733695607020314,5.540352936786705,13.251052217385906,91.56537783749457,247.06671206698425,4.255550407311076,1.5411720171712777
5.410555306460173,-5763.625725480694,2414.965895101597,74.28502757568288,15.151676806895532,25.37627259715333,17.548376563788132,46.05639410779865,623.7322830096559,0.00010109805458874031,-0.11350000000000002,-0.00022034764784464433,-0.0026300932125490947,-0.0012918289952137778,0.0,16.035320113726737,3.302469412613165,15.619843631229955,1.309372432314667,0.6562760959037376,-0.3028558632130305,0.783396931087746,348.97116760754193,0.034,17.593949322037272,29.178878642109964,0.14420627847338136,0.058994130281675855,0.039662613348282846,0.01108075328805635,0.0078,418.3091782899352,0.03355541122389717,5.855752752147814,0.010499999999999999,0.015998316634862786,0.006746572262024466,0.0,117.9783012975856,400.00000000000006,7.801537829862702,28.53543248844506,5.201109161284142,4.149160083440493,5.8606,17.926238504085397,269.5376904075428,249.47348307259531,6.436669200931219,0.7646992677568077
12.144101279087124,-5088.171090313016,2713.361015775517,67.51039809621753,6.181211777080417,7.112976300434354,21.8331906335911,27.988203669684687,615.7713327248799,6.749740820196669e-05,-0.06105071724228324,-0.00037451847866783677,0.0016562676904740038,-0.0007487024040542828,0.0,15.837114866651493,2.398,15.77025731557867,0.6055,0.6398648061648933,-0.32743301933049807,0.7901977264336194,646.27108117471,0.06332999195951729,19.312077436416757,31.193775106658585,0.11587764239877849,0.06729900682078503,0.0167,0.0,0.013672962118593453,778.7870596220032,0.0175,5.928259500401203,0.02282771779225945,0.013506144939996852,0.006352648211536256,0.0,11.566243498585717,8.064511827758833,30.846121646209014,0.3003999999999998,36.380748094738216,6.872048318000397,3.9203715117221125,19.771729724635104,255.12833506050185,0.0,3.6093,1.1699805067743814
11.028909116492343,-5727.455552368605,2291.2636813130252,71.59727642009709,2.5183715362120296,27.61717627749767,15.37559967766127,37.44038551643077,616.1340329825163,0.00010152818628307643,0.06452662292798589,0.00013334649262866823,-0.0052120740435928695,0.000629998138286309,0.00032550209758846235,15.815048847787345,3.30980220624898,15.810260435755886,0.6784931954867658,0.5293335530065653,1.1541672138592498,0.7487965276878046,289.3863244855476,0.034,18.732271616438965,30.290266211562287,0.13519446917414873,0.051082350333347,0.019905701567739364,0.0,0.009494969791611598,939.992748336766,0.022785440200645664,6.549082628930142,0.010499999999999999,0.046847720893186395,0.0025,0.0003432790141753774,142.29022246559884,3.713452255066933,17.867136156012037,19.31703630617926,203.10647007051395,7.2903,4.859335426572231,18.985539342636205,40.64590063789035,0.0,3.6093,0.3275000000000001
8.245525507446931,-5285.472325347484,2936.947147196731,66.08828595246656,11.922116210166612,11.174722250009424,20.355818453144536,36.415955407874485,618.2251479909446,3.610339482150701e-05,0.003740269443778876,4.0110561722901016e-05,-0.0066257576282627295,0.000562484765613384,8.986273643507861e-05,15.947120093507074,3.267920737836881,15.872619592052114,0.7185445086174351,0.532636988989395,2.0850137700989704,0.8714344641926421,403.8734214448123,0.4709334503088366,12.16,42.781,0.23392917854998185,0.04434168151499733,0.20528029540806705,0.0,0.009485183809569014,229.47786829464303,0.4754907934503432,6.298491744758085,0.020960358438131304,0.05162236384430282,0.005774416665016783,0.0005921246632068693,50.33040932350974,49.35449560231497,2.5786999999999995,97.19319988968817,8.541105486883078,7.171684058899645,3.347851358396727,12.617248342529203,53.74900654002872,986.6667,8.41457790567578,19.03510173122439
5.729477612061343,-5112.9600436617775,2890.521738431965,74.26877082969517,3.9031712406171213,14.805357219437818,6.4482,41.220345435432165,613.1385754285346,5.3982827854838215e-05,0.010358176537021131,0.0006664825252249325,-0.002284023024379059,-0.0002525430966282177,0.0,15.796799031142944,3.2697946396071247,15.826576062007247,1.2274422782831411,0.45706181609706453,-1.507667721819176,0.7930528130801674,253.5600910533051,0.2883959959970358,19.660148432716106,21.040990780653036,0.03634275528319685,0.2717232312369155,0.031115091214650562,0.004003935645760479,0.009694477122135996,2005.8744,0.12043750845695247,5.487448475495629,0.010499999999999999,0.014835482766501599,0.005839003399464814,0.0,7.179295419243296,3.519068275962013,2.5786999999999995,0.3003999999999998,0.6279000000000003,5.035692634875579,5.8606,31.221958676681204,87.03986948840972,986.6667,3.6093,1.5631404889662757
7.8525186980446104,-5279.979703011697,2537.986098453226,75.09463272000475,20.081580607066282,22.86406464682635,17.845497951240617,30.83251182179047,621.1217663302859,0.0002708329882195772,0.0017652215835835688,-0.00015221571631329804,-0.0016227163496536322,-0.003463482800813829,0.00025954654192499526,15.781019513882052,3.772147582192793,15.86148025303183,0.8062957718700915,0.5962946563982966,0.509261818147124,0.8051914052541117,595.4372414445776,0.048270093663365904,20.351347042548355,22.02139737490678,0.06404907997744144,0.0172,0.2192269717039998,0.0,0.0078,65.41808101957673,0.0175,7.099310781392742,0.018454581009045144,0.03870970461314016,0.00726243100026925,0.0008862046652142862,152.23964858320738,247.65009719533757,25.733865332174727,62.332619216643494,72.5322479295234,5.276348846531166,3.5803493934032327,19.85831643720369,33.9001609062299,163.54577468894115,3.6093,0.3275000000000001
7.296841023858599,-5519.056893868815,2438.953831595876,70.73662230565434,-11.318793008248885,24.62073651066304,27.94631180598378,36.47884068919105,627.0447978311691,-3.283053910633818e-05,0.7568621102604951,-6.419104668202e-05,0.004267248880788093,2.1454987836504492e-05,0.0,15.74203064262903,3.676515869661641,15.938027619691976,0.798735680873742,0.5790303814057911,-0.13566082687352804,0.8498959139538289,544.7743045636441,0.034,21.660231438476753,25.19417078262925,0.06141806657108215,0.05855159677695373,0.035864303572763365,0.0061615443063168344,0.010266195046046719,243.95826873872028,0.0428359210013091,7.096807744275708,0.022948334309952138,0.01708205984077764,0.003892234870854104,0.0,9.440632132745902,16.032903435106505,400.0,32.54517216145555,14.190900661908639,6.967604080055171,3.2224657094953866,12.461077827815963,105.00391931718232,986.6667,3.6093,0.3275000000000001
2.6194660530319016,-1368.75,2596.864327671392,71.6377227257845,1.6874321027090966,41.61464443499266,21.507015529999293,28.615044939139175,617.0270868710156,-1.9617980227125216e-05,-0.0066228472259855994,-0.0003136722338915426,-0.005493441052884368,0.00021610207636065014,0.0005586029520693016,16.07,2.398,15.879689831413915,1.2357252099798184,0.5718453388252254,0.6260939813353561,0.7416086610509062,76.0,0.6538870620752391,21.214292692545936,25.85863271112882,0.052115821543141386,0.04015486089102795,0.03195021599264054,0.006073119450593009,0.00949627324875163,968.768246435524,0.06886313122451312,6.445892362411433,0.15700900541275686,0.04178421920491382,0.005029522713632251,0.0,118.74424435478414,342.3737836233511,4.816517655542613,24.9072785516465,6.659716294184346,5.250452467401037,2.3851706315125574,18.64282575805828,60.70767963140551,217.62599721654638,5.122751977445397,0.387115961454898
3.3238306751047624,-5335.869265242836,2790.7259232507768,63.25078342022226,-11.09031466997486,21.439496203123785,12.518143338470834,29.716487918335027,634.3218,-8.6344488110948e-06,-0.05667168032035808,3.887901118837164e-05,-0.007658274623392826,-0.00016486062351121858,0.0,15.823673941525726,2.847141375991934,15.59689568411144,0.6127276140238914,0.48606830987134375,-0.2639765313107596,0.7949712290562757,76.0,0.034,23.068824875747232,32.84102686018833,0.33024666753645393,0.06549284214426535,0.020521082779897126,0.007965597752165966,0.0078,37.027000000000015,0.16043895027084154,5.344830162839012,0.02076542975552958,0.23625982240668,0.0060293311935731685,0.0010276440771184645,32.73038095240117,25.00752665550259,25.168048429875263,17.06486389993828,0.6279000000000003,5.724081306773767,4.1110680402046675,11.721221004813406,202.18199930726448,20.175319018759495,26.16652658151858,0.3275000000000001
5.588746601103327,-4807.069762808959,2545.550646242101,63.37186679633391,-12.1527,18.273657910095846,27.691266775405833,26.98463254603874,615.1509898852371,0.00015883737810503252,-0.07672261228671343,0.0002104337545184199,0.00011273517976865231,-0.0018961914661478757,0.0,15.93181712806536,3.2184804204890556,15.76928246025185,1.2304814445841803,0.4108,-2.7890000000000006,0.7888853792735155,76.0,0.05002899459480288,25.398516853190518,28.382576949527557,0.033900000000000007,0.0172,0.07382335858958317,0.012411412712304308,0.0078,120.38430701182844,0.0175,7.887131805033005,0.019074093404623856,0.008,0.00800201928003814,0.0,132.29152519099742,400.00000000000006,26.501647005203967,0.3003999999999998,22.210545872927476,3.852991410806681,2.1869,19.314322831927058,250.16450227518456,211.10326688290726,3.6093,0.3275000000000001
14.1879,-2730.0241052419115,2395.679982709326,64.76019640737535,5.730085679327519,4.4283,16.956178555328517,16.75605382253115,611.615208476258,0.00015437016745192684,-0.0639569526751039,-0.0005273925174002764,-0.0009155928047418441,0.00022296628601124228,0.0,15.930510397038768,2.398,15.76747164945603,0.6217027877284793,0.6159736293580975,0.3122452873335506,0.8075929275002421,92.05134918212144,0.17083524481816015,24.039544715905297,27.077162130709514,0.16100717356802918,0.0172,0.0167,0.0,0.013479066458091377,615.7788438917722,0.0175,5.567142592329077,0.048659985819515555,0.01899639868536232,0.004874124830604419,0.0007464780489572779,63.74077380263163,3.3354999999999997,25.159039089220265,6.938166079477899,362.9396024976305,4.19437573043871,4.363319900312958,19.400541386455664,54.14094494297166,93.60236043372674,3.6093,0.3275000000000001
5.019569935464452,-5387.758912151072,2577.9898768984285,65.87821053552162,-8.37533139818397,37.06673264340152,18.54781781621583,46.82504625608903,620.4433823014756,-5.114203062849295e-05,0.11364812268267277,0.000538524201537623,-0.010264531256458539,-0.000634139937586568,0.0228,15.88947101471345,3.679199013899056,15.72497035764291,1.1219730008274234,0.41718436769137657,1.3130110370942556,0.8764,457.10918352356896,0.07212568598533421,16.12395338105461,20.952896032604226,0.1570694413062388,0.060329218718449595,0.020340861513711447,0.0,0.0078,194.32582392106661,0.2629048308470553,5.2333318060986,0.014755296806813825,0.028628325653978753,0.00837750611043809,0.00016648917091675376,29.30401582800723,33.39755679439608,2.5786999999999995,400.0,11.215710678455467,4.591424194725766,4.933485406187026,15.51826750644046,91.21468679663809,828.6339171235298,7.619873941196325,0.3275000000000001
13.673449727431397,-5978.478234191125,2631.0726271276803,70.22377580090959,0.6753994471746112,25.741996721605553,23.563662374275136,23.75836119629174,603.9981032037201,4.1849294364790835e-05,0.8854,-6.937894879835939e-05,0.0020870517757291644,0.0015,0.0,15.943548256201346,4.83415560334774,15.927155845149684,1.4794216906480468,0.5695122912972588,1.1094428378874601,0.7799082009511425,155.22736588922862,0.10242655769203293,23.320581967231092,16.404989674210995,0.11877428960788734,0.10922361927938914,0.0167,0.0,0.007822433211106327,296.535770603679,0.0175,6.805790698001527,0.035196395710026473,0.01537896574215288,0.00642521958567984,0.000342296852383018,20.095649464808414,23.21393219953339,2.5786999999999995,0.3003999999999998,13.755041833620496,5.026926370241924,4.855139372535183,3.1599000000000004,273.9916601375141,958.0092987574594,11.679921237460336,0.3275000000000001
5.68372015457151,-5335.591036764233,2647.6959759810784,67.52249339971688,-7.653497848970499,16.59354842643229,9.849196856481324,30.430564528305748,606.2156113909081,8.085106960375394e-05,0.02272157844844167,-0.0006009710472143483,-0.004260477472199657,0.0005369417641930477,0.0,15.826016452487737,4.4832759234236645,15.729709153457106,0.6795796418397676,0.4108,0.5324598097632198,0.8016983027733828,76.0,0.034,15.42460132486036,25.763736632719883,0.21367310951078797,0.07828799541786481,0.03099415512376654,0.0,0.008447117303858753,279.6008079877114,0.12809171317011625,4.253310184651239,0.010499999999999999,0.029996000610515473,0.00771480278196702,0.0,36.22424752024131,40.88746365850638,17.232331834150134,0.3003999999999998,90.31831267786555,4.946396803384867,3.3873891825640983,18.444406934095497,321.77805970232475,986.6667,32.6618142482147,1.6431522644066028
11.008760212834577,-5581.007403901369,2571.7826953602844,75.9444,1.787569893701819,22.679093300869255,35.65333472482152,22.39165718505267,614.9157293549721,9.825265393510835e-05,-0.11350000000000002,-0.00035170065308332324,0.0035566610795774826,-0.00019787579562636842,0.0,16.07,2.398,15.789285409299561,0.8711950045054211,0.5846804486807842,-2.7890000000000006,0.7769815108064666,190.19279178068177,0.09717512236896375,21.072092377863424,16.062,0.17143145596262926,0.0172,0.02202817699542361,0.008458829412639415,0.011062948303128387,389.35410093844314,0.04727667670255099,6.411537299262315,0.010499999999999999,0.04418458970256091,0.0025,0.0,29.63242499430308,29.160970422713365,17.72387483456254,21.219778678630735,0.6279000000000003,5.594369843696123,5.179674594175922,50.034251242471356,89.94647436027944,0.0,3.6093,1.2743944838996644
7.117268761834518,-5308.1103561113905,2620.1457576661082,74.54302491841891,-12.1527,18.073161548360723,24.232449935685317,34.05591792363669,608.9061169828711,-2.1422645074609396e-05,0.03417725642857916,-0.0003143349663480996,0.0002628980331299789,0.0012976257816030023,0.00010169358828852025,15.822494505860389,3.2323304731023383,16.09,1.1651439015587708,0.489334603471129,0.905315889217361,0.764285088708584,311.0381262571403,0.14381530125654984,19.103251666357412,22.35765910893077,0.09450268575978059,0.0607851111773139,0.04195513153613912,0.0073847659265442525,0.013793744775819232,387.0904824979906,0.08436429643303296,4.2472675038071195,0.17527316899745013,0.008,0.008091398960159086,0.002322809754512689,345.11722666294264,23.277180128874548,65.60598231590251,379.3488135311855,53.30836977793334,4.5200817502572095,4.113036085937729,38.43758597285047,32.01246255147771,933.4285913251238,3.6093,0.3275000000000001
8.065879390665994,-5228.585367360857,2868.159913299777,68.7155276720446,-12.1527,8.780836415590924,16.33582991876095,33.748800766891286,619.0000048110533,-4.694439921388095e-05,-0.034862406196828795,-0.000269879255036513,-0.003728523405508951,0.001340622830050964,0.0,15.815881248803386,3.2894459054623235,15.813081241320592,0.960898919660315,0.5623313501321571,0.4176515329345528,0.8764,431.8495165372717,0.034,22.77936089412719,25.653375591483325,0.13979585939023312,0.08141742874966988,0.0167,0.0,0.010266858722245337,355.59463218867006,0.02397618155093722,4.710187560355644,0.01953815042647735,0.04382451745608633,0.005048405199239253,0.00013116970902858654,286.71579841044985,31.61560613775825,6.907611584070695,0.3003999999999998,25.69214541645263,7.2903,4.9054419231641315,19.130410980810062,112.41019384708149,0.0,11.161822195375146,1.1107730647599707
8.191077910753783,-5055.5233339775195,2617.4283286290447,63.490288890533925,-12.1527,10.302472463738077,30.1419246652412,41.44179259351465,629.1848294266194,8.137104115032938e-05,-0.028400662218892123,-0.00013912218651185987,-0.00776258229905398,-0.00011588173360839965,0.004157517114841212,15.802521119278426,3.2387156240267836,15.680023970858846,1.223793400483511,0.7473493317489356,0.1904719225767899,0.7526772612075131,76.0,0.034,17.88898209736514,32.35501028378993,0.06527621834229831,0.15972341370332577,0.020208892705085912,0.008693564290780985,0.012353448677046457,93.29963923728346,0.0175,5.041583140355377,0.01449113722467864,0.008,0.0035453088991732632,0.0,69.94943920338753,35.74761047612998,15.127678078459402,0.3003999999999998,46.40375282441776,4.496182554000094,4.914143843410991,15.780123535980119,400.0,885.9360919301931,3.6093,0.9456568269060639
10.753306424934147,-4827.331929757742,2621.83012185035,65.46142952890636,-5.186935992638595,15.184158419611038,37.9932646436055,37.259741798414694,597.648264421007,0.00017193193613447208,-0.03430854095301387,-0.0006036334553001911,0.004775650165915623,-0.0008041057899521057,0.0,15.675363390683186,4.187416273087425,15.54,0.869767952547676,0.4108,0.9060321926583579,0.7643854398009324,76.0,0.15310810129188793,23.89433428677485,27.656475431495934,0.10965571597427715,0.0526765478304732,0.04698670994395992,0.0,0.0078,382.12873744407364,0.026951535228407895,4.855361703310197,0.018544794468157988,0.019290470685675725,0.004122611992118566,0.0,29.135811552968946,25.15166281746122,24.39617736907447,33.97597678732175,0.6279000000000003,4.661047346661639,4.457877718706136,17.52130137928024,103.01614809050542,528.7089808356483,3.6093,0.3275000000000001
7.164495125846417,-5752.535584285417,2565.080559398417,70.93707037914118,6.406212575005323,23.297174128995447,9.136187683155738,56.8964,608.8335408998074,8.677607114868502e-05,-0.05280423330129424,-0.0006285297863563009,-0.009220501417572592,-0.0007296455543765514,0.0,15.95334570511914,4.787356625443135,15.932841638617719,0.6934353376484066,0.5819223116992593,0.6374486342882077,0.8462625548305664,535.5108385966225,0.034,25.964219380010405,28.843315642254616,0.11976188754488935,0.035012172355869606,0.0167,0.006553411130090118,0.0078,346.39125086343324,0.5141861686293764,5.063554965816353,0.017004748923464718,0.009911201657536069,0.004588577989143161,0.0,43.22707070368237,3.3354999999999997,4.844327489504737,25.449364018254663,14.387605461164942,7.131367074464852,4.324314637222358,20.801475492816156,76.28375988192886,845.348545688483,3.6093,0.8209303720736757
11.134917337649517,-5409.736908433572,2851.4627396997416,66.01754376278477,0.6217745522717957,23.82620741125336,37.968386185694335,22.369655050782548,608.678975494759,0.00012879079917016038,-0.08233249661038108,-0.0013,-0.007779910888505561,-0.0005003386567797567,0.0003564779005274625,16.07,4.229961989861655,15.940085696451646,1.3315589902936817,0.42757709611638356,-0.2287011468097188,0.8692392851840862,401.16055543949307,0.034,21.044914010044337,16.062,0.11533676148577714,0.022095144474145706,0.0167,0.00290735833227775,0.011827844811270825,355.29156974901775,0.09883031359406672,4.40824178812108,0.02647617163597707,0.028748892243557637,0.004112461723778856,0.0,43.615931261943416,103.8114182550757,41.29718951591322,0.3003999999999998,176.03816663945213,6.048695022740427,5.8606,127.31485693980878,48.83326609704691,986.6667,6.10310434878838,0.3275000000000001
5.396802990448199,-6369.416274280144,2672.723554045514,65.63783504538638,18.746351859292055,7.996515884195266,9.746099806630399,56.8964,607.4185264352928,9.509484429082884e-05,0.042334078280842555,0.00044443828593860153,0.0007504747685693116,-0.004007713157388598,0.0,15.871344489038728,4.16358639667208,15.66857646588191,0.8882495097982126,0.4108,0.8289213714349655,0.7635617039082734,76.0,0.1193179052762594,24.05077769905928,33.389493956119395,0.0687487542856019,0.020907224267958845,0.11699210981320883,0.00963187469512678,0.01072528850322848,382.80818229115687,0.0175,5.277138461169977,0.010499999999999999,0.008,0.005224420850599101,0.0008034156039883737,11.918992304278078,3.3354999999999997,21.09890436130107,213.66853128947645,0.6279000000000003,5.100061442526368,3.723259897963752,9.505096461239674,168.45150361043773,200.03189396789224,23.91313563144837,0.8512307898142909
9.399935441568308,-6579.765540863778,2682.1132143390037,72.65209957460964,-6.139556801875655,23.74147726355917,27.48666500337215,20.893530827783543,615.026878818221,0.00029334338816092305,0.5336214204148545,-0.0003608973142033723,-0.004759753441561068,0.00031564906493742,0.0,15.850615969544082,2.794783480120747,15.844212299593535,1.0849496873937494,0.42547629545086996,0.6178461056078053,0.729673080903733,77.05000618238739,0.1758607811266374,19.318040399876747,22.739066194159623,0.11490526988418198,0.0172,0.03399666415931888,0.003921121389854006,0.010903017055243065,37.027000000000015,0.06773587983477618,7.563284084101917,0.03238987933533709,0.035781716925060186,0.004630533629569345,0.0008081696528249721,400.0,3.3354999999999997,17.175631374283963,119.14032106840303,18.215082865592542,5.982640511236287,5.01233427959851,20.828268894739015,49.868238645461915,0.0,6.976810110379499,0.7113221988644582
12.744358384651084,-1368.75,2448.4930918201544,60.2667,18.37871070824733,18.09559692569744,6.4482,12.283005184863788,620.0094695017732,-0.0002513779014859178,0.058258732999495334,0.0002180944940460569,-0.010162242934025626,-0.00024365522935123425,0.0,15.890219771334106,3.238788986797224,15.552292262315452,1.5350594089876481,0.4108,1.155620983143789,0.8551288801407514,194.46966452864234,0.08283026971684301,23.881045506464694,34.97218531400332,0.14033495183544537,0.0172,0.2817,0.00898945786148581,0.016242546033082696,69.2984962214914,0.02938121095510158,5.086441732858707,0.021806948138997077,0.008,0.008511714349274821,0.0,34.71432977580186,19.112413438875766,2.5786999999999995,0.3003999999999998,27.696724902096506,5.65382332879854,4.183108450859932,11.00283547757962,69.59738124443778,823.6995958972016,3.6093,2.264793120926601
3.6855144657573256,-5160.089820957288,2524.3460324973266,61.82249687774305,-11.03181585608299,21.83567952335308,32.11584775630195,42.778973525473305,596.0796907980133,6.0345184490190586e-05,0.0903821218981328,0.0001039731535460617,-0.014728003563155512,0.0015,0.0007030273057746756,16.01564422441636,2.4469971017800507,15.67317820438737,0.8770704181230162,0.6360087560819908,1.3063083093202996,0.8466175696096551,92.60760684974986,0.15781450339208558,16.106561484275964,31.346943231570958,0.29091623243998455,0.09522439810763157,0.08553758391306449,0.0010404651545104502,0.016047617558369004,37.027000000000015,0.1844662218815773,7.82687548940261,0.02403974029629936,0.00819688782281023,0.00750327337040691,0.0,137.47597190535885,37.049752526707515,2.5786999999999995,8.989196414474012,158.66631663909462,5.058084119289231,2.3829945355968425,3.1599000000000004,69.28729561734804,80.39835319744057,60.5469,1.2267300440727227
4.756934202811258,-5603.967486094079,2404.1289346284066,60.52179343924984,12.739154866593415,10.541414509611872,20.619208537420167,18.65790992608246,634.3218,0.00013273298463534807,-0.09311056564784753,0.0001769470749104802,-0.013713473219066418,-0.0019165170504423484,0.0,15.942492651976984,2.398,15.731784868841165,0.6055,0.5079857758068589,-0.5549018329359502,0.7511045677741772,76.0,0.06795851388869602,20.952304283158004,28.70341854491841,0.16932685006147047,0.0172,0.05223633432757106,0.006596852044145821,0.010950370024183174,151.47253362334843,0.028656229842808287,4.255814904419456,0.04535198221845281,0.024624999466662446,0.0067184796741456485,0.000641512679077913,31.592197438141596,24.0341315185394,3.921864518430972,0.3003999999999998,15.189221361597175,5.428024887506279,4.832878774277454,20.599067806939875,132.37165889054947,203.60558736294166,3.6093,1.4494151191526154
10.783506485990582,-1368.75,2825.900635306831,62.60572494042755,-12.1527,23.21827606756329,32.364440750634586,35.83541442160833,620.7187442566612,8.195689294626406e-05,-0.021093702808494843,-0.0002648419658698041,-0.014134089070555586,-0.0009955373026708217,0.0005499845885820469,15.850329490423466,4.30639027136506,15.842894320347087,0.9984145428744535,0.6178785919358509,0.5591829992872026,0.7830373713000787,530.7192115303072,0.21184513221948081,17.727999249579742,34.5929951918091,0.06627579577536086,0.055471644690028174,0.1045452184731998,0.006450865138199485,0.010603339349483243,236.75304139641605,0.05182455338709137,6.52617716576352,0.010774273914343028,0.030085537842783495,0.0075706366144421295,0.0,1.328800000000001,227.69244089448685,18.064963373242414,73.40831807976302,303.3036118300025,7.08653684636573,3.5248328973873706,158.1332,84.36944649396341,615.3985552621357,3.6093,1.7858061348955432
9.588720878268187,-5086.0826838278335,2828.0726672450737,61.81967412137083,-12.1527,14.36057282227594,21.120474291926968,56.72395777022655,608.2185374972169,0.0002115226582629779,-0.024607174281918068,-0.00026803290589265155,-0.0024802043093855725,0.00035187449018432224,0.0,15.843704231396764,4.102379851175731,15.70557326950584,0.9487465714962353,0.4108,-0.26950557468547864,0.811524638302461,76.0,0.170067801578407,20.802872207704365,38.30062877962006,0.2808008558941052,0.14810373071750635,0.0167,0.00514520104880048,0.0078,1638.3269793923619,0.0175,5.144419535981998,0.13433355806057773,0.015107111115301396,0.0068465523975403154,0.001377837798311725,104.25236711003669,7.155967355643455,4.519378581361929,24.860191222214688,129.37063043533217,6.594306663556929,4.5286877129441985,12.773650284671776,148.19617635071882,210.48335344018793,9.621899876377626,1.129609509129423
10.75876019598115,-5148.8403054913615,2652.5757062305,71.50050409036656,-12.1527,23.438871588252674,23.30206490894943,31.06756219899051,627.6506692165875,8.019632536690485e-05,0.029843651535904004,-0.0003548800143173882,-0.0037146902209163127,-0.00137758658740743,0.0,15.810261766270415,2.398,15.808068345320557,0.6055,0.6257488031778058,-1.478178866920399,0.810918278218214,487.60800567768104,0.20729485196678682,12.491246554901142,29.83591429755747,0.03674363970136543,0.07885129091599986,0.0167,0.007271394406234951,0.0078,490.8225497398349,0.0175,6.084515630794828,0.18489841896587458,0.010269048301569494,0.0038688219392625867,0.0,112.99127888213593,44.87749692798211,2.5786999999999995,17.337979984376965,0.7274526065612772,4.68539036133498,2.1869,13.983266379029606,72.9614063715035,196.75212143496162,3.6093,3.5051852472849365
5.166849104488136,-5340.5452320618615,640.8390984307393,66.16281974528405,3.8818063828526674,21.697915956137034,12.91988834700447,29.570308549371727,619.1047898471413,8.044946161343838e-05,-0.11350000000000002,-0.000118749178637377,0.001187408862378992,-0.0008843617480646427,0.0,15.868840859984047,2.398,15.730238136946852,0.9452230713210481,0.5814334399462853,0.1471783036725942,0.7059418943782129,2530.2237408727797,0.14399856887812149,16.434222791301465,19.749722644176316,0.0775698808924204,0.0172,0.035454799392804354,0.2067,0.0078,316.3908299283018,0.2623334771932413,5.330943406207372,0.017028468852705748,0.017877206212985875,0.005357637418916708,0.0,44.316290191719304,24.081038134553427,2.9236791493132,22.62145713033222,0.8172781548401149,5.775756235946932,4.842725952928747,8.250058536535528,400.0,0.0,17.453870924689227,0.3275000000000001
12.329066719989378,-5145.6489202835,2419.3789660067087,64.5280981971068,-3.530040083469752,16.688363872312067,18.050910934723824,24.530951025607685,619.576363017553,0.0002878403139795647,-0.06118434835664456,-0.00021411616304154837,-0.004820891149945865,-0.00038540946406413724,0.0,15.754523077213769,4.974310998953075,15.770031685141426,1.2670178211739778,0.6619737187922903,0.7183579117233228,0.7857711545317657,583.4808092423351,0.11428686026064061,16.941429875066415,28.957830609140913,0.12390305950879377,0.06644345961209382,0.0167,0.0,0.0078,860.9777619531836,0.029730398718315156,5.445991233825188,0.032406249133739816,0.010468272602203777,0.0025,0.0020690172114417728,68.98208439029881,3.3354999999999997,2.5786999999999995,125.38320456904172,20.900374518942375,4.563681154790932,3.8846313742819967,45.27758489175218,400.0,90.14048211426106,12.084760485602352,2.020794640062223
6.47063058006713,-4711.928509693593,2470.7459493209863,61.133917222462046,-3.57016762101715,23.22094557103744,23.32926033125881,36.651383604765336,623.177213893712,-0.00011839832695092619,-0.03256018789313157,9.659665876923439e-05,0.0024465229833854907,-0.001232435466504243,0.0,15.98953239733064,2.8269916365435277,15.774887284100055,0.9991321247316118,0.5725777035816074,-0.14590030898256762,0.631957147727426,288.7680937624124,0.1706187077390241,15.611190350314562,20.90194079391036,0.033900000000000007,0.07788401876619373,0.031350327347860314,0.01055137945044622,0.0078,127.36920883688332,0.09379969795764288,5.073350099022042,0.02685547246160137,0.05111574565709968,0.008035522658503049,0.0,28.87650620175637,32.73554434019735,4.102310956551845,3.330238674792807,0.6279000000000003,4.40125275057333,2.254986356229501,22.053140356698446,98.23440248542467,986.6667,3.6093,0.3275000000000001
7.287144313072874,-5345.162088469437,2871.907308123015,65.52709346105371,-0.8152650223583042,51.12502619969636,20.641871359460072,38.61911843412805,608.5520467176448,9.488046961342634e-05,-0.0092152843187492,0.0003214553742417355,0.0040464120779791415,0.000419117753921627,0.0,15.812205905602431,4.4357126861356875,15.616479301115238,1.0946979440127724,0.41441991945138135,1.1278994060803635,0.819054924938482,76.0,0.2718074334972743,13.535694524037467,20.39176804607711,0.4519087361059939,0.09250762518713518,0.24114102019507117,0.007609296723427646,0.0078,371.96818710872935,0.08528141935691755,4.937719860103321,0.024163633195512502,0.023880539488255914,0.007949838174773452,0.0,311.38674209057643,23.288763969755312,264.3817561923593,203.33289508402464,62.454860364370575,6.149444848597113,4.25711108456655,21.50832733405199,64.52458916622588,0.0,4.408107239701442,0.3275000000000001
6.884092722233607,-5374.4922932996105,2980.5465196942564,62.98818443619568,-12.1527,25.871052443686203,17.112615439478482,56.8964,605.1432063068423,-0.0004000000000000001,-0.03960224044991965,-7.119678638432727e-05,-0.015929784069030277,0.0005802020526574506,0.0,15.76287970121037,3.84347973607924,15.957604811794683,0.9073184530086502,0.6595872385067805,1.084886481577672,0.8303570017607015,466.72141140949776,0.034,24.25529208561798,33.97398063282771,0.033900000000000007,0.07944870995294022,0.0167,0.0022579956211279573,0.0078,228.39358736054584,0.05731797399719852,5.197002642558153,0.07774857890438593,0.0239315979695575,0.004470310759476527,0.0012383283330839922,25.694363865457028,400.00000000000006,21.000878294329496,67.00521275081509,20.413538196919614,4.412722478436515,5.8606,7.623164885977234,90.73237608661687,150.94090747282047,4.458991140984159,0.7598465629824831
12.237015036321484,-4692.71546715714,2060.8988097831852,60.64345378188927,-12.1527,7.401997049811634,6.4482,29.038814514750598,633.56820206332,0.0004000000000000001,0.10101234258279543,0.0013425646139053264,-0.0017285508533654067,0.0014798814877111262,0.00025028571600028493,15.771279235901012,3.834224398127604,15.87749736435483,1.0011894359278772,0.4108,0.32972757733312086,0.8490242076609084,76.0,0.20695273946952758,21.00529720565009,34.16999114518555,0.1316194012346341,0.04792785303992589,0.17753989957953809,0.004184308092852487,0.0078,81.8289148654317,0.14206385012393818,6.498319099278239,0.045790020095963196,0.027529801560571023,0.0072195751023876485,0.0,73.12512050709651,3.3354999999999997,2.5786999999999995,0.3003999999999998,95.02418143697415,5.608134574055721,4.57852178073826,6.786697937996792,58.87931630666087,986.6667,4.371433238236008,1.0686186797591872
5.260720314183203,-5344.717949584366,2639.23954166175,71.14135461357476,-12.1527,4.977298323833821,42.63,30.454045929030315,625.4140346549278,-1.1496511804400699e-05,0.2631452782249389,-0.0004609229161286721,-0.004170125922784389,-0.0007193184017440495,0.005186960589993881,15.733458004102667,3.194312795238716,15.856587639945358,0.8129708878587247,0.42976137669693526,-0.13722660085541,0.7764160687921364,106.33541255780852,0.3222594341555578,22.726242243611082,27.65605136166935,0.07920872382243188,0.02348410947055419,0.0467758174943429,0.005842697298576104,0.014202855328740348,323.91075499649423,0.5131602932728954,6.553680847213296,0.03140806114496194,0.008,0.006996450494582368,0.0025084900409784554,1.328800000000001,27.123117098878055,24.211603673150755,9.565307944644811,19.10995745394676,5.128232147521724,4.82644916849522,3.3908967139006085,47.878014959951585,0.0,3.6093,0.3762476739530576
5.240840814608186,-4695.5440414279,1831.6703396712278,70.60006213566646,-12.1527,22.403041396840734,29.552206552408606,21.956640432128314,610.2238841977563,0.00010954193428489866,0.029131654420104427,-8.770939705110152e-05,-0.007762855754830196,-0.0006334931486399216,0.0,15.921447437939428,3.6982328346316753,15.700896439910506,0.8992087023333029,0.6088276621395,0.2614771712399886,0.7684849026133204,840.0736163115532,0.15220956458954235,19.21688292690931,25.409848845540214,0.4892000000000001,0.09230134593979294,0.017258500623709015,0.0,0.010175402685047921,225.99505122389388,0.06442306688904556,7.598951989097151,0.025428574779223972,0.018426978473857453,0.004918870577435246,0.0,90.3645210264082,220.74529835208807,114.94444832147157,14.15331652016025,0.6279000000000003,6.284726344760646,4.737156906920643,13.099025171637079,105.53320702833531,73.17127301478226,17.78995190754101,0.3275000000000001
7.079082537944846,-4782.754727391261,2494.958337219481,67.16872813457455,-4.810758003888173,6.421264980407392,6.4482,32.17468735951286,619.1815620113543,5.269514389998859e-05,-0.0416077088068181,0.0001624566158470563,-0.007119602545789297,-0.0002604103124383296,0.0,16.025285391713737,2.9909300872463,15.649892644582529,0.7279187895624759,0.4225905248228625,0.605182992033054,0.7727009970512371,76.0,0.16236703405542813,16.843669058239094,35.49019158821151,0.2401289429117049,0.0172,0.01688707159587517,0.0,0.012763093349068524,358.4824946219348,0.03198782052553767,6.426243951053583,0.011246482420138402,0.030705745690502818,0.004844576276269897,0.0,11.583457188933782,38.5700141962221,2.5786999999999995,0.3003999999999998,2.2226668615718825,3.8675608363532348,4.599746417394926,9.33867380803642,127.31464502987697,107.16860584077034,19.773464313212287,0.45081938341437633
11.145107013682836,-5502.906374060772,2679.984778799817,66.85773946294978,-0.06392626335166973,15.251444946615797,22.455924374106786,25.49783774839847,613.4184067223302,8.580993320658131e-06,0.09288511468331045,0.00034698598028601064,-0.000728004106398443,0.0011640165014831828,0.0,15.722605189804788,4.018517466897946,15.927851073494418,0.8315900804571783,0.45046981947504483,1.0346022725874764,0.815948446634094,115.0691858804143,0.20374121880891338,21.092815107522785,16.062,0.10419959528783158,0.05165555982900642,0.05185918406392415,0.0,0.017746852717718344,606.9229724105135,0.0175,6.140372826022993,0.018604271790666444,0.013997936161429516,0.018596809948732234,0.0007590839829297929,44.10230493507504,268.9050856287125,12.67013929247487,0.3003999999999998,189.19365672093062,5.41939082791447,2.628074615027865,14.02699876774196,103.06535232792851,801.4605125354525,24.29156614415511,0.3275000000000001
7.019113449108363,-4964.440397594437,2263.733365701972,65.74259103043381,-5.556299231803646,15.945157991405793,23.40838761860315,32.59681699030251,623.1569247332212,0.00013530263686157486,0.11399530983083761,-0.0007981388517093993,-0.005566869242137139,0.0015,0.0004258202142961295,15.83286041843224,4.70549190718395,15.999699268196538,0.8801054825427865,0.43213589783413514,-0.08286706901373808,0.7322430272356136,137.6408885709901,0.04761890316192116,22.388772231199923,25.903364541575638,0.10187249317123788,0.09846369292772988,0.025543309280122575,0.0,0.021513787319722373,37.027000000000015,0.0175,5.698964413206738,0.04034914521593927,0.008,0.006969270031459109,0.0016851417357296112,400.0,7.185513694112039,20.481807405678946,0.3003999999999998,20.027193537725115,7.0526722920153,4.753448005015777,11.25738052619933,105.10163065938035,293.63084104963474,3.6093,1.494659437141396
2.2493,-5404.972609270658,3002.129347271564,68.2222530370423,-2.9911670833930804,12.545245803620764,17.452065622709824,45.752133060699556,608.1208398533807,0.00012712924532627218,-0.030305410972196065,-0.0001733186394215916,-0.00011566906378915678,0.0002242913910096292,0.0,15.8663819431279,2.398,15.89578304749781,0.6055,0.5323420682696965,0.34904614460517447,0.6430652313278653,76.0,0.11608486486819858,23.3138393620547,32.71641061178811,0.11042368011055634,0.023689288683964617,0.033035407952367424,0.0010451347959006033,0.0078,289.26718524574005,0.06760405915541093,8.531139314617622,0.04681469013772473,0.022999517628594385,0.006338649683206432,0.0,27.092079693428087,7.823791826246781,317.10022244776866,27.820533038545243,275.7185751689435,6.174680963861409,3.793260529102062,18.091289261285333,28.65672740805324,51.71351060519174,3.7498445544003536,0.3275000000000001
12.099244949392185,-5532.082168998519,3023.6513986216537,63.13127365842928,15.241561373284215,20.816122560664745,11.735521773807298,29.91906553064161,631.5658032477897,0.00013391924888094014,-0.06056978363922318,-0.0003409798235219497,-0.01202186975951652,-0.0007593710283456119,0.0,15.928430898147358,2.765226805099239,15.70532185480258,1.3262092647918462,0.498442351312279,-0.3819006853272576,0.8499423683464878,2045.6624245184976,0.09117127437445893,18.599192541982763,33.64746477382941,0.14051419748018865,0.030168716820023814,0.21794299329483022,0.0,0.01485918723263424,207.33177960277592,0.03461403049757068,7.148667801615944,0.010499999999999999,0.023559001373212877,0.006555243679201547,0.0,39.02004091232031,19.88661721381917,15.727491173814645,94.51692064565403,400.0,5.348838254829059,4.129396807999583,4.448718880953564,115.78861121434315,412.32197658814164,5.285426994552817,0.8805640369176003
2.9808798783925177,-4986.782737197258,2654.5296428557886,70.09209204538044,-5.742707604982002,9.589044168969302,14.73990857501112,25.33467352315269,595.3218,0.00013643355173015818,0.05791588022718358,-0.0006325738476663,-0.009231382918823533,0.0009149452144019659,0.0,15.817594420682706,3.6412971324608883,15.792334278898922,0.914801691724328,0.7974700832332231,0.6616427216628251,0.7174294593685726,76.0,0.04535902629871437,22.442202162549044,30.33684782500216,0.3367275782985071,0.07440765661310288,0.027007282911638737,0.0006860766868664949,0.016132791911274213,225.27006435235054,0.1220077023587168,7.023761784740587,0.15150387611198968,0.00941361048614401,0.0112696658103829,0.0004483593296176003,400.0,77.98489914422673,157.4411683806153,0.3003999999999998,0.6279000000000003,5.152856075516536,3.4710261238751947,12.182413596107114,88.10284043458175,802.2945071090949,3.6471107941759806,0.3275000000000001
14.1879,-5070.433950506226,2778.4081823764923,66.48746262493665,-5.512135366683994,20.86889977230789,24.420580454836053,55.26977394814344,616.7823049316969,-7.386649631774332e-05,0.028871570621978808,-0.00010695784328636046,-0.006847110363386456,-0.0008280306056338752,0.0,15.884222407293036,4.564025304957004,15.827092984298089,1.0178836045395636,0.5829760954206723,1.0477283259082333,0.6757395122414146,747.6344867308899,0.1613040389704434,17.455895512788278,29.895065658229857,0.12039792666749649,0.06040334163688729,0.023067924350968442,0.0,0.0078,147.91425693044602,0.0691249978399519,6.29800489768214,0.010499999999999999,0.028868212916891765,0.0070601051129174745,0.0,23.06474850488671,32.763503426934996,224.61462889171588,400.0,0.6279000000000003,5.855785922082903,4.904238127675379,10.659259717119346,99.56837605959983,175.47409064861955,35.66532954764457,18.647537458343578
9.98394585215762,-5563.674911435528,2647.7800061859703,75.23934963526789,-0.6037118008548359,21.568692114421086,26.78719136635128,33.40531018265148,634.3218,5.379045684912001e-05,-0.052961569930650376,-0.0002802719114060689,-0.002542527545920681,-0.00011935143239854374,0.0,15.744210593064253,3.076956144885521,15.830025315260556,1.563818948503392,0.6132972703103917,-0.6127188332451046,0.6866964711723827,870.118489583657,0.034,23.147628193970043,19.597363287663725,0.0793691516098266,0.16660003465571338,0.02220815788046516,0.0,0.009774890782151269,808.0330161133651,0.025908044578320646,6.547632277090033,0.010499999999999999,0.011701934989625627,0.0025,0.0,17.58616409817813,47.587745401232525,14.083177837695636,6.277154643467291,27.6725490477266,5.211500258184815,5.392101395570375,6.751927536967482,114.17955360218318,970.171436212516,9.729202245874642,0.3275000000000001
4.150405552383036,-5350.2041899854075,2980.588653205577,67.51973324326083,-9.187937167397726,10.31889420709158,17.907736190975598,36.45225066577769,606.569374069847,0.00016078375115557113,0.017096900183661997,-0.0005293727160523483,-0.0006977599178676821,-0.00039677962299928193,0.0,15.71763590638322,4.114792794274655,15.54,0.7322796302183374,0.4154692117707923,0.6618544432108717,0.8067360344653852,76.0,0.931,20.36886834641534,21.0262072656077,0.14509217808524597,0.036200598543718765,0.0167,0.0,0.0078,449.78946193644174,0.0175,6.222376784741856,0.02809378120213874,0.011039304039115103,0.0037074738304404553,0.0,44.77754204027795,7.4967013471910064,9.9739311015938,0.3003999999999998,0.6279000000000003,6.9250788414864495,4.487120320674524,10.830675453346469,72.2816405278584,201.81559541970518,16.311657768167287,0.3275000000000001
9.282641856106537,-4577.4382200486625,2760.1931975335683,68.68458710412261,11.131363100664894,26.761889923564475,7.945755131492122,41.87483575037925,626.7471575659564,-4.498923949375759e-06,0.6310304994516098,0.0007269730205854283,-0.0028498532870489543,0.00026738639353558383,0.0,15.87519976973459,2.8386168658495663,15.54,1.867,0.5005859556230068,0.43346172494590396,0.7957167531728054,797.5861373161839,0.06345748601703903,21.21211884541301,33.60980471070808,0.04418307535271628,0.4211964426524729,0.0167,0.00839920112947212,0.0081167560480074,146.3364973279827,0.10592274495616363,4.0902,0.010499999999999999,0.0448583680548659,0.0061655620694368645,0.0,125.63211204070535,48.31692976886691,24.527811953731355,24.19865182124759,35.38989763294333,6.451328702196429,3.6342230476657655,19.034438653957118,106.88574175926732,319.2884098695844,3.6093,2.086742677730168
11.972090415760691,-5396.499482472309,2451.1420057303058,62.84568360556962,-11.289030620033515,17.68800483513763,6.4482,18.553353631016954,633.1983328481393,0.0002683721944928193,-0.04906404027917761,0.0001999099740101579,0.0007349913808073014,-0.00012329703006372348,0.0,16.07,3.155817084837917,15.660130832026626,1.1821929622758198,0.7151967118058169,0.5176201382105399,0.8057958753374203,191.1947515044301,0.23361996793850737,12.750092403525754,26.98494502111564,0.1527352681248753,0.12109450472620134,0.028240613373741855,0.0,0.0078,134.73020276918288,0.0175,7.740788640168269,0.04763671287850586,0.013992610406702528,0.002584451165981582,0.0,1.328800000000001,20.97550171575255,2.5786999999999995,6.593243728252672,12.138072876931247,4.3998778539660535,3.6331329347988612,8.605272674916705,57.197671211486195,0.0,5.218571627097181,0.3275000000000001
9.335820525204591,-5001.333747385873,2389.666797592471,67.50781393359426,-0.2057699832665909,5.6202205737257955,35.07149621540505,35.21115429969174,600.3677325575079,1.1501861977910507e-05,-0.05262369501295982,-7.682333591609836e-05,-0.0009100050009445311,1.121500860373183e-05,0.0,15.852574221562836,3.9466767992191873,15.784133804069535,1.3884259747974301,0.5277708801847416,1.6497732168987629,0.7014074978167177,383.41561187845116,0.21055741532122102,15.787173593101034,17.66174155108093,0.3321205042035311,0.050585339438735374,0.035134470595149715,0.0,0.012439170763156855,319.022527095388,0.036611246479402636,8.8015,0.010499999999999999,0.036591384516721163,0.005759572624354992,0.0,26.16944334011305,3.3354999999999997,19.738140902853846,20.017092995988573,0.6279000000000003,6.675820566255172,3.228511212271331,28.692947262839894,70.56592403562604,986.6667,3.6093,0.3275000000000001
2.63753992213646,-4712.549664778565,2650.3064442954646,71.24485345901283,19.56108848283081,19.897889099961724,17.151016250019975,23.315058373641016,597.4737026117023,0.0004000000000000001,0.00198929011029232,-0.00029113578255031327,0.002219868206597208,0.0005258271537301138,0.0,15.939990921384325,2.5992787898684657,15.814120278996405,0.6055,0.4449769327013521,0.7424485111063011,0.7318216932750882,240.7744197728171,0.36937958380997093,21.41575057645445,19.090997484304197,0.058404304274357534,0.06452671481926607,0.0167,0.0,0.011439355573912912,345.53493641855925,0.0175,4.392383081152403,0.04021119829119707,0.008,0.025665256834769515,0.0,17.0857977692661,3.3354999999999997,8.59631523092075,0.3003999999999998,0.6279000000000003,4.5307855218769335,4.77621590432149,4.250474956217125,93.28673931008552,70.64325068054117,3.6093,1.5210318766715278
10.49582464429948,-5058.260247170319,2540.60419283125,63.027191943505564,-0.49196173426504064,25.896847259549894,11.997486285143884,42.10390060729455,606.3286757161121,3.98311655081254e-05,-0.02540428512354699,0.0012279181482040915,0.0006557391490581588,-0.0016621849116325552,0.0,15.874168153001733,4.210113132494852,15.666124478641297,1.3184502814597734,0.4108,-0.01955626755668427,0.7704061280748612,76.0,0.18556514026767712,12.16,29.624744878614543,0.10719731100736313,0.05522002130338529,0.033560642814216744,0.010822750418768632,0.008004929741150232,137.57114611952585,0.0175,5.453957068122005,0.012278306393049526,0.0595343150746684,0.007972780622740844,0.0,35.79060265454494,30.990468789567885,10.97861537471683,26.725804322241466,0.6279000000000003,6.597374071323235,4.420957107530827,6.452764463682744,114.50566302822952,162.0110315188116,28.007404490044024,0.3275000000000001
2.2493,-4675.939239311683,2826.3233857700184,63.11438243967901,7.9954816861889135,4.524641308478662,25.413222659623294,26.677409807139078,632.3353951244001,0.000131573736906223,-0.011654968050740807,-0.00029474455880903273,-0.00047526857723432896,0.00019954024846374993,0.0,16.050279243873515,2.4166371435977583,15.739219574941284,0.6055,0.4108,0.8287911300128481,0.7801301025247569,76.0,0.057268806654840285,17.41838785198279,36.06929226382138,0.11045392455160734,0.05313501339456221,0.0167,0.005797459189976496,0.013551023746854515,181.19008009267415,0.0175,5.39797391944166,0.04691275319463817,0.029501434020149583,0.005080553867568898,0.0,31.871031311116504,3.3354999999999997,4.54981344749169,0.3003999999999998,0.6279000000000003,6.97206358183257,4.732377674595512,18.735627674073477,110.5124052040523,0.0,3.6093,1.4614129070189374
4.621175230471537,-5450.511300097525,2650.7735534765957,68.51884228196032,-12.1527,5.406977735744183,22.02466532161715,37.10517460658672,625.1523385937185,0.0001209892303663596,0.03562899916441425,-0.0008345548197413049,-0.011498642220329309,-0.0017784558880694782,0.00015085400595765778,15.771592126553813,3.9290131102415784,16.09,1.0378001739600513,0.4108,-0.5343988293988503,0.7918287320518159,333.5890592750961,0.034,17.66608609573945,28.216787169275154,0.14945099927748656,0.018865540117176366,0.0167,0.009364785808689066,0.0078,263.6330927279377,0.050210930610291554,6.443479814535858,0.010499999999999999,0.021210577751828334,0.004002157578241149,0.0,6.962024460697277,43.68846682391973,2.5786999999999995,0.3003999999999998,7.965852135262236,5.49792590739003,4.151624613642016,17.935876321121555,101.54261983731752,986.6667,3.6093,2.366611045834452
12.23238249873451,-5168.591241165483,3137.196591733455,72.08958501105079,-2.5027141690092187,19.51230483648402,27.204126476852394,25.597447397285528,610.384019660915,7.148759079250903e-05,-0.05075602520602933,1.8723893783647682e-05,-0.0009601781994345894,-0.0015051923499022884,0.0,15.812774980367038,3.710231700243776,15.594494056752634,0.6647698667928358,0.4927866445130885,0.18280920678413914,0.8403698140649927,327.1642112220559,0.21009073836917586,20.01574855415892,25.34491339004344,0.13278151643769429,0.05306397342390458,0.029473348123713262,0.007317761845207433,0.01693055110040314,795.3303128675768,0.08111214410648689,5.916823478478957,0.035655851236055684,0.04400749912781105,0.007154167196229786,0.0,34.620964644270316,46.310814762065164,14.266916579530898,10.605666452883511,0.6279000000000003,6.233132700191462,2.854285953623443,17.530106250829615,122.55013807991173,195.70850669252968,3.6093,0.3275000000000001
11.15936990225998,-4985.563613562902,2594.156128015359,71.25484792836717,-8.092088036506384,23.581700229464943,13.066833102086816,29.166545001602127,628.1315001849925,0.00012070367582403055,0.1188836480566092,-0.0009011052467641324,-0.00493526319020189,0.0007436143802886756,0.004476340142084886,15.9253481009042,3.0996735500213153,16.023019747377298,1.239051846044405,0.5822499205905156,0.897792118738197,0.8764,448.838577799953,0.04255187845333021,20.60410691899736,16.062,0.12674902481926026,0.061503079629436755,0.0167,0.0009981484805691313,0.015245762081062705,942.8998532304951,0.05475151769548706,4.15150128127409,0.031281687699215674,0.008,0.007342310591182868,0.0027800784347389454,217.13068340298653,122.97505513528203,2.5786999999999995,0.3003999999999998,165.23395157943222,3.941905123486042,5.322091886698738,14.044544883658144,328.2981032683875,963.1381873991165,12.137883797590309,0.3275000000000001
10.377477591012946,-5672.822211565533,3493.75,75.68124734680521,3.3098812983625208,19.352689476543866,31.2933472069396,24.338560120802114,601.6898076282021,0.00010098478991469785,0.6536627513631609,-0.0003997332747948072,0.0005231715273887553,-0.0007523794557714401,0.0002738551796380192,15.670843523997435,3.450760301666054,15.74621526988549,0.9367487104134941,0.5730680951538623,0.37744913640217403,0.8128343009004285,557.8249001576006,0.034,24.15055136396587,20.975424665790634,0.113418175696017,0.055531538006502366,0.022223488935275093,0.0004767744436379544,0.0078,2005.8744,0.25176512217373126,5.292441215513382,0.023210538946126534,0.015376532462967607,0.005968545182414338,0.0,400.0,191.42601679484133,4.7878332024492245,286.26277356207225,22.406283935793567,7.243619007671597,5.8606,16.192881844973233,35.4386426926984,355.96708559150983,28.852677044159822,1.3079571440867495
14.1879,-6167.34358886552,609.5,73.87176644572308,-6.056723185231309,50.803289094876504,33.53151330395538,29.789379200949483,617.9212966797688,0.0004000000000000001,0.030126414925328124,-0.00022369330499782587,-0.005467758655305663,0.0013389146491317766,0.0,15.835501192743665,2.546243581590568,16.09,0.9492375201327641,0.42574400572239957,0.40916138670689384,0.8022457025679559,2344.118528341087,0.32555510155907696,15.267381150127251,25.118118201789756,0.25194583886852295,0.030598096190272,0.034100576849387526,0.0008498996107683407,0.02273190393705792,120.49027781249703,0.0175,5.347595132657042,0.010499999999999999,0.040034411107098496,0.0025,0.0,132.75710414305576,3.3354999999999997,29.21235777926224,0.3003999999999998,0.6279000000000003,5.731516675970069,4.9163823594318785,20.154412130755706,81.5265856886084,663.7362941236676,14.679240742572237,0.41555852123975345
4.939505004085336,-4968.378092958799,3213.784209453285,65.2700771518329,-3.4617084965481886,15.438019068904248,42.46210714348604,21.8557115783307,614.2736372125222,0.00025687326204891264,-0.09452295904995753,-0.0013,0.001693664493267388,-0.0008324392178092233,0.0,15.87364773651521,2.7454703671134153,15.667685046274391,0.9542524593334838,0.4108,-0.40638175132979604,0.8097728445970269,76.0,0.15179488026126411,17.576940647794956,31.450861427041076,0.12589361465864768,0.0172,0.043008300760990346,0.010116511547590868,0.01622885259367578,783.2070664436384,0.33032372122005094,6.970237693917692,0.013476096908888617,0.03315921365126285,0.006740282462137384,0.0,44.27018477905659,24.404463900397275,6.0197574506154385,7.111371517226148,11.585416873053752,4.231208628343873,4.706770161659549,18.344181947048433,205.91706819767077,36.02514048793367,3.6093,0.3275000000000001
10.277689371961387,-5762.878742319869,2295.3124599384355,68.26182088500867,-8.27115098384153,7.354759729281639,26.342530560682388,23.21585827757643,595.3218,-0.00013491353290817653,0.04681025621453393,-1.0354540966832657e-05,-0.004170016689477668,-0.0011247849425057267,0.0,15.680166929617474,3.7360725282774387,15.839420099714816,0.7886789322786587,0.5392847359754066,0.3882093647738498,0.7558134716728699,955.9925260240623,0.17186061203552747,20.2063778320696,31.645704511277827,0.10537806411676148,0.041206976314177815,0.017744197128172004,0.009485043720629608,0.00870444212324882,408.3475657425571,0.0175,6.835020125201884,0.027866713017873204,0.008,0.00563104963760224,0.0007131272522509403,23.813575763648352,29.486540856213598,38.558029138852106,10.965515325458437,12.618326847755466,7.167617589455323,3.998625375321757,7.008181597433552,31.84155228122452,0.0,3.6093,0.3275000000000001
10.67164770999567,-5372.612743022953,2551.4377331710552,60.39478463593968,-2.8445339591987415,10.222000899201792,24.38566077219954,44.65441332314799,623.7095584248814,-0.00011408425745465213,0.07386963718370707,-0.00014925238496019564,-0.0018643126823253559,0.0006787120606600789,0.0,16.07,2.780794655043999,15.849886653798182,0.9886318250667613,0.6283038873592411,2.458,0.8693401563718187,76.0,0.22453034336469938,12.675945820971357,25.103290129710594,0.1775393840854064,0.029091981583273516,0.024397315514081797,0.0,0.011408622921981878,368.8517214948875,0.04232898154023293,7.285629064361631,0.016065534882368948,0.02622077357914403,0.005767701781725551,0.0,13.52995911125361,47.666578783046745,63.24812440226014,119.2734471931454,14.554845539089282,6.204747489492728,4.726835598570853,158.1332,74.03384755714205,0.0,10.924076935712929,0.3304234314600043
2.2493,-5412.4067789790615,2715.9987627441333,62.03729904060189,-12.1527,19.312564207422565,17.160416648543247,29.346768086121852,612.0569688457515,-2.0257828599702475e-05,-0.006597159295564278,0.00010657880837297644,-0.011826530697982056,0.0006222932263988343,0.000545787407370024,15.693330507069575,2.8306985622982257,15.800186865972785,1.2902147557453183,0.489869773111571,-0.1864287357315813,0.7403950578437323,402.40026852139613,0.034,20.451938099570413,32.39987416745894,0.11569706966909223,0.0913033899372476,0.05391179901904073,0.2067,0.0148277658914013,143.73293189214638,0.019046236700563483,5.7589254310819395,0.023163210676217426,0.01806637030600708,0.006815925638055207,0.0,23.738240226700736,29.084871947861824,4.620359204566041,177.13932128848606,20.587735799007593,4.052908453519795,4.763885276881213,35.91655308452567,29.872980395236038,166.10612323249677,9.579390093698079,0.4097508405368564
7.224577498974344,-5330.253553972843,2437.2809880416617,75.9444,-9.380013461474274,8.911592670468188,28.661686768083552,47.99058667388584,631.3358495421917,0.00011803689871480913,0.019171181310143996,-0.0002945454616971812,-0.0030124986464960205,0.0015,0.0006280057269544372,15.75999688982409,2.398,15.944870946132363,0.9301852963988471,0.4559004525864001,-0.47945469837718446,0.7890397952441908,141.19371445321798,0.11688811279865283,19.205188301163297,33.4755234918612,0.18114138422732895,0.0625457110158205,0.030868284204307865,0.010657263411240236,0.01248925041406863,1332.235305617161,0.18420306927624946,6.127180607037765,0.010499999999999999,0.028620658920841657,0.003766951781143828,0.0,83.68127484648943,32.49599122237791,29.323987140028915,18.089410083546742,294.96576730576334,6.5030349360187305,3.4165846692868476,11.76915861196295,97.16080026636843,986.6667,3.6093,0.8947513768439742
14.1879,-4930.287788184453,2881.9789279045162,70.67770945313602,-4.2564946006322515,12.373898257901525,14.690906503251496,39.87933731563872,618.9316058596263,0.00014602159617513468,0.06576099125128973,-0.0006367158287611008,-0.005256472181188381,0.00088808658873696,0.0,15.73816451241009,2.398,16.09,0.6893524789548422,0.5580780383864873,-1.6239056109469971,0.7612623827184258,374.6851021901335,0.07667582226182539,25.078624450326313,37.6107012657842,0.15832895729658525,0.0172,0.0167,0.0,0.0078,107.0015232023552,0.0175,5.0114225059455295,0.017153128003671907,0.011621757696953032,0.004777626136084987,0.00040764607388246303,47.172079948292705,34.062224551407475,26.71938781396426,0.3003999999999998,21.318370489147902,4.5199343183474,4.133626043533352,105.71099695500294,22.700139007686985,0.0,8.464493098808997,0.3275000000000001
2.2493,-2003.631121974628,2670.3269333483013,70.38327105683975,-12.1527,7.802183551005281,17.391875034007345,28.317229040590583,634.3218,0.00014228647563543787,0.12195927016930191,3.003691469178425e-05,-0.00785672163004293,0.0010234237105146951,0.0,15.871688976039191,3.445723326446419,15.54,1.010125571803964,0.8053470109603517,0.6208750110430945,0.8202087973921376,76.0,0.034,19.86536056182034,24.20971248784879,0.2134751525305379,0.5775,0.05212889166229124,0.010985226179069755,0.0078,397.59675296827027,0.1052530774307388,7.644353283347678,0.010499999999999999,0.009693835639543218,0.0028360410249839117,0.0,24.854466859700395,48.41080757153408,19.154520890245838,15.320102905253808,0.6279000000000003,3.972534595382946,3.5829634681276885,12.587057450662575,49.75234642980362,986.6667,3.6093,0.3275000000000001
11.132861199973892,-5024.88175755102,2642.9251611841823,65.60122490064572,-12.1527,20.25885108803531,12.134288106769759,37.72032596344024,622.7639870957374,0.0004000000000000001,0.04063942231004776,0.000238153794151477,0.0003251575502361669,0.0011920155322569152,0.005485131289935162,15.843359216327773,3.7628547523565095,15.659730201797222,1.14305148293948,0.6549983662169492,0.009772567161354662,0.683028905675394,76.0,0.16917242609268876,20.915276260367826,36.20817721064128,0.29597593489317786,0.07913142960414343,0.06648205296717655,0.007730239173610966,0.013914584402835058,262.07408761297427,0.5255,4.511204225184093,0.010499999999999999,0.016779557318412654,0.00574073901074949,0.0,76.43502159684752,400.00000000000006,2.5786999999999995,0.3003999999999998,0.6279000000000003,4.980216309718201,4.435322739842249,11.74761870931534,299.3846080647466,41.76082463655882,3.6093,0.3275000000000001
11.848269440846776,-5054.83341516229,2290.9481225001955,60.74581564147341,-6.332523707232648,18.484805966679232,11.264287294328764,17.725214559218358,632.0199544013194,1.7225047529243926e-05,-0.01663452698008433,-0.00022420093328932636,-0.0036917429906606286,-0.0015705759051859419,0.0,15.94229566945576,3.1875338588064945,15.736409280573001,1.2296882228012729,0.5049615051444827,0.5776194990918693,0.7510608227386933,217.68684688892773,0.09507728615883673,21.87397995655051,27.08815838927376,0.06871181820230679,0.06489364883154947,0.022319074807419036,0.002335567008096673,0.01755149791664743,147.131136575361,0.055634214638304626,6.160268867546777,0.02093256491285343,0.008,0.0319,0.0,23.35134435608366,29.57757755075962,2.5786999999999995,0.3003999999999998,21.942418504081182,6.003106675756355,3.473966031676804,38.413473562429594,107.56294461523544,986.6667,3.6693456808170053,0.8154154433105318
5.626427494425441,-4749.28918141498,2697.780501990316,61.71363262443262,-10.08535864641086,25.253176796712353,30.060489378477783,38.5767639161983,608.4173085443947,-0.0004000000000000001,-0.10279443546347755,-0.0002619445594311071,-0.0134459383107038,3.6066464792466955e-05,0.0228,15.75387980814344,3.806857705190671,15.773193116186643,0.6678561451859213,0.575168343525005,0.4663603619675176,0.809211095569531,647.4628956239735,0.034,20.330629111668536,26.193599719704174,0.062289715816902895,0.06576232070096262,0.0167,0.0032313788087657276,0.01249823976611869,163.1898691595465,0.0175,4.0902,0.07048204540679884,0.035160667121207405,0.007200608492843637,0.0,54.67462327803953,37.65835498852757,20.86216569722687,0.3003999999999998,271.7395124829464,3.5978054054470947,3.0843970176795548,14.820492065387162,400.0,161.69435848885098,3.6093,2.5542490953252655
14.1879,-4922.420548906739,2836.7603966692573,74.24993506237007,-9.283681036615215,8.116480792131053,18.61784929596872,54.18451284884151,601.2379424999023,0.0002275381854527822,0.10861177219912815,0.00043407285101119736,0.0004187176113035762,0.0010086289634906613,0.00044306283991614817,15.730623096784964,2.5919634022012685,15.751313302277175,1.2841029880248975,0.46770650435895045,0.7266071527671669,0.8099408111301065,314.9864878169646,0.16363029377871185,19.33616347069841,24.784345327873073,0.11543682747022446,0.06064158303780898,0.05862794098731089,0.0025191298360245805,0.00793542076918259,423.522969633804,0.0175,4.676765527288133,0.010499999999999999,0.008,0.006883340920661892,0.0,19.897940757547694,244.28260715528967,2.5786999999999995,0.3003999999999998,1.2456285205297748,3.4796031705195287,4.218061543756472,16.30422791045113,93.8203072106591,986.6667,5.894264476859322,0.5498270791329645
7.695698917125933,-4904.626925592389,3007.595421873587,60.882746745717434,5.53623209858074,25.145589898346337,29.900948445372382,14.166364501956132,600.3833085074036,7.677117621436592e-05,0.09129034968543237,-0.00019939455555331275,-0.004495479927641938,0.0008568867238883136,0.00026873001859896185,15.862055318942014,3.033209201389409,16.09,0.8309860852348403,0.4460718754351025,-0.0006847621335653864,0.6333098580197777,187.37766723411227,0.06077025156910597,20.06593339082183,16.062,0.08031685524377659,0.14038097780747627,0.0167,0.0,0.0078,237.03129686355464,0.0175,6.480377737546701,0.049319475916138986,0.035214370596597294,0.007313163497354426,0.0002906044092912697,37.43686748216964,9.109039430318214,12.595071390312,79.44295665905534,69.0477765717202,6.694511098831094,4.101440634175595,5.626382287784934,18.0064,168.04419224674808,3.6093,0.42522785970820176
8.804959084201506,-5232.468714133651,2451.9186781892354,65.5824426407775,-4.40350232819231,24.745133224064663,23.10650073199193,21.981146971206066,624.3741183724818,8.227115175224525e-05,0.09866226099280456,3.851435480691707e-06,0.0018415646567038063,0.0004963355931944127,0.00012092698219018129,16.07,3.393139302840998,15.89539763132706,1.342899270066515,0.5274821060571419,0.03097197419733988,0.8123821011954395,76.0,0.6682572767208546,14.335102093456788,16.17427609646143,0.05267083328752021,0.14112170895822795,0.04603080079821607,0.014181214910882912,0.0078,413.9397332536262,0.2341510366762283,5.963572716548914,0.010499999999999999,0.03179780836909914,0.0025,0.0,37.44259306373732,48.46609321629964,2.5786999999999995,15.868847253191639,3.552641023508298,5.683525484436478,3.952856573584479,15.788449608818706,85.30518047989835,986.6667,3.6093,1.7524124641673449
5.9662746675588725,-5290.077797404848,2515.501905256174,68.21071487874747,29.73472108598661,25.695678419273598,14.096020683174032,39.82626090768535,609.0461544284462,6.287593871142899e-05,-0.08607362753315498,-0.00015457770859270576,9.43822503777364e-05,0.0010452395623522452,0.0,16.04846560033313,3.1929303503897124,15.775587625421629,0.7452856195260936,0.5840857275100864,0.5195294842853602,0.8027204435190662,76.0,0.20172662486019755,15.870751856928338,32.60249289814985,0.0838139367544939,0.057982260087977376,0.030203571964722058,0.006227566420022972,0.01445199811142529,342.33466179003875,0.021606879478027606,4.868013323862209,0.010499999999999999,0.03129235980578128,0.0028908516804682797,0.0,18.243630596679303,400.00000000000006,2.5786999999999995,0.3003999999999998,0.6279000000000003,3.5531792173786814,4.203297725765516,40.47442385489207,64.1176399051123,820.171088096707,3.6093,0.9594542913386629
9.525953615118214,-5524.483471719079,2541.9743683163383,65.08640795047872,12.605288036532997,23.819911250343104,6.4482,45.116768417576324,597.3331400723935,-1.6099199691994802e-05,-0.06986373567415355,-0.0004991587859317324,-0.002453414840912574,-0.0014031017841010297,0.0,16.07,2.398,15.618633757065025,0.9870251131309254,0.4321197226220289,0.919587540430751,0.8527956291546103,76.0,0.14111511364523843,21.34796813532983,17.65700072379322,0.1340707601155899,0.0172,0.10911512829291377,0.0,0.011785307829428635,152.17038082426512,0.0175,7.533698963137358,0.017826851983493423,0.028136954689513008,0.003566715064739083,0.0,39.51494169185283,400.00000000000006,6.916426205960073,10.138254871660806,12.64845520330909,3.3303,3.689170961360023,16.472277078144668,85.90318445365943,783.7899588952697,3.6093,0.40079250489216056
14.1879,-4786.416714378071,2630.422508654353,60.925623546705374,-0.005564830987101921,15.354808711970643,6.637871858405621,52.76414298699497,607.8822490149768,-9.528047952403267e-05,-0.054338711623266166,-0.00016200754965545606,-0.0020801312550077474,-0.0119,0.0,15.868618925163505,4.153348175702582,15.748075256020956,0.9656430518355965,0.49604672298615493,0.7000222990404685,0.7086628541170942,695.2703864766278,0.1357101345096624,18.333811315478357,29.237038272431434,0.23845672454570996,0.03623923924586063,0.03175508924204981,0.0073173860026172575,0.013280883347354278,104.56873095906326,0.4797222254724478,7.151118863507511,0.03517350472447024,0.034711832680536264,0.007497423990805012,0.0,10.63998586958456,3.3354999999999997,2.5786999999999995,11.629917427494748,0.6279000000000003,5.87710846357119,4.101641542550148,3.1599000000000004,82.54118024237704,862.3876517766532,19.049203610692075,1.9689932538264643
10.174975785666676,-5112.189900494582,2813.15149061983,63.42494086184189,-12.1527,18.27301282484988,21.903384035609047,32.49547858238848,610.7840570490282,0.0002776412052574741,-0.08841026891566864,-0.00029065879450768036,0.0022482974750675094,-0.00015879886403261995,0.0,15.884252985557133,2.962602940674774,15.726541825352381,1.3486518721304712,0.4108,-0.11643478416099073,0.802910338362367,358.3444692667437,0.2304440093999917,15.797927658056642,26.575640046147033,0.08749175346060857,0.04018479658309419,0.26647814291680494,0.009006762844054994,0.0078,219.800604968652,0.13255562483039118,6.574682764487546,0.018658061774698413,0.03730507257044756,0.005052174314055978,0.0,123.63307310008096,8.273054566700324,102.368475194319,19.14891312745884,117.96709618620858,4.905737158439766,4.954922265629949,158.1332,90.98410281944176,0.0,6.717906653485576,1.3427680846532355
6.523146333274688,-4992.828374324357,2709.3142562649973,64.65792023588939,7.00363807647577,20.893004797843684,27.482402485711265,33.96875638774899,611.9268444668143,-2.5226001291807622e-05,0.05281070786822379,8.21805103725375e-05,-0.012719724078115238,-0.0075422943938640895,0.0,15.807392923184565,4.93242305338308,15.761411661501752,1.867,0.493517350315796,1.1326568716196688,0.7805894551863076,501.92092057036365,0.931,21.010165087618393,36.051203022243946,0.16809069829327145,0.15961579347725668,0.03250636095307769,0.0,0.011566411683223388,251.80793921556497,0.0175,6.530603276257882,0.010499999999999999,0.008,0.006093327496252878,0.0,107.50878744193986,400.00000000000006,2.5786999999999995,64.04774760757542,5.8595260374606655,3.8998471706241715,4.656076157207022,19.22214345072774,48.53898769645508,986.6667,5.369010905028011,0.3275000000000001
2.4308583077400163,-5078.461025511149,2501.353485305195,67.38824333325158,-6.742762543422254,16.707474455583395,18.017996578113305,35.505625849997664,630.8886267697885,0.00014812531509092133,-0.014986822194782146,-0.00017104058529763405,-0.005558396291952817,-0.00023286654293365648,0.0,16.053006161569474,2.4409784411020414,15.54,1.085759618492253,0.5331183687352113,0.4515638441619638,0.8110490808983375,76.0,0.034,21.171397681886624,34.00669742579518,0.2832370704035334,0.09156585303995651,0.0167,0.0,0.010331482134033869,360.4577189981803,0.04214733536095555,6.087995259963013,0.016858709524545396,0.040182874596431106,0.00284469392539631,0.0,1.328800000000001,30.54089769136835,2.5786999999999995,21.82090423168959,0.6279000000000003,4.385144515664366,4.551902338903922,158.1332,122.96140533451413,0.0,3.6093,1.8912907798220577
7.025018617108969,-5116.294527465707,2757.1799089308624,66.13100451609985,-12.1527,10.765455140016183,14.78949494742981,8.7636,628.9158858635103,0.0004000000000000001,-0.04309635444294857,4.576373198668157e-05,-0.0037296742564190332,-0.0010211360780696414,0.0,16.07,3.4271097848744687,15.940412176626506,0.7184423937914357,0.4463310382779607,-0.2721213988001139,0.8091726698685925,378.25821779876264,0.034,19.52618410340373,16.062,0.1056807742297142,0.0172,0.03951244736866781,0.005969142192435719,0.008938854887845241,238.76627729562523,0.09603161505849557,5.6169004983543624,0.02716912747716037,0.0673494843984072,0.010496563536162015,0.0,23.58152053258906,3.3354999999999997,371.62043370993723,1.4556260312068474,0.6279000000000003,6.658352303327649,3.8047686716652884,21.784194627580455,343.1201296244229,132.49493604226012,3.6093,0.3275000000000001
5.0349107636269395,-5411.103905923042,2710.6140305707017,62.0510106596555,-12.1527,23.078301700286964,23.785396470272588,23.923715845153826,622.2256045358918,-0.0001817705142085868,-0.017029947718362186,-0.0006228919160588956,-0.008528762755387291,-0.0018946906690041404,0.0,15.853955106242061,2.6756394150180123,15.768564519229608,0.7939652185538277,0.6456659242637822,0.8372389375780496,0.8641926399822379,264.5279900272711,0.06828911454956389,16.797934769683575,27.227500211501845,0.3876604979293743,0.05378040490499399,0.09130954729809347,0.003951292446703143,0.0078,99.50838243435979,0.09419941894038361,7.719318945864827,0.19151556480430465,0.019509237367931698,0.004542542471302111,0.001594994663832595,138.90434928184024,303.1832460564597,2.5786999999999995,28.479051965181448,400.0,5.086371498760829,2.843343486748174,12.349609042991405,67.19824665112058,15.387272652532715,4.353971050758573,1.6400129655406552
13.780519312293215,-4655.762549499817,3493.75,66.97154868119749,-12.1527,6.8804620107125,28.886059336364408,33.42727583777904,633.2006254645039,0.00012358012578322062,-0.07378642473840377,-0.000781288102981833,5.794038628085044e-06,-0.00012083354567079943,3.7277039835223474e-05,16.051661050206217,3.0490061952885075,15.849993829559038,0.776141947983336,0.6227589278402202,-0.03044102618366129,0.8764,147.40095489063907,0.2873171009313909,17.014331974126026,19.95905040607676,0.048412257377466086,0.06000318714815886,0.04273509947867661,0.0,0.012837081907716234,1222.0968773870916,0.07658312685330816,7.568780744636782,0.04112122777845535,0.040813360423904904,0.01295108607825622,0.0,33.12469278786004,400.00000000000006,17.077127761742396,34.87476792163471,7.612198374341069,5.9743313885283245,2.1869,16.94081374593016,119.23617450964704,0.0,8.959563093989521,0.3275000000000001
14.112246609952972,-5432.152213156824,2501.561035206878,71.80572166857856,3.272392586649269,7.340278344338672,33.737038932860415,43.939089498725664,623.9067135455273,0.00021082183121249465,-0.03548717551622362,-0.00011794908110721296,-0.0037283591220833683,-0.0006361445925742725,0.0,15.60700316348522,2.398,15.908918498689511,0.7974664995697098,0.5724929989695802,-0.15675650285261045,0.8455326980449481,319.31736651319943,0.14040303864522508,24.980768377725063,29.020714807128112,0.4892000000000001,0.0172,0.01898308386838685,0.004898622171911949,0.017373883595618516,2005.8744,0.028393930359716005,6.201076290363042,0.030278884112760897,0.008,0.007836396341363133,0.0036732619700825175,33.05454466680017,52.866082460626494,2.5786999999999995,0.3003999999999998,22.301602018424678,5.394956810312595,4.486799992292923,5.828240635483448,53.264111617588796,0.0,3.6093,0.3275000000000001
6.606413163394102,-5445.6189990176,3162.481726773849,69.6154758014744,-12.1527,11.261921285574626,22.120807364112345,43.44961707016523,595.3218,-1.279148991817716e-05,-0.05232637746932313,-0.0006431558285209635,0.00013442492660055254,0.0003351089803247007,9.72713430282121e-05,16.01465026161441,4.024956121049345,15.709015855992616,1.0367945241742471,0.4108,-0.06677463442972875,0.871842733302166,249.2654842925586,0.10856981910627335,18.06047742154853,30.92100535769343,0.15930808360342813,0.034587133707296755,0.032428430190651114,0.005473477018788477,0.007985510182181148,248.80810307086318,0.21055492057190567,6.535980198081711,0.0212358237207664,0.031833843745483016,0.008644366998678214,0.0002006235992114895,35.71725199515684,76.49455240481525,2.5786999999999995,400.0,0.8649341909272863,6.326594857471091,3.758456364476579,8.605434046026094,53.33111516368173,0.0,5.343422922907216,2.1812058909242933
10.789544265609324,-5494.419196850324,1787.3184930761472,70.1159630357729,-10.07854506406168,15.97823593249237,18.50822514421392,22.54288984585098,616.6233382964308,0.000146590982291886,0.10966613037233178,-0.00038114444861187826,-0.002169269967946025,0.0010129828711000928,0.000812104026266577,15.755212858698949,2.9622596033055073,15.708724676407716,1.1480449910115944,0.4108,0.1503110828590869,0.6065758914764713,359.92741588704575,0.23907537023986758,25.49641835423811,22.550254458343613,0.1041601566003401,0.03517813879572391,0.0331385205523748,0.002342413742476194,0.011820129775803228,37.027000000000015,0.056855365386377185,5.969425608361554,0.010499999999999999,0.008,0.003403475102044665,0.0,185.95373321038576,9.442874246741342,14.765228920559979,252.02421405273688,25.50100599841741,5.66794096421564,4.163718060362215,12.76965852387607,83.9759766257901,183.04841777774297,4.003421275608983,0.8337797275010667
10.472386974298946,-6125.520894395431,3261.0590527049635,65.3956014564465,-8.888736443083346,26.595883331865984,14.77161631919104,20.705964754876796,621.5290968089809,-8.702936542452476e-05,-0.007071630414038766,0.0001486108518094745,-0.012506229747459161,-0.0018536280233644956,0.0,15.68915603059583,3.942327252661081,15.670660488809315,0.7325712402296565,0.496388925929139,0.5768064532392363,0.8267819781872724,374.7798435737312,0.07469808376192458,20.570522980285112,29.91168632966524,0.06037361035768451,0.056847329904783826,0.0167,0.0,0.009562014055220117,1712.3018027219252,0.020281519918671588,6.634727330668071,0.042935410272578745,0.016853174109164426,0.0048135990576077545,0.001185703549806077,65.58182751127251,10.47155436958602,2.5786999999999995,13.201986889609312,400.0,6.306401970446059,4.709656060600932,3.1599000000000004,113.5730687021989,0.0,4.888189877342554,21.388387429358566
12.792686722222093,-5010.06660848248,693.6668698818478,64.71873365042546,-8.797419009560837,45.18512551783294,6.4482,26.86806692902361,601.273868578285,-5.3969564076394194e-05,-0.038471672536576476,-0.00023039590781692967,0.000379973597727316,0.001219564422602533,0.0,16.07,2.5557002537805804,16.003635081615727,1.3078890609600724,0.594217240888322,-0.2263550458049456,0.6910907691205521,501.7395983887202,0.14619741257168067,12.868620338723211,29.21701254468892,0.11699500325424828,0.05632579449006305,0.022775711905322984,0.0,0.0078,136.326525151476,0.02969257129099282,8.092996885924347,0.021816575719034486,0.035093318129969145,0.002660683095004131,0.0,40.32689933551163,7.904865534730687,2.5786999999999995,97.74169903118228,0.6279000000000003,3.5216784103550283,3.570918728730048,18.318992593278775,34.9136415784352,11.769769364704587,3.6093,0.3275000000000001
9.413935791274755,-4880.393387929071,2600.133767438702,63.16053138350965,8.299293143904697,45.85407190323216,20.980726492037537,31.641222772286362,608.4480155425917,1.721438285527697e-05,-0.09337795535821289,0.0001945941246651265,-0.0026766131637810855,-0.0003786229307840215,0.0228,15.841433078262241,3.222769134498915,15.732530854970728,1.3806620097887672,0.7217366346274248,-0.0930573753555724,0.7288922553102958,482.91699858622826,0.3066146668209072,23.638929163082487,22.069569763470472,0.10347413121936644,0.05755093013964822,0.0167,0.0007927911403623905,0.013425882317879065,260.902852341047,0.0175,4.868338542943856,0.07624674539224927,0.01870754052508601,0.007160088758366297,0.00025451194738959713,400.0,25.875231516144645,2.5786999999999995,3.405953945388708,13.64729170844235,5.046106915464848,4.616759341861602,8.104385198899482,101.27241429848192,139.96678997229455,6.19806567555131,2.558968013489215
7.147748047359812,-5042.901050917444,2416.5176329688297,69.93428941501645,-12.1527,25.955212166291954,19.77897620332164,36.538470235928116,611.2462988204422,3.841175089410755e-05,0.03154946518571558,-0.0004878856255684055,-0.0068180528950361405,7.333163235615287e-05,0.0,15.81630261112035,2.7796786252612806,15.66498114629302,0.7777990828625352,0.4606459505249172,0.7428743600270369,0.8258168906776406,308.8556908135484,0.034,16.244641886761592,29.582049048508452,0.09495105920061783,0.045469589320377576,0.02096864530387984,0.0,0.009461120119940271,224.6817674151089,0.03839896652812305,5.329092324500398,0.01315649006847589,0.029369355649048197,0.003256096679059668,0.0008023704178641809,8.13570846042723,68.42432103464985,290.1607557933123,22.854224316768796,12.251994978810254,3.995637874294638,2.9711746723392047,18.098556758972215,95.34786837005356,731.7057717173687,7.426720880230301,0.3275000000000001
6.3335709433179215,-5254.3665797454805,2577.779652012903,67.35883060792249,-12.1527,22.565274159281806,26.986512786774604,44.48861069757066,609.6448914597778,1.8738781178624638e-05,-0.0004959669435058336,-0.00025411042834777364,-0.0021514801102433187,-0.0036352991261883474,0.0,15.853426346149385,3.4782978891239753,15.831279709936126,0.771958441788396,0.6644744527943024,-0.5977770067769115,0.7856484974490583,76.0,0.04426982754481494,23.929405687186076,27.468839451659694,0.12172938946219046,0.0617099807998152,0.09409210980144705,0.008759804519371587,0.010406347140482566,472.3053798780968,0.07395702255679645,5.202395820045193,0.019187828524797047,0.008248256665468301,0.004891874442424106,0.0,191.69090618966956,12.596883119554834,2.5786999999999995,0.3003999999999998,11.123887986830134,5.065654070101383,3.8493280517346857,16.549397974021232,72.27291868079355,271.1437392798891,3.6093,0.7428041220745171
3.1037013311466266,-5333.325484749216,2497.5301539059706,73.40465396399576,-7.2419731758258425,19.500003635565513,25.20067454757345,24.17978137247604,615.4934036600312,0.00010459745503819557,-0.037667412099484,0.00012401084824441853,-0.006982094717783845,-0.00016882412355407895,0.0,15.715436684895025,2.398,15.949865361212368,0.723171185643553,0.43941211010789133,-0.05525919719786043,0.779879106670891,160.5820778581351,0.034,17.88821145336038,16.062,0.10734296638993335,0.0172,0.019938493573401554,0.19872078593671225,0.0078,2005.8744,0.12900727201253104,5.357219710469093,0.01966588255506793,0.02330157653035874,0.004818605223502268,0.0,16.03503101969538,10.888971266157531,2.5786999999999995,119.01483124598366,0.6279000000000003,4.194495037427693,5.297319902732373,13.611277466214666,323.356875486729,247.1899297340362,36.42845915820047,0.6155562434849386
9.277371805655665,-5528.3409922992005,2472.819099571514,60.35376555292039,-7.70469513922656,8.256164994912037,16.234191476597353,50.08142116244434,627.726445295564,0.00015178329013973928,-0.08361309827611785,-8.071251883129566e-05,-0.007685980871404365,-0.001038086678565823,0.0064507983274684644,15.815756549405789,3.431337720921857,15.775190560218315,0.6055,0.4108,0.10008745977940448,0.7304963924980428,76.0,0.06788622531520648,17.341742225001774,35.40468032633752,0.23097437321835215,0.0172,0.021370554623135567,0.0,0.014960871751240912,76.98839478737568,0.18799231541367095,5.139914143955836,0.06045499280606066,0.2839,0.012572666183598678,0.0017492930322950224,13.6987261638705,3.3354999999999997,33.993716605471846,0.3003999999999998,4.049596238606609,5.972223452583332,4.083972565506241,38.698829843757494,85.12568601705706,0.0,3.6093,0.3275000000000001
8.716626269398581,-5243.692735022117,2640.117654040696,69.31961222168731,-3.772339427081573,18.088726042711258,9.808934697596621,19.454698524975562,610.7809108807159,0.0001232161538844876,0.060000186874283754,7.698810582631656e-06,0.0028127085716810538,0.001318650597191147,5.5497636302966576e-05,15.828868311627053,3.902622460332118,15.689658601363062,0.9314022472485406,0.4832929862045008,0.3464242740898118,0.7125765854318198,442.68068483281974,0.06643001870062835,21.40153531177388,26.16447064480192,0.10734854594042077,0.03757657760692855,0.0167,0.0,0.0078,105.92617462966072,0.0175,5.029476371604852,0.010499999999999999,0.008,0.005174437573798449,0.0,43.34354563027199,3.3354999999999997,2.5786999999999995,6.406456787829027,177.07854743146584,7.011510305978353,5.083996288338396,8.769694616251764,187.90585422540914,217.2015111930033,21.463341465236986,0.3275000000000001
12.694393807976837,-4680.08692320187,1947.877735616914,65.94640226656543,-5.717981469954845,26.46424834304834,8.678783748925245,39.4350481602533,623.4397986595878,9.053094917549484e-05,-0.10251034565791353,-0.0004898269272308625,-0.001268568098372374,-2.8535346526844495e-05,0.0,15.93751699043403,3.1760300452323804,15.708188540576844,1.867,0.710490478900175,-0.29451039175116017,0.8012886384191034,464.51109409025554,0.034,21.703799877865247,30.46692979601324,0.10272017755564089,0.047525791378460296,0.027486615748830507,0.001238608556879364,0.010170903965770528,58.28311590771261,0.09569858874964837,7.0872569226738955,0.010499999999999999,0.012373381369272013,0.006265504053507358,0.00208680224372543,159.64074998913955,164.00507055613838,2.5786999999999995,0.3003999999999998,25.80502279105249,4.634315549899194,4.303881615087029,16.949298774142964,276.53049391979755,687.8321594200041,5.611273405120804,1.7188696351813553
14.1879,-5813.954541663147,2632.9697984668314,74.74933786618153,-1.3320015269360552,11.620466218188719,31.71027656078315,37.626936380595914,604.5984446270978,0.00011936666869452343,-0.09174864890570728,0.0004512814791206668,-0.008490224800474452,0.0009001637116412593,0.0017982092763549923,15.785163498559056,3.9980576068383433,15.77489834811602,0.9115544872359551,0.6236758357585284,0.8144718877743791,0.8764,484.31626003967506,0.13355281831634197,21.300862355580954,37.08242797417341,0.155253743891164,0.04630387069891867,0.020827471058257406,7.64649174278412e-06,0.0078,1870.6166574175752,0.08440937841314534,6.621192832387802,0.036833983769334076,0.03194119820019692,0.006447559240810617,0.002482687288783984,93.33353625900003,105.51080942243973,15.040501929072184,8.713833553217906,17.12166253112674,7.113217364411064,4.573130639379421,13.76638215857069,126.63890782697803,190.38922265840353,7.056332646926142,0.3275000000000001
14.1879,-5432.7038218996395,2591.513240545058,71.425642778596,-1.0333283875413062,6.471234647853484,33.35585044294717,41.28637506781595,616.5523386617482,0.00032278323821074593,0.24043806382409955,0.00032242826664906533,-0.0010220649362083223,0.000569284543156827,0.0,15.857482941120294,3.816076656462998,15.808607491977085,1.035293181035604,0.4108,0.6783241561338091,0.7613316624891453,76.0,0.500413547968546,13.921196480649275,22.383815860587827,0.20978621212003487,0.04829887587768282,0.08690986903075142,0.003036840836424021,0.02175544187253544,219.08016001296204,0.0175,5.518770349553932,0.010499999999999999,0.025895721688966453,0.005722866508355383,0.0002551274399538114,11.72884890118148,367.0239475088879,72.63589180416776,0.3003999999999998,0.6279000000000003,5.236757825418977,4.8013476807291395,4.728872896542047,123.9965550494523,279.26964617478524,12.315251084313866,1.3009751997560028
6.185939398460277,-1368.75,2793.0082413408677,62.86333154543586,-12.1527,14.778480368413426,40.11954977630396,39.57524867219815,608.7057360510349,0.00012141141725963076,-0.10782684008665172,-0.00016981131463951712,-0.004265365662675363,-0.0011679084284240853,0.0,15.809301271763218,3.015464818479284,15.664472486093365,1.5066547827439387,0.5129159937995869,-0.03440633745577615,0.7949950402247814,76.0,0.034,25.545311519407388,33.165856063933205,0.1836723650279868,0.06166610337681838,0.018879025512527597,0.013005444994942075,0.01027696933009923,92.69230933833802,0.08607838034181534,7.196111460481534,0.041854650418559146,0.008,0.008731558543202659,0.0131542319055526,29.352840613432992,31.449776876592622,2.5786999999999995,24.775682971932163,16.1430041222877,4.52717818728661,2.6186009856289965,17.748843340164296,72.8332300762828,0.0,3.6093,1.674387974868733
6.6858462039746325,-5629.468642800283,2688.5653165736426,70.94061843766004,-10.123905331298104,14.75702175004406,33.692658425558335,34.55341823646127,607.8645831261096,4.0422116999160564e-05,0.0002848348418837644,0.00020434934290988787,-0.004339049379842068,0.0006903540971747043,0.0,15.780276892747356,3.03630106856136,16.042620539091423,1.154613022996355,0.5437843797785782,-0.43429622808093965,0.8757077213179201,281.78727600947514,0.07033531686382692,25.061496646381848,31.30505214547467,0.13360663124604524,0.12065948996485813,0.2146352002839652,0.008700476369495728,0.0078,339.48297185544493,0.1048256351308601,6.591694367959224,0.035651496216090345,0.01924616054479835,0.011025295555999098,0.0,44.069199043209,41.90052691106177,25.6988652948642,0.3003999999999998,0.6279000000000003,4.780411100512919,4.426944251556646,19.416270721297707,62.254609929421996,101.99306254148081,3.6093,0.3275000000000001
8.30387505334015,-5510.599207074713,2683.46271793355,68.39540482767015,10.688340992009108,33.12264559401358,20.57421440288648,14.812222509685489,619.1939591118946,3.219204365862313e-05,-0.06908286204794906,-0.000491812415357476,0.003621460704530406,-0.0014976240349045952,0.0,15.794111761001819,2.9691972260838115,15.677857200115094,1.125525740799057,0.6935330265022331,0.07220199295191143,0.8764,848.9252404281935,0.42211438900934595,21.75502972875328,16.062,0.08676946855859952,0.05850746861589856,0.0167,0.00158845919843008,0.013234778796326091,245.81319929064549,0.04625233156621477,5.072319288210512,0.03183301618197953,0.022299948420628997,0.01038801887982893,2.4500840569635434e-05,29.326572837101693,28.066550141522836,2.5786999999999995,0.3003999999999998,5.681021194030166,6.024271663946127,5.044974903292325,14.351702228555801,51.47520308533065,185.98121422334935,9.178841461255088,0.89648148634611
11.093503553466471,-5313.921866266864,2481.2490827990077,63.391357220729134,-2.5848906552939037,16.347818214581373,23.618750720659122,29.04241999408572,619.2259769220116,0.00011832798155109486,0.037303634446744796,0.00011217518532283643,-0.001048730433547503,-0.0013776621043871465,0.0,15.995966155244725,3.5336137913021095,15.975657649090948,1.033774329012065,0.548514287908301,-0.049537515429814105,0.6789471598309608,878.1991314447766,0.14405620552553516,18.166897746033023,30.49941418120606,0.033900000000000007,0.04289032393062697,0.12971317299951834,0.0027315951393971387,0.00870198095301359,234.7234391395405,0.05794285055652561,5.79624665771637,0.04158401502044847,0.018022418407513313,0.0060040964541630375,0.065,36.719105122632556,86.45769583832416,22.226560381644184,84.68989941979957,0.6279000000000003,5.567193601528772,4.772239796988592,12.76291379128008,92.59447633852733,986.6667,11.77125750210422,0.3275000000000001
2.2493,-4682.304235152069,2446.988274337035,68.7399177180918,29.53718953671891,21.639813702754907,6.4482,56.8964,600.8707569750802,0.00012043001897265889,0.1000671086957754,0.00034885396541127907,-0.005889985914801699,0.0015,0.0,16.00035326707139,2.398,15.827068605157708,0.6055,0.4108,0.7843834373940046,0.6424935056517211,76.0,0.034,25.88017675428267,34.514731911450305,0.10564408633857081,0.08144732738114552,0.03027525161412828,0.0,0.010912483802477486,37.027000000000015,0.0175,4.0902,0.010499999999999999,0.011636640043188606,0.005772806292508329,0.0,47.903283499393325,196.20517320254902,11.207299119287798,0.3003999999999998,17.18920539295932,3.3303,4.511151119444417,6.295170477020297,89.51779220469237,63.48561546498584,4.628883706791579,1.073958304651155
8.87301427107515,-4942.22824384046,2831.698530581591,69.75448208103847,-12.1527,17.304690992421538,18.32882046258905,28.821197073096886,613.2260842765966,2.8603326211740143e-05,-0.03901631357295616,-0.0007063477617389785,0.0014132131798506725,0.00026762472857859453,0.0,16.07,2.398,15.926564872145835,0.6055,0.45467198075388077,-0.24941338506875993,0.8197134595336351,390.3182523916681,0.10714714144820917,22.19624551585799,28.426595364254045,0.09795857930562947,0.025054962182841742,0.0167,0.005958272049608863,0.013612678172935202,278.74337078496325,0.05077218317976441,5.217612081443702,0.04469677335800525,0.01894495657896396,0.007318974267693625,0.0031976148110691304,40.728450300000254,18.156502717335325,12.95329150919846,30.921956366071043,117.05479863003603,5.888632694664702,3.500111609634997,3.1599000000000004,18.0064,0.0,19.299123886381558,2.5878806023388403
10.615454837440527,-5097.500062913822,2469.4958287590084,67.315885542083,12.873992436321593,19.14473300741388,19.936539993987502,24.72525937098864,600.1854646131782,6.434101451255044e-05,-0.02793624962967544,-0.0005889892225035692,0.0015991256670945305,-0.0005885756820095165,0.0,15.920910544523538,2.447239253508001,15.845006192511871,0.9078635167603515,0.7860486074137348,-0.5713079611286588,0.7849719161295959,804.8353889893149,0.09209839661290078,24.99944394803143,18.95875405237501,0.033987383125938485,0.0172,0.04443299730194422,0.0045932604323587235,0.0078,151.2085724885407,0.0628216910059174,7.605890868658069,0.018014095156413956,0.01786977138554638,0.005214502199684144,0.0,25.458837361331533,20.64976771428129,22.38265610740401,105.37982862051884,245.57761338625397,4.8381737762827255,4.257389420128692,11.524287857980472,67.13513307957442,986.6667,3.6093,0.3275000000000001
7.764415689770787,-4794.559273868986,2703.8488762475013,67.50420322755473,-12.1527,7.597745240377445,14.449445685198796,20.24268634460784,634.3218,0.00011412180770367132,0.016362103583114206,-0.0007868798181134448,-0.012515760786935955,-9.338655800342106e-05,0.0,15.748807756754527,4.536028996474768,15.700753234999224,0.6055,0.5284166901568291,0.12499759459821358,0.8322106131121039,559.9646263870441,0.034,23.20427586696199,32.69340246861651,0.10231634983310912,0.07329689975417143,0.031060495799801358,0.00021676937603740446,0.014315067602282506,132.719769909979,0.0175,4.267970096131836,0.010499999999999999,0.013036795498285727,0.008404706241327475,0.0,30.674304003808984,30.15635449783217,18.255657951043027,0.3003999999999998,0.6279000000000003,4.584785011584322,5.8606,12.820415535543084,107.72006601178636,428.48566825570094,3.6093,0.3275000000000001
7.949542814378893,-4827.585973538971,2494.0032684054963,66.14415040328744,-12.1527,10.394792165575073,26.909592918540433,56.8964,598.1118123356205,4.724856183318164e-05,-0.06982530906469972,-4.6314130555080395e-05,-0.00828288660107312,-0.0012362715316438318,0.0,15.745045037881066,3.8533857980028037,15.931277090683913,0.9633997433514185,0.4970247214502266,0.4080384628169881,0.7257232539244238,1781.5796573539358,0.13268344554905698,20.9817252806168,33.69617312853832,0.08792401390103266,0.06546966653555529,0.16932059863971027,0.004275656318938977,0.013910747174214467,37.027000000000015,0.0175,5.730344186824885,0.016559117504877215,0.016855308564590103,0.008093014139749654,0.0,1.328800000000001,27.186771230249985,19.679201324029734,0.3003999999999998,3.6388257986927064,4.615436159375622,4.347019562395035,16.810805643113248,264.2706171387085,441.6821108989567,3.6093,0.8946123019133069
9.19200177988565,-4731.050397840708,2731.1658936603985,61.59763683633722,-2.384150194241745,13.922207587291036,13.367595863252788,27.93548051383631,603.1310086710095,2.229450037231479e-05,-0.012699530625574775,0.00015248721419948777,-0.005330923349027893,0.0011751979502315415,0.0,15.897900920674019,2.398,15.603298802183337,1.0497910529805803,0.4108,0.5533411521974396,0.7233935064786304,76.0,0.2867371397470596,13.64223222866907,21.479927732991563,0.11759855247403919,0.04093214771378276,0.09253698426952323,0.0,0.01462782125903437,37.027000000000015,0.0175,7.392650540665389,0.010499999999999999,0.028903465899986165,0.008890772460171607,0.0,400.0,21.885379769230912,18.963339368684437,0.3003999999999998,0.6279000000000003,5.073947597690496,3.7964382447167893,10.075561088580661,67.78637799634986,818.0400568199407,3.6093,0.629449450193871
6.238558051219412,-5304.014822029364,2794.154174302094,71.3589193607191,-12.1527,21.503173797765804,14.946281129527794,33.39960975827216,617.6906577707891,8.701877251532477e-05,-0.06137194669976489,-0.00040272947184643166,-0.0018617855784437073,0.0003795908669904008,0.0,16.07,2.398,15.827061795945951,1.3841697493499632,0.4699600305419944,0.1270083032174839,0.8041466529074514,459.2077363667642,0.18157575061227457,21.208435942073162,31.33919936374648,0.13057039483178848,0.03758576863340013,0.01769721848458691,0.00792184408660237,0.0078,1019.2366660098097,0.11959999775952776,5.6865427549832255,0.019424593725396077,0.03208494973495738,0.00436874131105006,0.0008896151676793228,31.36286366845731,13.107331482202232,2.5786999999999995,192.70828098441626,0.6279000000000003,4.873327285006251,2.537062898227111,21.985721544993083,62.19206598188704,967.955752296434,9.053923193513768,0.886798848146778
9.583439240485065,-3740.8325809884855,2545.287303183573,67.21144174733995,-12.1527,17.12466118207052,21.245229952005936,35.572780973562544,596.7767604191602,0.00013036514615594386,-0.07455272903400967,-0.0003564113494499983,-0.005903437649751824,-0.0016108417562008214,0.0008355448994322121,16.07,4.8818608457030725,15.623157803455614,1.4670069413314433,0.4320939175162036,-0.6304428978976276,0.8038137347863265,848.6519110565678,0.080667825398301,18.895196900211293,16.893013710776394,0.15419381703364327,0.5775,0.0337674286844731,0.010079670862043194,0.01325454356162527,132.08137789111186,0.4180830725137047,5.864773912549107,0.010499999999999999,0.05038725717407566,0.003577054106430412,0.0,2.98846737170674,22.273801813302622,2.5786999999999995,198.19298292459382,193.5991254071785,4.795098310361659,4.215561027743174,20.323146400943592,130.1991401710209,623.3816121142595,3.6093,2.4107284237556086
6.920689511178511,-5975.890446968455,2604.0789900224104,61.56270884417294,-12.1527,15.910132440742302,14.330101132138767,39.66185909559578,627.5675780765802,-1.2625153570810659e-05,-0.08042587509103977,-0.00024014621555864887,-0.01153540573002302,-0.0016386639225885072,0.0,16.07,2.8677161696007807,15.724382470277675,1.0148944663285353,0.6452052544059427,0.033032390767649744,0.8029949139094436,76.0,0.17460532741748092,20.804193151753203,28.601469303131687,0.15180079285419065,0.033798461176220096,0.0167,0.005125435964672828,0.0078,379.73406764032586,0.10181530017906915,7.119287683653985,0.1570869249926227,0.1941920574770339,0.0027130302353590065,0.0,9.909590263207837,121.68449877994907,2.5786999999999995,173.56917179527514,291.9976036417233,4.85158179486783,4.018912673987972,16.069501070023023,217.8691625214733,533.4654216840368,6.853057088904073,0.3275000000000001
4.455354908234082,-5249.0949723158565,2307.21933153579,61.060847744033545,4.686565073089632,50.188364566048044,17.869414472065326,19.209769744864566,619.4321525598003,9.069960395561461e-05,0.051303304218947604,-0.00031469255417883,-0.010056783161241069,-0.0007023904234367808,0.0,16.03170422398958,4.260389068958099,15.709560646308756,0.9436463596588375,0.6326973766686624,0.8889673968767464,0.8179954349387818,3790.8624714815105,0.034,20.835753125213582,20.700462074385243,0.15903227848386808,0.03207104156867341,0.0167,0.0062195844968129365,0.00987223860298063,37.027000000000015,0.1915273342069411,6.501525858512729,0.027450922498971467,0.008,0.003902528130811006,0.0017839657385610894,28.033729000116296,400.00000000000006,8.105900588446517,0.3003999999999998,17.112767280117158,6.681601222752919,4.25165029855651,14.079831044146353,18.0064,0.0,4.537258786884689,2.3308744716239995
8.956982595098722,-4982.686519987896,2797.0189412088334,63.39135150818926,29.632875721947492,17.01393372297747,15.31278621336601,24.199132813132138,623.500790823359,0.0001512689696303448,0.03972541231966685,-0.0003772401068367149,0.004276540647307311,0.0011182133144599586,0.0,15.810188222612878,2.398,15.703168870496544,0.6233261089267519,0.4108,0.8524491844584745,0.6806005227910797,76.0,0.05399880661653825,23.50491204719514,16.062,0.11639609331852388,0.03767121761577168,0.02137467741030836,0.0,0.01251383360698742,263.5877346931869,0.04712824982349312,6.525450821335698,0.044905366735801616,0.008,0.005555901285930677,0.0,400.0,3.3354999999999997,38.339831343064205,9.260055194657653,20.7755347120905,6.332917321758897,3.639636053230448,11.061911798026744,193.96011369305268,828.1674608341384,3.6093,0.8804039665660718
2.2493,-5085.662301856514,2472.983664302798,68.58075469396012,-12.1527,17.14621325991765,19.627762180006414,18.898444458459497,634.3218,-2.738978731063954e-06,0.09394601691417462,0.00023624905430341822,-0.009293609167452378,-0.0007185690725847488,0.0,15.835904588448335,3.722601692288171,15.766528107408815,0.6796983644508954,0.49043749797865266,0.9182694250722059,0.8664326113472345,76.0,0.07305666115216045,19.168437247932403,31.249792628933694,0.282088202105358,0.03671293497547569,0.09408117224824132,0.0,0.011649509042887914,282.4801750325088,0.0175,5.871527723849924,0.04562986842130937,0.022998686344738062,0.007047789521145171,0.0,32.52657698282473,18.983285338323324,6.2178683757305695,0.3003999999999998,221.80540184149694,4.981414249966536,4.93617687099675,9.96170193380491,84.93704830789989,78.21954015650226,3.6093,0.5014887533870074
6.325245979729704,-5050.25418050046,3232.1302996237096,71.9808365318819,-12.1527,14.124891585638288,11.79490147121571,55.626894236154506,634.2665196059762,0.0003457692227976561,0.05757226863556982,-2.5539904748124497e-05,0.0005019178468527296,0.0010494278755388343,0.0,15.77138159832955,3.4755383944855476,15.788487649828207,0.8649050461451762,0.5742048451085925,0.5165637247286341,0.8764,127.38271006812454,0.3859055602309653,21.419410125733854,36.973964368135455,0.12642571635825353,0.07413143244984262,0.03967663335529537,0.0044791958114454794,0.0078,383.5055819308874,0.12405491380549954,5.418396852802555,0.010499999999999999,0.00894290306927828,0.0045838087151107215,0.0,150.37604788548478,34.339658232330095,2.5786999999999995,0.3003999999999998,0.6279000000000003,6.8830643299831795,4.7108208451564595,41.45264698472113,316.59672277754225,493.75875516542897,5.463619832839095,0.8687743977326271
9.181746552791285,-5329.304517663649,2566.174850991493,75.63032424297967,-12.1527,20.5727803996078,42.63,15.53255901496684,610.6101192004782,0.00010383073670120854,0.049694063984064354,-0.0007790312699866969,0.0021916261952241393,-0.000295368627752967,0.0,15.810368267173834,2.5890075659725063,15.826416663163856,0.9164636539804001,0.4850104175624629,-0.8092792265134905,0.7742241907988673,680.5001495799175,0.034,18.739167462642094,19.514636799205427,0.033900000000000007,0.030661953904182106,0.026626830784694383,0.002948185022273979,0.008762547229417689,327.18905474809077,0.08363542745807592,7.9967677473544345,0.0259675700422588,0.0534765503827344,0.0036211635867041373,0.0,21.281767316030034,110.43493940075587,10.300614710172741,23.759832177604046,10.009293041221241,4.968229109063132,4.718028063358435,14.776410213143226,400.0,457.23259033371187,3.6093,0.3275000000000001
4.519752110860779,-5278.616479303335,2293.1344255974236,66.64588716047547,-0.4667565955797892,11.349255139122125,24.59387591185227,20.1404170684392,617.1046832017008,0.00013304029036581658,-0.05930455868782236,-0.0002983217594849719,-0.006353015065348803,-0.0002790120652116458,0.0,15.873756708604375,3.2663760446374317,15.595970623035097,0.8897634655610765,0.8648138963411602,0.8681674858071597,0.8644915490300263,249.51983179122954,0.034,14.56057083076745,37.16741703586239,0.4892000000000001,0.0362407158357262,0.0167,0.005131242597495847,0.009986448898852456,129.55696033622576,0.0965903471687635,7.5775421223913675,0.020840531624185674,0.008325084369436103,0.003241109875689357,0.0009486799629473861,20.847051978540666,203.00545938058036,2.5786999999999995,0.3003999999999998,6.859416221448269,6.475998288402677,2.409590900378731,20.631888951260123,44.21088427786691,344.0183992967099,5.656078607227718,0.9940846199811424
9.22629430613946,-5279.947310837837,2868.635655227224,69.63579321122612,-12.1527,18.914048160113143,10.991817949029647,36.264549881230906,604.0891179861986,4.6669759149055464e-05,-0.11350000000000002,-0.0002306439003153951,-0.007610009729687495,-0.00021204255068617983,0.0,15.774046752152572,3.5778545602115814,15.777344111715532,1.1235758387382118,0.49798378613888705,0.7117067246394371,0.8249977112140419,241.43336193396493,0.034,15.769787454857841,30.952743667115858,0.173325308122218,0.0172,0.04871178891878873,0.007344873885866994,0.0078,127.64973193189137,0.059667445563251355,4.639569494575833,0.013077660712296314,0.036385491485081245,0.00462408729430197,0.00022333226952053802,32.67326298511327,4.331547450289115,2.5786999999999995,26.350295480485954,0.6279000000000003,4.960245841329585,3.9927274848361627,8.861201517035449,85.23108706914391,0.0,21.488318371912968,1.758644986422068
6.157140006770577,-5892.155112317369,2743.694364198931,60.2667,-11.503615151630072,10.095698203289501,29.23171951399273,26.242451681408124,619.8628195002775,-0.0003602061318562456,0.05015121011964498,-0.0006858206011597987,-0.007558932132517321,-0.0011495046607746433,0.0,16.00182737901139,3.905288556342764,15.818991964512124,0.8178511895346081,0.49962917301853504,0.40150583882478275,0.8764,76.0,0.034,15.517362213302292,31.994760423925825,0.06317448742725751,0.0172,0.0167,0.007047471987645007,0.00910479608432345,122.79382046660558,0.0175,5.449226072301313,0.03802271231205087,0.008,0.02677203941164417,0.0,45.86653874303987,40.49191710095741,2.5786999999999995,0.3003999999999998,16.689129355511124,4.108660376590139,4.54848737494511,22.21828870959927,23.8215306949686,153.51130584294702,9.747935936375963,1.8421576668942872
7.799086381402739,-5297.375010030901,2862.1007555466144,73.77351075980397,-12.1527,18.722199485688645,42.21641975458121,27.419561398025888,613.550431819746,7.235741697683171e-06,-0.01658483190399564,-0.00011646796372985205,0.0006096002140031798,-0.0014730959882726497,0.0001989717397222978,15.662288362776302,3.3401539701649408,15.85378964104623,0.8421355844285217,0.41888156122581965,-0.40003873563781633,0.7008667314948883,455.04192767333757,0.034,18.240906623609455,16.062,0.06538703613803563,0.044334997869109286,0.0167,0.0021839960907176622,0.0078,359.34241854703254,0.0175,5.890838880496131,0.03045365297078564,0.03176885765408897,0.006889955007834495,0.0,13.488362250324734,108.02592646352409,2.5786999999999995,21.031794103659408,16.4117812996427,6.128521878038146,5.8606,18.183875693723326,128.47765707404542,841.3134983026008,5.12732449422121,1.875641811311065
9.818206661142188,-5185.90627740659,2484.959930795947,65.80512087278554,-2.1243353271624454,17.44252492280763,13.65612147049833,43.621448052551784,619.4843864786649,1.928890170389371e-05,-0.038718294880284415,-0.00046759984564451423,0.004290269366713759,-0.0008754783846598156,0.0,15.888128899354067,2.398,15.712607818132579,0.7745008602747461,0.43340523819998134,0.18242272475055565,0.8046920083509619,585.2993614614627,0.2171762893176353,12.790783174781698,29.003904431132025,0.1051826509902623,0.1256262360982567,0.11798925737263263,0.005725216295557209,0.01084220945376531,390.59245580436107,0.07194365760394468,5.517352902892536,0.013640672886522856,0.02135380951784865,0.005272266501916486,0.0,176.6999594340321,26.696731472310017,3.228257478898472,46.53991440912054,12.521849959264976,5.081208309952863,2.5052275834617648,18.89297803384398,76.25616291211675,27.311283386949896,6.484457071503703,0.4479696102181532
5.075274922349587,-5376.440511189929,2910.801779225715,71.64195076696696,-11.218676389416078,24.854218696815558,11.990508829402389,20.888501545180112,626.4598093576287,0.0001428648500674254,0.05763180256272839,-5.163660786973519e-05,0.002930606853802812,0.0010455488693715635,0.0,15.9225969742618,3.7747902744345323,15.765885319344093,0.7437854515451197,0.44505780973611947,0.007026611337518585,0.7572786205739417,119.02811825570836,0.24510613274690352,23.144197386515515,25.544743186992438,0.127974266741522,0.06997225902646922,0.021884449118957698,0.0056442762954451425,0.008333998613273434,441.3397108492632,0.08791837424497735,5.934980172821755,0.03842993212345711,0.010563538539770365,0.0074575705331693595,0.0,39.4010148718461,28.92895823310508,19.67188835681401,0.3003999999999998,164.77555002998582,6.08011082801292,3.318448855627537,18.350017396926255,75.54764162822951,0.0,4.355093042957628,0.6608414719589638
10.52095478340318,-5576.753934758712,2862.5686602224764,67.78547798018529,0.7012410150813708,19.120840682758523,42.63,45.36669810520576,626.071377309996,2.9684307592769017e-05,0.45604747382244526,-0.0004871182647251893,-0.0027855647179238973,-0.0004462265865563354,0.0,15.715226568907418,2.7306334479151646,15.86593017210997,1.2505030342498207,0.6043863134724655,-1.3927614555565309,0.6932484451637458,653.1258410532706,0.034,19.548067337915878,20.266093996783994,0.05589862154070909,0.18527366652008181,0.027882818492531533,0.0,0.009454676268445195,347.94573715474377,0.14556134511651794,6.214744325710898,0.04517827314530911,0.018364258943373533,0.007123678239765303,0.0,11.726399655564373,22.34747328867266,73.31305012128712,21.06013839832579,67.6841817692241,4.766771655927226,3.133503794479445,20.381882585878714,73.64797182145571,986.6667,60.5469,1.255604983239074
9.082516478545218,-5085.96314317639,2582.9991773215743,68.65301670487672,-11.174348852281447,21.480147853211818,24.46304597317388,34.3205621913571,613.7955300305455,-9.132292789163876e-05,0.05493087328025978,-0.00026543622543336563,-0.004768537186510938,0.0007468108544508174,0.009779315070354977,15.813681443007603,3.970774791033644,15.717521574542879,1.5735518711285632,0.7178152549161606,0.26019816244098626,0.8469526207398324,866.9032818690675,0.087877302298386,20.418616334180523,39.032779309399515,0.28675199642146315,0.03960416830998764,0.08033139458108361,0.004593255024551671,0.009524695782981436,405.09158076376275,0.1058134409441708,4.850739413767048,0.010499999999999999,0.03391870495018678,0.0060185696627759735,0.0,21.427973633773327,38.99306257496231,2.5786999999999995,11.547057074174036,17.09624129907484,4.437805787602308,3.469172531430527,15.67788914041825,186.94251274818026,187.7562481456851,15.164984839127614,1.220354618774882
3.26411425487096,-5470.935520767866,2649.0745610110066,70.06081874581277,2.0180214999961015,13.371484622875874,28.355681309223208,23.71158088361444,604.5345314921176,9.921650388265025e-05,0.0002992029905149274,-0.0013,-0.0013918066754893144,-0.010185076032473398,0.0,15.974709114588501,4.253064896024314,15.733037420523488,1.3722060766760336,0.4321303974260907,0.02605984502787262,0.8456366089336025,1642.2715470974108,0.21425811078053103,21.537333094790274,28.05628566544891,0.11970099455505316,0.03339001177451961,0.04426657111418284,0.001613435831279641,0.01106632787929237,279.83298788567674,0.2850405829929965,8.208473310505934,0.016252763953436857,0.022019521070844195,0.005723615192319039,0.0,22.47325499215098,11.990637295494682,14.520319410666152,34.73345584384683,9.29844028752328,6.753563759026829,4.036062571095056,11.432244482808802,35.872291237190225,497.42217521507513,3.6093,0.3275000000000001
14.1879,-5045.577450966449,2797.0532798974414,71.49759812133011,-6.6502100296666065,10.43810579940916,39.83636068597259,39.22773495966452,608.8941381447557,0.000136318953881796,0.19453939617318927,-0.000493802741418121,-0.004333402408003613,0.0012409868951405141,0.0,15.928511374508425,3.3718412063618017,15.897267182490829,1.2981032847115532,0.7134488671685703,0.32172372751234135,0.7322021546271793,335.23658265914224,0.2269541389204664,17.41662170116186,29.555498615854397,0.04667611565475256,0.04795480651259138,0.05600415552948452,0.010171129497523678,0.019365328610039652,102.03700660326453,0.31751149099410214,5.130401789629705,0.040468916542160435,0.008,0.008206558945358745,0.0,103.0570458476858,3.3354999999999997,26.907400970452443,0.3003999999999998,0.6279000000000003,4.290054561414552,3.7869337665647858,16.215437081112995,256.42814094185667,919.2354521853889,3.8779118778132986,0.3275000000000001
2.2493,-5536.927531499884,3078.1244884356943,63.66461504249798,-10.389077395731512,4.4283,14.766823281446134,30.686125652327966,618.7509497223693,2.008796664812643e-05,0.0733047781658446,-0.0004172404356869266,-0.009193598164405093,-0.0005255442585352701,0.0,16.07,2.398,16.029609956977108,0.9506929081314679,0.5029898303815562,0.3172702120476336,0.6029,76.0,0.22482801729396396,14.909894788405445,32.08784341196379,0.07931461536192726,0.020598625362512744,0.07564733264793298,0.15994355991038087,0.0078,306.32159269491746,0.0175,6.899680297061131,0.014213094062071104,0.019566216943960078,0.0049066159576337835,0.0006835159941316784,6.901277182038715,7.596209973142805,21.918488862016186,0.3003999999999998,0.6279000000000003,5.663757203103095,3.9786523153074733,154.2040315211366,18.0064,249.1408894323028,3.6093,0.6397356278128102
3.917774313766378,-5735.56089136818,2698.226060210477,63.7851850516925,-12.1527,19.248948919099053,10.607977010397532,34.42832678978719,608.011237521695,-0.0004000000000000001,-0.005094747539066371,0.00011979447181904507,-0.0018108239062039518,0.0007555433484212218,0.0008919149119971965,16.07,4.044156008231412,15.756306395377496,0.6055,0.4108,0.4156374963568177,0.6163671763834161,76.0,0.12669616688738267,13.133199449227028,16.062,0.14755031133916313,0.0172,0.040346010343872876,0.005274005549137496,0.0078,381.71231552039734,0.18013846359714925,4.6302708836903985,0.015230304836917482,0.05298366644185416,0.0052400254784754985,0.0,400.0,10.111611930669321,285.99050908642386,29.881160379598178,14.460587145769283,6.355640287250751,3.364953896333244,18.75523667959932,69.10760070683193,874.490742791718,3.6093,0.6833050726075804
13.679801621522987,-5282.07844262687,3491.350946869706,65.4865100544092,-12.1527,7.700590950178807,25.949437432651358,24.342361838381812,595.3218,4.5815375404326265e-05,-0.026858028107062178,0.00026625077335139133,-0.000457164457042053,-0.002964244390468146,0.0,15.93460806817019,3.6117776675807907,15.72025611082899,0.8734204362651978,0.4108,0.29313280967983435,0.7586787972850341,120.88075865502861,0.2504123819619687,20.41289570908745,16.133224597694372,0.08509395635516158,0.056006656579909365,0.029269729567594157,0.0007315269392302801,0.009432332454524132,375.0106426071802,0.0175,6.576796267855451,0.0232245580270089,0.019666567500478536,0.016108691281003385,0.0,142.39104575640746,43.393659433242775,2.5786999999999995,8.243425807842247,0.6279000000000003,4.191758769254684,4.420925806738303,16.220796148015197,70.10187461280344,0.0,5.551400171859392,2.24850651516964
5.582037053334776,-5024.8989079581015,2424.7511851620116,67.61383662675537,-2.3375768358972677,21.008367632184598,9.015413537338373,50.35198205959786,603.7219621214829,0.00018955929420190668,0.08632646340995259,-0.000331002003869166,-0.016,0.0012606351299676815,0.0228,16.07,2.5984669336472628,15.623012270851392,0.7372123276696851,0.4434107228519533,-0.19523036911928726,0.7142747385718226,347.4063149596899,0.034,23.025041770953848,32.263459977733184,0.17070019246141238,0.08341886973162238,0.12091308278482212,0.0,0.0078,120.32182126609277,0.0175,6.542643309809672,0.010499999999999999,0.0336486702399637,0.005545743043938888,0.0,20.356192596871,35.37673649156441,24.948711103452936,173.0732396497982,5.79135251041423,5.267866227098233,4.719698293918346,18.038696774035785,35.99999850566603,900.6576847979928,3.6093,1.297615774557896
9.618353429517077,-5256.627293494561,2564.844103188664,65.07950910648482,-12.1527,21.705503361786096,42.63,23.08650872853973,622.8854353443215,0.00014273547310446062,0.034104003048440246,6.631487410406637e-05,-0.00797049879561931,-0.001117913473189056,0.0,15.864163561952845,2.398,15.755241197950264,0.8997320098248512,0.5416566345619245,0.3773504079964036,0.8409185742314069,1401.34321825618,0.6606325682661499,23.86496831532148,32.45802337793866,0.13458292264441482,0.06774444964077628,0.017349969111284214,0.0,0.011185072008813461,152.8200178673254,0.0175,6.7029407009445,0.01972980380052567,0.008,0.007392956482286453,0.0,40.92187526057731,34.17503341124922,21.45299059785641,77.30786910652262,0.6279000000000003,3.8257859240958587,4.755453365554532,16.66826663882001,92.68849185249512,0.0,6.103463890051676,0.3275000000000001
10.153558158951506,-4806.149729566163,2694.460326364823,67.31233272311424,-12.1527,20.957334997459768,10.448906015609884,46.86618303702997,634.3193376641564,3.888397280452926e-05,-0.11350000000000002,-0.0007957347855303624,0.0018093364965664754,0.00021097833566251226,0.0,16.00930318484117,4.514466635216559,15.711683015849731,0.7815763179015716,0.7015255206363251,-0.9740090258113093,0.8192865221952683,3542.0825356056394,0.034,23.004490197764852,27.746153622381378,0.315853030782527,0.0727570427633111,0.022513608264569353,0.0,0.009315443267195054,187.21807034363576,0.03442512816021888,4.290584928046707,0.13214658315844732,0.06078751964792782,0.004242967517449622,0.0031209054804468713,19.586255455263036,15.588283356549674,2.5786999999999995,0.3003999999999998,168.88095270903324,5.3816749731995115,2.634432547116829,21.568313903511353,280.45952063013453,268.59399602023717,4.967702613118765,1.3909905113348804
4.28111098404701,-5140.764334334918,2624.0880915076373,65.19964324888657,1.7947315825687669,43.54548998485141,15.236176793049589,27.416198058305415,624.6638047858559,8.126303762696385e-05,0.14433668141007835,0.00021498915320267706,-0.003112938672024756,0.0013574281549630725,0.0004683896083618113,15.790728044696836,4.363857992544698,15.677076504805369,0.7517269053144217,0.5665541839408563,1.0228153019826252,0.8518345651040925,228.88339224154618,0.034,21.66285829039853,34.59399942293411,0.12105587421994343,0.0757150870775475,0.06997532843192557,0.00564382834876093,0.01108531178692581,870.9147658890691,0.072139244606421,4.929468325657531,0.02248502713878393,0.00962970390719928,0.011053808712183966,0.03875984507380552,17.879801356473273,185.5249892886373,26.34171564282417,5.203263856971745,0.6279000000000003,5.867939828951604,4.433722680444868,8.797481610050243,147.65272495794503,986.6667,17.059900205308047,1.6547137559825555
4.49883471738616,-4879.189014539323,2531.6980693475216,65.00699145940862,-6.098107509251459,16.339551616348192,13.953672007346327,21.417656075607432,624.1617459695219,6.290596945386649e-05,0.1412060600743759,-0.00019074195891694156,-0.009072872928640088,-0.0002492826222370787,0.0,15.614563307000907,3.7854687503958058,15.593721571752493,0.9068660352158369,0.492495089371935,0.31001891969156614,0.6466907301148104,139.336466570197,0.07064643691846868,17.31244711552632,31.577166068052996,0.26030858599319334,0.07695929217440933,0.0167,0.00020548687383993612,0.0078,190.46279386615097,0.0175,4.62517469413736,0.01889662710744136,0.028481977294597022,0.013034005688723694,0.0,8.983118899583472,40.03610637059014,20.73988877367149,0.3003999999999998,0.6279000000000003,4.750934593622725,5.052634062901875,35.57120381351621,99.35814443240608,986.6667,7.622399273044303,0.3275000000000001
5.571380300633405,-4979.066767514422,2409.4669936562823,67.69618969655477,10.37135984963155,17.342904639236096,19.645398051956658,40.30373714913335,621.963376789814,0.00014086879174743172,-0.044319735062759304,-6.341488079886613e-05,0.0013030860672641146,-0.0035555796651435155,0.0,16.07,4.455046111440895,15.732854413860688,1.3476465907779909,0.642240810326339,0.5343469206869786,0.8617014993982159,403.862316689174,0.04349214947499121,21.15282640505566,32.038021906872785,0.033900000000000007,0.15530255015946332,0.10423933086271304,0.0,0.0078,311.6943096973172,0.0204385571441053,6.7298728418753955,0.010499999999999999,0.03581726599173492,0.00454155545525932,0.0,45.108442224429965,36.28836454113966,12.755827590781172,8.568535547311898,12.943688414154579,6.721474120062053,4.74100550302752,47.70321455010025,257.3818454162603,378.79675245177657,3.62051249273948,1.158971605203878
8.65197526657492,-5276.493379234724,2554.265341523621,61.804427733269726,-2.2126015107636863,15.98787756672028,17.514857673375,33.60747833519463,630.772785379817,8.620807934122242e-05,-0.06159133046580784,-0.000674171307551953,-0.012645128132797773,-0.0009481455444108802,0.0,15.822726484065067,3.1062327442968196,15.662995459024657,1.0952641330489965,0.4887875427509861,0.8771568258045401,0.8286398382988919,76.0,0.5513753240646675,13.214167017023682,36.251509321899746,0.23062038348728994,0.0172,0.0167,0.004773537341526132,0.015195912494852932,37.027000000000015,0.0199569717511918,4.888157462955032,0.037262810071459526,0.023225246096817136,0.0038541062400629716,0.001798511654705012,82.03711888005353,36.94181677346688,2.5786999999999995,57.00555193990386,2.303832504136329,3.55238115035778,4.250012635713651,142.2514506646684,113.58636035629183,153.06537219762896,11.284378869473173,1.5775531621483803
5.821701169818669,-4843.566059584649,2650.498713480717,60.2667,-12.1527,13.186956705884954,12.352175652048812,29.035646412890053,629.0805060445933,4.1604305655154294e-05,-0.03386956095152338,-0.00035627617757315235,-0.009815138063700274,-0.00016607327566508208,0.00037412473083099445,15.846614192320754,2.600715829695239,15.732714890503011,0.8401267564077436,0.5366999499393753,0.40226902625206384,0.8170704342803263,76.0,0.1826253653001486,12.191535899282496,35.656845933083986,0.11116127218397318,0.057153444520131554,0.026185443587203115,0.011410032856903243,0.009415653520011924,37.027000000000015,0.054033105765406556,6.194606449819704,0.03600545762199622,0.05317335837993334,0.003071735007976,0.0,13.096027917014418,33.84146017180292,40.73101772723165,3.610620630451046,0.6279000000000003,5.295207927099969,2.276377848383743,16.426023479982465,391.1208739926443,658.2346533256492,3.6093,0.3275000000000001
3.5107785353142527,-5613.168189931076,2588.0733744323193,72.57030323942595,18.897265593941164,20.145720538692096,30.428171734579358,32.0624250972647,596.0070477050797,1.488658783820502e-05,0.049641529406147536,2.597654551248662e-05,0.002124863838474284,-0.0017776766976208124,0.0,15.723755979769747,2.8553466352193153,15.793938568883393,0.9302967669232572,0.511691008928131,0.5219878825552535,0.7767345431509131,414.44011537647197,0.4436948748048902,22.658409575260578,18.8191136672445,0.08061876120857285,0.03701697079570278,0.03235253230806738,0.002108056284201856,0.009490612986849563,500.6278602850818,0.0175,6.349151277218746,0.030191057161481877,0.008174728714212626,0.016575387642805375,0.004246848423875892,159.90150966382666,78.4477827578715,2.5786999999999995,121.81464010728962,0.6279000000000003,5.694293656750705,2.874474853557059,3.1599000000000004,64.7111144389012,944.6168992151906,3.6093,0.3275000000000001
11.815798442317345,-5160.764392620528,2505.288987464626,74.03110479722454,-11.65741207955477,19.231188395582713,33.80069224921286,18.41920545178631,617.8216718155999,0.0004000000000000001,0.08413330565161756,-0.00036144850960513305,-0.002397673344572829,7.479538566554308e-05,8.200416764477925e-05,15.863652320881528,2.8514419354010903,15.845458417961146,1.5502251434008074,0.653392040168899,-1.1451530447087486,0.8077263534621328,76.0,0.23787163528670094,20.614546983811547,34.13285996360961,0.033900000000000007,0.025423749803727434,0.016838645054407027,0.012263636272874062,0.016656004794301363,1829.9229797002015,0.03155825979398897,5.914370546974963,0.04244388958617402,0.027237014271671935,0.005303559004123047,0.0,24.37922409587131,400.00000000000006,11.01509384656164,0.3003999999999998,0.6279000000000003,6.62394943440981,4.057239054277414,17.634459246136,69.95910979172525,340.2359040601381,3.6093,0.3275000000000001
9.73714541240898,-5112.491298928013,3218.6425068840017,72.44177490050798,10.2167239530233,21.53908963052354,21.5906687609744,38.50376428032627,617.5679939384505,0.0001528600558119615,0.06515148330569698,0.00036512993659811564,-0.0017467217272451232,0.0011642012630697226,0.0,15.747543565189613,4.412722094877527,15.74054850753905,0.7188658928859541,0.455309066406012,0.5417467887125296,0.7704721084896016,237.34359621941667,0.15277976356133838,19.29602935786944,35.499125771943525,0.08455969411105561,0.11760144002358225,0.0167,0.0025573954787306875,0.008708585327723879,408.60800335109843,0.0175,4.0902,0.03957136795745838,0.020974471215198034,0.004129744710039331,0.0,27.756829181810037,20.218179539075827,165.61718749513824,0.3003999999999998,5.118110614707042,7.2903,4.907763301220277,153.20702208382107,111.68408770301087,803.8535210360006,5.81399919112561,0.3275000000000001
13.713553274768486,-5241.590984340823,2391.349954136634,73.48187760142429,-1.6894677080663123,10.936286980096968,26.008748523328766,40.845640023177154,628.251261103085,0.0004000000000000001,-0.059918419220931475,-0.00030279146223108073,0.0009415238220220126,0.0011652803826121211,0.0008065366880135415,15.765061866705569,2.9922356308223526,15.85270442959462,0.6534438707652702,0.4108,0.6009814749470441,0.7905437686192874,76.0,0.21386051736650374,20.367816773858173,27.72980906962242,0.033900000000000007,0.043817966727635105,0.04512494137631008,0.0,0.014751666734563365,126.67065347377,0.14609148270672281,5.603645933637238,0.035150187617715094,0.029898415904412803,0.005762830834091239,0.0002892638522160794,1.328800000000001,14.034161305101014,6.7062148164973525,9.658833146345742,163.8835603976177,5.97381295845908,4.355186440052393,13.418386327468983,95.03232614219948,986.6667,3.6093,2.0594309897212133
7.274794073259821,-5539.133117536204,2606.8930361106745,69.5792366861989,0.4998170574498988,26.80742187718694,18.49179541330875,31.408513388224723,621.6903258512439,0.0001454575134133565,0.14161438984661953,-4.500870590331309e-06,-0.008701833122727605,0.0005772896309255498,0.0,15.961791912553254,5.109466361792517,15.552438446253536,1.1949876822062357,0.6220504314470657,1.0864098819931671,0.8764,76.0,0.20375671816013957,23.47428687598972,33.518867466326476,0.14765419566440596,0.12351835993848306,0.0167,0.0077359002462941435,0.029878444271965808,37.027000000000015,0.10319710159321671,4.255723480371785,0.016261786686621416,0.008,0.005930930375289253,0.0,34.134467046829464,26.310086438582168,3.3425776591683753,0.3003999999999998,0.6279000000000003,5.58839795565072,5.299095210461308,30.652076503925485,81.21498020982621,274.4184152387793,9.355405868864857,0.3275000000000001
2.2493,-4983.92262232108,2531.1744524204178,61.82362262893521,-12.1527,14.68805604089925,23.017608252575297,41.60429153970389,602.907981149493,0.0002989434703992925,-0.029235108487818587,-2.769531724437825e-05,-0.0067440220803680236,-0.0011620668034092356,0.0,15.934327494381172,4.2523544028456675,15.554422510660402,0.8207251319851918,0.5234536114984822,1.3516356399852423,0.8390489285537135,76.0,0.30107740236040814,18.70968344121197,30.119560058371743,0.07271584252422594,0.08853269518833037,0.035812407358922084,0.008262711684662388,0.008219998129416097,115.55170719922947,0.0175,6.48674105692202,0.010499999999999999,0.01662358683433868,0.006352277837304745,0.0,116.25309969657604,37.85274377038886,2.5786999999999995,1.8565573979629821,391.15410523902347,4.222642708986199,4.44381286039177,19.77106008284585,55.0763016891579,783.999612133456,3.6093,2.609963364996271
10.211818458248743,-4811.941853496372,2617.5889783205935,71.86468764771774,-2.395593799309141,11.994719191391471,12.128292450202597,47.71300645013724,613.8448256764723,4.563760460284994e-05,0.0450372142098414,1.5211553676626967e-05,0.004189881357045367,0.0012217508777265923,0.0004115815230570154,15.846064131792554,3.7192660884610205,15.749139227764452,1.2025595332579697,0.4580645454991292,2.1809891729625823,0.7583354012376573,703.5571618883226,0.24591967341090126,25.000707626644388,28.36346743257726,0.1930996098190571,0.032939127996569256,0.049022509594142866,0.0020794503368439373,0.009284309204083515,128.40223931073893,0.0175,7.522887742318,0.010499999999999999,0.008,0.0067303224932071075,0.0,191.82437434882655,32.63351536823235,2.5786999999999995,110.15236728711187,201.71012988714358,3.877500308771011,4.395195510716646,3.1599000000000004,31.251455124446988,986.6667,5.689901654034763,0.3275000000000001
7.397405306104319,-5157.704632122417,2592.8957401854877,68.29772025590073,7.166145245477134,21.59870872048736,21.188867146416793,27.553870900683346,605.404394301416,0.00012404986374699208,-0.04471599050226937,-0.0004322058105445733,-0.000856223202143196,-0.0013193790372344678,0.0,15.792567391933783,3.790371405818064,15.731583756903811,1.0818879759638553,0.5070012746246276,-0.06308347135510495,0.8764,947.873688596412,0.2295420485679528,19.378723366586307,27.325079160242282,0.14375192773822382,0.0172,0.0167,0.0037674993363249,0.012224905342954786,288.10679515057967,0.05978503340258524,4.804279644954064,0.025291585550789426,0.008736058185894482,0.005918946166971307,0.00019887672914436973,23.818979002771258,3.3354999999999997,2.5786999999999995,34.530113889348264,0.6279000000000003,5.616712316628519,5.170723756871576,4.37374798937873,99.61581183552579,7.173439101927386,55.57732169446647,1.9393555731206666
7.08949538433809,-5143.5086757084555,3344.562233064241,65.58959512154202,-12.1527,21.80894957558828,13.568181362694897,23.0903570919618,595.3218,1.398258155349056e-06,-0.0036482937737663005,-3.610586397791966e-05,-0.0008969932334798036,-0.0005299951947695117,0.0,15.817049269463253,3.0990699992755495,15.741236646451153,1.298697030024093,0.45208890387154427,0.5672836646615627,0.8764,711.6595419627416,0.410821258791798,18.164299386864784,16.062,0.043060394064221574,0.13973102778303625,0.2817,0.009518988525500472,0.012423313309519221,246.7881122149632,0.14065537783603166,4.115985469249777,0.032213142655746985,0.08514893743873826,0.01524860592974284,0.0,12.319186193150124,41.56049265439934,12.490157183718175,0.3003999999999998,400.0,4.753908311366151,4.010183368450645,158.1332,400.0,123.2683681532005,3.6093,29.086368709237398
11.105602165526932,-5521.5935645323,3171.2410352203683,62.83712241247093,5.449516055735529,37.702202822520164,13.551557951772155,29.37855221414044,611.3028710791139,0.0003431578549586979,0.029389853311083847,0.0002839810758874999,-0.0031777005854789304,0.0007198748747700103,0.0,15.905229158437722,2.6105272048926533,15.955687071431218,0.8591946084987512,0.48118590777971526,0.4345610483684549,0.7670876416918169,76.0,0.21327467819719614,19.33004182759487,30.624216698482403,0.1024773262418405,0.07450329146717521,0.04828462913766515,0.0028426079545302136,0.011988322007502192,328.29044269974975,0.11918619645481052,4.579725070405599,0.03525538437268523,0.026818471971925023,0.00630751581470966,0.000426352165317171,1.328800000000001,59.77481963578008,6.725708720069388,0.3003999999999998,0.6279000000000003,4.1438498475930015,4.590953692271686,10.778190224738491,245.15168857287003,91.06778220272656,5.099173545293978,0.3275000000000001
8.388059090334659,-5285.892362438984,2629.6817248101484,70.71244226685444,-12.1527,7.5451576333070065,22.636244588655256,35.277333420075045,619.0145006387447,3.704183365987895e-05,0.021917392375640794,-1.0180996209891875e-05,-0.0019660309976220133,7.963662149681784e-05,0.0,15.786723814147113,2.418827026754847,15.770124867641158,1.3097522520904454,0.7186738535651832,2.458,0.8330652945820045,342.96938014774827,0.09905087286102016,18.528778970024607,35.79691548635173,0.08087654167142307,0.06668456612582219,0.13354921690358318,0.0,0.012814850221196838,361.7966382304821,0.029053859347188404,5.851862509350387,0.010499999999999999,0.022619359002804495,0.005978963731717787,0.001769815121275442,5.4476004778018225,15.651484505121678,2.5786999999999995,0.3003999999999998,395.072784071228,4.949885681899416,4.00526713192858,7.350354600873704,70.65371277103253,564.2348166635404,3.989448774573373,0.6561643867764295
8.418121715752994,-5197.625811008693,2526.9289199770233,70.63195315121307,-6.146121337909333,5.759292036507144,26.67150269446973,23.099352178492175,616.7245701358901,0.000296631380238885,0.11223988761033779,-0.0006247809035280231,0.0034462366096559664,0.00030160839773235863,0.0,15.650770563068042,3.054118755374706,15.734293414036054,0.9687010352741041,0.5874328145534091,0.10981060852311297,0.7496303971978224,409.5603821830342,0.04005403531046518,24.3600673584828,36.189792750237146,0.21741827926036486,0.057205597891501314,0.025333533368674072,0.0,0.009732040466463825,111.09954304194397,0.027094602830704653,7.4020100630696986,0.051107577851563155,0.008,0.005575433921817764,0.0,60.629311253305275,132.42994609875225,13.05363423020207,133.69895468499914,21.057404839610378,4.221866407429505,5.277238846705461,86.19606702849133,91.4856022830602,765.172690471707,9.285195763028817,0.3275000000000001
11.465253197313269,-4902.590224550983,3111.218573489278,62.96627798826762,-2.1338755606126276,15.440627474587616,9.541724357022972,30.785842714662557,610.1649248497889,9.125354124993886e-05,0.06046067485007044,0.0005118291588614174,-0.00019784458688956036,0.00018887962420104557,0.0,16.014779255470152,3.05400024396683,15.807437068158539,0.6055,0.4735595084333205,0.9050775440015957,0.8608808377922035,1070.079283025264,0.08432119337580743,23.044965983697274,35.52879544075453,0.11599170239072477,0.0511803269534886,0.036117988248122866,0.004615324285134432,0.009173377512343697,391.6368304350119,0.0175,5.8205528578833245,0.028522739939054072,0.0115616133580962,0.007724606386338298,0.0,46.14240260981734,124.37196105172445,125.25487062202853,0.3003999999999998,7.038688923705756,4.714218248434841,2.9861603356886235,11.78075800595754,36.10556284210638,0.0,3.6093,0.3275000000000001
4.239932618933525,-5123.808715924647,2607.761785616938,70.59339693455362,4.851920285472555,25.688216338412904,30.598026467545967,27.30112162520881,612.5597796007062,-1.8887921568114014e-05,-0.11350000000000002,-0.00039689550395627447,0.00363731947341789,-0.006557840338280259,0.009497559431347006,15.84474392834927,3.3062345522787693,15.737070856877104,1.167074617229687,0.5461725564245531,-0.3043041956130446,0.7716846561230464,154.3344979410212,0.1124226470490944,17.540688587656863,18.286269793542274,0.12707897082934982,0.0172,0.0440459236925683,0.004256119264008722,0.01638752992336894,314.71530489143845,0.060516219874128974,5.7666990692212785,0.010499999999999999,0.027628439432940313,0.00994330441236558,0.0,234.74332656702114,3.3354999999999997,6.75070908236944,7.304294153033753,75.30368134366825,6.305089235287998,4.334310553489099,18.642999690990553,42.16454772614421,565.2607915662231,3.6093,1.2412703399135185
8.242379956926213,-5638.599946205816,2704.7461805195103,72.62790925323796,-12.1527,23.212520252829087,25.727890861718656,32.18146919546899,630.8037098854602,0.00017896789456890784,0.06824814595999584,-5.6018695630529767e-05,-0.003568904502202824,-0.00011855220749054199,0.0,15.954754147142037,4.1838155710137075,15.893765811912399,1.1487491763468602,0.5314167820219629,0.9845705495889405,0.789664306462923,304.1169778178595,0.2379304777348133,26.71,26.00347197043551,0.13594392992353826,0.041048773918006015,0.0167,0.1467042044961937,0.0078,470.23733067333876,0.053560126484583935,6.307200399442235,0.034717330638234706,0.008,0.006978918989806848,0.0,9.316530291507215,118.88526689390535,12.759709777814948,27.15861651993753,18.28660753275509,7.111025411982838,4.1664054006194675,14.676980969261322,52.696667732993745,0.0,8.970355290963614,0.3275000000000001
6.150400474843423,-5511.614758763031,2375.532031878246,74.47794652160917,-6.374318822322122,20.14407318111559,27.981649515089515,47.56004336842304,612.5168054022492,6.605901667732292e-05,0.06530386636264959,-0.00036557768630119666,0.004142751519850859,0.0010787838263348155,0.0,15.877070595049606,2.398,15.996389819835903,1.2267959848127694,0.7875958072919856,1.2500795786882748,0.6737938498634407,173.17332292537355,0.10693872180998693,22.474623037059416,19.74596028219318,0.10590428080817862,0.0498517279429442,0.04420635221870431,0.006378729498620079,0.009814228495029432,266.0830674558345,0.0175,6.31720932282893,0.014236335141446876,0.027049850473457506,0.0029435859816906223,0.0,28.15487963266512,27.668380566480756,31.934724659459384,113.2779371416475,400.0,6.045500604981345,4.3464131373346415,18.581668040188262,133.81594488809975,717.37174554864,3.6093,0.3275000000000001
7.020418152720248,-5014.7163312736675,1879.1888368524478,66.56273143121858,8.29556267787115,17.842492277639614,13.813337796657784,25.010683878912157,595.3218,8.756085131969706e-05,-0.1100549278150969,-0.0007230857233729498,-0.009359131812864064,0.000680085474314608,0.0002095831203497953,15.855399376812432,2.8305009141386126,15.907294223369721,0.6055,0.4801551706008227,-0.5374896616802978,0.7282715447777892,76.0,0.14569856319813831,18.084719956028025,32.62534361110372,0.08453459448648272,0.030350417946930063,0.02192599980974717,0.00944150456474578,0.015439970201193306,191.51766258231441,0.049274029749216894,4.526534690343057,0.010499999999999999,0.04875134366687997,0.0025,0.0009077433996559224,35.67089734146772,317.7380486071474,152.82920176307306,0.3003999999999998,14.757464552939595,4.919066769851086,3.9148111506152845,13.050356321451428,35.4768837503331,884.400619826852,3.6093,0.9513839988522751
6.520427201712946,-1940.3885549543784,2762.432560772433,68.67265308466585,-12.1527,10.012255540470065,17.601922973892762,56.8964,613.0132296222787,3.750650853165081e-05,-0.11350000000000002,-0.0006422093351069999,0.0010257322983308077,0.0005234841123531575,0.0,15.803515719444416,4.006562709820312,15.82405234210711,1.1923949620120144,0.5651744970844309,-0.5771067519938881,0.8764,547.4097718866971,0.05324793315978017,24.57175688021402,23.529376659220606,0.17147135416323162,0.13974704115047956,0.028584981095595985,0.004933304241144354,0.011635864632469108,362.94758535354856,0.10882666899581747,5.193965971314194,0.023928051171004997,0.008,0.005863982447888173,0.0017267296809351784,30.299747652611366,33.94701076470066,16.519864975231094,154.27758849467284,259.540139143161,3.9710144165413377,4.183218688807238,16.239198252249864,91.78291910554312,123.1497207939791,7.514839999215196,0.6704229611664397
7.731098306982641,-4907.625735214626,2480.9716674014835,69.19815619755755,0.2526147930722127,12.489004615802015,28.413430944779773,15.728294182390268,608.1724385516354,0.00011276926838859943,0.8854,-0.0013,-0.0037980165949267975,-0.00010108726422032069,0.0,15.677100963249664,4.130020896891444,15.928236902231891,0.6187171763681344,0.4809538415518661,-0.1333055343644235,0.7267840052971472,594.8889868801483,0.034,25.25803098247936,29.17982216633088,0.08940246034278349,0.08166418047824654,0.018936972042605704,0.0,0.0078,162.0102644784779,0.0741191769892772,4.3120063863495375,0.019799714654605317,0.009784466924436862,0.004871346363371191,0.0,45.20084939003881,20.384733408000322,2.5786999999999995,4.461756066090513,400.0,5.05710995731906,4.85560617992702,18.07400129411129,146.10848022586154,669.5526281639598,5.917303507275399,0.4026303145889025
9.177826860698563,-5603.858344895669,2572.1746989616927,70.62588472009958,-9.177816277048896,4.4283,21.299559352308318,37.056366856277855,617.1012501130547,0.00013181737654641596,0.009596655079475819,0.0002426102893376793,-0.0025177073112271553,0.0007024094205151422,0.0,15.623188735889473,3.761752930476373,15.733952062515742,0.9316037516580513,0.5795447352442171,0.47002974702823175,0.8633103812004029,401.69744127786373,0.034,22.121145895686375,34.76475344699182,0.1371570931610836,0.08918345234938946,0.0167,0.0,0.007883101520718904,436.0711239759116,0.2131973877483055,4.946707975104971,0.040855156475603296,0.016568433140340295,0.005711775577978989,0.0,18.29517162195019,11.22986536653473,133.7907169344449,0.3003999999999998,0.6279000000000003,6.353093459229168,4.315743164954587,28.89124008201931,96.22523800060782,78.68775058423097,4.136196232959408,0.3275000000000001
14.1879,-5185.076602676624,2389.3853439651666,64.11860848597513,4.84431637471352,53.9451,13.625639499912385,54.310708980498525,611.7098615651089,-8.868549294952064e-05,0.061427277088635095,0.00039336892528830735,-0.002796884236065475,-0.0016281256021053166,0.0,15.81608207965864,3.85283464257892,15.76718010468462,0.9175036653682771,0.45357479145682866,1.0990850883693728,0.8764,374.5984598989785,0.42447874020258947,16.68852891449885,29.17829241275248,0.11542033223798792,0.0337417098305597,0.22725069910380705,0.0040254519580720845,0.012788038722692192,95.7127239320869,0.0175,5.523509069210963,0.03918218257618876,0.050211450074126696,0.008387434032154268,0.00022997708389899826,100.61498063651044,40.057944424293126,2.5786999999999995,291.5564386574045,0.6279000000000003,5.406100727986271,3.5363959971679,14.819275501155307,122.40741042215484,60.585941222904154,12.75361258225666,35.5806
6.995275522111559,-4856.122178777725,2456.328452580241,68.81789050752097,1.519265013361803,22.341150811868435,13.600265300449832,28.496280328198804,629.4692270036318,0.00011466156079704683,0.10992654501567306,-0.0005981062769334312,-0.0002067479683182192,0.0007522975167559972,0.0002310935880394982,15.844107875094904,2.724776880812029,15.619392708471473,0.9638736198263582,0.44594768993068357,0.8548844698739748,0.8764,643.2632342239679,0.07911761484294594,19.75027079220604,36.525645995539456,0.08354532383779159,0.10017918765156525,0.0167,0.0,0.014258897137730594,91.45319859646361,0.05112992142019153,6.29387043676146,0.010499999999999999,0.027025931773168362,0.005741064747789935,0.0,14.98537689111723,52.505345126000236,7.856715195432459,260.67392896744343,22.628450380724242,5.95325588058029,4.487138493842347,3.1599000000000004,77.62122040083858,976.2093912462988,3.6093,26.577582868388465
12.455488047956251,-5276.410256565809,2643.7129799814343,72.47520163719206,1.0086908814624942,6.230531911358308,34.68501014296928,38.65243208048115,624.5397980784732,0.0001745438946182427,-0.030795137773327826,2.4431063454445505e-05,-0.008011720457372501,-0.0004017527616161387,0.0,15.76909487674273,2.398,15.863943128911176,1.36418879561704,0.44484605349521245,1.4875351574444828,0.7232754768358975,76.0,0.1934843290800986,18.66597743680991,40.04642408193327,0.033900000000000007,0.03792190005607521,0.020770180644425634,0.010174418345513,0.012133198587685193,109.81667913238581,0.0175,5.083509619689718,0.22,0.021352084647112766,0.030272928579648282,0.0013574878073938385,41.14661826118848,44.84428389964938,21.894811295071136,12.567173406866413,4.175693254760216,6.151368449869938,3.431084183379084,24.112165713458648,57.59295439344098,178.42306125435834,7.12590446125318,0.3275000000000001
7.096355623914315,-5037.511269091048,2426.3787840601167,66.07509112785401,-6.155353647246594,19.998312920192678,28.925211830854003,25.91034761483523,617.0011496573202,0.000268548530559043,-0.004170589099340372,0.000397048528901251,0.003482399769628223,0.0015,0.0006171473528350897,15.901959260913003,3.519145861409047,15.839086131897254,0.8036383560086479,0.4200193431998682,-0.11486729134341805,0.7076282519729181,127.03018957039103,0.09502434673504032,21.544777281535833,24.758903488341222,0.45750628688776684,0.14775276140334073,0.03957001871790972,0.2067,0.010339702539621097,355.2959406838965,0.027940497107989536,4.757744330773057,0.017694680223821747,0.017799618181382655,0.006088296465153855,0.0,166.7338854064711,23.089563877521567,10.232118272656201,3.7242100200959003,400.0,5.663958556039456,3.6847428688028745,12.753023288345089,41.66040164260876,975.3065179814513,3.6093,2.266314973218427
5.0834662274948865,-5706.481098107412,2642.9888096604514,60.2667,-11.20746389116804,17.55094973373293,16.36224808398031,11.828437100471547,620.6699970480703,0.00010266542933028478,-0.030819277332963392,-4.370462150738706e-05,-0.008450540275123371,-0.001441264676434565,0.0,15.859551920702536,2.4136853411023305,15.659841223211739,1.2750576299917113,0.5976960413944997,-0.5298143810449064,0.6826537897422542,76.0,0.238047236175472,18.272797172995592,29.615179161865264,0.10640259655564564,0.017456794957533633,0.0305346574970951,0.2067,0.011155285696489456,236.19232167457693,0.08227806334833837,6.7571734834156185,0.019505681217367902,0.008,0.005926083539368405,0.00012447568691729597,36.667647016297046,156.3850097483673,2.5786999999999995,2.6364935567057897,2.535651689618863,5.453539139427887,3.845211557946285,13.585918044689004,50.1060979983199,191.65962686493705,6.10017805925472,0.528581686475222
2.6107971586525487,-5302.1112777599865,2433.875538908244,67.39519768409129,10.424031885339854,34.86269841759737,18.36151706448721,14.771704604912822,602.9448947995633,9.05297596553829e-05,0.5931852705139475,-0.00019194184718903924,-0.0006510774170721215,-0.0017157119271658326,0.0,15.838384941294434,2.739141190556846,15.775373859900142,1.3427295183345627,0.5566135246886722,-0.6197562585560928,0.7509411649907856,389.48259403274574,0.034,17.147644709156136,27.38533453786494,0.4892000000000001,0.049251305840020874,0.020679904331475533,0.007803329291135202,0.009114001586459274,204.80552028491616,0.024599653372377968,7.502366106567627,0.02081356612290656,0.008,0.005687931229843393,0.0021748153850555045,400.0,34.25897260656495,6.5471248858875555,3.8016902987193975,0.6279000000000003,6.021020638066146,4.657498236035283,15.438383492675896,104.21284804470038,598.2790625803898,7.739499400873551,0.5080482438030749
14.1879,-5781.561428419251,2394.1531472590714,68.34965701124914,1.622390332054671,19.250131664903897,30.47113911137452,38.179704083344404,619.7745633823154,6.642381526527702e-05,0.06748936308131151,0.00014317154645117735,0.0028810331381032006,-0.00011628595099302084,0.0,15.767421841337551,5.5859046448513485,15.762393749233219,1.3058476977417406,0.4199452715954891,0.6715039136360406,0.780522969894717,471.34128672173955,0.052859422766200856,26.31791246646288,27.97416955729449,0.11021090306972726,0.06746306363212995,0.04602941412984549,0.002358924453384487,0.01718219613371757,152.7352807006642,0.0175,6.536831432619644,0.030839008472819233,0.008,0.008600088357296198,0.0,36.004937405589374,243.84395832399622,273.7297830359737,15.754817373393923,274.09926023356047,6.96164446307395,3.579054845653782,4.134793129255246,75.60477062354988,986.6667,38.535679143828105,2.0209592094325077
4.21876507748357,-4960.05364915668,2447.963149706609,68.10016330777252,-10.221502911472225,13.725072770613862,7.72834840505287,34.4386340087413,607.2046682807119,3.4312671152988795e-05,-0.11350000000000002,-3.836599355628975e-05,0.0006639602557853234,-0.00048417411565141984,0.0,16.004042284742315,3.8982223517454333,15.599174570136759,1.097045583904079,0.4875326346867944,0.3532608028605069,0.8474669181529384,76.0,0.034,25.634558581508703,24.254539438973474,0.11807023211250695,0.05882671057017497,0.09680345798811957,0.0,0.0078,1437.7741588672018,0.0175,6.91552516889785,0.010499999999999999,0.008,0.005675220236491425,0.0,24.596941005871944,30.25148418023732,2.5786999999999995,177.58457330675873,233.2289409302608,5.541377880013943,4.4422944332459275,12.720578032417368,252.09366424804486,0.0,3.6093,1.5271504207012234
5.54252182143116,-5284.1512830940255,2612.2690467060133,72.59638669651355,-12.1527,22.63622171962254,27.56185740883192,8.7636,609.2255991700655,3.6251414724389165e-05,0.03893764557892288,-0.0007130341736055227,-0.006917587952961288,0.0010191375872094972,0.0,16.045694945386458,4.431186623932295,15.984468228138823,0.9559206817495187,0.46123157679599147,-2.7890000000000006,0.7420897638539458,497.3872465986883,0.186067733022493,24.943259197306052,16.062,0.1790141802220689,0.11988556860463123,0.0167,0.0,0.008197798852660573,318.1510240270149,0.11449737796144918,7.845787756709931,0.023184725504894563,0.008,0.0025,0.0018218730058486112,32.68202680086886,5.148355492973344,6.427831594217496,0.3003999999999998,118.5146824370028,5.079724524445309,4.960204089500936,6.672796024708525,87.2562727899297,820.4517505677474,4.675583201807589,0.3275000000000001
3.3534800944436274,-5319.304292867869,2687.5355542441985,71.80802610716574,-4.153678400950131,6.38119879486399,12.306308050312023,41.7583115574593,634.3218,0.0002975365727655183,0.021617892467691524,-5.9475705898674504e-05,-0.00957183810323595,-0.0006352935046961163,0.0,15.743254374974155,3.391933181980949,15.578734755350933,0.6055,0.4108,0.7434155616534237,0.7346384786328308,128.11542871860496,0.034,26.079203896393395,36.07785767576283,0.4892000000000001,0.07588550489828769,0.01905135657565574,0.0004812052965479293,0.0078,64.6427713827087,0.05962710702941759,5.9694399342667746,0.04452870870465614,0.019374469582993957,0.00710085299303804,0.0,19.3245255736748,3.3354999999999997,14.411275139756219,400.0,201.5204640179204,7.006484006433473,4.288649459052561,12.28541281342396,53.25804967117249,0.0,6.962657514446051,0.589764710769507
2.873247468957164,-5026.99561808818,2439.6344244040815,67.38115064373778,6.946108039857977,21.10919644348587,30.37495692367459,21.667872284090897,600.8529543201673,0.00013640145217460372,-0.0023118782924990795,-0.0004703214692023836,-0.006230741924273099,-0.0004960903330956697,0.0012189830081875378,15.79936194455475,4.935329826169625,15.740938483309733,1.0745838819754263,0.6028001762403477,2.458,0.7323001537930741,76.0,0.1366494086526147,19.61848414905023,16.062,0.10510494327229046,0.08949070549213897,0.0460057231108354,0.006844727442775277,0.033,76.72157397523668,0.10972075421836625,7.0610804503136,0.030200563649523914,0.02698957796107053,0.006058764728453339,0.020362158740666443,116.5956649671144,334.96687948822506,88.85883025002974,4.82915562641986,6.924954620782008,5.371565049430357,3.823877534017796,5.567359366864198,87.51801790644349,986.6667,8.062940637039056,18.70039268706909
3.8672268549941347,-5299.993403947109,2480.680873650878,67.61285268936571,-1.5621664967083855,25.247636905599197,19.211284018919937,50.67820541690246,634.2705709567919,0.0001596123571336303,-0.04808343630685223,0.0006432922432257645,-0.016,0.0005087836377343788,0.0,15.908153534838313,3.9565030482898127,15.764246218069822,0.7355875516455057,0.48241734715760803,0.7628282626077676,0.7432163321513321,76.0,0.034,22.387040511622214,32.94746433554896,0.12290462384783388,0.06256439186977548,0.03212001293432869,0.0032500997354815873,0.01010709430405209,37.027000000000015,0.057916900316402495,4.467606002339483,0.029640920898388955,0.012793537959099563,0.008417524145160163,0.0,29.63252246286089,135.3280476623856,27.670444780544972,0.3003999999999998,400.0,3.7520123758022415,4.39071878377098,16.614036283124875,42.30056420066885,93.37949863808154,3.6093,0.4553115352469934
11.355715480740166,-1368.75,2762.9536984462197,66.27329474442237,-11.838794947459345,9.176961457927472,20.46832763183603,31.13407988167497,627.632201955589,0.00013425202481252732,-0.023051587124602795,-0.00029468956762553896,-0.0009285625260527942,0.00028540282817958424,0.0,15.76357744889368,2.398,15.694399894396577,1.3015100240863053,0.5517175022049535,-0.8153768266017577,0.8505225996010173,254.5010496126397,0.233531560290136,20.644048440807342,31.12539553698764,0.09831853111047031,0.06513679352233054,0.07880944681716856,0.0028611765613474173,0.012904096083699062,105.31709197487419,0.20584307044985423,4.39841519868631,0.019169131307586997,0.033180862798077665,0.004783932026344147,0.0,2.042258675003019,27.134703575295113,6.265947757699136,0.3003999999999998,0.6279000000000003,4.214950632709998,2.1869,55.92535886542574,215.20961069101267,986.6667,3.696416976873448,0.9856164405903878
10.70135864790047,-2709.277228149506,3167.109846665251,68.41289370900414,-2.1425780256107463,20.43869935066515,6.4482,36.09952192480249,605.1360098862367,9.794973744106704e-05,0.06904133067055618,-0.00017245234282742703,-0.010824441680755931,-0.0003095481746323274,0.0,15.737341409284209,3.7574635359742827,15.54,1.141527203877742,0.5559009888461433,0.4738130872381361,0.6999192237429757,266.0629300270343,0.034,22.041057144383338,36.50266858335041,0.15669185194887342,0.07530530233644156,0.12132461221643275,0.0,0.0078,441.8487768738663,0.06910810870935405,5.946499696309014,0.04105602081191253,0.04227768222413665,0.003802093230066519,0.0,12.824152689889056,35.744855022938275,27.39428599254993,22.50748487440356,1.2427639391579044,3.767066642738709,3.9818359053151147,123.86810450734946,89.39541663179799,750.7281672671356,7.587323334883706,0.3275000000000001
13.408754817498622,-5394.96227352708,2533.383645687472,73.82289414371411,1.120147857689938,23.164279048598253,42.25009597188915,28.417359564449686,612.7248883496512,6.529021567873048e-05,0.571672159562588,-0.0005891364892154945,-0.0052185656229636395,0.0001374119336193464,0.0,15.76062011382716,3.547461221270823,15.95633988934113,0.6510991322597212,0.442483226994569,-0.012559862686113865,0.6949739474029236,109.4965063362244,0.04861271320725248,15.870926372544382,33.46132759007073,0.14463960924245967,0.09141024951770133,0.01945750994053052,0.0018653950255351891,0.011928118926891194,1912.7155470336304,0.0175,6.546984736826002,0.03925048704531709,0.03104052377486335,0.004873008721992872,0.0,34.97543551051808,42.60124485122259,29.615980704746974,19.256634301746516,0.6279000000000003,5.240194036884335,3.8968278550402586,3.1599000000000004,108.69039776837316,120.48457740155473,17.57416542829735,2.1360895729790017
13.757673524421813,-5812.049770417487,2820.8711849412107,71.46700994571192,-12.1527,19.145839481690892,16.824039704520015,38.13048701977948,633.6737415097043,-3.1232143949229586e-05,0.10103323136054118,-0.00028646256404593726,0.0016631025745230347,0.0008784602303857275,0.0,15.908200424295057,2.8959303633689264,15.777150862815168,1.05184195867206,0.4108,1.778850793059233,0.8115348037777782,746.9214546308795,0.21342900190712316,15.073021620918572,29.45533818539854,0.12702999106279558,0.054874650185048626,0.034953321881936956,0.0,0.010591500539360607,505.15985151620595,0.11734493183452324,7.424342527873737,0.012032848319992582,0.01904944567148885,0.00347507529299528,0.0,1.328800000000001,9.619094768616293,18.217772081770175,190.55143034062164,80.34362068612343,5.830549000690304,4.314660153913448,18.4604657752148,232.1617691553528,0.0,3.6093,1.0939607447148656
8.280302524883398,-5456.078336886774,2597.8227702615322,64.48889455926107,-12.1527,29.31107345118732,6.4482,20.15120893885876,618.0101486088478,-5.338876858483992e-05,0.057926382286323415,-1.2580659868959846e-05,0.0013444343415815341,0.0013483594541341697,0.0,15.875566837374084,3.2127574544270043,15.79137917638627,1.0958658826593761,0.5574195093631858,-2.7084355858597435,0.66419294150776,200.97838318342383,0.22931358337340418,16.356157045494392,25.032369667816265,0.08109558466915913,0.11611205276115644,0.1575778034331392,0.002235174224714259,0.0078,465.7111892648343,0.0175,5.639133269127274,0.01811546785682633,0.027577000643601062,0.0035008711638636987,0.0009011320725141958,36.47810408913699,30.052103224325634,19.438023776963625,0.3003999999999998,115.13351720856707,3.486584420771278,2.4328001004765265,18.26157829862894,47.994341281647664,160.71668965563958,3.6093,0.3275000000000001
10.045329649987805,-6323.5598171442425,2732.5427102478634,61.6900763949875,-10.604843543814134,13.609524872071775,6.4482,15.382608893818448,597.4029423862572,0.0004000000000000001,-0.08137821152672664,-0.00016284202877013876,-0.0038681495794268585,-0.001215966759763159,0.0,15.87287734865022,2.8359607408910037,15.629305346895697,0.6055,0.4108,-0.6517745835169825,0.8497839234555815,76.0,0.15780007603758694,24.68984780655444,28.319222670343464,0.4892000000000001,0.0172,0.0167,0.005631579665786179,0.0078,335.05251996114123,0.19905295316746274,6.3576240335549405,0.030423958454461372,0.027306641505637184,0.004646230984533679,0.0,400.0,3.3354999999999997,369.4166468531509,1.1869577891607381,0.6279000000000003,4.0385236313548445,3.321073351686688,158.1332,56.881944288332654,105.80632808285225,3.6093,0.3275000000000001
10.43309567799378,-1899.3245476843176,2854.6083009309646,74.85340739435351,12.195491725250566,17.117267140858214,42.63,23.559584636542112,611.0518828655389,0.00010962591075821838,-0.025624635625380716,-0.0004370291985212936,0.0021018130099634182,0.0002635346162575138,0.0,15.863600677276471,4.4209352619577,15.836581062542823,0.9887396475049959,0.7124919362391757,-0.1510675923008704,0.8496317827737299,125.52810188930704,0.0800084557492128,20.307002960426413,28.033738336003324,0.09715628067450693,0.023879201047978166,0.0442463627036549,0.011481818791626562,0.0078,125.87113504609283,0.4411576881650384,5.391285965238578,0.031099286979862122,0.040461663319016815,0.0250817428608769,0.00297691306709395,134.62814860242202,3.3354999999999997,289.5534186951804,0.3003999999999998,0.6279000000000003,6.510899165472729,4.318371268024546,18.56948307198835,18.0064,673.0554999904798,4.873700679689769,0.5415920594159849
5.202693019188983,-5128.6592648879205,2380.080974106441,61.514892600369606,-2.7556274699669525,12.453815645333291,13.3675421213135,29.968819375674897,608.3515790025344,0.0001407847019685065,0.005858728271204644,-0.00035109581457067903,-0.006630414456526285,-0.0001862794970645997,0.0,16.068184240569543,3.0148414399683485,15.765095532750221,1.1932535076824224,0.4108,1.07440631371065,0.7643595543073682,76.0,0.14392144309749802,17.33658437677959,34.7978296489935,0.14023557951624255,0.09026769235573853,0.03275560163124017,0.004265294960625678,0.01633427963409095,157.37637240464102,0.029156270974230875,5.253412261518134,0.011325749546873414,0.030669180161541583,0.004196098462543756,0.0,74.36133484674298,200.66223365983757,2.5786999999999995,321.8034373862459,0.6279000000000003,5.1284741595544165,3.8286588288206254,136.6953025261784,66.11534463127833,253.86814427006908,3.6093,1.999979101021061
11.87773551776149,-5258.587639176142,2544.1533435374176,62.482947605823774,12.744799080542911,26.832546363003196,10.752364146308178,31.618481377025162,609.0980068853881,-2.1981898420307203e-05,-0.11350000000000002,-0.00043497136715445943,-0.0022427389029560643,0.000798825271924476,0.020882091025344558,15.781675637719292,4.298469540267214,15.908555839582498,1.0388955311217327,0.7285445949386328,-0.3393635919526221,0.7181860882719336,2384.51399381978,0.034,26.051783030248075,16.062,0.12890088577601994,0.04999913123045492,0.1411615207044232,0.0018545544003218295,0.008678858462137314,37.027000000000015,0.0175,5.0104740048210905,0.010499999999999999,0.035617947659685935,0.005066408828151047,0.0006144796179053829,47.16795842070508,14.288377229072584,2.5786999999999995,17.4336954471776,17.96477045964218,6.565470200147612,2.5626657913838438,9.143325866622357,98.57115343630593,198.7784905291702,47.224829915876306,19.60940159980609
8.699072904300827,-5614.708350913222,2487.10315616833,64.18099246814194,-9.840988716885,23.593585696844418,11.746686375833,32.87634549265994,600.3599451318213,0.00011857038612635155,0.12392015637456863,8.033925718585617e-05,-0.004782217791246572,0.0015,0.0,15.90397907037747,3.2336344965461663,15.883778501709072,1.244356064151017,0.4152691640630154,0.6807043900459135,0.7827210175209841,76.0,0.11769654700232635,20.929957646501332,29.14166726257301,0.14845968738301873,0.1120885372782802,0.026120520494439782,0.0,0.008301603929641492,169.76692387114156,0.16745555541139762,4.0902,0.02536860205250152,0.029789063714796435,0.006966190141578454,3.691375918964259e-05,233.315676644895,52.43012164919714,8.301157694186738,0.3003999999999998,20.783700390862812,4.77450408340353,4.158941621598333,9.333210502161615,66.8881328311664,147.05442191925223,17.518455885924933,28.086522481157782
3.149615484912844,-4809.3958445485305,2549.453279730066,64.50572522508863,-3.90651651334108,25.636298349238555,15.663041298556918,33.476777289761486,633.0739383623298,0.00011559735044748315,-0.11350000000000002,-0.0004944919857531718,-0.006786999318045174,4.751305668501129e-05,0.0004947166887750645,16.068002504254398,3.6001300585345044,15.751501726864904,0.7244111602153638,0.603521950149445,2.458,0.8764,76.0,0.034,19.195122061275505,27.96058530846714,0.29121336485538,0.07806685718997436,0.12999939560958468,0.0014437024559256256,0.018636153180175575,37.027000000000015,0.2067031283714217,6.031877300541616,0.038684103915188894,0.026229029270547655,0.007111251703589905,0.0,33.516790694648535,27.221854171580812,286.6079592049915,0.3003999999999998,197.4699240653677,5.806554546938606,3.9472122334803608,6.736186002662823,122.03945765929376,95.97803279277682,3.6093,10.397222929730237
10.489804321570595,-5521.471185254647,2735.655429957302,69.13088409022527,2.9852749229582205,9.975132254229454,42.63,29.244285518640073,603.0681797776928,0.00016880335482237708,-0.04600212851363361,-0.00035662079974067775,-0.005102198991196224,-0.0019184452835627798,0.0,15.631744614381272,3.150049620482312,15.59341950169068,1.145915770636318,0.4108,-0.5967468756336509,0.7522566038517711,76.0,0.1510530600907382,16.07067733056949,28.016105874968847,0.049320231708117696,0.051246726502750084,0.0167,0.005173313083114235,0.008901731565936693,389.6680195095864,0.021195217189329457,5.8802511484722455,0.029326561786525197,0.04052774709655324,0.013425364348097352,0.0,27.29736240026739,306.3619466368818,4.049390331547777,0.3003999999999998,8.847527570162331,6.25251121848989,5.08183583555292,16.55882127377425,92.5708660960468,38.74567319275263,4.407302792464384,0.3275000000000001
7.442365905855604,-5266.782458865612,3067.3420175774513,74.4811512564813,-12.1527,19.6618593373549,25.51697261686429,33.02257101890566,613.0390800527001,0.0001170918346339984,0.07632184978119419,-0.0003062543263994038,-0.0021809822058331887,0.0004973196584121244,0.0,15.791345454966995,4.183808936611981,15.955174890446369,1.2001456903092067,0.5618704188769458,0.2243049601269237,0.7029012087162004,76.0,0.13920738435644214,17.950139823330808,34.55736454833451,0.04114042412592308,0.22765496239838368,0.0167,0.048871356087504425,0.0078,460.82064991696257,0.0175,5.362722096692015,0.044149363964023386,0.03249870122786837,0.004741241741686199,0.0,13.115200025849491,8.61854636013628,2.5786999999999995,0.7505578228508032,51.7560698342996,6.984503395539735,2.966443070385979,14.688334441415556,82.08368181605687,611.5087072671103,4.8735083232354235,0.3275000000000001
11.144624348286133,-5919.080728796891,2590.8562109449754,72.48000969159023,17.078512087913417,12.043330742231046,28.15197363179757,28.007223820168555,617.8413952370262,0.00011110773304901089,-0.04205747314822876,-0.00032775494381155065,-0.0029030160971122093,-0.0008273246288147822,0.0,15.812976341947088,3.459415220256719,15.777806502028,1.2360499229996498,0.594120151998912,-0.09890806043026934,0.8072259009067967,76.0,0.22867859824025294,23.495471248241103,30.43628025599634,0.049784037186147205,0.0172,0.0167,0.005950622706532578,0.012572567602814312,360.09474517293404,0.5255,7.005254693346528,0.021339561240551752,0.057332829266256956,0.005724109482445064,0.0010474638949727413,16.763690641437012,88.16941123634898,12.009253669524263,1.7466642470725162,9.441517805032476,6.149298670664665,4.042359202784988,13.023086053405915,113.27946497725449,0.0,5.458013530798116,0.3275000000000001
6.05338457858163,-5617.495237856861,2468.5524350991504,70.03066529447936,-0.33186256699196504,18.418532454473716,17.76893298236866,44.03797833777282,621.5683585507996,4.344089029178606e-06,0.10034619029394615,-0.0001815448689317483,-0.007375205449254801,-0.0010333283684811339,0.0,15.825037938100031,3.7475932724491576,15.796705854323449,1.0680324069014127,0.4372460626492375,0.9473145787593491,0.7488966705870864,76.0,0.04258034192264583,14.551274315118336,27.38850639809798,0.1098048511636821,0.0172,0.0167,0.0,0.0078,1203.3026953933868,0.0175,7.544345845024395,0.028471492886924996,0.036126121114950595,0.0037611207142357007,0.0,1.328800000000001,47.8777721256691,38.63503556471407,31.81469606115082,3.896509702557964,4.25710120075701,4.04256744770762,17.377684957100964,91.79528295809698,688.3904109565071,3.6093,0.3275000000000001
12.661400511194646,-4875.675856459435,2680.351838777821,74.89107969067568,-12.1527,4.4283,30.191608147510628,35.295881947358666,607.5668802451169,0.00015409823232354295,-0.08828562222184314,8.422744832457694e-05,0.005177206539244222,0.00015450062201321515,0.0,15.781738763351164,2.891376633089733,15.549963086607097,1.3476965144088058,0.6357270433195563,0.1624848524459469,0.8536660634614308,717.6617253781659,0.04371218893175691,19.466566465752692,32.766859861240285,0.12454740769998457,0.0172,0.2817,0.011002623094358838,0.01123150763300132,311.66763494436026,0.0175,6.196479193847344,0.010499999999999999,0.03839562584293002,0.004600787882336108,0.0,3.9409837263873975,3.3354999999999997,2.5786999999999995,25.10341025518094,0.6279000000000003,6.414428358223171,3.5839579780266395,20.57871572127559,115.31434202605249,784.586252144946,3.6093,1.414453140804055
7.732737899525704,-5848.080869038034,2576.296735745378,72.16057817165127,-4.057175658821295,22.8085626079952,26.174604603679185,56.8964,601.9590192307903,6.938996178305685e-05,0.2628580111806325,-0.0006294613789334468,-0.005103805197617056,0.0008086641143264794,0.0,15.835201076696242,3.8281967860477057,15.934227561025669,1.143747578560991,0.7821508030711445,-0.15031392551666994,0.6594105783613105,457.10671630003776,0.0878473521182803,15.568522002008995,29.397520899732772,0.10001356226420102,0.12759037260723696,0.034109668870819745,0.0,0.010964691005497322,213.14281454021219,0.15093658166039103,6.048625989765772,0.12149563448345532,0.04306237264915829,0.0034018193293162383,0.000771618814352899,33.958610097594686,12.642779336843496,110.37958325117992,19.52293636366961,74.99378641602463,5.637762297180262,5.023030427123135,15.76336219907324,105.7965027523937,757.7151065743158,9.842306053095403,0.525027777378611
7.965652260235897,-4825.795675864321,2473.62463026435,63.842981102664474,-4.812668509491061,17.13626251115264,23.348284406044,9.444496844188993,597.8515943363749,-2.8689812188243617e-05,0.034156907930176436,-2.23714772449712e-05,-0.002002901139829427,-0.0006903326322211887,0.0006976369268869138,16.00045489989675,3.3827266926770223,15.783662869491263,0.8608532422894907,0.4238949171104176,0.771692188551353,0.8026302823774387,251.65873611277323,0.034,18.7137573651049,24.517881977850596,0.08212243572129561,0.0172,0.025887122897399726,0.0017215093906168344,0.0078,78.3466491075497,0.036140061448642666,6.35214789201646,0.01343923343987609,0.023909819024777606,0.005445307227559712,0.025529828932187835,17.05390257612892,20.704082987528896,2.5786999999999995,16.276304523118093,15.328807886586171,5.63772087114242,2.6616923466669116,14.409157107556497,39.072355635088954,89.18260258155345,3.6093,0.6425299920411965
14.1879,-4978.532124205827,2378.9498027618006,66.64390548039144,-12.07457548612547,11.089060461716457,6.4482,32.42393786687404,607.0657524265638,4.262486408634384e-05,-0.08484236126315775,-0.00031990181577391943,-0.0022964730205520837,0.0015,0.0008553149963421353,15.985520734548462,3.3149869839790607,15.931385017291381,0.8402822771785334,0.5806489808625237,0.2175127675647872,0.8375770360037835,76.0,0.34922647515742755,24.148915939897655,32.52493137148096,0.12919457027635495,0.04441062232053846,0.2124809033319846,0.0074311342668179105,0.013380661563536227,183.12808031674408,0.0988151468261619,5.793895830421036,0.03438672006090547,0.02643622879081603,0.01372799869061098,0.001201547674659926,1.328800000000001,20.23174612685213,2.5786999999999995,0.3003999999999998,7.88521260095745,5.734368354845259,3.6574109733328855,158.1332,191.602878881646,172.11215382443538,3.6093,1.2162569006524109
10.762544013878102,-4794.558584109345,2879.495224292994,67.83894430676496,-10.871572147719446,4.4283,14.077309054876295,27.214253247451413,625.2690588016543,0.00032324828718946377,0.010063710636321404,-7.513912206808627e-05,-0.0017356848286114081,0.0008474997494270324,0.0,15.818992559125284,3.0671120443597832,15.54,0.8496839266035323,0.47203433029183794,0.19862796859329523,0.6372708222276795,76.0,0.16358906337610632,15.054457382297603,39.614401656738245,0.11536367760643472,0.0570221858971738,0.04770709076565878,0.0,0.0078,182.86998154177826,0.0175,5.425462643992021,0.010499999999999999,0.022413230892627835,0.005661806188304447,0.0,141.89321498692797,28.71209971828303,11.08079991166909,28.023357976100527,0.6279000000000003,4.256136265177194,3.247699410108338,5.002873309930759,271.58468969715005,979.3585964673491,8.349323722754853,0.33311534434900003
8.811535538995674,-5047.218866675741,2862.756715522181,68.92412323173163,-4.689617768522874,14.925364157282427,18.448694333333933,26.77642430857371,627.1708730563355,0.0004000000000000001,-0.01011443890365464,0.0005567114469430266,-0.010078798657398365,-0.0002664404008524501,0.0,15.920168179950243,3.6406414268670733,15.710668702551429,0.7310037038123736,0.4459449564452268,-0.68252842151333,0.8116986709417574,105.0499246052841,0.15407436784295303,19.79081264133684,30.407416794362096,0.18894428450675932,0.0172,0.03931708560480129,0.008020851119427488,0.0078,331.5594638001124,0.03397800039278059,5.646114308448416,0.03910112512729427,0.02118217161139164,0.004705484871798479,0.0031517256954272524,28.362987535273106,34.98935482544337,2.5786999999999995,0.3003999999999998,0.6279000000000003,5.478253241830475,2.55581913710707,3.9918782365694794,77.9298605028785,986.6667,3.6093,1.9477087907426829
2.2493,-5132.750123195465,609.5,67.11309475599177,-4.553129065086866,13.155144630454858,14.081618129306229,39.35639227460305,630.6548062651473,1.9449928515410707e-05,0.1530354945017188,-0.00017721774010155393,0.005101074392184638,0.0008686586528985515,0.0,15.773732204584752,3.970915299680299,15.682388704112762,0.7323775223676168,0.4716088315657119,0.9772307067189963,0.831268148269154,76.0,0.034,21.081172308595836,37.85802481737392,0.1868817741339884,0.0172,0.04720689834688867,0.0,0.0078,448.6197603258754,0.0175,4.312073598916282,0.046225728102170155,0.021053204930172983,0.005136323688540946,0.0008114310463400473,1.328800000000001,33.50800421372155,2.5786999999999995,29.46661648192947,0.6279000000000003,5.588148369370839,4.531952117223371,14.614527451045861,70.52252112080984,675.0211363926976,39.88365337415389,1.7631709992905855
6.063938093242672,-5669.605544013946,2461.9086145488795,64.52074882413446,-12.1527,23.56060094667389,19.11124183007657,53.45432550294886,603.2196473494168,-5.266007351722746e-06,0.020256203371341878,-4.808271797260547e-05,-0.013616310192739272,0.0013541802667352194,0.00014699358824882722,15.869705696450062,3.9973312009701765,15.86856425803869,0.6055,0.6076757404386929,0.9901173420754716,0.7949112981366191,76.0,0.12324809019560441,21.792247783213355,25.445123012868148,0.13972488279874615,0.10676676617857098,0.0167,0.0,0.009988067074014225,306.2659207875141,0.3586770986610144,4.845809245797511,0.029250333302469084,0.03911472618336012,0.0025,0.0,26.339179641357724,41.875800309584406,24.892124596650206,32.791168328398655,0.6279000000000003,5.075757971525297,4.699126252671661,17.77542512368622,205.30599611688757,0.0,3.6093,0.3275000000000001
2.2493,-5051.988099114802,2687.434193303166,66.74125411018676,-10.157606297821507,11.342733117807263,11.82352877317346,51.263027286992326,609.1455531343047,8.778152772088521e-05,0.02215825376320787,4.3291404574263186e-05,0.001297916557677057,0.0006722350400555444,0.0,15.881828450980949,2.7392606639541754,15.840927604296837,1.1414739667144573,0.5638634397180595,0.4245371155692128,0.6570659416260466,76.0,0.1152043705750096,20.82631488560863,31.359245138358443,0.07320473651578008,0.06676750583496407,0.0167,0.011555827335048613,0.0078,37.027000000000015,0.11128026414444195,5.379274757053219,0.03358728174366695,0.008,0.0033854036780144744,0.051066403621485325,400.0,12.903518542576057,2.5786999999999995,0.3003999999999998,133.1216932642854,5.219214558970507,4.472574239734609,12.080044402522732,63.292445655445675,586.2631550499227,9.40353287876352,1.234062115194269
14.1879,-4723.849583657706,2618.560443429155,61.400974653446205,-12.1527,13.34887676177595,16.8756937122944,20.458724388283137,604.4526454312439,9.498215304183321e-05,0.1572192234764152,4.158589172167651e-05,0.0001529156980213768,-0.00020560343253088755,0.0002814908287834526,15.811393613442688,4.52546087237818,15.671802057353968,1.4673065472969926,0.4786083145868577,0.8579751071102375,0.841369160896621,3294.3990061824984,0.15817013556778212,18.174576733062633,22.57365298169296,0.14113085315476012,0.0172,0.0489985544478241,0.008453153017836253,0.016654367094966024,137.51637249949113,0.07168734727485968,4.0902,0.010499999999999999,0.020763561636427934,0.007119755355548073,0.0,55.774295619839954,44.45970380860514,2.5786999999999995,0.3003999999999998,0.6279000000000003,6.057737543065352,4.881707886509108,21.44907901326073,60.965515550964966,147.2651945528299,6.816355359805742,0.3275000000000001
14.1879,-5146.139976088695,2678.5232143288686,61.724211486616575,-4.273851676862751,19.161355903493956,17.800847976048495,32.30246299345146,615.1034318272042,0.00021314710175673377,0.025285278295418816,-0.0004300627670329939,-0.0023323656980505586,-0.0005457672529498732,0.0,16.07,2.398,15.967944655685178,0.734856722055468,0.4108,0.7980527403155884,0.7334478425950566,76.0,0.130353309740957,17.57428084425365,23.570483307897433,0.14859828678999396,0.0172,0.019838357508076224,0.004408947496527525,0.01636799613341419,160.70584714943607,0.09139915481458341,7.164434804095085,0.02992726913250719,0.03205348843886274,0.005226580413163447,0.065,40.70624696252987,3.919482669039514,400.0,0.3003999999999998,27.946053555394563,3.94532597372872,4.118892028293642,8.850353597859016,31.52557691699937,53.55096926791546,3.6093,0.3275000000000001
14.1879,-4721.748352395075,2796.2665668059626,74.77378829853572,-3.7360253612020737,18.69082556870101,19.06340113825643,39.731156060668376,598.1618522305108,8.849745053880162e-05,0.021366164787719653,0.000520442552105685,0.003706203210338722,-5.601783106497271e-06,0.0,15.838830403867354,3.2309806557298355,15.670295254280886,1.6195117121577571,0.45953424388069064,-0.6013234646099365,0.6939897642419968,806.8735286022145,0.931,15.404690868618292,27.220914423842704,0.12742129462751814,0.06803470702830018,0.040008407620230446,0.010915086921594035,0.01164516731836442,1979.4911535155525,0.0820083771475898,5.449644281231039,0.016935510666442933,0.0183367077388668,0.00852523583193192,0.0,48.48856269536432,67.92580369377704,2.5786999999999995,16.2121902117367,0.6279000000000003,4.526307658288166,3.0984432836129443,16.631427643764216,103.44187572158148,986.6667,8.707680530276694,1.9934898584417096
7.71101263961872,-5104.0053187240665,2426.5054526146528,74.1846178813934,32.59461797702361,12.789912913912081,11.31985760299807,34.458719943601125,601.2028941409612,-1.7066185517426578e-05,0.02992312116376499,-0.0006947774877203175,0.0014749447359743827,-0.0010179931567983443,0.0,15.827467637416417,4.702019149494608,15.702662367928696,0.9093528286540657,0.6236943949204846,-0.24600197164552678,0.857345911563077,657.4411454947043,0.034,22.451004403905245,26.103809423705798,0.15878477999740526,0.3225703452574081,0.04750484089191089,0.0,0.010057145639946585,264.8237288160813,0.022584629862123798,5.9218525255757175,0.010499999999999999,0.009600862222479776,0.004794089390852693,0.0019556108515201283,35.82971957161227,400.00000000000006,2.5786999999999995,0.3003999999999998,174.83268318278985,5.285025675707989,4.55730965819326,18.968309353106253,97.36064154151961,390.8761031456078,5.865256450557814,1.01550878943682
2.2493,-5251.223610358499,2387.5881256808148,69.11595312953449,2.8381000029780505,14.760474043784939,24.265317705341992,23.02894687499599,614.3901316740934,-1.0805861935998638e-05,0.1087648837226107,-0.00015061516647114098,-0.004137824506977076,-0.0008360578631477327,0.009023059289598697,15.746303383818551,3.498687447435635,15.702865460255815,1.1009070720995178,0.4453908864665046,2.458,0.8167023095174469,2062.6132965217757,0.03721404837116639,22.334588891462566,28.485541164084808,0.1256398763669349,0.061290763559326965,0.0167,0.010096074543436896,0.00893672937557621,270.60261959784884,0.14706183837993797,5.433547303843641,0.0420159314676711,0.008,0.00885154026067212,0.0,175.30297404255387,33.056302284431155,2.5786999999999995,8.687815268188892,0.6279000000000003,6.924603225787124,4.094578557241795,17.695291322905028,100.69192752252783,45.634618904331376,3.7418086570830127,1.6617801457113999
7.050736147127747,-4775.264998870322,2621.2276911943877,63.32909891443967,-11.324544056659944,15.944455165390517,23.28832126556066,20.416575344707404,606.7006584884971,3.914744578302585e-05,0.23420742481291448,-0.0003924473461430535,-0.006918645175322754,-0.00048774801018713416,0.005589377902756807,15.924395142499547,3.5932834448553113,15.839689578273225,0.6055,0.4108,0.7964904283857357,0.755881920665056,76.0,0.055867335729378895,20.774275960489675,19.976340302486236,0.14074327834523562,0.040300536807573145,0.023568590564640807,0.0,0.014379805973570645,713.6700437844801,0.03673173704636495,5.4273963724400085,0.045675212636395394,0.019907195044452358,0.006246347449765478,0.0,400.0,14.593158552313449,2.5786999999999995,63.59148687637933,18.913140985470466,4.360473720265661,4.608720917746786,130.15155305328705,72.37007129167799,0.0,9.598806100446936,0.7837427459191887
8.459543524238478,-5069.8754811561,2680.626410931928,67.27117777685483,-1.3885698250593825,18.846132124442043,23.173088380357182,46.6366471611623,597.5889486025028,-3.5172756547594355e-06,0.11267718606825503,0.0003562075283807961,-0.00530393448642358,0.0013824045322480192,0.0,15.824082852903246,2.709568551756689,15.86799239730812,1.5471421909616025,0.48414621819400294,0.040795148549803484,0.6307123024550169,76.0,0.0853739085945523,24.958055434229948,31.910399485842596,0.04185521115893881,0.09063359388313037,0.023897251684605186,0.00750588052525209,0.0078,353.8853666018653,0.027837037979275177,4.0902,0.010499999999999999,0.010207049870891546,0.0077032250955148505,0.0,32.039072979133486,219.2084707066051,2.5786999999999995,0.3003999999999998,133.0924266710102,5.437756222074468,3.164333127028735,17.436148647108855,18.0064,259.2573567374234,3.6093,0.37405876373318936
10.10188333545181,-4716.351407680111,2672.150441332651,62.8058843402325,-7.274465219462874,14.752862266159994,33.706220376258486,49.991800172227606,621.4164828779835,8.740147168294425e-05,-0.0978805644858319,-0.0007037914619024106,-0.009393575306820116,-0.0002904464185346724,0.0003124981648982369,15.740926008751456,4.1050319449314765,15.798059209941467,0.9945142427893854,0.6018729527130079,0.9867864579328927,0.7572093342276668,603.8545142331734,0.15142498661669396,13.25009355994945,23.558582481057325,0.108783417954306,0.08445004592107687,0.0611470386708146,0.0,0.019855976337173085,109.68862936346852,0.0175,6.4128975357834515,0.03282705761296132,0.01042438473737278,0.008925467384577857,0.0,32.42671209089485,20.595414884641542,2.5786999999999995,400.0,17.50153462962727,5.393231650957257,3.7021058367599813,3.1599000000000004,81.76765005755648,39.22032067088267,39.22242649961276,31.060520769718195
6.595230750677553,-5410.883895810969,2531.775558032234,72.1449993137292,-4.697841893302279,26.35816968728905,17.76855493069468,28.273195481994787,632.9169111684588,2.3229930889370908e-05,0.010301353871228653,0.0001222828551250312,-0.004399741268957177,-0.0014106546337477573,0.0,15.789065181851507,4.022813960229886,15.787720460893462,0.74326502064116,0.650013470912379,0.3123533423659025,0.6759600705632105,1119.6788213972845,0.0677463367845717,21.072830110238485,16.062,0.09566172909603608,0.0414958015107033,0.01783669331109371,0.0,0.012665088588517878,342.61158625821054,0.0175,4.359972321446561,0.010499999999999999,0.03128002496094025,0.004691458855352277,0.05703801377789039,101.2691337042628,3.3354999999999997,8.82676414345783,18.492613827932523,91.13230410880325,5.604417919510403,4.494908754806589,50.0535515529178,310.4315054906077,806.2253564518362,5.5295317366154775,1.9019405886586953
7.946326614314335,-4983.4526307141205,2546.1654808060275,71.30050064290032,1.5919680958801543,4.4283,22.298710201100455,55.787616924014145,617.8264420120473,0.00033341775996093784,-0.06292678566124837,0.0002045877562989705,-0.0016222984889088781,-0.0002675763637858988,0.0,15.781776867095044,2.398,15.854733826326036,0.8427774051244386,0.7604820794840971,0.07041148729864344,0.7555051898936677,76.0,0.2087997976559397,17.739304974233633,34.113140639619374,0.04025411404242295,0.0172,0.049891176289250425,0.2067,0.009699536505741003,57.69345597859038,0.08170383056827686,5.4743753975623,0.010499999999999999,0.02227453917098592,0.004673817150126848,0.0,400.0,21.699068767225796,2.5786999999999995,0.3003999999999998,28.233266789211925,4.458025724710427,4.8395103019738634,18.39025774710209,55.40369353011645,256.81058108999906,3.6093,1.4068106990815996
6.684484941489133,-1368.75,3115.7070898611482,66.91587864715049,-4.16665249582659,19.886523568067762,12.507769429019977,22.359481650723847,610.5823798606945,4.917041158186733e-05,0.18071700221271536,-0.0006737267336673325,-0.0012132474970359027,7.757009996384309e-05,0.0,15.8402405392519,3.443216167141805,15.70723776240237,0.6771744619306328,0.8363262663074283,-0.6026943884522524,0.8380971979859665,453.8775241524972,0.034,20.182961547452816,34.797961389102845,0.29135612668552247,0.3132486873107594,0.0167,0.0,0.01728101644695918,136.5591432384016,0.028349289770258808,4.890501816717339,0.04269037157635642,0.027834495144696457,0.0025,0.0022079766461371416,30.563542127115326,3.3354999999999997,73.72156986930594,1.1388576496574316,0.6279000000000003,5.261724738614662,4.601170916307592,18.502231903724308,400.0,0.0,38.221737646237074,0.3275000000000001
7.917477941365426,-5254.800637528122,2563.9550814083477,68.89593665548307,-3.590528271352096,17.613933902019795,35.93987800459724,54.69408868618808,601.3808119363674,0.00010983328082760709,0.04934800595902091,-0.0002051253625634671,-0.0070904052848143094,-0.00021004159751120648,0.00045695041428133116,15.75320443022301,2.526742502617907,15.918711327084315,0.9613553941252744,0.46215282826916737,1.984179464907821,0.8094556598758391,107.82326983350418,0.15021246129036114,24.58436615334091,16.062,0.055639745989651046,0.09380896844957193,0.046700867768768396,0.0013628835681590147,0.0175862626018264,37.027000000000015,0.12710741053884972,4.44220255000938,0.01802436437074585,0.008,0.007167687610646415,0.0,6.931122750645828,12.305600354309775,3.969921579696388,0.3003999999999998,6.7498205925206705,6.655772334475793,4.514723288132626,16.081666229194543,54.673572026834364,986.6667,5.791561223425391,2.5902115676353605
7.829675646953269,-5254.40224827763,2348.3351721157155,67.99526691325529,-1.1954859626990006,27.367102348424332,23.921861093899096,32.09260451524678,601.8902923704104,9.45187397219301e-05,0.01747980647401109,0.0001710767418828513,-0.007178518364189643,-0.004163622508277233,0.0,16.011904986508117,2.398,15.786905081411408,1.2398255268702452,0.4974109244925602,0.5244849485330239,0.7855960885474508,249.69827579539196,0.22605650363434723,21.524400703840833,16.062,0.08925659495146951,0.05346514624036863,0.025692645960017284,0.0,0.01066647338737446,262.135132812503,0.0175,8.8015,0.025486862756080374,0.019867565487498785,0.009612193028676753,0.0,1.328800000000001,5.109851625537466,11.18031223964682,0.3003999999999998,0.6279000000000003,3.3303,3.7562728278090893,7.44435931143029,111.76192509836258,959.3301022481731,3.6093,0.3275000000000001
6.224698165955855,-4807.341315873355,3022.534436418725,60.69104837914529,-7.804243282773976,19.725654024905847,8.003549441691538,42.74785905697333,627.4456904190139,0.0001649275092553159,0.03907370187977343,-4.330003314753862e-05,-0.00771440495183443,-0.000798225912872367,0.0,15.965188155623489,3.4410004325455534,15.61660948349797,1.4283487783063253,0.42644152935226176,1.0373007227185018,0.8728450083918251,76.0,0.11438008177447898,15.896256250483548,35.96029769889086,0.11880371946956864,0.043739496717733056,0.01685753736044984,0.0,0.008498837422458834,140.96008310623063,0.0175,6.339521043829103,0.023292282327526476,0.017837215748386197,0.0054275904975169915,0.0,131.6669109584046,31.291035890280256,2.5786999999999995,8.61368132953798,142.90281438998494,4.030666657055582,3.896947199342402,8.343584991921736,106.03651629639421,111.32363107123257,6.14545744713706,0.3275000000000001
9.47890994617362,-5118.862263842206,2724.0461443031595,65.65010634271849,-12.1527,5.6379284591454635,14.264327287400599,27.450518560781823,624.4609120824252,7.964626897251653e-05,-0.10015727735514995,0.00032861398459622135,-0.00871840586348148,-0.0013567942456588053,0.0,15.894060187807248,2.398,15.701595713545734,0.7677049716930253,0.5858785428798181,0.4249700427374149,0.8129291263113276,481.0725726726702,0.08218634866936406,14.887262784325289,26.348094419619482,0.10133215570094192,0.0172,0.021061584500332926,0.0047539723462594365,0.0078,916.3716556031626,0.0175,6.176158610081739,0.027795834807359615,0.03806238543179574,0.004581328985616953,0.0,1.328800000000001,26.434870344840693,6.236774598684184,364.3975778807818,0.6279000000000003,5.925792253672584,3.4399908645100146,158.1332,51.206799418817766,0.0,3.6093,0.6517862100856304
8.550070272928567,-4885.933165947934,2076.908417567962,60.88663660453905,-4.1230711383785295,15.989204261605824,18.269254821962083,43.101933059389495,621.9728960361516,4.884400023679497e-05,0.07670736033938777,-9.400433942224677e-05,-0.005409458845568062,-0.0005176386672665114,0.0,15.857250141750821,3.195840863538695,15.54,1.3115427239682915,0.5790194880723901,1.0522640041570173,0.7309898802233015,667.0423616145748,0.2505680014577212,12.16,36.04031423088294,0.14926992657202057,0.09193222477359175,0.03982886588157528,0.000898000758883178,0.0078,37.027000000000015,0.0175,7.535233727978538,0.01926091720070977,0.037994711657204874,0.018209782152581157,0.0,46.766875305293965,58.01707379673259,2.5786999999999995,33.73208597785518,99.37843364518065,5.522621647981251,3.7342807141289067,3.1599000000000004,98.3418070470171,335.52942151026724,8.99043354130142,2.4477510858890428
13.90992400404736,-2658.58417183503,2406.882444184057,60.2667,0.39753896361456054,4.4283,25.64273104168924,28.552029019462818,612.9791133596411,0.00014030241575320544,0.03905461302141205,-0.0005315827488238201,-0.0046030868717948925,0.0004919144359870311,5.5750184352671095e-05,16.02799103550414,3.7178636146474986,15.781855715985966,0.7811383491751516,0.4108,0.7454723131266192,0.8484794459885638,76.0,0.7179469668851893,19.60504132791674,30.466406689755036,0.08541599567318972,0.019642770190901798,0.12512916231415733,0.006294579965022135,0.017845091365392567,37.027000000000015,0.0175,5.66816840854125,0.04601557616309661,0.016255266994044594,0.007555529862927621,0.001827714660348389,40.69987530366467,26.031735591030458,101.5858021385323,0.3003999999999998,157.69882437751477,6.289555948999365,4.251072177624298,5.713864030234182,80.20217205846845,320.9502467819437,8.76055201388382,1.329732927644238
11.19631678483027,-5324.552090325307,2400.78471721585,64.44400542089176,-8.669068794976585,25.705053371715813,15.622094399409274,56.8964,619.5758162280009,9.868950963124078e-05,0.032475840895442046,-0.0003295889078442909,-0.002640814548296731,-0.0006843636648483856,0.0,15.919074268022213,3.8837509324015467,15.706999716998517,1.5204259443502615,0.5176688207392484,0.5732977366494607,0.7206258431920547,215.4247403730095,0.576600176764224,17.261777522149924,36.11269105571498,0.14422353100987567,0.07356457632569881,0.0167,0.0,0.019923090081433944,370.91472607460076,0.04369091269857636,6.698485040608891,0.0230045568635621,0.05276372984727298,0.005070711233408812,0.0,74.64592484828373,42.76755246222495,2.5786999999999995,172.6306548387612,0.6279000000000003,5.705426109488502,3.917938644307494,16.94269801936314,102.93565489952151,47.351451277783326,3.6093,0.44107143051292885
6.39464934570492,-4885.893478239421,2301.4061212059114,60.2667,-5.5422138964163725,21.9229803438093,6.4482,18.11410604202787,612.0020866638774,-0.00015336197009612162,-0.08798299294309236,-0.0003992516423355038,-0.007743799304155247,-0.001883218054211487,0.0,15.847432054539285,3.02427269334083,15.651063417249269,0.9659969602802609,0.42648351674328394,-0.4044280812367411,0.8277453304061995,76.0,0.17075416430654572,25.217925982246285,26.796608129473476,0.15342223854519585,0.03664009585905963,0.019774471715288802,0.006770607588658054,0.012640738398547915,44.625149431184724,0.0175,4.539563551942493,0.023393015999421476,0.015895098985515783,0.012749577487547289,0.0,1.328800000000001,41.32611968315885,2.5786999999999995,0.3003999999999998,18.977620920126142,5.082256969514496,4.286164572866427,20.906868220539916,400.0,11.469981500121435,7.286897339462122,2.547254936553247
4.757673868278182,-5168.6085116856975,2355.0110667405584,71.70241952493032,11.356411942470535,24.96879357107668,6.4482,26.889721208612887,622.9312360410563,0.00021058193958654151,-0.055484352723224495,-0.0002732524239078882,0.0017078206096596531,0.0008905579189163116,0.0,15.96113644109642,3.821066748948666,15.792930306681487,1.2541220453047979,0.5789064454918667,0.19484386039297574,0.7250625700340184,372.2348087618104,0.034,17.750362981888536,28.354724430289494,0.1538633078182864,0.041332898935927204,0.03131847644580764,0.0,0.008464316352341133,1055.5639367360868,0.0175,6.489487424096405,0.010499999999999999,0.008,0.00598025195342166,8.062951068569434e-05,132.76144794352658,20.680699191791543,2.5786999999999995,0.3003999999999998,171.61417657895174,3.7939523652223013,3.304107952830094,44.767916113457815,84.33897000749617,96.9574981406987,37.29900926413144,0.3275000000000001
8.836177494850633,-4943.564891905773,2706.6121448584545,70.61846051285481,6.739100887131725,8.319576703297088,20.090373209119296,36.58654117466914,612.2668231606128,0.00029206100688088755,0.06238891361368741,-6.693107512666544e-05,-0.005104938926639775,0.00041708611683223724,0.0,15.898942450960979,3.1301537520544818,16.09,0.800990969628835,0.42553300906670233,-0.9017176014689241,0.6584133646605962,404.9960576459587,0.931,19.591174134712347,27.70323877518882,0.1436551507205505,0.0172,0.04053017435563943,0.00037767285868639804,0.0078,388.99055746754846,0.06600453107110035,4.9326834981479415,0.01404330898270161,0.01600248516862115,0.004858929036000916,0.03303281313383805,37.01535217222444,236.13518590309013,2.5786999999999995,0.3003999999999998,0.6279000000000003,4.641495465992958,3.8156245617435096,5.637658697987232,400.0,112.07154876175187,23.37895030995474,1.9540458165207903
3.9478023489862473,-5081.6503384841335,2744.2477527690576,64.23801313703433,-6.385856840346676,7.930575388519726,12.944702829886566,28.631679738299297,612.0554968256612,-1.3387296408390128e-05,-0.04152894639854658,-0.0001846009596066853,-0.002395505150127544,0.0012226870250350611,0.0,15.75606316912526,4.306222566580363,15.718621762755864,0.690178979106597,0.47963806537038667,0.7618083713367063,0.8527818294504255,284.3850329135348,0.13020755300633793,18.866083744460173,23.211182553353062,0.08452465307825219,0.031767920681777036,0.10646891162982547,0.00488083995037035,0.0078,50.33563891625283,0.04652067479351697,6.285770200701309,0.024451019601889827,0.038833917227558,0.010559960344658845,0.01662651290886908,26.246743245941364,3.3354999999999997,11.2540407826023,136.2409512860703,3.689199119132997,6.173429763163881,4.622324956826881,19.921821283365343,18.0064,460.9681312031596,3.7243625016524247,0.7249036314666165
9.859230353443435,-5973.4731814820325,2388.255559903546,68.48276741410746,-1.5435254815913617,14.092893128376092,30.746362147356663,32.43761680086197,616.1957894432858,0.00023952898935476405,-0.05680944548227676,-0.0003700932526619261,-0.001377024201445422,0.000976706669321894,0.00023710012960606787,15.786109142978239,2.9227335600624236,15.931343139275434,0.7666682318918419,0.7208474844195212,0.3318124640742167,0.7043375762551091,679.1929800569574,0.08320555307926686,19.859408795512614,30.98458731920175,0.0940665548741189,0.0172,0.02266938985837046,0.08741270809284897,0.008738131230447945,79.56730113947239,0.04332926347989909,6.78105254725351,0.017389817790015586,0.044132217088972914,0.003173726792902552,0.00015865202763824094,29.599399862099222,18.594946684267054,16.633424489433178,41.71972635787627,11.7632963688523,6.307547299626336,4.267255126904818,3.958104084724475,44.062427286025624,943.3023947171789,3.6093,0.3275000000000001
5.780537398940448,-5613.146940028323,2693.7527455100717,70.59498368771402,12.307102841400981,13.3750590786281,16.040723067912975,43.46501990887029,626.6457342832126,9.672949380084902e-05,0.0293080981194852,-0.0013,-0.0027407170766019255,-0.0119,0.0,15.825625751532403,3.383758858895474,15.806210796222187,0.6852314641454476,0.49449473019294476,0.034354803977316384,0.8764,76.0,0.034,25.36128472231045,32.11584460914027,0.2461348063527299,0.0172,0.0167,0.0,0.008907575996162589,107.81473618428731,0.11425836399483857,6.129716969996306,0.05566677619053105,0.028864745147924843,0.005851912689349032,0.0035630523067616215,48.2752144415053,25.325298744455395,16.816773206350266,125.33360975757726,0.6452110419421073,4.663146056916043,3.793778344426736,13.522619019163876,42.81639491766908,485.8390422278343,3.6093,0.3275000000000001
9.89641610123305,-5475.097842153489,2546.877939917261,63.60179005225251,-12.1527,22.80711559746012,32.63808185343247,51.838863270684385,634.3218,-0.00010179146047482467,0.07714664993915349,-0.00022793717298333455,-0.004646262636672349,0.0003430699342594171,0.0,15.799867416545483,2.6748544692728227,15.737618594293291,1.2693322728492837,0.5013944027552173,0.5098418825265725,0.8397001274771619,546.8120362222576,0.034,21.612065128448904,28.359250869949808,0.05066275195341496,0.06906204976291333,0.0167,0.0,0.010671052097482377,412.81080512581366,0.036498564401742664,4.70273107859436,0.0910716149197808,0.008,0.011935140548392297,0.0,23.637844131130763,36.60329795017148,82.63139072703756,199.15218193040113,194.93649786942956,5.903634025842544,2.259441433666694,22.003679628523912,92.47546144275807,135.04876061669728,3.9590297966912384,1.8492325120158373
6.435266614538218,-4934.553208739333,3374.7734615696736,74.7102381965616,-12.1527,11.553695061120267,25.886176881159045,54.73098372682462,610.9908802658044,-0.00026640159609435876,-0.05640205664596759,-0.00031736506119083957,-0.006666978355355932,0.0007584431017273314,0.0,15.657226125968757,3.263152681107508,15.809635116788737,1.1219149455587532,0.4789092278673721,-0.4122704092638992,0.739488732893742,76.0,0.19537511847316105,20.06200015114916,34.07561033280082,0.05545026082767449,0.04806362277641504,0.0461659261654532,0.0,0.01031056169064723,381.58650051517753,0.0399139385609839,5.244350670748111,0.01109766127750759,0.013545403920953353,0.005679201492420048,0.0,8.625589609232247,114.12824351024969,14.887324341555548,8.684460063005682,12.466521583066672,4.934708872264523,3.969256236285435,3.3057922964326334,65.3725863172548,142.2200063609369,3.6093,0.3275000000000001
7.437178417691327,-5848.928305385938,1307.9460605779443,69.72795095124236,-5.41435558732792,17.78648990832835,9.548787419980034,40.19652420652551,621.2647478160416,3.93962823455082e-05,-0.05222441036679612,-2.7935883514104982e-05,-0.003610930716566708,-0.001655408126459298,0.005847638379781447,15.864108468636621,3.8154133496450933,15.68536860732952,1.1669855237929334,0.4108,0.19262635511657344,0.6690347666488585,358.3848687397141,0.21876559254197564,21.76150520186845,27.290121950286746,0.11174011673881723,0.04687830593323356,0.09821307786269044,0.004925982070394769,0.010256680362595095,578.8983578658572,0.5255,5.111088740000916,0.024509841801375196,0.008,0.013131922996337631,0.001177791522874114,5.689015475227343,12.410177445990215,2.5786999999999995,18.585984442523205,48.63944025112534,5.638152105000123,4.3483742822073665,9.6672557042273,305.7331277416357,0.01953638054408202,8.932166784990748,2.9132456133336033
14.1879,-6071.308983459072,2533.7251782843646,74.00095591592306,-5.270318838648345,25.31229367626403,28.81628288884134,31.17050559482423,601.9419558814899,0.0002265135716014565,-0.03412305516283033,-0.0004544831421390643,-0.005666031844828959,-0.0012065182529480347,0.0008970099653664676,15.874678659223333,3.670904108261531,15.596658349077746,1.4735225775407395,0.4108,0.8552388182133706,0.7807855468027,76.0,0.1154369750853895,22.12726529935946,29.015205278050683,0.31160948486783085,0.0616330117438329,0.0167,0.000992789589544409,0.014095283397585364,42.21748732476476,0.07942405114955227,7.297221035330429,0.027318975602536776,0.04164860167596473,0.005977745174553134,0.0,35.69542182302209,15.352901633794003,19.322195774457356,4.531557133049127,17.885017366240845,6.712719029262389,4.286285853626225,18.51108895515337,94.10351734896778,116.25364706480272,5.6469896340829635,0.5305863545167029
8.679714334550415,-4911.939947682674,2356.1641873749572,60.27847884734685,5.852782866338533,40.81037971192594,12.028507962013745,37.330509846037664,611.2507950728524,-6.122637551030513e-05,-0.11350000000000002,0.0014106630132915286,-0.01025798050904663,-0.00015522666616107412,0.0,15.840715946589187,2.8010016537234748,15.876065561737324,1.2767245911592273,0.6617536332531063,0.42961180118605513,0.8764,153.52653247892545,0.1341910278513291,14.86804879095421,16.062,0.2818420961783808,0.04108539788853413,0.02036458734950313,0.0,0.009090688266187913,128.17032780351173,0.04326828831955272,6.646940573846304,0.19333005858185745,0.030066033823671484,0.0049901692449947745,0.0014627426408051808,28.281993948544297,3.3354999999999997,7.033729430728376,0.3003999999999998,12.428578509146424,5.372495007998764,4.262875017175,18.00730671123053,58.57546002112009,9.759673238937523,6.750822867673783,0.3275000000000001
11.143496873910648,-4770.108780269693,2463.82816294244,67.27877507405793,-12.1527,38.73107003185967,19.319151952258878,24.486176759811748,633.3518140115242,-6.4887035634549555e-06,0.027703641481481824,-0.0006080421033188197,-0.0016689246391890684,0.0009275528482018997,0.0,15.894266200883939,2.558109898223268,15.977934520902528,1.1020360170032537,0.6328970203927063,0.3060445308609304,0.8764,3155.792479146364,0.1176411208591137,21.334761254190536,16.062,0.4892000000000001,0.06114879775534499,0.026434748551553207,0.007747504498928427,0.014029261676141918,163.21280835161707,0.11582033591456425,7.216618491346404,0.012457538487430411,0.011865061386526777,0.00652967442791854,0.0024657755580831556,247.2037950286517,181.25656207398882,2.5786999999999995,0.3003999999999998,12.062227957912256,5.742676178790953,2.2099369009904413,37.297617774328,99.23513640183606,848.5954646954809,3.6093,1.3352305115061252
10.98613245843466,-5262.472077920356,2822.711230437994,64.72520748145234,8.920703059737871,15.721938354172556,12.449736710430313,44.385510503695706,624.6876537083635,7.484586266448862e-05,-0.008966277005975036,0.00020147538432479793,-0.005032057770851608,-0.0008007947241203069,0.0,15.808125729100006,4.242621321556415,15.726219630684819,0.6222560183437941,0.5572923140876125,1.192751442396993,0.6960688880452075,76.0,0.14966265686068744,19.810029993853593,35.11808075513581,0.12228380618179532,0.0172,0.02438160804312129,0.0,0.014265637202993352,169.2181579267373,0.03858205192188241,5.612809669513693,0.03247419553843625,0.021995662185783957,0.00894991229259136,0.0009136466194262093,42.69084882526792,3.3354999999999997,56.821621462808906,4.4157441685052765,219.5691292113806,6.339772547285796,4.067336411739601,14.704481215295063,72.46441358657458,128.8542570878225,3.6093,0.3275000000000001
10.007104056649712,-5504.28570444437,2550.9728697401592,69.54286970523908,-2.6877200517237205,29.265673629929974,22.198144873361564,17.845360476422435,628.621058914306,-6.687688328349333e-05,0.12648746668378474,6.028064283238747e-05,-0.005839972448349442,0.0008074365932248123,0.0,15.912172234084396,4.687457960138742,15.716903042982766,1.401703429002752,0.4108,1.0322381299031138,0.7858500630530412,801.6281003873363,0.13033164953846468,22.20156896196423,25.416721084956443,0.12987444176474652,0.0505781068328489,0.05836598769612136,0.0,0.02468499275035274,297.88890906774174,0.0175,5.816818657613072,0.010499999999999999,0.014081931020588837,0.006654462311868102,0.0,25.367641505750004,31.673336242433237,23.70282114375893,0.3003999999999998,20.001540459102188,5.506809351729644,3.9825533761271372,158.1332,400.0,986.6667,3.6093,1.5902039638412213
7.959938238305323,-5394.401432616775,1481.9336566475033,64.86938208626297,12.284727581494716,11.051903336699413,20.781297531477612,43.61466352376421,604.3859958768272,-0.00012261321831758364,-0.030177874694468497,0.0001709412958564102,-0.007297538075750475,-0.0004677738513146104,0.0,16.07,2.58159766100247,15.817160359479878,1.867,0.4889098014407329,0.30306521752613214,0.7952038491753367,239.37852019265,0.19890436331424238,12.16,28.296304756960918,0.033900000000000007,0.1405142547893721,0.0167,0.0,0.008592970748382835,427.0917119829969,0.058215881170437765,6.417886129141326,0.0326488316551091,0.03061546860983387,0.0062998405069330495,0.0,1.328800000000001,113.76753414768537,2.5786999999999995,0.3003999999999998,0.6279000000000003,4.276328256504109,3.8161852994771506,158.1332,88.26575162029502,640.6571828929751,8.324592589323693,1.0896473696801832
13.022919768260692,-5471.16324756591,2603.013810769536,66.98362994136963,-3.2826050746585618,14.896360431734541,28.647705859750054,12.684708291435044,612.4963220779144,0.00010970069902534874,0.05073151262794197,-0.0002647293387655459,0.0012340306780041534,-0.0008808283270212698,0.0,15.784025005844818,2.398,15.578108195731417,0.9496683029009167,0.4108,-0.04030246196335796,0.722067621574637,2435.351064592269,0.15449346848475715,22.028815137850803,25.108782444685453,0.2320349833128652,0.021709484138068356,0.18179451292287907,0.0,0.018643681351817768,271.13993785566583,0.11444194195297056,5.1097209782897615,0.027327706335403372,0.011589177830839367,0.007120565081824298,0.0,26.456535962191587,7.924084524244995,6.349836596160829,40.75007613881813,194.2241558172418,4.773664590344787,3.7895206225333045,5.873129826421362,145.89194596092494,974.8469032450577,6.395560784092785,1.1586061191275698
5.5078738088535975,-4652.6569332502595,2415.0211391838293,69.01901518375197,-4.287312051907055,24.397591802149044,15.383894803162647,29.577874249091565,612.4357542184416,0.00018801917721896494,0.12033449842094512,-0.00017397201853902068,-0.009908391014458907,0.0015,0.0,16.067225960738885,4.066370063326279,15.739605474628895,1.475633962377422,0.4544278479013932,0.8318201329707293,0.7391024844536929,134.9575572561123,0.11411915151115137,15.512053643412635,33.51428832340862,0.12607443218701847,0.11443936986252425,0.03311032564527789,0.00029876779946893,0.015232055528404882,161.881245216486,0.032624880572030154,5.028457713274096,0.017473946377162416,0.016893183033919137,0.007253032699118131,0.0,10.210632695183019,181.2824978536625,9.473776715168054,0.3003999999999998,0.6279000000000003,4.82849831088449,4.729816604760892,14.367077416621857,103.87502576497013,986.6667,3.6093,1.1001131923287475
4.121671209304056,-5178.845605910903,2842.1879697905956,73.19975467943519,-4.9447895875448715,10.170886084591338,20.254219031059197,26.448107872781517,624.9263296822579,0.0003085485424756774,0.002536984066428822,0.00021278068469654225,-0.0017034085538032602,-0.0012087640485002763,0.0,15.85294044718703,2.591216813190996,15.560306723466143,0.8404889419301055,0.4220333284723946,0.155020875506233,0.6996006147356806,250.58142483266795,0.034,20.37181911595626,22.800083520724748,0.09186799799589328,0.0172,0.03414599695340275,0.006393028191118455,0.0078,1887.179904229604,0.0175,6.5474441005992725,0.015261376736368898,0.07249896547025536,0.005315089668058608,0.0,15.86411729280082,10.857073370433758,162.8109594165922,160.92821027279808,0.6279000000000003,4.085527897919883,4.584756559383676,158.1332,168.62291830980686,326.5815700453958,24.473934184200928,0.3275000000000001
8.29582263894149,-5583.898173287697,2916.234654240575,73.40951000372891,-7.954795164277902,18.553180705764195,16.725084928984266,41.68532711975502,617.9953289916626,0.00030986354058182893,0.030460914614763336,3.7993316494545754e-05,-0.00022184210405866434,0.00018614359384578661,0.0,15.749372917423772,2.6768008518268225,15.730595742565583,1.0922227285640524,0.6154333835121052,0.11481549234446264,0.7999029827789432,359.55318982156564,0.16909810290376912,23.60454942676271,35.64106425218918,0.3081475853381711,0.052950472499900376,0.15695878387510104,0.0031385463649685197,0.009068762036456804,426.1285945577537,0.037814895408141744,5.704063629194893,0.01875403162618293,0.012524197374611622,0.00706334920661894,0.017317007367889364,30.461847611114454,13.519263168869164,400.0,141.5999205717124,196.92758821940865,3.946140879874192,3.220780166270252,3.1599000000000004,264.3751418327588,130.55154934446563,26.634119743131404,0.3275000000000001
5.5205991613617424,-5194.014136681772,2493.4012837232517,62.43619770279786,-9.949284612264512,12.196622413684876,37.12480132897542,15.28215426887412,619.5302074980651,0.00016194418479394747,0.03720175233197961,0.00019032336582962495,-0.0065390865260658345,-0.00036634813107987575,0.0,15.887791511478111,3.3839505342070146,15.773912970155132,1.2327172915748814,0.5100730467840773,0.33592348019450247,0.8403793136107307,76.0,0.4189169459278903,16.54302535991799,19.653266467741553,0.09081812610246737,0.11131645782588306,0.039903101262837665,0.007603582473975112,0.014527183906363914,437.62676051324286,0.06870207124055792,6.371705767392542,0.15967216293888897,0.008,0.006953507380296049,0.0002539678776565457,3.725305997857067,28.917044291303935,2.5786999999999995,0.3003999999999998,87.31424649053889,3.40590297990157,3.7802916897825094,17.733605849002956,117.41711450979645,13.85336228921409,3.6093,0.3977281206082619
8.797957820440923,-5167.147123242426,2614.5997675636922,67.18121289048014,-3.3972567267556273,10.044112062864446,23.20620443991274,53.150095215387864,601.6245136504954,0.00015038082895987783,0.8854,-0.0003526987188740648,0.0021724444797917627,0.0015,6.620022166443783e-05,15.883803869905574,3.1108458536564645,15.81590087071406,1.0303755443388152,0.4108,1.1764064608697038,0.8390435806696535,76.0,0.20889678753796664,23.003926501127882,16.062,0.06330569038991678,0.06880991035097656,0.021964446077285375,0.00717803132137068,0.0138960908579341,304.9285516486594,0.2650573555734516,6.958836236455187,0.12699926918019014,0.013290341408402398,0.007388232570322541,0.0,16.15028254183342,20.18657830590575,14.857740599080051,400.0,1.8495223682874053,5.383876151318327,3.408644912565051,17.44334560532876,58.7087843974635,93.11579238952513,7.160519606326539,0.5837731228086898
7.105034326181703,-5142.322846241334,2723.75445774665,75.87302873562359,-12.1527,22.029241487674277,22.962184590793516,44.6183021380741,629.3639896509227,0.0003106518633483957,0.053680539398841626,-0.000544837462460748,-0.0013491181258370663,0.0011483136586649323,0.0,15.835479142149056,3.2842430996981338,15.723964797956137,1.3392643214097344,0.8721983972316683,-0.3294708514207729,0.799263681027929,240.63153588464178,0.07389466525096915,20.67764773561413,31.635101368558153,0.08422139050867798,0.06861516737060552,0.14562659733424332,0.010790207137225638,0.0078,798.5136516630545,0.11807925419784725,4.4415602446601445,0.02404441199482476,0.05026622316760254,0.003909962168847188,0.0,400.0,42.55789818585294,339.15702916002607,45.68004283338468,0.6279000000000003,5.712317879498514,3.8917016198435634,15.632161206229146,36.56649439041989,51.97375649002882,4.544389696774071,0.3275000000000001
9.25249539020445,-5451.7929928899875,2656.136041047547,69.18021720378448,-12.1527,4.98988796003716,28.769758377655165,45.06408987062073,619.2500724628105,0.0003226419382319131,-0.02804293355298375,0.00017574352593496522,0.004029499987919717,0.0011065773653707136,0.0002370445102944547,15.821177262228463,3.1512869330870608,15.900590985129117,0.8831808522530222,0.47838171786945616,0.15997880219935412,0.7974456670337503,370.26980095400575,0.2410532276766316,18.45810478434744,16.51055296858374,0.08297409617678285,0.03615335846458104,0.030964660207292837,0.0,0.009087242395255463,331.07438862108455,0.18407121341163923,6.800764899356357,0.024498781810329197,0.01751962262616167,0.0029721890359082955,0.001791797125664744,9.818713016614536,3.3354999999999997,12.70383562450546,237.38596234722345,400.0,6.938029919677936,4.081616342831483,11.336590791424845,31.222372903276046,0.0,8.211160955205612,35.5806
3.8794204412610727,-4824.228488903972,2281.876555214755,71.17236361296405,10.524021180498053,19.466132631726506,21.889133867960403,29.392672620200585,614.7648438628341,6.855620321329144e-05,-0.0025875066937312134,0.0010988282484242105,0.0018093859116338016,0.0002384106600383498,0.0,15.841938950848132,2.9576156556750783,15.836641766342348,0.6055,0.5572992525724203,0.9300512269796615,0.7129342220077682,76.0,0.06342338243647348,12.16,30.250865467643827,0.10755002075726497,0.05134410059875838,0.0167,0.0009786242332886807,0.009454640716964963,378.7350515845119,0.034635543893252296,5.981470025537645,0.028447741381796565,0.021718745438294548,0.002710818061951516,0.0,1.328800000000001,32.28878667698792,346.1846462711504,127.43463807239472,0.6279000000000003,4.516179193568021,4.431562393135249,47.81659315157843,98.12972494272054,8.448558147073925,3.631925816599887,0.3275000000000001
13.097777168288157,-4802.769695096781,2646.5227294412866,62.05626353049225,-1.712675641137507,10.685793020497112,21.79672236414383,26.73713733059524,595.3218,1.4383532091816233e-05,0.14450897588551573,0.000288023863208204,0.0004053538698505308,0.0005333950162840289,0.0,15.806622419237701,2.398,15.854973828390392,0.6055,0.4108,0.516035981219995,0.6992009316627368,76.0,0.2714915997869487,25.507332698430446,36.23040446098139,0.4892000000000001,0.06865018383801587,0.0167,0.0025305184523526304,0.01499643051661362,324.003311459629,0.0175,4.915392995242492,0.04080990424365035,0.008808551214708627,0.007726011275162068,0.0011550922297030879,46.02827806787904,20.13644315793588,11.04982157496493,0.3003999999999998,7.176810986638296,5.978453032976562,4.527145498643951,3.1599000000000004,75.63730262613406,986.6667,3.6093,0.3275000000000001
8.467444827294981,-4803.418069158313,2909.711869249306,74.74621272603173,-5.371454639841373,48.84351625622471,15.110717093365896,48.65407093608432,618.5429525970342,0.00011461132882716881,0.09478686154745566,-2.8148284944543772e-05,0.0036779577312416305,0.0015,0.0009421544622845401,15.881030824343593,3.823749758794201,15.714941013984678,0.8042368625696099,0.49542730431459503,0.7777966639823828,0.8040283399662791,297.40527790847784,0.07690044391774196,23.826205053848597,23.2043398920084,0.13690872282013916,0.06056187815744632,0.033407160536154404,0.0024135453325461174,0.0078,275.02441178282504,0.08321149150132863,5.670360032495902,0.01728560632535719,0.012326693329674464,0.0026647298951158744,0.0,218.5374779533981,69.80289318267066,2.5786999999999995,179.03872507163544,112.7275372034314,6.220566234770766,4.721001954086635,17.183613490150986,160.9535765407336,31.046535967983488,3.6093,0.3275000000000001
11.350149249693313,-4747.835539503049,1066.9030429774464,75.9444,-10.185568657611983,14.682565498001726,24.818489118019794,43.43251300505203,614.8298737832056,5.089901866228606e-05,-0.08985414421298046,-0.000140217269006384,0.002187371297848106,-0.001429400777943583,9.744864648114075e-05,15.826925832901347,3.326770481575296,15.693067965301552,1.5723891074926322,0.6263116369890253,0.3995434160790622,0.8071190723279719,908.8250722536086,0.034,16.342474125424445,27.865657362606477,0.15057074323920183,0.026627667722307916,0.03924319358904019,0.004223406988495324,0.012686972481913543,437.0076652407139,0.08013943464080056,6.338552491111387,0.010499999999999999,0.059379106987979886,0.003175124661860376,0.0,7.006250818806095,46.63856491282226,2.5786999999999995,215.16688748549907,2.4431796714698555,4.135584345383263,4.072124641814441,17.222085522182027,334.05971125324237,868.1775641230304,3.6093,1.300748157169133
10.8641289880231,-5570.097202413633,2832.224970148898,67.29068419636172,-12.1527,25.38881657786466,20.623921484162594,35.78251892042316,601.804108889691,4.048823302218767e-05,-0.020752475427128,-0.00031028106790556944,3.8537155782808474e-05,0.0001835890551424881,0.0,15.813668376461086,3.014466257230608,15.854181814232309,1.2818196277370837,0.7095836651923577,-0.002527556185350832,0.7653189892126073,436.1554560281104,0.4511387341673837,24.542343560802493,32.63926316706717,0.1011155787024205,0.07312154641155083,0.041798814991967824,0.0,0.008857961574252393,1907.182694343019,0.04867849679155317,4.543762327530655,0.010499999999999999,0.011480152155215143,0.012170347134013212,0.0,113.72130748157542,128.6020292470324,5.73432910955764,0.3003999999999998,11.725681921493742,6.109783246473423,4.642262025842325,15.784353971410669,230.85892141479113,0.0,17.2658127881566,1.1305583679710902
14.1879,-5641.946262040492,2408.4074802870286,69.9482632396505,-12.1527,21.26758555062291,42.08969273177094,17.633248407406192,600.3544063816009,0.00011229061881490121,0.8854,-0.0003342620940957735,-0.0032091034272988244,0.00018982401832565445,0.00025150358967640366,15.871266649928497,3.4463779191460953,15.781557572781093,1.6684847231195281,0.47250988763471313,1.6102205001890877,0.8166055235012242,587.3334095328466,0.5420054656212926,18.6793222028814,28.513380263016504,0.14380867464634622,0.09827452640810239,0.029097122840346615,0.2067,0.011834396337126117,1701.027156650997,0.11789982919158282,6.761032363464585,0.010499999999999999,0.015042431347104921,0.012246669338960518,0.0,50.51083476329013,42.420874018574196,2.5786999999999995,0.3003999999999998,29.122208600987314,6.6098360983436635,5.8606,11.792837164956989,63.24512072873676,235.37116247753755,25.15480428554866,0.3275000000000001
7.04739666497148,-5673.33865583132,2251.0218699531606,69.9234363509183,19.22777096647362,25.80489924713023,29.348445900706704,26.496958525139398,617.8672286403496,3.7975829977237994e-05,0.04234619510745707,-0.00020076827079516972,-0.002671443220728524,-0.00015246488764170704,0.0,15.88808197103469,4.058720775941309,15.787424761925202,1.527834711409479,0.5908082752303332,-0.04187047896486473,0.7731337835967674,228.11643818384982,0.04919817052663086,26.51647572655113,34.532799615017346,0.10762880101798294,0.056958268683643606,0.0167,0.0,0.00944315438338827,1573.5423677670194,0.0175,5.879044827794148,0.010499999999999999,0.023080615397173234,0.0025,0.00020776629157668848,42.624078910920375,285.93829182342927,2.5786999999999995,0.3003999999999998,400.0,4.339150954852846,4.566525050023555,13.582168823704414,116.76438818614372,57.651027653808114,3.6093,0.35395961396607767
5.2722170594582245,-5437.52148789854,2576.6631913624624,75.12530982082706,-11.787889339165194,5.007964772385419,30.40958159736778,36.036319235096734,625.300027797457,0.00015708011710741915,-0.04874999835812461,-0.0008437828886307479,-0.002142213051257764,0.0015,0.00021850543612459772,15.739722336254664,3.815588266702355,15.661363428981065,0.7459849719737824,0.4859006686355891,0.021145766168453095,0.8681743138611284,286.339757873601,0.034,20.30388663299126,34.726241107841545,0.1302938705913786,0.07996787786909183,0.0167,0.004907833469925337,0.011944146233553754,137.6087810738518,0.07778852986616205,4.152907510260926,0.016811145201885813,0.04314221281967552,0.00378489135377887,0.0,21.97386021589918,12.004638582037897,20.367729228822125,3.29457393245396,0.6279000000000003,6.671605948342548,4.8689605779927545,15.958030352610331,35.8594288835332,0.0,3.6093,0.3275000000000001
2.3646277272583163,-7008.217960752179,2360.2292562742423,68.92238281124848,7.899274140683158,6.928080151758223,29.38761115852101,51.0788196917911,621.5379948408699,0.00012025697025090114,0.08835020413564346,-0.0005857760602370694,-0.00929804536177498,-1.9146721674053978e-05,0.0,15.775179832827583,3.6553953139213458,15.770749132417073,1.4631642009207995,0.5259687243614557,0.819335973352987,0.7645319321169634,122.66123914034728,0.034,24.079378425134884,37.011947560539554,0.10909422612213347,0.053610638880711825,0.06119051027363687,0.0,0.01278197849753108,357.51741630109433,0.01893037479995248,7.508798903953177,0.049822173853559915,0.008,0.003468469751746437,0.0,5.1712436986034,400.00000000000006,123.3028593637216,0.3003999999999998,178.60236231407785,4.408742443860337,4.306661102710293,9.119693937317109,110.58675235058675,0.0,7.584956409685905,0.4969996009002273
4.568091958721683,-5264.851708884282,2602.170700674355,70.38886249087334,-12.1527,22.535297300349754,19.593440304979133,35.94063813608823,618.8237618504457,0.00020642198134850068,0.01702622527151131,-0.0004353839461686835,-0.00735138532784274,-0.0012470986757825615,0.0,15.825177865733494,4.637836546960857,15.674707913252293,1.1196082584656548,0.6950132582653967,0.7485981072574333,0.8463717592565404,80.17539196212192,0.16574226504841025,18.40815988666168,16.906229366295733,0.4892000000000001,0.09548282623853768,0.022305457844077815,0.00329100348672832,0.0078,149.59023658835565,0.24858191574565477,7.065971198233253,0.03543883843911755,0.018444084115014803,0.005332832684447179,0.0,34.04712547217092,38.384577862823384,13.567528184189502,74.18186549405708,22.391318133281985,5.425244909265234,3.5594356971280807,10.768855824039745,61.473953357365545,356.73625082639853,29.46263627340709,0.3275000000000001
10.225785099821156,-5433.504108889561,609.5,60.512746299425444,-4.919256213994029,28.02353271559425,14.001064965402483,35.34367070134019,618.1767075447493,-3.078846902586772e-05,0.05063572534981054,-0.0007117665058776408,-7.010403705995892e-05,6.180080446566076e-05,0.0,15.832103599771386,5.76,15.830891569615854,1.3012611165993289,0.4674586238520497,0.34479652450047527,0.8764,860.5719513367671,0.09330413471323723,18.902702271396024,24.919721211712694,0.12610557712010706,0.08843885412569723,0.025615144404467313,0.0,0.009682207490371866,427.02096637536,0.0175,4.412118709929965,0.01814484876021067,0.017948577210501925,0.0025295840463580876,0.0014108837579618885,28.33449469100767,33.67324179698996,2.5786999999999995,106.07543275098776,8.91197917328508,6.342502993421054,2.6884446328009104,12.084889884127687,111.60809781389662,722.6113958896987,37.581858738949656,2.9764543010902313
5.796775331369965,-5043.6541357981605,2564.8297599184325,61.13053159049375,-12.1527,11.39312281577987,8.947957684245042,26.972729497509533,600.8842655057149,0.00011328762080757034,-0.0633771358111602,-1.8869474190331564e-05,0.0041298030383495506,-0.0005863250425331069,0.0,15.85664999407009,3.254367639973852,15.752511172209461,0.9681501356866629,0.4176788776200207,-0.3084854523804886,0.7209611668072733,546.3963368041425,0.24728763513281554,22.022976302821654,16.062,0.11197300688978659,0.05233671350646668,0.040235064868439745,0.0,0.010475569369363738,312.78370222618855,0.0175,5.582538949987139,0.010499999999999999,0.008,0.007737855315069778,0.0,185.6180978496565,3.3354999999999997,2.5786999999999995,0.6425177780185081,56.68507644974297,7.22478122232549,4.349011914980115,11.614108998368815,99.40051061870692,986.6667,36.058487131546144,1.8858060023775944
9.517113680025505,-4887.276021850005,609.5,63.844511301680065,-12.1527,13.900273849672807,28.86150958936598,25.422484795850167,614.5723718807311,8.232629847962177e-05,-0.04389011282090122,-0.0008526648194666687,-0.004262405743489111,-3.5161563037962964e-05,0.0007372666326523613,15.761934069772074,3.432514763631354,15.811326647371672,0.8471986430982523,0.6509782415268152,-0.10337032854764283,0.8000345620156297,625.5971938213022,0.13387103770843609,23.003885871461087,26.46341382015256,0.11330682969646964,0.090207181676418,0.026744756874765775,0.1698654536140148,0.0078,105.05629286044066,0.026270436144121133,5.066776915651811,0.04143544893741298,0.008,0.004222948538436926,0.0,41.138049382548516,115.05203129782998,6.453923908811044,0.3003999999999998,298.4230663421144,5.444819428703784,3.6624633235595505,7.223566371072151,80.02587695110589,890.5140569076343,29.92358904678991,35.01267987175193
4.616917234109506,-5298.805777125543,2423.621593397047,70.80325413247519,-12.1527,6.4472649774234245,26.85905920397105,22.379487482529147,634.3218,0.00026038315114706187,0.05155050326532508,0.00034841758376161886,-0.0021610319560642494,0.00035013149340083505,0.0,15.995489534992553,2.398,15.924226132848107,1.4388830404411157,0.42187517920219386,2.458,0.7274715753050791,76.0,0.15236893529136197,15.674551195968371,24.918950170632794,0.08810231013124689,0.06164786527630811,0.03236392609984564,0.2067,0.00969313286821537,62.886038976781805,0.09676756860708507,8.190060993404078,0.026381451982704304,0.008,0.005167859101000085,0.0,30.590652310267746,400.00000000000006,2.5786999999999995,298.4766208645851,11.759234799793763,6.175291382127115,4.025105008076137,4.703110047242916,104.60623077129267,182.55664813248714,5.219571893727471,2.3505819891687323
6.9951442588955475,-5255.982991667826,3303.786956665307,63.62984205058241,-12.1527,18.8015976090392,33.01720795490692,22.716127804926682,634.3218,-0.00039925817179192616,0.0911791492696385,-0.00028567452909795894,-0.005204876782383452,-0.002094515178334557,0.0,15.794962600877144,3.2455422265271943,15.878328929473124,1.0793426089750275,0.4345188372295292,0.49440985874780496,0.8174950793487328,119.91143527416108,0.06100643514009314,18.116599638177988,26.872164539377493,0.05076663627865778,0.0172,0.020458444988643226,0.00479336281283254,0.008812515417696763,277.3148638197327,0.14140504517876523,5.440838874103801,0.046266229849160206,0.008,0.007772773349128467,0.0009105315590858935,36.483328403835905,310.5649043671505,271.1762780399799,0.3003999999999998,12.762198280242982,6.401789251685309,4.797859656514078,19.031221861004106,86.92255897944567,66.02764232236277,3.6093,0.7203903263528306
7.561653064653836,-5127.265711652314,2660.0685638795962,61.40206993775901,3.4160021329194348,24.731228172567928,21.42219450250569,32.808132473960804,634.3218,0.00021802295140180655,-0.033421890951386264,0.00035408686837733676,-0.0011415141578992975,-0.0013521249436046752,0.0,16.07,4.043992004042654,15.64914062700112,1.388970278071953,0.46192206190978463,0.7683107377163885,0.7248969321668067,203.88119390417427,0.17214302448729227,13.976636780708233,37.349890679017676,0.08674758787486599,0.060990865206598584,0.037281984091118325,0.006610311174599237,0.010623225011670633,97.38658385090119,0.06752467569362462,5.174900107818386,0.015263187904745304,0.23655282652952683,0.005972647378424738,0.0,36.921420330649596,33.12306788928044,208.45118279690774,2.2486041614472523,0.6279000000000003,6.578177290172439,4.726584406220336,14.424859869311671,102.04763605516929,198.8516998855589,3.6093,1.3585762454177979
6.77603648900817,-5288.578034449301,2506.0781729416844,75.9444,10.847824602211803,13.830076147218165,26.71926555715056,50.29863681798385,617.7381015138291,0.00013449363371388165,-0.018872869392576885,-0.00037204187573121783,0.0029517903129273743,0.00047231745070056436,0.0,15.863909244610653,2.7268997655104332,15.873619048421723,0.6055,0.41180784421721195,-0.5268166648938584,0.6955660104636089,76.0,0.11114278937355855,25.327678549252987,28.723340376267842,0.47864795667235593,0.08339486605034085,0.03632952420791013,0.0,0.012153933369294425,537.1977824687956,0.16526611057337243,4.425538507487849,0.010499999999999999,0.029756568938459873,0.004937382635756384,0.0,400.0,20.88800256979243,112.37487086740256,0.3003999999999998,7.197567635843707,6.542108870608847,5.046616450633936,14.932206288905041,119.20860188821786,98.97787516738046,3.6093,0.82994743175266
9.75208399876276,-5548.266742248218,2846.9291262621414,70.90608118322348,-12.1527,11.349120589701545,25.667465483385158,42.72393497128674,612.0380608026177,0.00014898991818947064,-0.11350000000000002,1.2081970752136602e-05,-0.0014391437091941881,-0.0018343644480113526,0.0,15.862913615872722,2.398,15.84179961421956,1.038554517529409,0.591384200553785,-1.0485894283303394,0.8672379245771639,628.8861452724153,0.931,18.5985612625339,27.480631390250313,0.05326530122011917,0.0614535684175953,0.10953669129700938,0.011593466573437763,0.01121782934668434,1785.7005678523071,0.018649163146634694,5.121348004491564,0.010499999999999999,0.014879588550761387,0.005106340200575977,7.452167980647617e-05,38.031740369045636,400.00000000000006,67.68928675195872,0.3003999999999998,0.6279000000000003,3.8128774811346693,3.839729624665024,14.106396883816153,84.77646687798503,746.5076502757621,3.6093,1.4073322892692173
9.335545902436056,-4953.784370730943,3493.75,65.8672281776042,-12.1527,47.190819263152434,14.450116601855758,23.322242066013374,624.9740352169305,8.296177998468832e-05,-0.06672345608637506,-0.0003029156681241215,-0.008652082715652393,-0.009915488837160437,0.0,15.817344235077467,2.7417563260717817,15.669918923912093,1.1178755789831103,0.4108,0.5686199192222896,0.7249988702295339,76.0,0.18108353285054438,21.295185399381722,28.950701021189932,0.12932164851030228,0.3105445772928362,0.025195610890395116,0.0,0.015194123264618237,828.8942723052563,0.0175,5.619445934775713,0.023168848964771734,0.019115182283560957,0.012743714854362528,0.0,23.94466192325851,3.3354999999999997,2.5786999999999995,0.3003999999999998,400.0,3.668762341446744,3.843235520272612,15.022703593567602,91.98883978746414,0.0,3.6093,1.7305048869858601
4.858622668173191,-5249.915322026074,2478.1301546546692,73.34380094251652,7.751850097777767,15.969434090755772,18.535985692137043,38.60773247481536,602.145565920084,0.00011464079202947355,0.07174020810563214,-0.0005968624118409853,-0.0007443804330963359,0.0010519520182464843,0.0,15.734436270235815,4.569920432076938,15.81653550373738,1.4148200435988485,0.6177153184253291,1.050541755175669,0.7964117825130769,76.0,0.034,22.178495470166126,37.00600372037708,0.1405007760122925,0.04049965988649705,0.0167,0.002232793212333939,0.016169666955632277,159.47118402550848,0.5255,5.99224002140299,0.020425537093552274,0.0104067968246652,0.005571363456310117,0.0015673641704280952,4.503764394398626,37.69880736673406,2.5786999999999995,0.3003999999999998,11.396467235246742,6.253604238900222,4.845367113078025,16.255438756653987,94.72836861864546,516.859953603954,5.559103904111288,0.5969119151093825
14.1879,-6009.522225017959,3148.8591724430103,72.02703726940744,-7.970743516108211,21.416967634871018,28.14114062897173,26.479547601255195,621.8160061575876,-0.0004000000000000001,0.798503805159372,-0.0003283097258334135,-0.0025417871868418035,-0.001459518162884043,0.00012300260494524148,15.788390984028277,3.22290405916656,15.76913399007895,0.7475193063207511,0.4108,0.8611650711068344,0.7450346384041362,1281.3540616381042,0.09120729033458813,19.129410373503294,16.062,0.24542134423983192,0.05265264106952961,0.02687839696138062,0.0,0.009021754820232243,1136.5439380787716,0.0175,6.573997084130008,0.022795906465231205,0.030089831271028253,0.00549741937517277,0.0,1.328800000000001,3.3354999999999997,305.5853173639394,215.44735119551024,31.73112962523332,5.365982342216134,4.2074705852944865,17.775737236670246,49.11357172957064,0.0,34.88260340906446,0.3275000000000001
6.664807680637548,-5469.109176519726,2585.670627713059,71.05636649194268,9.95072241307539,13.092706481710335,24.862343769565463,35.24892807957709,629.6907858006253,0.0001356779699830691,0.06607587697940659,0.0003347065561868202,-0.0012615312193990126,0.0008796129748702244,0.0,16.07,3.8139004837932933,15.636284697954544,1.2010653496891117,0.8080695490481009,1.1981878393089556,0.8385322091791587,311.24882264720827,0.034,20.252804424553837,26.130598136347878,0.34008050132953727,0.06476139232323593,0.040233938725641814,0.006329463024416672,0.014763395080470662,319.5904309426324,0.07568464036323042,5.767613449918928,0.010499999999999999,0.2839,0.007480303833054474,0.0,3.1654612220480374,43.17975824466609,4.1376822223989524,0.3003999999999998,112.74288517878368,5.01417623912359,4.920028123507369,20.114986148168907,70.8336024686121,643.2664186780828,6.370157570996559,0.9284189154726736
6.276178584672257,-4805.034600462135,2568.407401434538,75.9444,-5.452040761455278,20.70464849999643,26.80086411611801,35.8722948347371,606.7822973818182,0.0001286573286075059,-0.018816073285459978,-0.00026221974111883064,-0.002788121297459742,-0.010756505478199008,0.011630573633278395,15.832649189963814,3.400980743392239,15.83445983676642,1.0068508413481485,0.4737281634823608,0.24545767136475183,0.7773001984145307,81.20638843210975,0.17157308216872735,24.917640752757038,37.02927107598869,0.11512460810727798,0.0172,0.021057811912297036,0.006215687270530167,0.008867879271615184,169.50792133144517,0.02010071291440306,4.472732199171972,0.0379514133451736,0.04681991066962935,0.006515744100719082,0.0,53.28845752131137,400.00000000000006,319.6292264965134,0.3003999999999998,12.256254822921534,5.591030367627238,4.06201716398852,158.1332,61.33560648629559,685.3089827645978,3.6093,0.3275000000000001
9.389382384685518,-1411.943674783307,3116.0556437136847,65.38313212439857,-12.1527,19.447491762899475,27.265271654138694,27.00867503955115,630.4714321087049,0.00013449732365382073,0.0739816874771192,-0.00044814090089953567,-0.00048181564018946396,0.00023050204562252735,0.0,15.900346051454749,3.0876602422987003,15.855065403675642,0.6326081627264235,0.4108,0.5235393207160566,0.7024804231964107,76.0,0.20312198968021947,20.515156101553163,36.73274321951742,0.08653560075328898,0.0172,0.0167,0.007626238932273698,0.01077469544436879,387.85596574742436,0.0175,4.473670651129617,0.026137389264972555,0.013233619978765737,0.004887233269022843,8.974179793948137e-05,28.221736101286766,11.624457832676903,21.471703570511714,1.4024245170653078,4.9632850964361275,6.72294736432241,5.8606,19.3941116657259,59.93548120304152,0.0,4.659585861600728,0.3275000000000001
4.728126717525054,-4923.7306677551305,2516.8942683849855,72.06984361573687,-12.1527,19.38844256090066,20.77162969963336,35.38698205346026,604.2616903713365,0.00012231747927284668,-0.030405414250369467,-0.00036853885671043156,-0.0008401646056588954,-0.0011590164274562186,0.0,16.01224391013466,2.902625471799234,15.641568219271553,0.8900634793187363,0.4108,-0.07764317383056141,0.7792286183593415,171.22018178782952,0.1179159495208904,13.161292784345626,27.219587776309954,0.07724611614299418,0.04907160830129455,0.0167,0.002631922946304519,0.011116363527962216,257.26109127898576,0.0175,4.308975744605655,0.03406876865536623,0.03463467615505694,0.0025,0.0,27.453039180810435,3.3354999999999997,21.68217840301028,16.75368060108175,0.6279000000000003,5.800492193383538,4.218578149038945,16.154855274507625,82.57320477340117,139.17512950834333,3.6093,0.3275000000000001
6.886967090602081,-5539.068704597522,2349.4420456931066,68.70196764951802,1.2320166209262553,17.463603794908135,23.791096546173666,24.810935377658563,609.6027900374116,0.00028543739351861563,0.12167643089794761,-0.0001911263972815479,-0.003848592482869009,0.00031399550632164386,0.0,15.802844777542548,3.0723233724728947,15.82624175487286,1.2928666168169356,0.8494462832078721,0.13733845695678448,0.7948426304501025,76.0,0.08528921424560483,20.413351593144025,37.75371525491292,0.12244184412537028,0.04802281653123411,0.02800935820934881,0.007528683444991691,0.007818117203124888,357.3679500467435,0.1079017866372793,6.2560102709748415,0.04011143580433832,0.017120544754397206,0.004469691332609735,0.0,123.36044512532791,51.582712394644055,121.53125486551463,6.138077670466867,0.6279000000000003,5.394181337276658,2.7884041705137292,19.046265127057737,149.12560020966285,986.6667,3.6093,0.6451144809911241
8.385856331826572,-4653.387335650509,2872.0461737797445,73.43978037171183,-12.1527,18.157644082151172,12.201763755508804,32.85430762371955,615.3145223917738,0.00032109577107073295,0.06417638836150419,-0.0003705155720500007,0.0002344921717968313,0.001336843114727395,0.000354802881824386,16.051366803323585,2.398,15.941872041173506,0.6337428828481535,0.4108,0.3435844405804903,0.6538359708592015,412.17646103399795,0.22018759541862976,23.37482481183478,16.062,0.06961703623213363,0.04819806412235947,0.0167,0.003405951382793533,0.009463894301020773,235.98556986457498,0.0175,5.519719440774794,0.026333853593340957,0.008,0.009026431674778096,0.0,4.421748780220721,3.3354999999999997,328.9124612981952,217.0804797717591,0.6279000000000003,4.624740133980458,4.830515075770949,7.815463370648972,105.18781880898257,748.7128071987886,5.459083513575411,3.0677390759284857
12.929956188491786,-6030.85887076313,2824.7034650026862,69.44767917780106,17.6945879554389,13.302326959243322,23.789949098597592,27.53888046057222,618.2247445585729,0.00016281701761486936,0.02713317023606169,0.0001376611395890608,0.002220201975034407,0.000921548425689382,0.0,15.851700862881364,3.8620874215210246,15.714754145728802,0.9624096351291138,0.4872478840794622,0.30452181496585007,0.8419954661008368,503.92219581416094,0.20898836892263511,16.735681402368606,24.455104363626404,0.05140925667063862,0.08375013582080108,0.034888649710116876,0.0,0.011179249725411315,129.82433228506343,0.04692768699637622,7.089989828638807,0.03182100724775458,0.024451345365147936,0.00515495620587798,0.0,239.93816358342698,6.3709992268846065,3.961668793400733,84.64485889054603,0.6279000000000003,5.436192400342182,3.2800592360653127,135.32249059471349,80.76527070305644,0.0,10.834941672849645,0.9610212127482023
2.8841891763878635,-5115.944766269829,2677.422934068499,60.88655358229281,6.618266018090562,14.352026181311608,20.721953882136,42.506699167866685,624.3264611727973,1.4031191202821684e-05,0.03952378796056815,0.00042036424240341445,-0.002484439267348474,0.00063696087785243,0.0,15.818106825370466,3.953786313260549,15.864892410624236,0.7572763166933844,0.4108,0.7383884670616605,0.8591513555677296,138.8651353859912,0.05963980676301374,18.957422594564232,28.164443018746795,0.18694547258451094,0.29148139029971615,0.08725983147552224,0.0,0.008992551319059603,260.69446610362473,0.0175,5.432357797992307,0.027870574779558645,0.044498857689360134,0.029606932110292052,0.025517223531514466,158.61260601215793,57.54883949129055,400.0,331.56452271652984,227.55890688966943,6.961525156084966,3.582914900963738,46.080206172325454,50.51474972399793,703.6025378809697,3.6093,0.85679978573266
3.7270663535732096,-5075.902972298826,2390.407799021675,69.77225131716816,4.0070974898074105,18.258396621924618,13.37084096162937,28.683385455578364,599.6610728353251,7.254048827540326e-05,-0.09213277537749398,-0.0005991908772375533,-0.00021548316513176832,-0.0034200097264793197,0.0,16.07,2.871842877464875,15.728698473517598,1.1196919440195254,0.48688455203471137,-0.034256731703910415,0.8636224481950387,160.50593439051715,0.07656103566916193,19.97384849045817,25.927800127560644,0.1521477209349682,0.03905097182279417,0.04011573219576319,0.005111848849452491,0.03171635222012319,290.8686508709544,0.022814599024690935,5.284932384604147,0.020047394076012873,0.008220063393694327,0.0047180022847167135,0.0018385521408222445,48.79163699866797,5.62516354096692,2.5786999999999995,0.3003999999999998,73.90665551856857,5.694553857053255,4.320039251732589,119.76719220235226,95.09738245840482,89.73254613700522,3.6093,0.5736568028803275
8.06252334395577,-5054.297949447971,2358.073171222989,72.14595368872499,3.216432375250524,23.83897805805444,18.588773342392848,55.15691515220786,617.8331285809184,-4.682232415968016e-06,0.06866925424928538,0.000591383920308585,-0.004931578733427615,-0.0006912978181939712,0.0011247880296060041,16.053160765023346,2.398,15.848649210018069,0.9992314606853896,0.41673659435200483,1.1410032242500587,0.854705306848015,711.0080869626076,0.20856247479499973,13.87844895248125,31.33426945724282,0.1074025372792691,0.09056452220737865,0.02387772487273221,0.002034153193017337,0.01584992743301457,132.0078278741292,0.0175,5.012352871829428,0.010499999999999999,0.04182396737997869,0.007264863920140202,0.0,186.87959605578538,28.21661955455542,10.16390077050565,5.358195117468008,0.6279000000000003,6.665088669714623,4.438803629947387,9.330227713774919,138.69503354453167,986.6667,6.783111407854291,2.1153207605887787
2.8847455516010054,-2532.865074958608,2731.001576167673,67.22459829793532,-12.1527,10.011584136175763,16.80634202653427,55.709510254227276,611.7751769640034,6.371859516434065e-05,-0.11350000000000002,6.603248137487821e-05,-0.0023580866740590175,-0.0012465479283106636,0.0,15.888341258341098,5.0077461610776695,15.659682605940805,1.0522086157864552,0.6601170329388049,-0.6425364146251565,0.6769699528055512,197.87934645110317,0.034,25.93794574209447,16.062,0.2763374166153391,0.05698963251135977,0.061278248511892286,0.004617335989358099,0.0078,37.027000000000015,0.018838045009729708,5.8997354312291765,0.010499999999999999,0.008,0.004522296277860923,0.0,400.0,3.3354999999999997,5.762251721809356,10.270341523271854,219.7951591472658,4.268476835533162,5.8606,21.363215088655153,61.39964914087467,83.38869339115982,3.6093,0.3275000000000001
5.719997125645486,-4869.338026537175,2489.095747855384,62.940853377446075,-0.6782842718363096,18.332525027250043,32.6639679051945,27.035869681975853,609.4099136617297,6.138031329074385e-05,-0.021929038413643263,-0.0003200463409898934,-0.0045722078730352006,0.0009616328056179275,0.0,16.07,3.1932841701044206,15.742524904614642,1.4161300481995402,0.6847062728740645,1.0073310548556402,0.7302273828851924,76.0,0.034,24.306539851949637,24.77038744959206,0.07661793975129308,0.04574135463132992,0.0167,0.008773147381973368,0.013333934315218503,37.027000000000015,0.06894575988755745,5.563806748041593,0.03672145098537826,0.10340298924580474,0.00513051335694337,0.0008363039138417998,4.762507212791807,110.84650792343135,2.5786999999999995,7.000480337545945,7.629901136258815,3.489349619993417,3.81605462152189,19.752475349032288,77.93168022412917,258.0562456961219,8.24283051139487,0.3275000000000001
11.575847007899865,-5199.932977416601,3294.6932951898157,75.03763147374795,-12.1527,18.833520466177852,26.83672142407827,32.00745698520426,595.7510590172876,0.00024047020889388624,-0.11350000000000002,-0.00018946080947955792,0.00117001735947341,-0.0013319137864548493,0.0,15.803993355303675,3.268271460983461,15.877160464687414,0.6929410715679538,0.6602543918097171,0.11078538340487643,0.6622951011585014,76.0,0.16569431471303359,24.78147698282084,28.289702503609718,0.033900000000000007,0.0172,0.18507146887231304,0.00014575349050588307,0.0078,620.7555012559377,0.04450388934032542,6.704696640935774,0.024560073826677215,0.06283349618185799,0.00611353707988657,0.00027043256620238237,132.43134008951392,3.3354999999999997,2.5786999999999995,25.592796113573634,0.6279000000000003,4.698008956385997,4.116775116342969,158.1332,56.59272784773144,0.0,3.6093,0.3275000000000001
8.268828970053196,-4960.210834766933,3339.809539129048,69.86469887337427,-9.890354669579002,23.195133567223813,16.489041184067244,26.11057250856473,595.3218,-0.0001373513925493588,0.07231309846698708,0.0007978531405434868,-0.0007877599267601364,0.00039850115205808585,0.0,15.847144580309678,4.610714223668291,15.964919171815536,1.1621959944365123,0.6255367476632235,0.21342325517612026,0.8764,654.6770392311969,0.2848404348100114,18.400836189272475,16.062,0.06481484663300308,0.16575318860080007,0.2817,0.011639271600476746,0.0078,350.43389457316687,0.029926971062872454,5.688174237212261,0.013018233052834066,0.008,0.007790435942270229,0.0,34.80936301208001,3.3354999999999997,13.45909905423673,0.3003999999999998,30.849219249302163,5.919872584827313,3.327978821139772,7.148917436602163,147.55443405286022,251.36288515914484,3.6093,1.5457407435857369
8.283106825584799,-5809.076561489577,2448.629059291565,66.16027023873605,-10.372441882966184,6.6513380441151595,15.057844458532019,33.30075636902752,634.3218,-4.646794000981116e-06,0.34082451576451356,-0.000621950341237346,-0.0013447279872241431,-0.0005968751461528751,0.0,15.86652871658946,4.415402222826305,15.77136510589608,1.1580709017060151,0.575056736854442,-0.5483175453698292,0.7832301559728273,112.67996560843784,0.14766059107738488,18.60629941451629,30.18863016907681,0.2707153109909019,0.02064608144879046,0.047384594923494276,0.2067,0.018050484148460832,348.57884351927754,0.0175,7.973001795068367,0.011704345049944904,0.06060308732015188,0.003862197017079503,0.00017747984393293533,35.014830844467404,122.66073111679175,2.5786999999999995,0.3003999999999998,101.26208910117013,5.728640992385384,4.13392924912616,16.45879727589337,78.26069351521356,986.6667,3.6093,0.3275000000000001
10.552233993371907,-4809.132038015475,2529.5376164150775,66.84816972093546,-4.956596954573696,13.79386543369437,16.96583859397799,33.48919136531654,626.6279634854509,0.0002542219406964885,0.08783409166974215,-0.0005642410612404039,-0.008218507329291592,0.0003344210395598591,0.0,15.89541010120076,2.6156450993628226,15.641492692046445,1.0650747003694239,0.4108,0.2886355553324462,0.8176116501206114,1330.8799152845468,0.034,23.328122769404782,38.84536975826487,0.15096248886034191,0.04373063923657697,0.0167,0.010733971526069579,0.011527455493095187,239.7264561161536,0.0175,4.0902,0.015487360764073305,0.02621455499469228,0.004158006614032636,0.0,19.97433730936753,161.39942652162426,2.5786999999999995,0.3003999999999998,7.786120525686405,3.9493682593239243,5.089366890006518,14.290799612319791,84.37417008025211,986.6667,4.052808272554386,1.2985871482258815
7.733333796268387,-5139.45814181063,2364.2298233808474,69.49783975276175,-4.930602504075203,17.450940035670705,29.92882450362562,25.278679574796282,611.7809755147845,0.0001867723018382196,-0.02776599182524466,-0.0005575709693379931,-0.0021635352193432418,-0.010419244167828072,0.0,15.92069007079161,2.398,15.711882162857508,1.0894830847299972,0.45864939435690844,-0.20539687994858213,0.748602861619086,438.31091549454,0.09795640019621278,14.620080815797412,27.132172801219543,0.14286920371312078,0.0172,0.0208599100937889,0.10503334108913442,0.012282382870790726,284.3915552772418,0.0175,8.8015,0.04269842557357797,0.04216279544928949,0.005247490381030974,0.0,176.66059277178482,400.00000000000006,32.363885993667424,135.154072035023,0.6279000000000003,5.678625254401352,3.694690615406095,29.149804673142285,79.02879016615887,860.9183455630382,3.6093,0.3275000000000001
9.543254791412192,-5682.976292927091,2475.2587397778148,62.78296296438594,-4.046517043791376,18.926205949074387,24.905513640797032,56.8964,614.1031435065005,1.93512369199958e-05,-0.09159220464785031,-0.00039843232208078717,0.0022320364501933754,0.001034500932669044,0.0,15.931151827624573,3.7923142520243465,15.755282881009098,0.9257746499984918,0.5433985780879399,0.10631773325943628,0.8037606822059522,492.72093948943825,0.1994232285098953,21.265381459315403,17.955313854403045,0.12722293182319205,0.0589141237638489,0.01715724141703245,0.005350967205861,0.015321311016397528,180.56017524623138,0.03929815623002185,5.072924107830589,0.022851947840691125,0.02782842117681079,0.0059489184002598965,0.06319633794404818,30.47314421696528,22.604427864292084,29.57895183299763,1.9393110917183778,0.6279000000000003,6.796312742984799,3.113783651202123,14.593814937694141,101.33711948537551,0.0,36.81433926110033,0.3374934421096456
12.169708624654506,-5395.074857883092,2467.4243817074357,69.17311404128091,-10.244970264397557,15.178966181641472,19.39011496714816,23.73433325984202,612.2812552740019,3.851562407395165e-06,-0.11350000000000002,-0.0010042280806605412,0.003612175006528228,-0.0119,0.0,16.07,3.072264963066734,15.907115720237226,0.6536881933463583,0.5069573089770447,-0.09807362055893393,0.6951289257359278,3157.409894692302,0.1924940607570468,15.501346926415184,25.63522909273411,0.19002758345708123,0.0172,0.04544485597432156,0.0014160879398607338,0.011930394221626126,191.92222053989119,0.025881924522625367,6.387753772619435,0.04268858125419694,0.02207433994341396,0.0062058391607217435,0.0,28.94359937973271,3.3354999999999997,2.5786999999999995,3.2519177248681403,8.441248743334187,4.877483033160235,3.3829536274766183,53.673725079883944,236.39440313408775,0.0,16.84840090708105,0.6858999014076314
4.174354036691123,-4905.2581617797905,2523.2614558295836,69.37492341302091,-7.557148055659699,6.007944199846868,9.293005518552597,33.79618345071602,611.6363638217049,4.28908789797507e-05,0.10868701065056113,-3.557336870549621e-05,-0.00943207896377504,0.0015,0.0,15.848262791937216,3.88640791534659,15.628443952342945,0.6055,0.6794529136189422,0.8531914776703391,0.7081613013078663,96.8943184951965,0.8824428160224026,20.171010826838533,36.12381582240931,0.2485652982978196,0.05079578394901929,0.040926727848212836,0.20381627789075515,0.0078,220.0989681740405,0.12489522140720097,5.954504628875707,0.011253017096020505,0.045081769389794815,0.0060181122269461615,0.000533542212260471,183.9890357796072,23.867905818879226,11.554131485258816,38.41548419601524,125.1113639442148,5.58848094208112,3.8298560746727563,20.76073266972486,52.31313749118385,665.3895679770771,3.6093,0.3275000000000001
10.021954082249566,-5152.183490878441,2613.425049302582,64.2582762776572,22.537729674468952,23.708555893954024,25.069393746732807,56.44889367669476,634.3218,-5.699416733864892e-06,-0.09347139333178531,0.0003305053910323647,-0.007141779724579158,-0.0008807258276000546,0.0,15.83750620978186,4.2693753938797485,15.723360955437094,0.6126953874257725,0.6463422774836122,0.34723739308438917,0.8210720248526483,76.0,0.07272692778887307,25.31054050791216,38.88973540603306,0.1536822866728274,0.029637580649391683,0.06958050429015364,0.011296620327390457,0.010221812519842333,306.7283708661795,0.0175,4.861350212134249,0.013935188239245664,0.008640983772436363,0.007196170106296765,0.011751591212228518,268.4473533234998,20.04829319923303,18.158779638122816,0.3003999999999998,171.58847899917046,6.57580816865697,4.755587276891591,20.91652439716337,89.68890435069146,0.0,3.6093,0.3275000000000001
2.2493,-4860.003721563768,2569.578141250061,64.73667140648156,-12.1527,15.355603251812521,18.217460992240603,19.157668967856612,626.1318707445724,-3.114592289508315e-05,-0.051317220644301685,-0.00038486565845749466,-0.0011844619199222525,-0.0013403979299222424,0.0007245448272612998,15.872759874758087,2.995319907023218,15.647562216640694,0.8157005600735432,0.5016073654927221,-2.7890000000000006,0.8531162407446944,819.0526918459622,0.1450931430135746,20.07041337144375,20.68502728595246,0.08804547293527443,0.10738608689764315,0.1809191751786934,0.00623052674373383,0.01062788065285053,388.77686366634475,0.02325670047961946,4.0902,0.010499999999999999,0.1872117613574965,0.011599536994297114,0.0,22.382708790552257,187.6953523723068,2.5786999999999995,119.82854863174353,10.878879337071163,4.845142441975952,4.450137368320498,12.87413278908801,155.3202572972851,957.2718402169276,3.6093,0.44199759693543217
9.19802852115072,-4837.0813639175185,2339.5191536397033,60.48004162778207,-6.278184914268511,20.17242094466794,15.550687433015977,56.8964,617.1264747289648,0.00014335387417238634,-0.06491341708779372,-0.00048736706354599333,0.004053153333479553,0.001353824234612983,0.0,15.827209056689705,3.977747625039163,15.848594435808083,1.108657888567977,0.4108,0.334423607104418,0.8602206863423156,76.0,0.05959192528582104,20.020318751836246,16.27682093901309,0.12912891390637637,0.05071945245100985,0.2105534202486815,0.0011906481807418717,0.010828091582137413,1548.5737822528124,0.02831706662359003,4.479060650275532,0.019941121901498993,0.023013938759394063,0.004790024669099493,0.0,50.271791732839446,17.842879993444964,17.614583861144123,0.3003999999999998,162.37549458000692,4.0708811736259625,3.741977699497841,21.817628402339935,82.6242979327422,986.6667,3.6093,2.8102854112426545
4.882076433016268,-5017.524846822935,849.4575078959383,68.01955913205708,-11.39836330605257,20.89055981196555,21.455307208562864,21.5315644316698,634.3218,6.79718892684153e-05,-0.11350000000000002,-0.000547610824270872,0.000774931759171444,-0.0011432233426698318,0.0,16.07,2.398,15.69914538885862,1.3231552545710614,0.6467713636633649,-0.669407107070107,0.6667314507909409,76.0,0.07587676059596424,22.419890397023718,28.3907949021779,0.10156202547213135,0.07015883825361469,0.04103512615727778,0.010054426317419221,0.015878816216165468,2005.8744,0.12499852209028431,6.804835886935147,0.0251786886861222,0.008,0.005296752786271634,0.0019921359251044274,37.66742796327443,30.70442744712053,2.5786999999999995,69.70145708722787,0.6279000000000003,4.707036563337299,3.509751444293245,9.579633969924922,327.75766954710576,130.92453896479836,3.6093,1.159462827014893
3.690688146069598,-6774.107987483287,2513.5526615554545,67.78392745404862,-0.9576110324978004,18.453673755237546,13.335356416907572,42.62346919325283,615.2753786038037,-6.322064767932656e-05,0.15204390586117753,0.0005577441523414352,-0.009749813078557889,2.623670320814514e-05,0.0,15.766725129811299,3.6101240984429475,15.933728428840924,1.6698270821034462,0.5089479070662789,0.9437215538884651,0.700934019413277,303.79019443611105,0.0882477374186755,21.451654085238413,22.855439178991727,0.12874102075155613,0.031116261154190188,0.06243150047006341,0.0,0.0078,375.0209071835747,0.0175,6.586117968454356,0.039936469826938825,0.015745563188013137,0.008616133034318678,0.0,106.55498210959618,194.57709961755555,5.054829341801851,12.250314286222372,25.32225016491273,4.797754212021256,4.493819509162161,13.867284517759554,155.7779961888895,603.1932296767076,5.074082919603373,0.3275000000000001
8.607403317246243,-6094.227980907235,2532.9486637834025,70.3153407697044,-3.3829165321426564,14.342173524713996,19.64883173589041,21.78447711881356,615.1785379447981,0.00012723608953680568,-0.031296948013024815,-0.0006138150487343903,-0.0023291498174848706,-0.00048176633325728717,0.0,15.995424973849172,2.398,15.643764445503534,1.2340226081464216,0.43214651412321786,0.3043633651338883,0.7335300385851328,76.0,0.5492515384222084,18.560782470684234,33.677882406063304,0.3198925425838836,0.05674511679587799,0.09353673453614245,0.002751572254626321,0.017732358787195028,188.14666669485206,0.0175,7.999482050675699,0.010499999999999999,0.01422059101383929,0.007197387137403604,8.5384360226678e-05,262.63510136974696,38.396046398991444,13.886372380021225,0.3003999999999998,6.755029695754165,6.316419458169694,3.952771767207905,6.613421723328122,232.90115451540225,0.0,6.88941650976045,0.33993601464337564
12.612314296223163,-1368.75,2673.089515185482,61.294668856329594,-12.1527,25.279576217986396,25.146138942708145,40.866463357794885,622.6136284824323,0.0001822000559827958,-0.010313725340483844,-0.00035959351668580163,-0.0029813008338589776,0.0009409829425282014,0.0007307889367757496,15.790414794592808,4.282085751847257,15.598523046686314,0.6870762756247534,0.4802953599520517,2.458,0.859306572457657,213.5455349504768,0.1497277184547785,18.84014202212929,35.700481814130406,0.17205438081082208,0.11940250943975814,0.034612499206285965,0.0,0.013188715260632682,147.77435415015321,0.0175,6.067088505961288,0.145504668972869,0.008,0.002941563049432014,0.0,108.43697924672645,57.02371066075305,32.39540282651295,5.319300114008178,9.629728830712972,7.023477907639033,3.479641997943629,158.1332,43.43420056157734,511.0436410675759,3.6093,0.3275000000000001
4.410271256154634,-5508.4185452376905,2904.1033999163815,70.89946530037159,-1.5644273852135648,18.747518410188533,14.743218849782156,30.098584974724552,604.6660663738876,-1.4663560593136207e-06,-0.02104475744587654,0.00038183777402951615,-0.0024215607615042083,0.00019498504450424605,0.0,15.796487189500873,3.321608466727644,15.844114803404738,0.6055,0.4108,0.08317205337140676,0.7991657496268023,338.8854217824479,0.15561308377646274,18.30369301536215,29.809181665009675,0.10494029453607076,0.041057707836630236,0.0188231295708278,0.0,0.0078,1783.9272628211063,0.0175,5.994267242157396,0.04381870740239212,0.02731601053908624,0.005503760850106737,0.0007875311948072317,70.23488491476371,12.807024640698542,226.92048621061423,22.03101304792351,4.993840187937576,5.267712749226144,4.153406548116401,12.076666721607364,80.27791603328689,0.0,33.360858671454096,0.3275000000000001
7.738303404650292,-5693.826347653143,2834.8686371074305,71.98798330010655,-12.152288764663547,9.900718636359809,30.000534934540557,53.166848910474606,598.2352445157591,0.00014827581085993411,0.03866740574325916,-0.00021094189776466347,-0.00974899209489548,-0.010753823599160635,0.0,15.740447268349271,3.1368679320692174,15.989657821583451,1.1132488341881095,0.6032157287243893,0.214385295767628,0.8315666240346682,76.0,0.13224319820684263,18.084844944240203,42.70566215936676,0.12789622940151404,0.11781927214485068,0.0167,0.0019211731754061332,0.0078,394.84022672112485,0.16270025298891094,5.810046430629851,0.016100635619803225,0.05040196530259811,0.004134977562284285,0.0,34.061181830615894,49.75109637438013,2.5786999999999995,0.3003999999999998,0.6279000000000003,6.87136902054961,5.8606,16.244472285274064,90.26131689249769,48.23188997099169,3.7686481322495036,0.8968526553934785
14.068849266113375,-6795.360568880947,3275.2964000311968,73.93692900728703,7.170582239168551,9.579564477457177,18.647168715224627,28.66433043207178,612.413038971108,0.00021195312071569145,-0.06843005283770631,-8.18052952439313e-05,0.0008615806462613177,-4.823247870120665e-05,0.0,16.07,3.1599597964182298,15.683541412924352,0.6474769243510341,0.4108,-0.21842836073538296,0.6836491821302721,76.0,0.12635831968513223,19.87030250495292,33.45158428297513,0.3454666573114532,0.0172,0.041010246103796714,0.20214017072263005,0.017689620569722602,395.3211938786501,0.05223694041784263,7.426946711023062,0.024624209358982466,0.04489199207349861,0.007465039060112143,0.0010321858859126836,1.328800000000001,22.413314256281623,2.5786999999999995,3.800811396197415,11.039359173120513,7.027953173703265,4.709963349266881,16.1889577247623,55.72971809724268,0.0,3.6093,0.3275000000000001
7.4103813103943885,-5056.869240739537,2425.5006201731376,64.30823815143908,-12.1527,22.45943130071067,25.528128068512004,20.882196515898542,598.9417823019494,-0.0003206392627614484,0.07521164857791698,0.0005733521338500669,0.00351367430565927,-0.000932861911318812,0.0,16.07,2.535589658068465,15.648603205769756,1.469119789404563,0.4274714431418042,0.5109343793676573,0.8632272793894876,205.5238578327547,0.2802070176899365,12.329402276200511,30.267396471071304,0.11543992669017014,0.0172,0.05236121804300779,0.011654425177140063,0.01057368125561254,322.95514155719576,0.05961712669683028,8.411993534857492,0.017743820888355313,0.008,0.006082446093614377,0.0,33.89480996446454,133.2235877554988,2.5786999999999995,12.886435554153202,0.6279000000000003,3.539590581268589,3.5241304232876813,15.021404411192915,68.48096816071875,210.3324128231728,3.6093,2.063080798954465
8.08992678788616,-4974.420785342821,3260.958540143577,74.24201900544173,-5.47346686566417,25.48679970920496,22.24982677211259,56.41939733028991,598.6344321967531,3.8061657500979755e-05,0.05684922311073296,-8.301681068415187e-05,0.005804223925366239,0.0010690181152998796,0.0,15.993746492287178,3.4783621381057435,15.708304419178244,1.300097917158331,0.48406593020876093,0.17611146485271822,0.8285304883246595,644.6207021106618,0.09967340405262677,16.779898156873344,29.76186954298472,0.06009385007345043,0.10007629187670217,0.2794845189034101,0.0010910429092615317,0.0078,388.5100284989835,0.044361356280726225,4.0902,0.010499999999999999,0.012012453038347519,0.006490896383224567,0.0,36.971049927881324,39.53082530628228,3.274640487427762,0.3003999999999998,1.9053035365848654,5.287040906898029,5.387432014439122,12.53431394919101,235.27869688288857,932.0676119061684,3.6093,2.2829183256818397
6.0527551400854005,-5191.315903087242,2497.72837055209,66.96128105722794,-11.83076455729691,14.857394543548644,27.40824579466407,28.26319275221021,595.3218,3.148574986349484e-05,0.5453348604035647,0.0003355750621041926,-0.0017361078909421956,0.0007130010471016622,0.0,16.07,3.4353828167822846,15.715097397102145,0.6055,0.49384530823630085,1.1630818515508707,0.7291918122627647,76.0,0.2531783025346648,12.16,28.73951015851471,0.10857252462826937,0.13220224178630816,0.08598036448381127,0.0010942543580124077,0.0078,323.95982120532136,0.0175,6.665924805389525,0.024840309060963066,0.04615829640573134,0.0054370862778116286,0.0,1.328800000000001,37.02139415622187,23.897539909382424,19.249650732077754,0.6279000000000003,5.432127968611073,3.6097068487132145,48.64979231906026,43.74796407598357,43.588262893000916,3.6093,0.3275000000000001
2.2493,-5013.89519895155,2546.4006252778754,75.46612985174505,6.790075167260886,13.189397764047968,17.460378783451446,27.63367684199378,627.1286908925689,0.00026557992417045257,0.08405052150104539,0.00012914029602281984,-0.011290758233676694,-0.0002804112066250231,0.0,15.87672028014353,4.311301773416868,15.84996486181496,0.6996011323127325,0.4228855824258159,0.49246291771362394,0.8361815644555999,76.0,0.06828785632274788,23.667170300611005,37.77430123791464,0.13924125175358848,0.07200488594996093,0.02603975696662759,0.007243117433806083,0.011428125531540032,193.8848031646327,0.09758872776085714,6.679140628231642,0.18196090818705166,0.008,0.005665258894109116,0.0,14.58131915715728,25.674393767548395,8.811363739365824,19.602729908190216,0.6279000000000003,6.03604749664028,2.903353463661969,8.822848822321829,261.9669276750792,986.6667,3.6093,2.7171589591301313
7.543521734113707,-5506.412577259849,2525.2997346315046,68.88319664425389,0.4890295621533185,18.93794478175598,17.612903195328887,27.3336658594428,630.192621616901,2.6598723140835724e-05,0.029438396499472084,0.00011161088063415452,-0.0028588524643537432,-0.0014547057116740504,0.0,15.827525705473672,2.4067410724138303,15.80552413906728,0.670218322070988,0.4983838070755936,0.5369371207404672,0.7155805634420122,277.6198190007532,0.149058445075932,15.966657545564042,37.18285238517222,0.04306831712137222,0.0172,0.0167,0.0,0.0078,204.26514634377148,0.0175,5.475396533129521,0.030804461692943555,0.011215366613981564,0.005518897283445732,0.0,30.33964292573325,32.33914518665841,2.5786999999999995,0.3003999999999998,181.34173122357447,4.23615494204704,2.908329717514905,13.09395744239644,63.171004891840134,0.0,4.277022719235128,2.09563802711228
8.572684631669372,-5335.873281103048,2769.9751224024994,74.67924842938992,-12.1527,14.937791179365686,13.684343992743148,56.8964,611.7613092165259,0.00023506864378354037,0.05128568139947771,0.0002692583395479903,-0.008245005075481168,0.0013668071499613552,0.0,15.876466201570514,4.240404645141829,15.951676939153538,0.7971941648377623,0.6391181417429898,1.246133261488806,0.7381102919328658,76.0,0.5892593493146042,19.31265520947372,42.781,0.10595805100145589,0.09631438098958378,0.03141098553495011,0.0,0.0078,340.19580670130136,0.027439492022631608,5.826215540001691,0.010499999999999999,0.039346282291774816,0.006817937592677473,0.0,343.5461203287589,3.3354999999999997,400.0,5.081948799880555,0.6279000000000003,6.754823110577207,4.756649342309053,158.1332,86.53033216029571,0.0,3.6093,0.3275000000000001
10.872668043474913,-5035.920553425449,2584.494307860637,64.29364832458808,-3.618210967024274,9.456641093638973,6.4482,45.59258077326474,603.2089763022846,0.0001492530075452547,0.11340539763489996,-1.788289849291532e-05,-0.0019476477256458978,0.0009732962303838887,0.0006552364307043102,15.719100650683185,4.97317721637048,15.868133009814933,0.9018084211218487,0.7316112343646198,0.9810560304049185,0.8154268918043929,722.3561993311338,0.16836650677768855,21.087592435786945,29.431057386917765,0.2830357296428845,0.09280221982190406,0.0167,0.0,0.0078,615.3551484894402,0.0175,4.0902,0.02529586814547905,0.060651384207321836,0.004622285496916445,0.0024791132291031898,20.16690176181987,20.698075941438802,2.5786999999999995,0.3003999999999998,45.60390007970238,4.841931879258338,4.834911272856713,16.22283792738129,201.4132499017505,617.1333157170375,11.701312006974394,0.3275000000000001
4.670270977313339,-5598.938289384064,2960.6777354742185,65.46467520364763,1.4047362562426218,4.4283,38.69918098731739,42.71850745078847,621.9485868327351,0.00032841830253513846,-0.05018741155026052,-0.00032521699587140967,-0.0015816914406013433,-0.00047747046184523043,0.0,15.97890461200628,2.398,15.627211000097134,0.8541628506288352,0.4108,-0.38415025736543595,0.6767580743722935,76.0,0.2423030913532174,19.250551484100832,33.13364621891862,0.10336562192883508,0.0172,0.019696227001538492,0.00025252551461436216,0.018117263519571398,200.40073462429046,0.05956264968719902,5.505996357026046,0.03540161935816923,0.03552688025362964,0.006061014748094623,0.0,45.28286638586486,3.3354999999999997,10.8748601699491,12.407734939417423,0.6279000000000003,4.555612392672262,5.117466262500024,17.432069919847013,206.81127623041246,577.0857013311124,21.336536281591204,0.3275000000000001
11.719264766557485,-4892.8394258675335,609.5,72.31475124459413,-1.047787116533629,15.142780578638286,16.488879672388002,54.82504639434343,625.725513556773,0.00012542563619168223,-0.05467356947541194,-0.0002267792295992918,-0.0070448577050716,0.00015833109330245447,0.0228,15.790524736275351,2.405820797551807,15.807904564771134,1.0194014398381792,0.492563347172836,0.3725494794579972,0.7173891494440551,76.0,0.08468390072990599,22.74425046364235,36.69246242335913,0.08181678034968189,0.047661241467355425,0.0167,0.007610684727237882,0.014290469620530747,207.51129261106712,0.0175,4.573977320921813,0.013406951233594942,0.02584371755737932,0.005853640506686997,0.0,44.08772440797274,32.1332768581677,2.5786999999999995,0.3003999999999998,17.057880263216912,4.604646176812282,4.8775813323318875,7.438481586186988,74.32931005804066,127.05704631785662,3.6093,1.3411633162350385
5.947112739728861,-5519.460814461035,2397.879416921078,64.33605288894601,1.8816405412303236,5.69468844106242,20.91205924509186,12.666283346552751,607.235003978319,8.253835462523379e-06,-0.07277427513005522,-0.00016348415162772072,-0.003262734813570667,-0.0015909921427610765,0.0,15.725689318341871,2.5977219377780387,15.985305268081763,1.3712882358285121,0.4108,-0.3965101244391961,0.6888716151247541,76.0,0.23476069139351452,22.78303004096568,16.062,0.0914833383441549,0.047409753511113,0.26589830484917415,0.007127162333677273,0.00876475783211482,456.1602693204769,0.023644912814923258,7.590376637779034,0.028955056756266483,0.011022769509004087,0.00727214397894293,0.0,48.492408853052886,17.28064097482485,7.401961706597473,7.821874515251222,0.6279000000000003,5.64843368931311,3.122949710615704,10.00117190603488,72.26599861406565,320.5567603106981,3.6093,0.7247658194184069
3.7687620054952626,-5346.0669204709375,2747.4305920806332,60.80224563374232,-12.1527,8.974911466655332,20.266803573892723,56.72579924124097,608.1291957644381,-4.449391453430841e-05,0.026931057197332495,5.444253510696077e-05,-0.012296967340507463,0.0002941090804108496,0.0,15.836566054523622,3.842299988166058,15.846311614082321,0.7677224075610911,0.4108,-0.42157016367281014,0.8110264195628939,76.0,0.08889289165363085,26.59544124352249,32.74300064799945,0.08308920990422297,0.09856890794447525,0.043160472907572696,0.008209844061612358,0.0078,375.0754069355093,0.04343886824517308,5.1042404431620785,0.041710683991975854,0.012327527497930013,0.007232644261508613,0.0,1.328800000000001,17.659823590496817,37.95008367152083,0.3003999999999998,313.4590234908692,5.090635081970276,3.0344556490908126,17.401925410095657,18.0064,138.61120077683722,4.081017111365635,0.3275000000000001
5.732111629576658,-1368.75,2866.9839093632904,64.02079647398664,-12.1527,25.887951421212094,7.900884042523193,49.66362358425347,625.4993409654666,-4.840077362049882e-05,-0.10504900295028571,-0.0002793474789712899,-0.009781541236237675,8.595749758378757e-05,0.0003365490071648956,15.997151435568366,3.665017603296981,15.709354860186847,0.6685563818577328,0.5526839909815995,0.4060042878239273,0.8641366034223874,414.3163852412566,0.034,17.591881687891558,29.661948848070516,0.12499169710714597,0.08945567275132371,0.016711579409093572,0.0036660060642072266,0.0078,173.65797611006698,0.02589354973725856,5.579800909526069,0.0139632129122818,0.024482448851518852,0.004289900471739769,0.0,400.0,15.315094536264919,21.046677440255376,9.950588336120598,5.528952443158011,5.7920863352791025,4.35316496436292,5.96996034319362,63.11631201630676,390.14441427066,3.6093,0.716478942590503
11.611948105039978,-5148.336223840659,2767.0369393795163,62.77130367049286,-12.1527,37.0022548218145,19.812484588329085,43.85782023576284,634.3218,0.0002364589683975547,0.013906316946714625,-0.0005606099659793515,-0.004856920802543243,-0.004911214683089811,0.0,16.07,3.8424582160196734,15.54,1.0065949077133263,0.4108,0.4614112366883585,0.8550962427451397,384.54547127019094,0.17200667276337914,12.24402558975985,18.259753950630838,0.0965620418423557,0.0172,0.09207167146712163,0.0,0.01110795064899225,176.25180279626113,0.06636333303645868,6.935489170833349,0.021698202622157395,0.04409254967708631,0.007741646958314984,0.0,7.297451363155847,39.78631946535474,2.5786999999999995,92.8495651426384,4.86212248771108,4.4845498090798905,4.486281359931206,19.857458368071132,73.32640272807916,0.0,3.6093,3.452051098895811
10.706853678233895,-5354.726229313633,2360.2546119619105,60.2667,-5.296112051210365,24.608870379727243,26.9005931471993,40.6494889083,631.3834034807653,7.189468119569072e-05,-0.04252762544664585,-0.00021643717801970752,-0.001093860694377339,-0.001181188640466026,0.0,16.047696058019064,2.594829575182648,15.706247390640105,1.4212098373672,0.4590735192854023,0.30663169187124206,0.8764,336.52977374847893,0.08139443260504763,15.09222729640511,21.030859387679477,0.1297266115188982,0.07967002421863607,0.029032183558530197,0.013347121961457674,0.01866933261902283,294.8014515630704,0.0883100782525208,6.160912668585954,0.04329836252921976,0.009258601718092556,0.009232564239245181,0.0,37.64232006278114,43.09796174035452,400.0,0.3003999999999998,0.6279000000000003,5.746515409623377,3.3111589484685986,20.070291400649154,89.22589293787806,217.55466729093172,3.6093,1.6345851164694858
7.489402049125549,-4741.350207134713,2356.8406595405295,66.03044286824958,31.441113892111257,11.304729486255962,11.769957207267462,56.8964,616.6829224977024,3.893013246347878e-05,0.07379490865884505,-0.0001997355653967611,-0.008205120207792986,0.0006833463600182728,0.0,15.6917894659772,4.054668101082593,16.09,0.7649945869428814,0.7468877015056251,0.821505607226857,0.7535434987515449,215.8758418240913,0.04881822358720235,25.167557352326888,25.93628232395419,0.09809888264718468,0.041133190994557714,0.0167,0.0,0.013670915650086827,145.59501587884813,0.0175,4.919916055106087,0.024856551482849137,0.011974009760251801,0.005619183775067787,0.032682862905601524,400.0,38.028738295026905,107.95757260216854,0.3003999999999998,139.5135525544721,5.039481096419193,5.194365623474399,14.06737986193065,111.94921096980414,148.71227886056047,5.9470269244799745,0.3572882564042754
7.29835955310623,-4921.738164389115,2823.729921974231,71.7782763419838,-11.929560147847473,25.953209770124623,16.52939895065081,26.75233796595855,634.3218,0.0001402185232427448,0.07740222028007074,-0.0004186163763784382,-0.004476025345675514,0.0002592637320813927,0.0013952647054621247,16.07,2.907116030464286,15.747658163206802,1.263893604581778,0.5248845243448746,0.24845229760882104,0.8581993258504504,1009.2104314063934,0.12342598844378583,21.00253374847066,16.062,0.15021581868168377,0.0591419108933237,0.09711832519306034,0.0,0.0104867864441885,161.90131974822873,0.03432533375527529,5.533338147567275,0.010499999999999999,0.024910190690205423,0.005228916082799553,0.0,400.0,31.745988753584967,6.092299148460798,18.472713646385138,400.0,3.9379087872041625,3.9036867978164467,153.77698907395182,82.7954183679849,0.0,11.45299498293953,1.8936249023247225
9.026378392136904,-5008.202453467924,2325.2209907096076,64.43739982061165,2.463035556632438,24.2811434413451,19.176485327112168,50.495812634449294,611.5652982070173,-5.9915581118060354e-05,0.040935993175491264,-0.0006809744103873422,-0.0076057091558840995,0.0006037813246863885,0.0007174191651755099,15.852866931596672,2.8379137209064575,15.865228178908916,0.6606533266752457,0.49390392952585305,2.458,0.7528269321309723,76.0,0.034,14.972289159859317,16.062,0.20729424915400582,0.10713829396687499,0.0167,0.0,0.01544943289036369,37.027000000000015,0.02691094967343407,6.265598251123637,0.1706636055432302,0.02378589052368332,0.003963163443760681,0.0024347509321699396,164.8208480788058,39.77880159808612,2.5786999999999995,0.3003999999999998,400.0,5.404002286441302,3.923093382720511,10.486477882653315,227.49008072146358,658.2807858381135,24.568590980425014,1.2223098962727394
9.76693886888662,-5184.07316157583,2965.3224689081535,74.63110923666542,13.775354452863533,26.600560602741822,25.28971110523879,38.57614660007219,627.2881414269766,0.00012808214396400848,-0.05158407614587845,-0.0001694306982427958,0.0002515004911978879,-0.0008321320496150386,0.00022852544067327032,15.867506879161837,2.9147488702893924,15.672530260667086,1.357395807409106,0.7451190149130718,-0.48199974547040336,0.7347067497568284,405.98404493541113,0.05362803659508131,23.728584441363584,24.85067298530269,0.033900000000000007,0.08244679823533209,0.02371847591514521,0.00133892923616774,0.0078,328.7056924679573,0.10241069484785342,6.976069949883172,0.010499999999999999,0.013869151197361968,0.005398255278911502,0.0,122.51781408781937,23.015761284221075,2.5786999999999995,28.829409521632456,11.334173358511938,4.154478828420081,3.510584363335179,3.1599000000000004,87.8904251418872,0.0,3.6093,31.531264385947456
14.1879,-5516.1404359232565,3089.4158472273098,64.17527345405107,-2.0937692109314123,15.867354318973351,15.357876272151398,39.89208526676438,615.8043974268969,7.108041240534412e-05,0.11251330538123833,-0.00046728970182018814,-0.016,0.0008483220454283904,0.0,15.77869710555549,2.8697398245920764,15.754355499096894,0.8082668846313745,0.4108,0.6536090055481303,0.6576311811765952,439.849398097331,0.034,16.917866347897327,37.23382676465328,0.1644785434219201,0.027478657636497403,0.02043110124422982,0.0,0.010920623488720249,173.74788159664885,0.0175,4.806298632900802,0.010499999999999999,0.01969346279260176,0.00886866690230953,0.0,150.93797266003637,78.77931503235091,18.128633766360135,88.51345446767485,120.16662007802881,3.8982654573220286,5.0443526581759315,10.845646972065538,28.89013613281011,832.9588240391244,3.6093,0.9723044755326669
9.957758974087469,-5786.9060791162665,2731.6442315927043,70.91031246151186,-11.1900671939225,11.839636616123014,16.43916580579419,24.384869461692425,601.0999713750658,0.0003296821189459953,-0.006164667957925286,-0.00037334653752799557,-0.003648343124118194,0.0010290909390186526,0.0,15.815725386668264,2.398,15.570444791197112,0.6055,0.5126155132023991,0.2695396321387856,0.686790723288852,208.17599264340822,0.0640564145011342,19.467864375659722,24.184343175895336,0.16345133974501677,0.0172,0.035660875120773955,0.0,0.01118303348110877,339.80315652872014,0.2141822832773904,6.256510766221502,0.10228597538023032,0.023469143972631,0.00531764814213559,5.0789264457328463e-05,20.226180746275336,5.147951986286333,5.631326700557821,151.07809684578515,2.511554967514674,5.735003583948764,4.254896655625057,158.1332,68.74598108652073,395.45062749678317,3.6093,0.3275000000000001
13.088747552496214,-6508.931320319839,2418.734195318459,65.79856135366046,-8.431015031925188,5.679730090508782,20.016319474068464,56.8964,619.4819991147386,0.00010022839774454046,-0.11350000000000002,-0.0006301630728854058,-0.002310799055421469,-0.001984690620850257,0.0,15.981412285926538,2.5621645415099423,15.743460997105975,0.617001010825623,0.7552295591110616,-0.518001575762048,0.8363699327234378,1681.697957160493,0.036186897100850976,22.97460659795812,24.012829943965336,0.14373822909406384,0.03586371817891825,0.02268335318865966,0.17867624002483376,0.019872146432567732,339.22557966017763,0.0175,7.447591345362546,0.052285441325346994,0.03397410835119736,0.0032754419035473867,0.0,25.607626595856942,68.37691033017094,32.146931929874825,35.388813720874296,0.828273584822818,7.206305119878417,3.4717370507917487,16.293301057128,128.49481371355526,126.87998182798617,3.6093,1.2496473549768492
3.803257877879962,-6529.212229584868,2698.066848107883,62.7821811080945,-9.333423528055047,27.79511366428843,28.025344473211604,28.55547704296695,632.6039179534088,0.00011575842802806208,0.8666023154898029,-0.000725345167577332,0.0003911422698738981,0.0008033228921303834,0.00020571776252535084,15.90261098075507,2.7545557759194237,15.926973473361448,1.0229954494735123,0.5263543558378319,0.15098389122388423,0.6919026549375186,112.57104181407351,0.07523794444385078,26.71,17.289229320969326,0.052703842843697286,0.06069356196382058,0.03783523475651273,0.000876299905155893,0.009729440254512006,303.5105557411135,0.13044137598759264,6.820779661269245,0.021933680568861275,0.008,0.0049195156414772,0.0009251787554378325,27.375743829646744,400.00000000000006,28.58768823140357,41.98760342298541,19.090078205755564,5.462584257277347,4.07860136684688,6.448961734164127,57.24569022729539,599.1878973919015,3.6093,0.3275000000000001
10.03478027154049,-5851.808683348469,2255.904941356984,64.48080674530036,-4.891237862148484,28.203474437701857,42.63,45.54160247810776,595.3218,-4.854279145594952e-05,0.7084557943363855,-5.566352676681525e-05,-0.005342164409913452,-0.000842815234369777,0.0,15.869093627873932,2.741458435368089,15.755863242403446,0.9372606327901802,0.45656027566197943,0.9009024067768232,0.743534159818401,99.10699055057489,0.12012760709650129,20.54504306050557,18.884610052176505,0.24022871184903147,0.03901583606660779,0.06727699057602879,0.007335708103562969,0.014020301537500819,145.56412355714852,0.07442785988742165,6.96414602922799,0.035862093283207656,0.029766314169677704,0.006611592448356866,0.0,400.0,183.97741446789524,143.0994798505978,229.2471217628198,20.834191894560927,7.1925022327791,4.702442678423293,35.44857774230438,99.7338169141503,218.78142940159262,12.420971344147958,1.2015182533355837
10.811296082524157,-5400.145628200466,2476.204647029679,67.53361162087441,11.266698944548105,25.41417202675816,24.12592540789789,29.30871959595885,608.6991954483352,-0.00020338466999582065,-0.05907030206345998,0.00042861485510109097,-0.003037525644234408,0.0015,0.0,15.787358023898284,4.843222421984639,15.873739180119284,0.8082245183375409,0.47398811393736423,0.20821782520686172,0.7374827426279114,363.5169456563591,0.034,23.56383978030723,16.283320219024677,0.1435347734094586,0.0911909017795948,0.038089484904428546,0.005558960027475541,0.013267111629124594,2005.8744,0.0175,5.425669259535341,0.010499999999999999,0.008,0.006312242626183419,0.0,123.04840538215808,400.00000000000006,10.53102765760534,11.034389309464931,230.80123010500904,6.214945818665881,4.375676548088267,10.108920941843927,54.6689469153378,986.6667,3.6093,0.7225819799282226
9.504711491836588,-5711.012995576938,2431.337565404582,61.843524356201726,-12.1527,18.605821488054744,18.106729907060355,40.08394212601046,634.3218,-5.4121749571485914e-05,-0.11350000000000002,0.0001849372616192298,-0.007089899105473349,-0.0011557698554284478,0.0007539657472440928,16.07,4.129188996256786,15.874334275315226,1.2680715119012582,0.6471015969930795,0.8085758181232554,0.8513968421804213,681.2867814325862,0.12755482648518135,15.598492139806815,22.055546275714615,0.05282838757459441,0.08544723754894085,0.046856636849063514,0.0,0.01406786635829445,454.2727739313804,0.09088517538742194,6.586810566377873,0.021936997569848533,0.17807566958376023,0.014569633506933539,0.0,97.24590136976593,33.85700720038051,12.849035029113857,400.0,400.0,5.87869349095636,3.991662316746387,158.1332,96.36161201191342,107.57533124349814,3.6093,1.804961378155441
4.362820471211246,-5692.644500255127,2429.4040362619335,65.88460077304828,-6.543589106110121,11.175569562228834,18.95186496023436,56.8964,614.2634058490028,0.00015372196800263085,0.045675329643119995,0.000396563542141019,-0.004952269559008184,0.0015,0.00014283050858115415,16.07,2.398,15.757719749588336,0.8322861485251682,0.4852941859540729,1.1515578993776554,0.8217579681413955,91.10196756664641,0.23026823901461313,13.739496131874727,33.121729062422986,0.14147053275192753,0.03997149782826148,0.05659612883514421,0.0,0.012062616733239277,374.22087273462296,0.10454920325407879,6.5606415077589855,0.028477120139246814,0.04188817641422183,0.006107776745758131,0.0,107.24385951738498,48.16373922198232,17.020705135891728,79.4752234373168,0.6279000000000003,5.174808936563033,3.4405506978923697,6.608853205760463,53.13890870844688,966.6305289242869,3.6093,0.3275000000000001
13.622436482217552,-6046.434287681223,2540.8009329137594,71.70435112508142,14.717924287385218,19.372391164155896,20.668653997937902,21.000914628633645,608.9814975937637,0.00017510764189678212,0.008697049755904983,0.00026691339292282093,-0.002933639567957968,-0.0003550743838007526,0.0,15.820463748669635,2.398,15.699550426394177,1.867,0.4108,0.0393164879092589,0.7661395997354278,179.80512378797488,0.10212195725544534,15.342163411011764,30.371840434389636,0.4892000000000001,0.0172,0.17652364651181499,0.009278475405522912,0.008102015005555904,1274.1823157719084,0.08084349513778596,7.335022728988399,0.02177556048067164,0.029035728439977995,0.012292441046856426,0.0,36.6571454753964,41.979706327836894,10.731636482330536,163.22834728590084,8.947915391794627,5.716528914618676,4.433682676656503,7.363535093537376,64.6359106137357,224.56310886944897,11.018503071034287,0.34104553581272357
11.697993777981095,-6494.961195480411,2368.551416019508,67.27894740234429,-9.884590771274466,13.130734888080097,11.80550063943337,36.38456770333047,603.7872802666836,0.0004000000000000001,0.08375195949375341,-0.0002916707935484333,-0.00906483268539399,-0.00039090390017605263,0.0,15.824159603873605,2.398,15.802249766036201,0.7387494834972006,0.7198328403168079,0.8083977906308741,0.7717716403263035,184.94333201756552,0.24996063449818112,17.911067775390524,31.240991751220566,0.18481271158410328,0.08237414789629946,0.0167,0.00279512876055778,0.012782191933902419,170.53404759049542,0.0175,7.01246578847679,0.037079444294887125,0.027765478565608355,0.007256081762630939,0.0,119.7259773250095,37.09885783887188,29.121289310416792,28.697787414165084,0.6279000000000003,4.717746873553265,4.061254594839251,15.034853292034029,170.87829124081588,675.5359731806569,3.6093,0.3275000000000001
4.134289352413475,-5536.651534791654,609.5,72.8305524653823,6.5152279085407265,19.28878467868865,26.44282616901723,19.451938393933858,612.5453441917498,3.840557683931404e-05,-0.04772835136739206,-0.00023120493939860558,-0.012592442568253162,-0.0002723695120415139,0.00022134379061052308,15.77440725257193,3.974649214964884,15.817017810194915,0.6811840062156173,0.48291370464827776,0.5330678143653838,0.7433743757421467,290.1124048435244,0.141070121864334,22.14540820513657,27.75792723909833,0.1094024585008993,0.08591499779334082,0.0167,0.0,0.012460182598617168,126.31254902334476,0.0460632179030299,5.51103595574794,0.03714693330905926,0.06572172863768072,0.005061812504158265,0.0,400.0,13.347612996363956,4.672133837679521,0.7705823943847516,0.6279000000000003,6.543504726552026,4.106027686977615,10.646751765127137,244.4395717040138,485.353702193515,16.794142299051344,0.7896855550450724
2.8960440295607155,-4856.85486269063,609.5,63.49940534250885,14.549752570602552,19.865577902579243,11.149118171611665,40.14157619336702,626.8627979263185,8.136519812002005e-05,-0.04247616535686068,-0.0004305265958950607,0.0017884781365690543,-0.008511386502458335,0.0,16.057316837202347,2.7532047632901993,15.66938430679956,0.7336823028207339,0.4752886511464045,1.1539319893664406,0.7822687612098511,230.48523674421483,0.14827456194475813,15.541168158817957,23.379484097655094,0.4892000000000001,0.0172,0.02662812560879626,0.0,0.014810176949615379,37.027000000000015,0.0175,6.534250152222549,0.010499999999999999,0.03628869104712755,0.0025,0.0,28.331395190869138,118.37554435247084,2.5786999999999995,11.613745067014598,0.6279000000000003,5.716900091917735,4.971790626251288,20.46676765459321,78.07585084394819,0.0,3.6093,0.38161934448739254
7.554594807083758,-5059.763286484156,2511.9718525544467,70.63150128930863,-12.1527,18.31664040339417,42.63,24.683659392625252,627.3136040789714,-0.00039180178227918706,-0.07224476495055762,-0.00044793783668177804,-0.0053259983139844445,6.447619707181995e-05,0.0,15.743379138677534,2.398,15.882251476022784,0.8568217213161857,0.5805718763076444,0.7289877767696409,0.8764,1141.7361724835246,0.034,17.724929190377352,33.777268366779964,0.1846349696703375,0.019329951010699835,0.16759102152683966,0.0,0.010742190318023665,337.06611873558313,0.0175,5.031563092774742,0.025598459261326378,0.03320301383035744,0.006753706277094373,0.0007029197304005256,101.99988688749514,21.465850819764615,6.445249085009804,9.071831258999485,267.6321340418008,4.441863031356041,3.914746490924267,51.290765786903144,63.99846802634783,256.4263006304436,4.866936187937605,0.7004442029537234
8.081084549013443,-5499.639762066594,2464.8557379157733,65.84821455987088,-12.1527,19.54527401007492,42.63,34.98845509013765,622.0146948155813,0.000140826606421934,-0.0001607724384029021,0.0012507151243345053,0.0047875453262449935,-0.001098566236868188,0.0,16.00629396601489,3.47442817125247,15.54,0.9866566950021216,0.5363870196527298,0.33497653582253817,0.8173375952392887,1632.325928271935,0.23477664771268883,17.30688425031072,32.905401231693745,0.21090679711824722,0.042611795152982905,0.03236831361461645,0.006735272526724016,0.010722761288373371,287.5358130258893,0.04224984381588366,4.733492559697878,0.010499999999999999,0.01814908622255053,0.00430537881833204,0.0,53.2808354800902,9.002821387854906,2.5786999999999995,0.3003999999999998,0.6279000000000003,6.822761096078598,5.013531621528848,22.46666880206391,112.34592558037653,871.079758844555,3.6093,0.3275000000000001
8.989185690450864,-6491.061826123139,2488.6537677265765,74.10522842967873,-12.1527,13.29188329901565,42.63,28.30588389762028,595.3218,0.0002640754838661265,0.05586772980218563,0.0008747445433595221,-0.00028338640308514,-0.00015323668474772356,2.598023506345925e-05,15.891992639745744,4.1170951542387195,16.043350807628443,1.4197785531886349,0.765736861289218,-0.23700868198315517,0.761638141967801,206.85242095841937,0.35568357969472264,17.381249097354658,16.062,0.033900000000000007,0.09467950087644811,0.2604864237855292,0.008749744195650899,0.0078,705.8271777674721,0.05802989882571361,6.5501189550983305,0.029463486483655873,0.029724111659313227,0.0077614310770300725,0.0003436233526478897,31.503796241018797,19.268919325692778,2.5786999999999995,0.3003999999999998,13.23658474127781,5.599838394185528,3.2831508769404754,7.122961207702635,252.30402454418072,194.3587658434223,6.834146175663189,1.3808542122113843
2.565712288233218,-5163.419569295997,2609.6506276779337,64.2221920674214,-12.1527,13.28047493152771,13.167838218364817,17.88938266114244,622.7827212976927,9.501877340608323e-05,0.08925516596466718,8.238977319327323e-05,-0.00230579036153597,0.0011374462058986851,0.0,15.900949189565576,3.6250242452336208,15.660314329989562,0.8147873923031771,0.41245418395884326,-0.19450126583804123,0.8229446478307262,76.0,0.3218439339742435,25.150621499564135,17.33056943034271,0.16414380857608285,0.07705763476788322,0.046342286133344575,0.0029943377262414026,0.009512158349493255,444.9538714841889,0.10313090652958098,5.9025037429794205,0.04004851579041703,0.008,0.005205626876345323,0.0002559665959429679,41.61374885619137,7.721581775597233,12.179455051746755,42.49596193789415,112.84867308314277,5.194485778315051,4.061049466830351,18.813127357224772,56.195609827644844,501.7372101799225,4.741957939481241,0.3275000000000001
9.16236748974658,-5058.00612380144,1265.9718837343826,73.05199640794048,-6.82698012668401,8.2313424903067,41.614551609725815,49.35775586394746,608.7877352597214,0.0001603818649125382,0.11692193625594191,-0.0006231189119236634,0.0002370227434025044,0.0009612954470843571,0.019120676780704147,15.728444798403588,2.398,15.81552958948359,0.871642804328121,0.6528723862039307,0.006114720242351046,0.6480039299616415,76.0,0.18714448722460014,24.2443694235411,35.90231339662535,0.035764222559517764,0.1226074647149965,0.0167,0.001971123173888494,0.01570130068162671,127.76119624866209,0.11712385534787909,5.62996757307904,0.04252802737018126,0.008,0.012066755239258056,0.0,400.0,113.40127649205523,2.5786999999999995,0.3003999999999998,0.6279000000000003,3.3303,3.3683087575512802,6.432708064003327,151.47331545287048,227.21268615287374,3.6093,0.3275000000000001
8.987218299164896,-5548.213100171605,2665.5787855197555,69.30995136466191,-4.931308633800395,12.317946915316627,30.003335987280153,23.129208123261137,616.2014641013312,0.00019923277721490377,-0.09697159609089356,-0.0006431004825556407,-0.000898049155444761,-0.00028993356460413496,0.0,15.965513301163826,3.6310002298191617,16.07289822797422,0.6080272478613085,0.46305541698867564,-0.051022846260886434,0.8344623378592361,76.0,0.1678980927214571,24.282354642890766,16.062,0.1535746667097521,0.05882166482867042,0.0167,0.1667429232448593,0.014225181658326869,392.9158541737196,0.07327557430528572,6.090919474019499,0.03208520083873909,0.010615680401420441,0.005931033994614839,0.0,35.26609371196399,3.5428579442881016,2.5786999999999995,14.21537022414731,6.771099960027279,5.35854370372171,4.008988424956407,27.146587327835626,136.8736188853714,26.28144929428217,4.8623219852182205,1.0602492419906033
7.840821420871789,-5214.207566429514,2875.069296982868,64.38399671280663,-12.1527,9.14794121583395,21.174978962227016,40.98560043178676,620.9328729223968,7.652798068643391e-05,0.08995822722436628,0.0003412930808420565,-0.0016809628431343794,0.001247615690067028,3.805102200351284e-05,15.826720813744583,3.488992105927334,15.755760660065201,1.027830863708394,0.4299506559360682,0.3195237641122426,0.8320055437820585,829.4893863449229,0.8052748198687419,24.545566421143498,18.94925497287598,0.05208551346307713,0.5775,0.04032474089205193,0.0010522301767419092,0.0078,1071.5779121330213,0.03903958862203504,4.0902,0.010499999999999999,0.008,0.009284208782582392,0.00367512501345922,400.0,33.09324854991936,2.5786999999999995,40.41916812971604,25.004348102617325,4.551989338580012,2.9647476169014504,12.254339211926037,18.0064,755.5245524631518,10.139332906177287,0.6605701100908399
5.643021180819822,-5192.841187149466,2504.6356430396645,72.13611669505332,-6.013112475364371,26.385422256156534,20.30744599107258,36.726605830142184,634.3218,3.2928496457950454e-05,-0.05573388286249774,-0.0001494302112887545,0.0021316449728009616,-0.0119,0.0,15.792818109107655,2.398,15.801064033881989,1.4518721229084086,0.4940004959600916,0.7681874216265687,0.8764,369.78511526626096,0.1229630679497982,14.79233460708247,35.64862630031893,0.08396045285471845,0.039029840337285016,0.03534870065348553,0.003060753933886517,0.010400499266886975,269.0786038713636,0.07106119876689716,4.0902,0.010499999999999999,0.036447066485953125,0.0048033297376828136,0.0,213.76345865112114,28.76470370487302,2.5786999999999995,24.842617921660427,19.991007392866067,5.218406225009957,3.8613907929268914,17.98840310037447,88.15132703545527,986.6667,8.185131415707621,2.1641810119755065
8.905429818081757,-5404.83510833936,3193.6106306959055,62.19245543207593,-12.1527,17.29761815102363,22.78814389705572,30.28942784244723,615.2924236901683,-2.800334212287133e-05,-0.036840727034378504,-8.635525931562619e-05,-0.008403057326093599,-0.0009041226825238492,0.0011192286545244057,15.924126692585926,3.6497404701545664,15.658781845589274,0.6055,0.4471671913515921,0.016239892159012337,0.8764,745.040089450362,0.2169998370913171,20.001988053819698,16.062,0.4892000000000001,0.08726354698306864,0.03808349641799352,0.009602471546879153,0.0078,293.63372728018726,0.0175,5.520937779555273,0.040725204183315405,0.029613028830162525,0.00718365582179705,0.0006533765558130543,1.328800000000001,37.03554303279735,8.388656906382682,0.3003999999999998,19.97742309813323,6.00560334468347,3.9047256039923717,20.706390223917815,80.88460084630998,0.0,3.6093,0.8293831600844755
8.632030695785783,-5011.435622192435,2394.6901082005684,63.438066374303915,-6.7405509038595675,25.785413483139244,23.180763920610215,24.530159674820567,631.4437508118551,9.356071648373185e-05,0.0007437624006282746,-0.0001142503999077376,-0.01376465292445411,-0.0016025176133059214,0.0,15.78035549502365,3.8571274449962956,15.864625376853654,0.6055,0.4108,1.0814366198723948,0.8579119914918863,705.4803303845006,0.08782535818833959,16.572980941417864,29.000236226234588,0.033900000000000007,0.0172,0.021688953490568815,0.0021028949830204794,0.01722175560623883,41.25650607070287,0.0175,7.038604746335606,0.04967730000341634,0.02463672426106763,0.0319,0.0,33.14752549373233,18.493157742900422,32.43411632396307,6.455269607155122,9.535678886603623,4.574015674862545,2.571639401718045,12.608824190842695,93.0557295417943,358.8989755643436,3.6093,10.610118739552757
4.443989523109142,-5202.547935799217,3173.622029139383,69.29679395718557,-11.85111732602648,34.76596846893748,22.45588425744573,23.963207194257215,621.455239848734,9.540241599497042e-05,0.07975156126242283,3.769614639664802e-05,0.004285527254112515,0.0006876637430754231,0.0002701462588080148,16.00154352260778,3.9558081363822732,15.73781453260223,1.3372789249031838,0.4108,0.43232309991862583,0.8462864209020897,76.0,0.06326118385423525,18.24850787041047,29.217035196518808,0.1255834571997308,0.042875978007630045,0.13117614778067,0.004642293018907095,0.014113216788118468,480.6368473581707,0.04424457438379953,5.911897727468778,0.0314537462424781,0.008,0.006542840644316489,0.0,24.990030307134212,17.19205273467294,2.5786999999999995,0.3003999999999998,400.0,5.023675358357226,3.5005515272001158,3.1599000000000004,77.44375657109532,267.35381184654193,3.6093,1.9736393194586284
11.315175267631561,-4801.263034768668,3493.75,73.21558869747186,-4.252873277713054,21.9428952694252,10.58897008729509,41.77249909946771,621.863875372106,9.067107864552476e-05,0.020498538385993463,5.753109479030809e-05,0.004198621755444951,0.0015,0.0,15.815553521139323,3.8238211036167944,15.763953041568813,1.3014148872891222,0.5313454672667923,0.5771965436087376,0.7768309986001171,720.3496641767445,0.20560695634268372,21.513778445363336,29.48405316008117,0.03833245767027311,0.08165928153142511,0.19896743181608947,0.0,0.0078,1913.4944718822835,0.056692100000617675,6.068916706472859,0.02114474629245708,0.011434112698183497,0.006991150495793588,0.0,30.69957063881072,32.43414441001718,2.5786999999999995,131.92420565184653,88.23144263256222,5.879801827804467,4.0985636502459935,9.289067652604624,400.0,0.0,19.1005710688749,0.6953688362160543
6.106903837371714,-5055.474520218387,609.5,68.86823978671565,-4.993995860789482,10.979915368264226,8.845706212353768,28.896172133671083,629.8477371964469,0.000136342154192425,-0.015903254336375072,-0.00019780816473142184,-0.0009113218691422058,1.4477574728553915e-05,0.0,15.794746067088367,2.398,15.784016743816359,0.6055,0.4108,1.6473631759921321,0.7170130128539411,1159.6085960743635,0.18361644584535336,18.28435921246182,34.26390804809418,0.19837314633683384,0.0172,0.06525293718974493,0.0,0.00834873615885802,397.28275771405896,0.04313970391256755,4.806510319767829,0.048504744446289536,0.017722653180011795,0.005783790551443509,0.0,20.27909851492537,30.893375632626316,2.5786999999999995,7.102637345497053,121.19277578496653,5.899968829153961,4.888066172197092,14.858662130521894,72.28793394409927,662.9738199143774,3.6093,9.55362221016512
6.933551026718863,-5310.088825521656,2760.3899856902417,73.0244056019968,8.40079050513727,17.40516422800855,37.698271446301305,19.826781312259904,611.3611773554815,0.00021591259145080323,0.047172033940237834,-0.0005788609108495059,-0.002013042065268738,-0.0002332856498317076,0.0,15.820668714273886,4.541603538634864,15.834004346824013,0.7626318835416641,0.566744727742764,0.3256877283246211,0.79045026803379,545.868605939896,0.034,20.346631441850878,34.9474105546188,0.19398885679172956,0.0172,0.0845174196273413,0.0,0.01043541178689839,222.9676235527698,0.0175,5.23562243187379,0.010499999999999999,0.027009149761603936,0.019562755590608827,0.0,153.31218270602406,136.04881476715104,33.912162742329684,12.989620769120354,10.275786317148327,6.164347742552064,4.836739160539124,15.564554924895045,229.0294817721751,866.0310367948902,5.119478128090293,0.3275000000000001
2.7930262854880805,-5375.205061626524,2592.2122800967836,67.82462249324327,-8.24585924769198,17.30745207544143,14.705295335773098,19.728805780065105,602.9074033266814,0.00010882711982774893,0.14414468191500635,-0.00017363887840159722,-0.0010605956847571773,0.0005798716041743118,0.00013275879257351815,15.728120961568436,2.7919183259902463,15.88558738655429,0.9820762197199553,0.6594946123255562,0.48711794823201315,0.6968762078339105,306.72759728058395,0.034,18.182605291187027,32.14564263832064,0.10874739509085114,0.062209977967329674,0.05939951898094568,0.006567565163749829,0.0078,252.16648185495052,0.17456322791103868,4.763388971131505,0.20070353633583174,0.026923190554463166,0.00402690706835005,0.0012700259777231441,400.0,3.3354999999999997,13.816043368722182,12.053452310962808,0.6279000000000003,5.552627713989775,3.967567749568513,126.68961687257288,68.91827024414414,231.20437600755804,4.119287467846649,0.3275000000000001
5.825820972980038,-4840.256062247937,2819.810105727756,68.53514263366911,6.745310995417903,28.077656161953207,14.151077349812839,56.8964,617.2271250295171,-6.376629070310234e-05,0.8678935620223897,-0.00019849973127480786,-0.01144106044619719,-0.0035736489840436305,0.00019115039384293004,15.699270001344587,3.568419796320733,15.754224885435493,1.2285391087201916,0.563438328394202,1.094987286560354,0.7909217070977136,4170.0,0.034,17.864013377573862,26.990188990323748,0.19836667674978034,0.024205172105273294,0.0167,0.0,0.0078,175.26741129699639,0.09310851322912883,8.093510899778453,0.0317413326805693,0.03403692248997582,0.007402567441794619,0.0,31.5105160018762,110.36092504210588,2.5786999999999995,31.81751076552382,6.852356067953873,4.8178539016573705,4.879296861907578,16.53640711656844,117.41104022900197,89.23336932340442,9.087951729807537,1.8455884252187225
6.490844636270069,-5332.06683258165,2271.1833776985027,60.797654275023554,-12.1527,13.90345442609578,20.523399398260025,19.28582801263112,623.5129822255695,0.00021263803761320386,-0.04696705527917945,-0.00028173319325389986,-0.008235969893448047,-0.001391652817685963,0.0,16.035754393379698,2.398,15.594253942443354,1.0919261094001755,0.4108,0.9199563708751144,0.6711525893319257,76.0,0.034,14.551363252499199,35.38579292855295,0.3115291898442045,0.03527012101538468,0.04070828615988222,0.012787771748052311,0.013554583265961482,84.17294098009529,0.057756453485840645,7.94369431154919,0.0380662477967276,0.0369886435917498,0.005939364896828437,0.0,1.328800000000001,218.84836858142563,19.14315554063483,0.3003999999999998,0.6279000000000003,4.463096809161082,3.370548481663019,17.488709246654153,92.00114725428911,737.7092410894261,3.6093,0.3275000000000001
12.883660274986212,-6307.496621977192,2695.3349143231485,75.26403009256119,0.3320793728799689,6.162824816703597,16.871610039561958,41.62353614858535,612.331277592533,0.0002753746112493889,-0.11350000000000002,-0.0005249773562258602,0.0003091765440768786,-0.0008921522540887136,0.0,15.814984704082429,2.398,15.823845728220236,0.650161253425906,0.43383180403903593,0.1567836573150374,0.8340070023818676,76.0,0.7831352513425454,20.356822929884743,32.39514990181761,0.08945632437138153,0.0172,0.0167,0.0008443405541119608,0.013178385734340055,37.027000000000015,0.017663425929062615,6.626460932803487,0.012415702582557133,0.026915276736477554,0.01064721931314263,0.0,21.757669385032344,320.5125247889556,2.5786999999999995,0.3003999999999998,50.90522667425684,6.274845988418492,4.929238261479212,19.584821395612643,208.14268868980346,128.0896969988588,5.606318396944266,3.12274565784219
14.1879,-6600.428963181954,2513.2908908644604,75.9444,-6.962854517724182,24.99654996172661,16.756327719630928,48.55869893756026,600.0750004906262,0.00015489283739806716,0.009417880287199268,-0.00037519640223725333,-0.012647516094253006,0.0006784109387600218,0.0,15.699246884197265,4.495935428757498,15.941006257142606,1.437086947644993,0.46591691297661264,0.07520576803417778,0.6649613545600719,1400.2529114221015,0.034,22.231816629178947,37.73731686204209,0.12869468900916178,0.07996581174116525,0.07845343075045308,0.0007669607499743577,0.013145821270534581,44.72058698673328,0.019682081952117368,6.1114965218697535,0.0302853151706824,0.008,0.0025,0.0,242.37307313787662,31.654074425454212,11.969853957299065,0.3003999999999998,20.334047792064354,5.75511523115472,2.6840423772664934,14.014593149573393,168.5527555652812,552.6776405548392,3.6093,0.3275000000000001
11.080373878425496,-4765.33574967826,2757.1631104443954,60.2667,-12.100456000249174,5.244136949574196,6.4482,43.853867946851295,624.6054430341043,0.0002915767982168949,-0.10314748676720834,-0.00019110599732638088,0.001973865263623453,-0.0006485926371142386,0.0,15.859058669988025,4.544279302869133,15.678478950798844,0.9939771420052426,0.5532638298081897,0.3404437498736912,0.8764,316.11740908971353,0.16113431293673122,19.22245271036542,29.220875134721332,0.09905955969060311,0.09018027105506041,0.021137896282415147,0.00023091205893543683,0.0078,1890.1019267143738,0.03201913412201775,5.7889476674318905,0.03265145950468976,0.029531104969645956,0.00712175143916907,0.0,1.328800000000001,3.3354999999999997,14.78546645597901,4.126514663385201,0.6279000000000003,6.413622588198477,2.1869,17.448609975412275,293.41746579789674,366.7669997088842,3.6093,1.7568561923507202
7.0147520610843905,-5412.1392557715535,2661.8761374416426,69.56536540165565,-11.558483844770947,15.924349292393313,9.698540477251555,16.512315825859453,611.3736296567752,0.00014179171494368905,0.005937640546288311,-0.00015172150522551218,-0.0014736636014451177,0.001112305550390978,0.0,15.938124344659327,4.18338102180674,15.617572602794926,1.6661091190607824,0.4496312413081899,0.06109896961580363,0.8442319366219145,141.2062650468406,0.11202740733299159,18.682675350086996,30.93963897947716,0.16083240343239857,0.15556263941971826,0.02975368639603779,0.008045421490772201,0.0078785022665179,272.84831610982604,0.0175,5.0710450071206985,0.010499999999999999,0.11206538039125427,0.003591376464228412,0.0010425873561586327,25.63297956015274,29.987444294742957,3.267114886145203,0.3003999999999998,6.594195974629082,4.501147946073122,4.14660093981871,5.029730487262119,232.82212983933042,226.3764500131509,3.6093,0.3275000000000001
12.68969899222168,-5278.580087850024,1381.1972203905989,61.63155180476296,-11.801573351392097,13.100475099378428,19.2392530726417,48.996993646625,608.1075702513803,0.00015344973454729045,-0.03082095584125944,-4.353192654013392e-06,-0.01159525994705386,-0.010562259902825047,0.0,15.76919271337652,3.27500002974936,15.952503668380393,1.6568832359679604,0.7434115822923256,0.17181611884251913,0.7913990351643654,390.5744116873152,0.2419193259144965,18.844813953932924,28.786555592995793,0.033900000000000007,0.05709925180290265,0.0167,0.01067718757502536,0.012174203686841717,462.393805874545,0.10351759602631976,6.354748382681241,0.022457676902177735,0.044230519722042415,0.004244816565400219,5.61602301942779e-06,1.328800000000001,30.822354518438402,16.797592673702695,21.364870040150983,0.6279000000000003,4.684949274798007,4.180441228263219,8.3817197269296,41.522042597347344,224.67516716548585,5.9522970600951375,0.5296034373137515
5.451642093025802,-1368.75,2659.6668926665557,66.79124388020506,-3.044141230378942,18.853187240766584,29.35251767216595,30.440907025958506,614.9786529958504,4.54972147527097e-05,0.07366845293980354,-0.0013,-0.012965230269622723,-0.0018407355844351062,0.0,15.8507691969885,4.55052146365261,15.792707635108954,1.3194674692824813,0.4411119396824752,1.2068734939536792,0.8252942429736094,649.41361843539,0.0830325910813245,18.753012341521615,16.062,0.08317250621318907,0.06120164036683936,0.0167,0.001461413699999656,0.012456754995171744,297.24052634058023,0.0175,4.746031676322106,0.010499999999999999,0.008,0.007699697765483066,0.0,9.979276104822072,45.75471146244432,2.5786999999999995,0.3003999999999998,229.54949669382933,4.2157422507044675,5.2491469904823544,10.9038509705426,135.22117872369193,323.4275479475733,5.805038687546482,1.630738189043853
8.039715374087642,-5434.497329609536,2612.0507719538314,75.9444,-9.379128264244164,24.13616415789732,18.492150408475865,34.14050858840094,613.373725145347,9.741669699879005e-05,0.04368832184220087,-0.00014563562611032388,0.0021687955671887225,-0.00018078257251190392,0.00027574323775473377,15.979773132844063,3.2632542974716503,15.640206208275968,0.9075400494456476,0.4108,0.9550024797614809,0.8364528548807272,229.5735789015401,0.6354575209559394,17.99457164063936,16.928930674210285,0.4892000000000001,0.03579554290620193,0.0167,0.0,0.009540181366678802,457.6265372193595,0.0175,6.125403213243893,0.010845977543078263,0.008,0.004519985162175581,0.0,1.328800000000001,33.94201774119833,2.5786999999999995,33.04501885670824,34.88052712297562,4.978338036368132,4.007368685217282,10.360562035215201,115.4276978450309,295.2502215478589,43.871108348209184,2.4719488609427067
4.349601788067935,-1368.75,2441.084890610872,64.39792198085172,-12.1527,20.37716434140711,39.87225128946001,28.7348490814752,623.4818836041171,-5.970465465122934e-05,-0.06113219015310154,-0.0003260215120479894,-0.0033770565718283605,-0.0003520465477741434,0.0,15.837453964008287,2.398,15.835317233190453,0.9749496392903341,0.8837411988825443,0.316157698694464,0.8024726178864487,3947.6461797896377,0.12925123900591315,12.16,30.89244623259571,0.07097523198540694,0.1147778699980119,0.054691717614484256,0.026134992908512747,0.009132180631892675,103.86624832739344,0.06646674375123023,6.244002077539521,0.019936734385960213,0.05281105245469979,0.006222455641231858,0.0,400.0,26.380859153474706,2.5786999999999995,22.118060551036887,9.308122540654706,4.77241323290009,4.238051833944338,13.542025102935398,400.0,353.71212560328644,3.6093,0.3275000000000001
12.3511292401302,-4912.246859509973,2657.6854713549055,64.08588058333626,4.598935248347855,15.280084905317029,7.8186314327201565,52.04526079667309,613.7009304946642,8.059278750212838e-05,0.05608531668412143,0.00017063315171148387,-0.0064197839240812005,0.0007518690936292393,0.0,15.82002408910505,2.89066939156061,15.666694689020256,0.9165671009195056,0.6184275298725613,0.7320447687115341,0.6632029533896397,210.18442358536203,0.034,15.55887597524984,37.22464703508528,0.15534121571488752,0.0172,0.0167,0.0,0.0078,37.027000000000015,0.04398723390332111,4.291787556240263,0.03912511789672741,0.02197352182578131,0.006041226203811874,0.0,34.22279026910601,71.27281245822746,2.5786999999999995,18.038836940648952,0.6279000000000003,5.317742684025307,4.214091705557816,6.2269351382478035,182.88870877824672,944.5992196894558,9.519709904695013,1.9826401589910452
7.396936752891062,-5449.0416212739665,2764.4450002215026,68.51767268702459,11.490909373533075,15.093300364922742,24.12028193254989,23.896583412695453,622.0383800582431,0.0002571316855942405,-0.012525817158042638,-0.0008443793091381769,-0.006619211540604977,-0.005500820948473226,0.0,15.818211500936016,3.2328841182946917,15.554737408444177,0.8999357626016726,0.5824346437792495,-0.251851181691014,0.6983464084063309,365.065792097813,0.034,24.84815314530151,35.06622846311052,0.1631594212272997,0.03890685939991538,0.0167,0.00010472489320316274,0.009849431454194231,37.027000000000015,0.10377720625860534,5.786563397444272,0.12290427876694013,0.031760061390215796,0.003876461995103689,0.0,118.79172998518698,40.040971570582386,2.5786999999999995,128.97080263181763,16.734699968914963,4.3081215985322805,4.219160489605503,11.36321195143005,81.46385327410829,187.75608491086132,3.6093,0.3275000000000001
6.4637382530799705,-4877.94092100009,2925.019672037322,64.69636601011116,-12.1527,4.4283,26.836289201672933,25.52746690829391,632.114109859498,0.000266203785771562,-0.05723713425255333,0.00010510205723107915,-0.004696956210498588,0.001385643516069174,0.002207040871092426,15.789559509897325,2.398,15.985776678724413,0.7588753026219419,0.6683352390355384,-0.47124087994904984,0.8387450977651467,76.0,0.3256790822997139,18.145622596868616,36.236061982014085,0.033900000000000007,0.02996027416070463,0.0299708468418128,0.004294213659491487,0.0078,1715.3165723391794,0.0175,6.393555460421736,0.0425021645724651,0.021424037716392196,0.006370970519471104,0.001475766862748542,31.21732222551912,3.3354999999999997,30.85146451767843,46.8949984696449,40.60084434186814,6.87556662019804,2.1869,14.982130838232308,91.65183968509724,478.7604433136165,3.6093,0.3275000000000001
12.03787556340415,-5150.8250623260365,2589.7355523898523,70.70449383886677,-10.44236518617397,4.615144458856989,24.770208931883772,28.345171005003298,606.2260297778755,0.00010905073837889106,0.05123980014920092,0.00014077369701737125,-0.0009664452436748787,-0.0004753872050338668,0.0,15.76465639454107,3.7450109454841045,15.77422114745608,1.3045992807711067,0.4204941138648025,-0.524440846252702,0.6397906093969792,209.57635572341053,0.8137767146121038,15.000517500642387,20.569499041812914,0.05371842054037015,0.03770659310765358,0.04744927730023311,0.00713240294936209,0.009501660755034853,61.777793367894446,0.0175,8.8015,0.020614454095067118,0.050644959130499614,0.006489026046767462,0.0,24.879778051757135,28.83601670470511,33.06433161776759,0.3003999999999998,0.6279000000000003,5.646350564205917,3.78203256706634,18.55938143379946,111.44375904404725,89.78282643794995,12.897643822477994,1.95208921694286
9.818905470501798,-4991.66697826602,2509.8304850651307,72.49611105649322,7.304000192274792,15.454133040529243,11.570448833502146,37.49414783484154,605.4393273154991,-0.00010609392093074987,-0.023580866623032572,7.802816803568539e-05,0.004062096593734474,0.0006672494386691592,0.0,15.81958719214033,2.774967334143332,15.862834737164228,1.2637491800462952,0.4477455793850399,0.6795322172468583,0.7122421442677621,310.67075142393395,0.06963115429513422,14.17226702673987,24.284061937117794,0.25560298459419206,0.0172,0.02893032241172004,0.005660711973030577,0.011740037244732354,165.25476342915096,0.030883014395515745,6.496483513797583,0.010499999999999999,0.031238455576205408,0.006268114680610141,0.0,58.13731444839488,14.699345627225341,6.880756841248552,94.22780683396071,0.6279000000000003,5.6245634241051246,4.623882539697322,28.36508621757386,99.8238187894159,961.1916133897288,26.46086996105237,1.6519734391768564
6.224098108174264,-5637.648396253319,2521.6922493611305,66.68181865547851,4.270409610447938,22.62474715167118,12.596467641201023,27.916344970146383,618.7683451000819,0.0002686810931165753,0.09192112885369913,-0.0005973614286099093,-0.007551937570613676,-0.0009755221770707393,0.0,15.930146629486067,3.7792043630503165,15.780146905026614,1.1224067428437277,0.4701192999560826,0.618068944731383,0.8162236885429983,76.0,0.18446373796562926,17.049073538423336,32.86657903037459,0.24829645045869575,0.0172,0.0167,0.004805269902661783,0.01682681770919384,994.986567051801,0.11097135971583187,6.595606718923598,0.04921728040328208,0.014738048773325803,0.0043724050706504345,0.0009618145041616021,175.47453282942917,20.028703093264816,18.03579961241826,0.3003999999999998,0.6279000000000003,5.884537652450495,4.255098577539233,11.873204084182131,119.35173962400305,0.0,6.144699006349871,0.3275000000000001
8.704506674474587,-4666.085439212543,2818.3417147255122,67.27284736184347,-12.1527,7.691338461879874,22.012193189643025,26.050459221944664,616.221471147524,0.0004000000000000001,0.10215046833638664,-0.0007090593915108578,-0.001539138999116993,-0.0006065804893618277,0.0,16.07,2.759814448637811,15.909595106860468,1.1930284395017836,0.450710433069498,-2.7890000000000006,0.8591752773606982,82.38955185077873,0.16202445520046843,24.33011145706429,29.615234885366785,0.1955905928104882,0.07048250460543118,0.052423540082069946,0.00705816141958618,0.009018689524981634,280.45469038251935,0.11720553804142256,5.1190796037340975,0.019559605475561834,0.02532191372936221,0.007980690180391938,0.0002210764539527325,29.294263402593796,53.464111059899004,2.5786999999999995,11.308598976592757,35.66927846331213,3.5119520245189273,4.580333782738426,11.054991199910344,186.73804809440594,30.894496928030804,3.6093,0.38866054563096486
4.025361663387088,-4802.53066685233,2830.2272413940286,67.37308015781471,-3.0780047286398218,20.354321018821175,7.332569895225717,33.20743019053995,619.2466964286743,4.33067996772211e-05,0.032206769641503416,0.0006297930526557676,-0.006929932725383495,-0.0003448817714954038,0.0,15.848503536869245,3.917739833615982,16.09,0.9578814674511447,0.49545857276915894,0.1780162151753728,0.646558358058158,433.0841301905997,0.050435182762155514,18.088030933958382,33.99701753611063,0.033900000000000007,0.09072809375661525,0.020536681298342803,0.007741390973055158,0.0078,398.96644402030745,0.0175,4.0902,0.03170893030197882,0.026489367041136754,0.01060600313981034,0.0,39.91274707890541,40.96540700876126,2.5786999999999995,0.3003999999999998,273.2230188540774,6.481284609110485,4.011308334414325,90.49369920053255,84.72447410996936,986.6667,3.6093,0.9486559359529243
5.791717152216788,-5176.66028819631,2804.8619663642176,66.80974384539425,-11.095325373561804,13.767537581568876,14.15439786472562,36.4835287632098,595.3218,0.00013809436524668837,0.0273800445077779,-0.0003769563136264149,-0.005670160820476412,0.0012135569563773254,0.0,15.727686741932999,4.494570053323994,15.77429650968241,0.6055,0.4108,0.5842737711135364,0.8558171072423167,76.0,0.12697164852818796,23.22384241067015,35.54561336736057,0.15605528999095475,0.09442627975852287,0.0167,0.0,0.014739478987766003,259.5983939317901,0.032827946894615066,5.433287813323875,0.21209902912670794,0.041935796507798696,0.006632968245372183,0.0027293580467708713,400.0,3.3354999999999997,12.690678304233137,0.3003999999999998,12.030777651497214,5.371575260388874,3.5906678300174772,6.955213221791476,83.54535881422632,726.5583235436435,12.872533867940055,0.5982448875436108
9.03897612778562,-4804.24721330394,2732.1346018014983,61.657766269431775,-5.897862089972589,14.16049498040767,18.903637751475706,44.397556825537286,620.5614251304477,0.0001279719462232776,-0.024745532840530913,-1.0451299647466843e-05,0.0006694644007405864,-0.00023213336318275254,0.0,15.860550489610656,4.353949774718396,15.762755784915349,1.0433158860051994,0.5445958307341432,0.28811788103146996,0.8112793324788767,361.62328185398405,0.06285320398126072,15.501938455973503,21.365620468021106,0.09118897927027936,0.08668975407264295,0.08829913776154452,0.0020841033041623445,0.008133529352943708,166.1572081154817,0.0424147064949839,4.207620783125739,0.04347487526249945,0.032771040433789464,0.00647219103477835,0.0,34.885864690701496,6.136032509461316,2.5786999999999995,0.3003999999999998,0.6279000000000003,4.149225021553866,3.7187916048753027,158.1332,65.77203115045012,745.6989310719952,7.732885448955223,0.9804977806634616
7.621810182145093,-5036.497322420355,3417.0448288521548,67.20842866818076,-10.574637203471124,11.112994950561495,38.49847234714217,34.813879314343964,628.3836791969092,0.0002879466750734688,-0.11350000000000002,-0.000596317789480589,-0.004148847968180201,0.0001586291509241952,0.0,16.07,3.1643765076785826,15.639247749706598,0.6055,0.4655455769186361,-0.09208679394528108,0.6726821129105895,76.0,0.05860766014444367,12.410925862586868,29.49842453305189,0.14223490600502367,0.03756770622805097,0.040451738104380866,0.006286141082116132,0.0084558215884044,250.59929356115393,0.054225149205676546,7.067117738054003,0.028259211261542898,0.029528835235896677,0.0026659736322344626,0.0,41.21045738174175,40.16762753809435,400.0,0.3003999999999998,0.6279000000000003,4.888591985018726,4.16273117469662,20.971910440564066,41.266247456725694,69.52726127009365,3.6093,0.3275000000000001
4.719368011764695,-5280.1640280108595,2393.586284187535,65.48410907389805,-5.657711735928169,24.09952911685953,18.18634405206613,28.362597298979402,596.8492013839619,0.00024454977732082136,0.04634402245899242,-3.959378058130362e-05,-0.003462298429895965,4.42060885542496e-05,0.0,16.07,2.398,15.729177001739496,1.223930716210585,0.42225817645959585,0.627280636239379,0.8297092759839183,76.0,0.034,18.083102557375465,24.671100400344052,0.13953404110291479,0.034722421077036235,0.029211781630587914,0.0,0.008454420801802094,419.628692263489,0.09653736156083365,5.429473371625279,0.02240292676591914,0.04077912606639642,0.003028461044355559,0.0,29.167941366848865,32.89317049465884,27.394881602891836,167.71583964580637,0.6279000000000003,3.9799869828434424,3.9448924688138174,18.25974137360531,108.86006009193734,654.941031125388,3.6093,0.5327918997991312
8.56086698995997,-4938.6172194793535,2756.1762577402355,60.9030849110307,-8.362660616151004,12.30257336834739,9.257503250425291,26.28134254197536,602.7712623402558,-4.187416805512083e-05,-0.11350000000000002,-0.00022211288096124076,-0.003429659344461926,-0.004300872376664355,0.019696893111414256,16.01250145433065,2.80334322710398,15.874233098390025,0.6055,0.4108,0.11366021533453641,0.8442760276567138,283.76649022535736,0.19981178272231895,16.837669624054577,16.062,0.08532993558360887,0.05425520897789701,0.029552408330529127,0.006191562592616728,0.016924095009873883,37.027000000000015,0.0175,5.558736509585419,0.01959352533611968,0.024769938797023307,0.006153584957287754,0.0,43.27450447354731,3.3354999999999997,400.0,15.944797728906899,155.61273269765417,7.238479850164165,3.333515067664625,11.321417075672008,18.0064,764.9031438701406,3.6093,0.897128200559744
9.1655910140198,-5106.459085584675,2632.289421992364,73.38860858198358,-12.1527,21.862924035369034,17.432906933188388,56.8964,634.3218,0.00011645504735724674,0.09146694818395076,0.0005029404549178521,-0.012368271548796241,0.0010019408572979431,0.0007909382606738142,15.999140366623367,3.9576260513587127,15.986522363318155,0.6055,0.44996055338056495,0.5953363309261022,0.7680452184268098,846.8431617389599,0.047812455912924365,21.365563660320408,29.781465792032566,0.08413825130852587,0.06472175891693582,0.01978548762492885,0.0022212403338666585,0.008266864305342028,345.55836319718463,0.0175,4.1139466568983245,0.010499999999999999,0.012506719069074548,0.0043287599316181305,0.0,53.38451193326796,33.89974110356262,341.79155206036353,3.2778613482014336,229.73317986241577,6.863057837735981,5.151502329567527,18.879811310870785,114.79843311057344,903.4780455471042,6.556488311764988,2.8192752400186425
9.876898437710222,-5264.110436137399,2624.398199912118,71.59081210996999,-9.493022964428482,11.960831402445105,26.256375782525744,34.718777445216176,616.0495227231406,0.00011612255189881027,0.020983065285560903,-0.00021421863048433996,-0.0013169467496806104,-0.00019455014876553387,0.0,15.720780113987727,2.564747450126395,15.596683069642708,1.0787408389752418,0.5576837793460464,0.4619439925894764,0.6948877645742575,494.640029942588,0.08087906039727202,22.733888618934714,32.699707907490094,0.16518655926392514,0.02670475337263903,0.09753726866990498,0.002950259366929342,0.009094127143386546,1853.6532163277498,0.07574462230420442,4.471864044641576,0.011316286590637312,0.02370672328350502,0.004506807691101252,0.0,39.68223950930343,44.44833595389177,2.5786999999999995,222.16874566718298,86.27905991087998,4.163769725832432,4.55195233596264,12.538076004345864,69.74183507439511,179.13274537013342,8.654085997246366,0.4345847926286466
6.263865384987492,-5607.926918661,2814.4720054934537,60.6835878020633,-12.1527,21.246665667059297,19.460872876497877,13.427109466659477,607.4677287068109,-4.8767401120703455e-05,0.022421137604557908,-0.0004810485281832202,-0.003941486740924031,-0.0015631561562725273,0.0,15.880337628464325,2.806397320490028,15.664159086975367,1.2402590429476774,0.5053415097786629,-0.8040059709107423,0.7073265582302313,610.7537891235309,0.12105587801464832,12.372396141718403,27.196597377071768,0.07698326514232665,0.1988482899425526,0.04655092869852309,0.007229167094212029,0.011887686932063012,203.10215381698913,0.05408548818444721,5.31211133774554,0.01804247482826185,0.0110499867000807,0.0056809796549851755,0.0,12.449060696750939,29.668847490267357,2.5786999999999995,124.41690265723707,8.487753124120427,5.031498077801684,4.274492590990731,17.802630166882132,104.29071161032769,533.5500280072297,4.369892990371577,3.321948632370639
5.600537136083199,-5710.133406297364,2473.514622841526,62.6714359058199,-9.08334786623022,14.784558994332329,28.842687332714497,37.08267055148094,604.801348315753,-2.1746153302620698e-05,0.8854,1.9436392454944236e-05,-0.011938561591057157,-0.0002933784098349142,0.0,15.81434827574852,3.8543476862371313,15.598985803231692,0.887461148456403,0.4108,1.0628673430582092,0.6664608616517133,76.0,0.1478997543297871,15.478549524400115,18.95811887314048,0.14650306137308347,0.13366978110354774,0.03027387334980843,0.004133535995035444,0.014721345255899618,267.67486553711274,0.0175,6.1782515944532586,0.022276992316976368,0.035180351992150756,0.00400708643976951,0.0,41.602812884004464,220.95404589181368,35.5265111218589,77.66527004119115,13.723577738442051,3.9379160423588977,5.042540532068874,6.934838549003349,273.2050284559792,158.78108601234493,7.528885548659759,0.3275000000000001
12.959295912584519,-4912.843024072606,2988.6237689850323,67.94393717179938,-12.1527,8.468620527777492,14.298782731157306,54.42556304513905,634.3218,0.0002965415111626892,-0.05888021479302906,-0.00040748587056325963,0.0006587257263728358,0.0005801709574305085,0.000599004692221136,16.07,4.097584012194569,15.693032798353492,0.754224665053994,0.4589420026900184,0.5090657977364497,0.8764,764.1738653834987,0.034,19.520896968062697,26.161318522733136,0.07729059583582339,0.06745943053610659,0.027986940103879768,0.00689995467230271,0.0078,314.9774404822008,0.047190446342804226,5.408107148684584,0.01863925112954333,0.0849090104834774,0.008900776893215112,0.0,123.85764520384865,31.961936690618657,34.91717472228932,15.37847145199976,0.6279000000000003,4.936164482468231,4.231555024279789,18.988085527505895,52.959677057953385,409.4606459201118,3.6093,0.8654687634342079
7.856465722635962,-5116.279564987364,2716.716619897216,73.41204294391127,-1.9475980528252097,23.11935511870471,14.097656381985766,55.11110804806495,601.2680079609853,4.611723362999983e-05,-0.05662260595845844,-0.0003182912030289764,-0.009632723859797212,0.00022183817914703423,0.0,16.04251180939938,2.398,15.85474794800596,0.8010545631552188,0.551533491403769,0.11635495960705144,0.6677054615031539,76.0,0.22047706270433315,15.712977743076664,36.14710280960683,0.0726969146907076,0.05369106716643106,0.0167,0.004843696878278301,0.012275086111601323,356.88466048772875,0.0175,6.969493775133058,0.03589870843698916,0.032888768918752004,0.00594361985122604,0.0,216.0666359185744,12.164477269215247,16.19407199207712,0.3003999999999998,0.6279000000000003,5.593384665338896,3.705285372609133,8.223542264731757,58.55689277726751,830.8057727542572,3.6093,0.3275000000000001
7.09877121503572,-5756.88884307752,2895.3120088590294,75.56465897790636,3.3023371874082827,18.357390082446983,21.876899572653766,24.346787862262378,607.9117619192647,0.0001148989951376972,-0.017799961122716305,-7.8097825130965e-05,-0.0014379174352866092,-0.0012251741551757241,0.0,15.918577830114465,2.7946096453417772,15.87415345510345,1.3439223653641172,0.4108,0.1504126404487217,0.8564200709251685,157.61699678224517,0.10703558962523319,21.035132177824117,28.79456950838558,0.2009401271252718,0.023966979056840927,0.02480088403306752,0.0073072774592836814,0.025686816650396082,405.4444324240267,0.018446056386886053,5.9382988751003,0.010499999999999999,0.009290968138663654,0.007576065717721993,0.0,1.328800000000001,63.36806361184982,2.5786999999999995,0.7249395804511813,22.498171751100607,4.665294747125291,4.6386749436425285,10.917113839775585,199.85669454282674,548.5734828971381,6.11758957712914,1.5339516199133294
9.104314788869507,-5323.871363883741,2439.371225223641,69.24047764446026,12.140143844187158,6.830200685240962,6.4482,56.8964,624.5845288143363,4.8990011414279695e-05,0.11415006040401249,0.0003629578009765589,-0.004499355325970221,-0.0004424599921023356,0.004200206340991953,15.789022439368795,4.443845764176703,15.642714927131685,1.2443375702277464,0.5401234027420776,1.107636551926988,0.7226221721655048,252.8721841378507,0.18898538573346518,20.3151792809709,25.082310923897495,0.1533940400984211,0.06639054172127476,0.03488008057981816,0.0,0.01177660900873753,392.0161646004766,0.0175,5.687955457503089,0.010499999999999999,0.008,0.00793039925033594,0.0,17.744446422132782,6.085980472517964,15.95630275764308,0.3003999999999998,72.47624716134516,5.552031358184482,5.012960026550736,3.5045005254688375,320.48704200755816,867.9239899672439,37.84110409255188,0.3275000000000001
3.698660962262583,-5572.53324246356,2961.0598653307316,63.0147104247059,4.083820366189169,19.555752751176968,22.28279177702909,22.70341750107711,595.3218,-2.71852754901724e-05,-0.032394449616463566,-0.0003914957245190163,-0.004311034721125247,-0.0092284575212312,0.0,16.07,2.471847053111319,16.09,0.9884695789139194,0.5772632132173454,-0.36753445559912046,0.8115976277861157,2340.450449596245,0.931,20.080132339651954,16.062,0.09434521261244828,0.035426857201940415,0.0167,0.008910545338367984,0.0078,2005.8744,0.0175,5.60462485247948,0.010499999999999999,0.008,0.004267871026011176,0.001231866043718504,104.6820851284482,22.99023644468974,2.5786999999999995,22.88742643428129,99.51925339358566,5.447584090507054,5.8606,17.35271881726106,33.88751101713238,0.0,16.94896124049785,2.864486826659346
6.983633097633021,-4883.351926200023,2307.7905350175665,60.99793211482199,-12.1527,24.81137665735779,18.322797673811294,8.7636,619.2865063331984,9.574009490273297e-05,0.09812047615227765,0.0004639966018485914,0.004535002255764149,0.0005417515294747007,3.6396024900844186e-05,15.830916184692448,3.4730199317978236,15.739184780696611,1.1808466641773148,0.42873335384974043,-0.2593334319264742,0.8186653166467238,309.1443784641769,0.24903033561151688,22.052681388029388,23.469638045343782,0.14935277820338155,0.07415691508031823,0.029938253381849127,0.010295655971831286,0.0078,143.24185352436274,0.5255,7.258486405071475,0.020253437470980032,0.008,0.006890921307642458,0.0,47.687638492450255,25.317878843577475,2.5786999999999995,0.3003999999999998,12.899826871574799,6.7328591596684175,4.188986587665129,31.168881631576284,88.39028462853285,163.85722953463485,4.331840127061491,1.1241870470412376
6.739329736682501,-5245.034410374035,2313.7903555168155,66.82760981386588,-3.975203377918477,22.84612687257631,26.604009107674347,17.629628038625125,621.0125484814596,-0.00010238390155131751,-0.04168772174929933,-0.00048209642469448834,0.0003471671946091749,0.0002694213211251791,0.0,15.798058469148756,4.472458914802653,15.967503417863156,0.6218535605951919,0.4661737056913897,-1.024634203562853,0.8348295114420118,119.92645759081051,0.034,22.48434312498285,27.65223712311179,0.3013514417570914,0.0702744649800349,0.03685708549108853,0.006489651732985019,0.012825374943693051,402.9867181836189,0.0175,7.15626665436353,0.01597442833066834,0.008,0.006235983228120214,0.0,26.05777259845648,14.469179301346509,30.452779166684895,0.3003999999999998,24.571943612483793,6.629148603690981,2.1869,14.76398222198516,55.88493855787091,261.87982599580056,3.6093,0.42693851292747165
6.721273379475606,-1368.75,2811.3620421388146,62.49635722193578,-10.110254991190093,23.90176134217645,15.658170570321968,50.952302635619866,613.5299759584725,8.036182384983507e-05,0.03605941968417805,-0.00022462228509059466,-0.009693481202203254,0.0015,0.0,15.874694856535829,3.1942514648279428,15.802642096839778,0.6055,0.4876786462784534,0.19263788521962522,0.7452552520603428,76.0,0.12094188094366234,19.4517243205045,33.767096487062894,0.14081894562297861,0.09425612995445276,0.0167,0.0,0.01248759271702566,109.47806861333092,0.02110110048448991,5.5508980002767725,0.040385897096378846,0.03135561006572239,0.006692008827906001,0.0011337285826203561,108.44028417516424,103.23605403523202,14.904916579958034,0.3003999999999998,0.6279000000000003,4.197042761147392,3.6207292428518056,19.251546571492824,169.965864033235,517.0489763177236,3.6093,1.4033665028985116
12.441795234556073,-5326.582610059169,2404.124086005575,67.37432130231242,-12.1527,50.66180693625261,16.513669999983556,27.367004817854,603.8613031038212,1.7833279377604815e-05,-0.1061252394016049,-0.0006041460182844039,-0.0035410443739377706,-0.000453407486286082,0.0010890387969441182,16.07,2.5768638522480636,15.812527556328627,1.0661636038076574,0.764968621972059,0.25404139051979524,0.8004053154233836,895.1061455505983,0.10771169717883784,15.101498538481964,16.062,0.25446117574889976,0.04382188241066188,0.0167,0.0,0.009048895752740198,281.05189263912035,0.3635352227157942,5.427103404172725,0.03597180263101813,0.058012494190176525,0.0025,0.002375009132447445,5.925383689969973,4.699650168445235,126.7959236846835,16.74139674361139,0.6279000000000003,6.325203480018489,2.1869,21.679021248610177,71.99760254453003,110.0217973376185,6.941599993202448,0.3275000000000001
2.7161985847058636,-1368.75,2776.6911792687283,66.61516607309609,-4.554343157036673,10.26703171665899,21.622365074790874,27.312926722424802,614.8739982719887,0.00013148673352746305,-0.1115630477897942,-0.0007871615793914516,-0.003907433691019677,0.00141520231964098,0.0026762455975278014,16.07,2.398,15.752350979685179,0.6055,0.5657218433033097,-0.2667715288082364,0.8132403728557146,76.0,0.09975773341855716,25.119095437479196,32.76778926582057,0.18602185868212434,0.0172897840278455,0.0167,0.006018713306436437,0.011342363122183098,480.38302640292966,0.0989714035601538,5.531029269700768,0.037840531091099056,0.022004927452970932,0.027380771098547085,0.01846703781584519,400.0,14.253889260059333,7.4623348032119425,184.98091298506478,0.6279000000000003,5.088636663313769,3.9433783647247322,9.414202613648877,138.26549931957842,20.2833171591615,3.6093,0.6856542707695856
8.339191802589347,-4802.578578618088,2568.340708833524,62.10378767308977,8.465061897854095,34.0552624168301,21.943539584146894,24.025516790592352,628.6442179647116,0.00014257434074744536,0.08444914445677773,0.00024756789773088596,-0.0005554848362618239,0.000739086158430857,0.00026819837859476175,15.819973915199427,3.23271809119243,15.54,1.1179025577504054,0.4108,0.7869354573525782,0.733233685252806,76.0,0.10600308932599095,21.995987966672466,34.76786633281286,0.04960748028971408,0.06222049043548525,0.018140990781690035,0.008634108156138208,0.01333870010770601,37.027000000000015,0.06638890513434659,7.649053488988716,0.03757540399924892,0.008,0.007947401060444146,0.0,122.34310965437155,24.222488685032047,21.419033759724602,0.3003999999999998,0.6279000000000003,6.627602091324777,3.837093304684555,7.633545437145003,101.41136923837826,313.99036085024903,3.6093,0.3275000000000001
13.151160097801274,-5339.650308722881,2661.6300045484736,68.84679852995174,1.5372178879619869,24.975617187200545,14.743922640497725,33.1864569169845,613.8296152599236,-1.4660941530432624e-05,-0.11350000000000002,-0.0013,-0.0017517325884581353,0.0005631049426396183,0.0,15.897693861696254,2.5722257554327594,15.793959631263682,0.6055,0.7332123334207815,-0.35211525604125016,0.692148370266436,928.9859330950494,0.07343617616298045,13.769532972708195,22.060510765354536,0.2589667064458111,0.04338300163149573,0.03733663804884232,0.0,0.0078,206.46719649662398,0.0175,5.864779614867009,0.030507274958834152,0.05266566027366078,0.0025,0.0016072924867576715,25.41973227973194,3.3354999999999997,20.537559235661313,4.382837995748725,0.6279000000000003,4.551247252691329,3.098457101280506,11.320009668361685,91.56137957671844,247.6895183537986,16.79747844595029,0.6160879169996807
8.080379130221306,-5442.63084263748,2522.8248629306927,64.10014098705425,19.827812565063503,11.524802520123519,42.63,37.53577425886468,605.8642259145628,8.727386631200918e-06,-0.08613926236750172,-0.0003560843373623483,0.0006160207050314812,-0.0008071887418571573,0.0,15.721979398930833,3.3901498436453332,15.665908802768385,1.4195933714849431,0.4108,0.773653611690502,0.7167358618341763,76.0,0.16039765869496117,14.920147860776776,18.36222160146427,0.15658684978484083,0.35332419364920437,0.11016847672067023,0.15707367280200904,0.01597386746965287,1232.3787837384111,0.08387196037761793,7.000655727218403,0.0294347153321166,0.02250768429493305,0.007013005169751008,0.0,31.643211088894297,104.83794920637828,2.5786999999999995,273.4077553848441,0.6279000000000003,5.561251092381556,5.238459230376064,3.495537664839313,89.96995132740076,986.6667,23.435031154351503,1.671319920332691
2.2493,-5393.953921205003,2877.4127613901155,69.27292496618207,-9.125590317228793,7.618596372141324,16.271409913514635,17.10838799318886,595.3218,0.00010296329892266856,-0.008843063721811024,0.0007645486736576281,-0.010207424993983052,-0.0012591182971957696,0.0,15.70160246134299,3.5716776099295022,15.915169643318752,1.1245722456954088,0.5843010626335269,0.4052279348466755,0.8091594321824352,247.74689176000754,0.15181937343029087,12.181863479235858,29.42411054691332,0.03978106616517014,0.0172,0.03798723882208045,0.009110502609352547,0.0078,434.3911732305494,0.0175,7.453731339533481,0.19056432940577808,0.1368091724492011,0.008313147369027503,0.0,18.818588916683613,16.651616087065246,11.194004221984146,4.677958693051167,0.6279000000000003,6.3395837341230505,2.664615063444046,14.61597447641298,31.613715491677446,164.9099760995339,8.91855755759315,0.969730286967786
5.522585922872402,-5477.163569414188,2659.06961238465,61.523390574693636,-10.077460900481684,7.083762156780632,12.67973963268226,50.73801733874363,633.6625860141693,0.00033598561139924364,-0.010136793720291878,-7.982273563780448e-05,-0.005790607012823955,-0.00048129883544058874,0.0018454310541857794,16.034604619149096,4.087369144985924,15.639550854937507,0.8707356101610997,0.5182666682816918,0.5246581974183786,0.7175374298819673,76.0,0.034,26.12860189317059,30.987410289640255,0.21835897600000756,0.055547307541151336,0.033232913949748984,0.010725208000353668,0.0078,361.78768822096845,0.07538304057162926,5.8021825603207615,0.011204723768892557,0.008,0.0070778180659671055,0.0,24.74594049400064,400.00000000000006,6.686565842777128,14.097272093960274,0.6279000000000003,6.578688912936006,4.8847673696242015,4.453036765997284,45.69803439467869,986.6667,3.6093,0.3275000000000001
6.424263525730979,-5272.642053226754,2653.3664678533655,67.8605729348369,-8.943580772997706,8.174041625090254,11.775417159610019,29.15410870599412,620.1988220920487,0.00011368983803155865,0.8854,-0.0001622337391978852,-0.003708942901813948,-0.0038569968675987855,0.0,15.781176475102296,3.8055748319320784,15.663922564086844,0.7039036917610519,0.4108,-0.44950848469778953,0.783312493253292,76.0,0.17495037577731087,25.635480587018208,26.831768192702643,0.10303123391562008,0.03861334068041769,0.0315819853063991,0.002566854634567332,0.0078,317.2693987936594,0.04756603656915408,5.826599721985248,0.02829267035939429,0.02617473400778901,0.005677219753742505,0.0,331.45142340806115,394.2076461247201,11.598650825210264,29.73936355197594,2.404922261989288,4.325797126003729,4.17939937158476,10.562683214900265,168.29296603443754,0.0,3.6093,1.8408377771330202
6.755857626974477,-5048.915861094482,2712.699007065586,67.52051257651382,4.100217460072988,19.591717999290765,16.939949220637065,43.03969070851354,602.428025703485,2.8625757444807184e-05,0.03032884363288695,3.493724597766719e-05,-0.00037635521720665206,0.0015,0.00034347549165399365,15.81600922878334,2.398,15.881173438941463,0.6464922078408117,0.4775606415011293,0.8201860777907224,0.7384338298595517,76.0,0.1412300739483205,14.03333244149561,34.02554858065193,0.038940168881531116,0.08198118268343928,0.022065906981179474,0.0,0.0078,236.5610406874272,0.0175,4.0902,0.014286182124859798,0.04718933298462809,0.006784924205494109,0.0,136.61489199429735,9.497740182352642,400.0,22.082562031397238,400.0,6.278523456171257,5.106486194764589,10.893580955612327,188.34486156471658,248.40240580378347,7.4526622127944036,0.3275000000000001
7.288227713667801,-4837.1922029858115,1138.713461068723,63.3871893516334,-1.6828847543687275,17.016607523439106,15.387765080375521,23.911491703093578,599.0084823883991,8.414112039389755e-05,-0.07090411943109134,0.0006580756795109254,-0.0026033644292464964,-0.0119,0.0,15.721647114177907,3.8485710004130214,15.627858256139346,0.8664221395184788,0.448661664821481,0.7486634473943246,0.6882785829016729,76.0,0.13620615404658776,12.16,36.05712098258625,0.08402988520577433,0.048295225478085756,0.14372320562990537,0.003897807432347909,0.0078,340.0988245296678,0.0175,5.824656540309428,0.010499999999999999,0.025003813818194047,0.007733173674907319,0.0,30.7816990380341,34.735293080344796,2.931696980838872,180.5000671275592,0.6279000000000003,4.729814994934956,2.744351843602389,158.1332,76.90508576205681,130.69723839588374,10.082576990670358,0.887835437854187
11.622679352011751,-5805.842543830126,2506.9165176853535,63.902198052722355,-12.1527,8.89269075965153,14.774184783683074,49.54841886087857,620.3552981022776,0.00021267303724967142,-0.043472774345904075,-0.00034532193382119566,-0.0047764776243250035,-0.0010686750039512747,0.0,15.78813955516978,2.981139591061826,15.814269393490013,1.0641992974548904,0.6295267090838073,0.9401763150878448,0.7191192561632893,76.0,0.05927816358084913,26.692066909048943,24.965732222680174,0.23761509575789513,0.0172,0.040280697663329236,0.0,0.009012109587082715,342.06629296131644,0.0175,7.667431779144403,0.01794739032787264,0.008,0.0040409073908655585,0.0013830078575600296,2.5998762443876604,3.3354999999999997,6.462905642280573,65.17505326768864,30.03143901565683,4.637318109121938,3.566095686671848,15.364065332744126,315.1909139711473,0.0,3.6093,0.3275000000000001
7.982893492033875,-5962.728344725035,2472.1472013192642,69.0140699807922,-2.3249582491023726,24.444318318291934,17.05905420554126,40.16631649674608,606.0107819923884,-8.136982685730905e-05,0.32600069955740063,0.00022705623686036618,-0.011684810885685355,-0.003984374974559102,0.0,15.887714576795322,3.6212916885929145,15.655839994415976,1.1201970496551252,0.54208816137716,0.08464366319518846,0.8521038627805431,165.1603568315233,0.13731520410631165,21.836911304093533,39.104068312801,0.2596560149985716,0.0482945866933913,0.030232374447444477,0.004656084278843675,0.01670335794816481,618.0149251701154,0.07208529551475056,6.182334781253133,0.030452070497671388,0.049838494923722665,0.007219430279501079,0.0,17.685684021033737,32.757606414485025,125.83403300269006,224.06840067460507,12.601772151770867,5.334679686008081,3.5293123066929737,15.127791455512845,85.25996937727605,0.0,3.6093,30.72924245033975
9.282713275858859,-5062.394666452046,3409.3692999633404,60.889188205685016,1.1485088199136702,19.776576073913006,7.979745192923506,19.731121833381554,615.171747977501,0.00013776310474790762,0.10553948889136427,-9.460504956451728e-05,-0.0032872026408103695,0.000643819431955794,0.007218741490453542,16.07,4.161719198759193,15.595287539612348,0.7044254231912012,0.47156614133167785,0.4410692673319184,0.8022872400234095,157.63420018743614,0.22178663894608316,21.630383029720004,33.80941252148787,0.2567256203156246,0.052077516368305383,0.02927894697285973,0.0017400551269167108,0.010986736274406097,237.11619734394904,0.0175,4.0902,0.010499999999999999,0.01151210437605769,0.004786730473012415,0.0,179.39538283397985,400.00000000000006,17.994535680939975,0.3003999999999998,0.6279000000000003,5.406855152116495,5.8606,21.140456283408653,109.5281307945026,568.0203326294983,7.028620772514264,1.2636693362314024
10.65959634550703,-5060.379374488696,2692.704550172583,70.20207576608917,-12.1527,4.744482707864684,40.395565404534295,9.836570201596547,631.7796273481745,6.198765022181408e-05,0.10240168001923314,-0.0007802731353997431,0.0009603969100163545,0.0013423023013558587,0.0,15.990803923223721,3.093691524678201,15.848100727626646,1.0832661562414672,0.4319863827878041,0.22380665625085783,0.6029,76.0,0.1191994034715795,20.968962126625904,27.042361973441196,0.17678186628831738,0.044306629145139824,0.04334817377890877,0.0005852731354733564,0.008934523143962715,1329.9011606814133,0.0175,7.855405043033517,0.012015934680577711,0.008,0.008043663261307215,0.0,30.90421283798438,3.3354999999999997,2.5786999999999995,0.3003999999999998,3.52251506086653,3.3303,4.683558842551458,20.147120475717124,58.95981846810166,178.59829053535526,3.6093,0.3275000000000001
9.43924066929388,-5450.508090062278,2784.829462204237,70.23699537986163,-1.8284067195205238,7.739548512951455,24.673488877679855,33.82730909298778,596.050999588522,0.000273551606076481,0.05828868511498431,-0.00034411248256616193,-0.004836237996074476,0.0009206288131444459,0.0,15.712520408280618,3.462631160368965,15.80760683522778,0.7715106419656962,0.4688112979075535,-0.34784657026974164,0.6606811778096363,173.99081531991317,0.16123365651668264,15.243531215799111,37.61187614069436,0.106519875302204,0.0407422269768773,0.018646244712782246,0.0,0.012524388553705686,417.05694378870044,0.5255,5.956266528256591,0.039375839026434004,0.046565818173198575,0.0035211613233499814,0.0008269452809871799,38.967975993551164,51.486866358237975,39.16558928036062,0.3003999999999998,0.6279000000000003,5.036774072789655,5.8606,12.46981215989836,76.757993336286,73.58096681258567,3.6093,0.3275000000000001
14.1879,-5160.598890100771,2458.0022164113097,66.3914850999213,-12.1527,16.54255929870573,22.710015977199063,38.315461584619825,623.7866571248943,9.716285611839425e-05,-0.01842923327584926,-0.0004625612663620636,-0.005959793149976364,0.0012623639587756588,0.0003869243491873973,15.746466786788204,3.008968122404302,15.96900800816114,1.1536571469910308,0.4716835725356411,0.7171663806896813,0.7620402231098943,387.2000778038715,0.05968340651313103,16.839284733289393,33.02216825837144,0.26119741788142165,0.0172,0.09568076255048857,0.009068839061214886,0.01197228705694391,182.74800616732284,0.273578366185134,6.996471534607169,0.011485372708615774,0.031226496568583246,0.004605362107104168,0.0022316505922727365,17.19139485670151,12.074704314320513,2.5786999999999995,7.515346837161255,261.3601222159008,5.496318174057632,4.030056831719838,8.931031542987357,89.28790442472311,737.9618426066337,3.6093,0.4692765683957143
13.307686931798086,-4686.378273936086,2177.7017463040934,63.55679199478949,-1.2260778841183257,18.973607092252188,23.280287989082623,47.28981467428105,613.9491932740273,-4.5300124241666193e-05,-0.022652235702340522,-0.0005927166894105333,0.002113642283536353,0.0004710704745164321,0.0,15.862717796167427,2.398,15.815076025643325,1.1965958599893867,0.6222522188222961,-0.34697944813963644,0.6731494345033057,242.02422372397115,0.20511296147111063,19.163816263171583,29.57668472242354,0.054995665082315924,0.024588316072447026,0.0167,0.0044141971252240975,0.013051754457933228,257.65607480778044,0.0175,5.4337962894785825,0.02796184380912647,0.03415669543710825,0.005481430046111282,0.05232573383697438,34.697821386923835,42.97137693232239,40.92210612577516,0.3003999999999998,20.299846168772003,4.62451329843271,3.3696228097204677,158.1332,71.02252797924693,821.7931845828776,3.6093,0.3275000000000001
6.515185339709223,-5150.701064766152,3210.313398901477,62.67754451513053,-12.1527,20.681171371756676,17.43591505248162,29.86984176682601,614.0206266191068,4.9885039476454834e-05,0.05403240694446127,-0.0002761979516637539,-0.003421807116877693,-0.0005669263294823654,0.0,15.739408140940759,4.0677616352229276,15.641457868865587,1.0159056281962084,0.43153730631552767,0.205387222899857,0.7713272630898447,358.44897755589477,0.034,25.265495963936274,20.566779315488738,0.05277480670738159,0.1252913448880972,0.0622568128102301,0.0,0.010340747082907132,240.13249296147129,0.11269475523961636,4.096233761805345,0.023795863470108616,0.008,0.004809192565669199,0.0,39.21017979009102,25.300277414461455,12.489820023623249,0.3003999999999998,21.439030676622963,7.2903,4.683585008421303,11.348280533914812,124.9751037445316,986.6667,3.7497888363995617,1.4325325463376595
6.304471482600373,-4987.785568126062,3376.4440893487995,75.9444,8.367044977125044,15.522026664695373,20.506714527140755,48.8477842538773,603.437688677508,0.0004000000000000001,0.025805151469780865,2.8898353280956017e-05,0.0009773748868322114,-0.0003956741794552394,0.0,15.669062370760289,3.1671761706379846,15.985461585594619,0.8259219464670879,0.5054121958735315,0.6659375678697381,0.7030709874361813,599.1543769148233,0.15902972670726268,24.043067020089772,33.10467498152915,0.4892000000000001,0.04516008358860496,0.0167,0.0,0.0078,1302.2184054886695,0.0175,4.196089107157705,0.031302173399213123,0.009486056210810882,0.00510552232896617,0.0449117229617568,147.6282446598032,3.3354999999999997,2.5786999999999995,65.7012437300827,0.6279000000000003,6.594652761308755,4.031326132598338,3.1599000000000004,63.78910589272351,986.6667,60.5469,1.3332959531735913
6.174366148089342,-5337.305901926721,2590.036343849646,64.68953266990789,1.3237663025771005,5.0541923777283415,21.316764491137715,17.420617441198825,634.3218,7.476048697195225e-05,-0.06265152244180533,-0.0002954212567684947,0.003341487070097838,-0.0007309269574190838,0.0,15.800569241401012,3.0593876893304803,15.870581584241314,0.6055,0.6177223653006809,-1.0590009749186085,0.8259452460955794,76.0,0.11219300344062483,17.873246759279613,33.881226976889906,0.15719499231394257,0.051166641002070655,0.0167,0.0005889902705149992,0.00920895813313458,319.5878784919388,0.0175,6.839133926905247,0.027095647704758787,0.010317888102988063,0.004119299549232029,0.0003414238710819431,84.59761338732076,12.181668213554026,15.590109595483975,0.3003999999999998,121.39295063193485,5.816921222572565,4.275086416615971,19.05855348872295,69.08932276021339,457.85069884235577,4.087512408623266,1.4193288339856198
11.007811428895486,-2154.9673715321915,2651.9710809031017,72.69994438111236,13.604297983653789,22.885132776458146,24.856469318223077,24.781047595066518,596.73312710723,0.0001357130642498985,-0.08645188377882138,-6.098876170386811e-05,-0.0055531996907718295,-0.0017275605697157149,0.0,15.797885059925099,4.15727569707344,15.762922364812027,1.3001263523919653,0.7560347882616739,0.12812933151200034,0.7226280344084599,91.1243810550659,0.931,19.205807583663308,16.062,0.179222464152423,0.4535123506995897,0.02236208221434175,0.005170783130714668,0.01139470961706811,128.72732622300725,0.1013690615326634,6.193377600311863,0.012827240013363059,0.017149679105474464,0.0106158932916483,0.0,158.50915828694073,159.7022432779583,2.5786999999999995,0.3003999999999998,3.6727437289904614,5.063802036682454,3.76667304697845,17.705301163157444,258.0295070954142,986.6667,22.863020845383446,0.3275000000000001
7.520241915316367,-4765.443935824861,2696.0591722077875,68.43458822170268,-5.369613875342504,24.92633103115449,30.921706137143246,36.02472330416271,595.3218,0.00012447202309239847,-0.053266991664432536,-0.00032120586476571983,-0.006231635513407235,0.0001886239112038245,0.0,15.919428437621812,2.8704575370446466,15.802856531235708,1.2524502305549075,0.6727448278074797,0.2579322981490898,0.6486500409037864,76.0,0.034,21.857850618669598,24.529582673881734,0.06313867127279395,0.06957830494827158,0.03884811015984587,0.00778849567638918,0.00939338085403375,37.027000000000015,0.054206581358288694,4.0902,0.010499999999999999,0.013025275207785519,0.006233671403137455,0.0,39.03476423418234,11.654520867526667,2.5786999999999995,0.3003999999999998,0.6279000000000003,5.753362708221954,4.886279529371971,16.68361525379919,400.0,318.7915104838628,6.349617835048347,0.9063593188153287
3.961913346323369,-5189.008643827075,2456.199311640125,69.11813017848237,-8.658170988404388,15.156913101658576,22.809663823648663,35.10608620783365,620.052596669482,0.00012959227304769452,0.012512300630460714,-0.00041477325059522275,0.0024358779375663574,0.0005407070835782179,0.0,15.908006788302545,2.398,15.672890532347159,1.1599499526430548,0.47352350387862185,0.2612591351040854,0.775474606935205,87.46973458251233,0.2207144919824665,16.657941013814543,33.11916178352156,0.13781142313150396,0.0172,0.019936093016339237,0.0028499781195673933,0.020621982606561257,222.09674148031385,0.23296294574199022,8.068794617942489,0.01608162570933929,0.008,0.0027780476233222103,0.00052650014174635,1.328800000000001,192.2771603909744,8.43250064123538,5.207988113861184,0.6279000000000003,5.24565720198882,4.376486694004465,17.173639402779095,78.01775674521458,592.823949636027,7.400825937979576,1.7344768693736246
11.722310528278642,-5755.124623623103,2868.657686929835,62.93468345354074,-9.35030792078744,18.216612178511234,22.66016918506393,25.30563443718676,616.2916396469825,0.0002996941218117227,-0.07887992949177586,-0.0006009331140410523,0.004171097562944613,-0.008881359861965867,0.0,15.872258105083112,2.6063570535272356,15.75488683346308,0.9397258903964241,0.4108,-0.3227344783524473,0.7461096450260677,318.98549570153136,0.931,14.80130384596676,16.062,0.07125584264595569,0.10805224276822459,0.03462699319234988,0.0038421507328103596,0.0078,340.0084590113345,0.06074201498460332,5.813805029342273,0.014813707906638947,0.03295339965216167,0.012511410469084421,0.0,196.73782339570175,274.91214754830713,2.5786999999999995,198.9427189945269,14.287213768876473,5.416017046607761,4.508166400389843,18.478863047979125,83.80462808464415,36.49510735427555,9.427750451824044,2.4901697290441254
12.439623642737898,-3634.3427580732778,2566.58011962831,73.46265604723936,-5.016916919647693,15.852167959521367,13.296227139601084,30.4532251483227,629.9944855157023,-3.854038251943276e-05,-0.08542768411995685,0.0008210044610472529,-0.00919393225794142,-0.008006065779448075,0.00019998647879369583,15.769490185899922,2.7637490437546735,16.014925357146875,0.9799015966528353,0.6644593795785096,0.6778851581842316,0.7688300396238716,573.6917601703964,0.10091777159416548,23.84449800146608,34.151830116079374,0.25091270729631,0.0172,0.03321674155469626,0.011481039166109775,0.0078,162.3698313845581,0.0175,5.975733961131525,0.03041180572311786,0.0447108864150291,0.006230048084069157,0.0,22.670866923490195,170.5617778012879,25.022162663645055,11.773159838524302,0.6279000000000003,6.492571390633581,4.692618955974693,43.45928834806624,177.6379339681206,952.4918310786186,3.6093,0.3275000000000001
11.405547955838445,-5992.429700964466,2585.9770713209978,69.37301847138926,-12.1527,25.755568756572316,42.63,26.370681451050864,616.7305691069439,0.00012561765996895661,0.5181712833009509,0.00034064041128828546,0.0019176864005913258,-0.0005605688362977961,0.0,16.07,4.076895258287403,15.761118888271547,1.106509171321267,0.5758648390517266,0.8666960649334008,0.8658125930592109,693.7535404493145,0.6349862162495409,16.91787458580221,27.342793797287477,0.48392741476176093,0.0172,0.05095710286311099,0.005566980706636122,0.0078,263.7386853126407,0.03691561026701198,8.8015,0.01113341131328669,0.016471989214130674,0.0054893549787948534,0.0,46.78842699583495,21.99806633730984,28.655678267967424,123.31631818270974,0.6279000000000003,5.888599732974052,2.719368458101771,14.34498551848779,18.0064,0.0,3.6093,0.47166744167882735
9.94777044292607,-5087.236439471697,2315.6766758303665,74.2161827109129,-2.8325993619869982,22.440186705142203,16.698695778694894,56.8964,632.9394770167386,9.284917074861988e-05,-0.019920988446954273,-0.00042700770845065033,-0.006625181769342185,-0.0007025541258220051,0.0,15.780549534732177,3.289664150473547,16.073931575860826,1.305563213148496,0.5328767405328154,0.09170486878081119,0.7931571627292912,618.9052077028591,0.09332834775465197,15.69364410013565,32.82181688329548,0.08547740527467271,0.04725981504757578,0.027059608032211954,0.0035571870161352666,0.01919072305157966,1378.7118466194722,0.14873338624007937,5.700970606103643,0.023095348269512723,0.008,0.006663749594513871,0.0,23.122331536436185,28.822372533329254,2.5786999999999995,0.3003999999999998,8.603304178901793,4.341507850089039,4.366104715483141,12.138090170346128,127.17181485261304,229.5779166156524,4.4291480563726076,1.379741247714085
14.1879,-4644.227062340098,2869.363443129052,68.76461374205628,2.6528980825018853,18.439828324442143,18.611554775796197,46.71099706602887,615.5614250630217,6.943370022469787e-05,-0.08594308026043704,-0.0003902787583397868,-0.0001671040803580305,-0.0008473715077418477,0.0,15.923572321811852,3.631441989848403,15.681926973979888,0.6699248440085008,0.615421999257402,0.3501381782139451,0.7780515547023912,390.700715534129,0.5831987420850037,19.988570826177106,31.059466446841355,0.056697203653457345,0.0172,0.09312562880892528,0.009575280191716147,0.015069972833154291,37.027000000000015,0.0626004014069682,5.541120458955513,0.010499999999999999,0.029742587101661996,0.007187554899512378,0.0,41.89281804611301,400.00000000000006,22.514537394569373,0.3003999999999998,5.197023663107036,5.4685659980020205,3.4140059003968544,10.869343643073355,91.84534067041649,517.6228727788524,6.62244555419675,1.1551876936396368
7.671080836306958,-6706.091664547182,2568.659581329804,62.99595882213503,-12.1527,13.985830697474574,13.34138999373327,18.439647771419416,611.1793784802402,0.0004000000000000001,0.13946773253511174,-0.0002896825820506683,-0.01198901480826206,0.0007361238856208426,5.2581355179885425e-05,15.86059946938549,3.3766072190626173,15.733405143126758,0.9860846949283264,0.4850161854675551,1.24915558414911,0.7965236058469879,76.0,0.19761600764982956,24.78125623896187,27.830642935305484,0.15757829249235072,0.03924096988942351,0.032802007954170015,0.0,0.0078,100.88943353519221,0.5255,7.53082555579857,0.020077540771307217,0.014726970372786695,0.0035638543167605496,0.0,122.64191390043595,3.3354999999999997,18.296067234545493,89.90013395603702,17.629585192432984,4.4239847626161515,4.558105452272759,77.348364719321,18.0064,944.3275425462401,6.659252570727434,0.3275000000000001
5.502833689050975,-5936.524369582064,2455.448489345979,70.15667154704076,30.20807899748795,23.72430757582181,26.464885519926682,56.8964,595.3218,0.00022020191334035476,-0.025602883311269274,-0.0002641112443136547,0.0024592313249982185,0.0011114453313747514,0.0,15.865324978794334,3.1017168051701964,15.708508497278391,1.0318941235824968,0.6279115134735496,0.8784572895738652,0.7402634896659664,76.0,0.08668420280472391,20.494196312184382,29.102668523612174,0.23270833521902184,0.5775,0.14436743954642922,0.0008054287911256828,0.010209583976264376,204.33091645269846,0.0175,7.430887854018808,0.03072002531753506,0.02193307447234457,0.015016970859000837,0.0,112.53438266613864,44.60681417326758,20.641502051127986,7.0128204336961995,294.1007735415332,6.293170538744424,3.75369802347836,68.08693314676532,213.76202341292515,917.4534989096398,3.6093,0.6903847916661163
5.376877904655901,-5154.419638572653,2466.784075048705,63.6113711241376,8.6328476772952,43.62499031064803,34.47226794187161,22.178159653091413,622.1970077993317,-8.601763081952024e-05,0.05480802954109585,-0.00025516729116344724,0.00212539266638777,-0.0010180253214378532,0.0,15.882798064769,4.0467594497078245,15.61256299021777,1.1528620518461623,0.4575776674350892,2.408752933040618,0.8305323721050754,388.2090087464484,0.0349909227889571,19.09913071442496,31.08322651293863,0.15472751289053124,0.04365829464741688,0.11024815918084437,0.009874873603746311,0.017095190296769196,245.2919598289897,0.05515186102441759,4.44544557972495,0.02138969792506754,0.008,0.007743954968153208,0.0,47.98934266631261,20.92816056569263,7.46254538142454,3.9838638666458577,8.40181196065701,6.513328119622313,2.976623149276432,14.189654713319811,140.1070953585077,982.0167978539196,7.984614839900629,0.62496661211938
12.965910572639551,-4636.699715389566,2953.629870727711,67.28084739310805,-6.566492477024491,12.569343040866741,6.4482,37.67566209244472,624.5237118648968,0.0002796459466333799,-0.03480005553242117,-0.00013360187801142513,-0.0027065469910118,0.00029836458149850995,0.0,16.07,2.518973798469859,15.576566837781849,0.6815922391822135,0.4108,-0.2723331203481607,0.7341284901038853,76.0,0.1505585362631156,16.58750652717554,31.291093219577867,0.1463818226889251,0.0211663390540344,0.21598359670236644,0.0011060543056644165,0.0078,175.89983299127977,0.0175,4.750580256395328,0.010499999999999999,0.05556581894434519,0.004993209972416772,0.0,267.8169766865722,94.41215590612869,2.5786999999999995,0.3003999999999998,171.7062596441198,4.883695863998705,4.0303779789887875,22.242982354511945,269.897394528039,30.492164694737454,54.25276059961036,0.3275000000000001
8.077737393419003,-5527.0438462378825,2887.8461186528866,70.12106547639283,-12.1527,53.9451,11.476864678627956,38.43821613275314,610.0096371662262,3.355259532841811e-05,0.0064950434056892156,-0.0001094759718234182,-0.01047548981392291,0.0005784008328449519,0.0,15.912081878835354,4.374391200851494,15.7233688889887,0.7417777814102546,0.6340084716518062,0.7097124851479542,0.8764,764.4505063840345,0.16553866078818913,22.477272923123,34.66318022558123,0.14123684393134178,0.21433093381049248,0.07979352146926143,0.0,0.0078,248.7050738915778,0.1934698528358492,4.4885595901325,0.040980765968811644,0.03345374369417301,0.004262750949438693,0.0022160397748833137,251.35530235233307,21.607788615014936,8.426984784316565,12.890820767098365,122.8689975758712,4.497654992132147,4.5313033484425755,11.225000011974178,33.511087579998815,157.7550942585146,4.651792158276266,0.3275000000000001
13.727953903503177,-5261.9056791391085,2488.4469664083053,62.62980596186956,1.0296439753204543,19.186832205160428,16.649710897443345,50.7211467574121,627.2363021523042,-3.334405255885146e-05,-0.09124182438806261,-0.00031257053955384184,-0.0014792249638467588,-0.000574345296901981,0.0,16.07,3.868734758664588,15.998970983770269,1.6483987531246878,0.4108,0.33617696579273404,0.7304837170058799,76.0,0.15057918119863417,14.399106615406616,32.358399233230735,0.4892000000000001,0.030477262450870915,0.016957521552572675,0.005305222115350186,0.0171123782718397,153.19168974343327,0.08951941886430359,5.892097877504355,0.11019560507692006,0.023077048837532897,0.004423525260522679,0.0,30.916532863692264,3.3354999999999997,2.5786999999999995,0.3003999999999998,0.6279000000000003,5.035466138013681,4.236978443772932,19.227828883589023,116.06572799734374,171.99952064369108,8.745802913718377,1.7198466720878625
10.323793420802682,-4933.509947283942,2685.095289073765,66.24684149558661,-9.902143122467196,20.628573559340964,22.37749001474561,36.196349064360604,616.0198107459864,-0.0003652371530477078,0.017701131299828598,-0.0002261229154685501,0.002407195525242387,0.0006204393174517949,0.00031691268661958154,16.007416235525532,2.9392532941700398,15.76229120502046,1.051585606912557,0.5482704130163519,-0.216775035846196,0.8157866550939585,757.5911150244622,0.1443652277530042,14.985764772653011,18.61882418737576,0.033900000000000007,0.05659024181824097,0.15138269900141899,0.06870618809089021,0.0078,242.55194782828477,0.0175,5.081969059050015,0.024015138847988195,0.030702370654970945,0.0319,0.0,13.331746138312113,30.95545173664432,2.5786999999999995,14.15697009508851,13.25839780048291,4.127612632155406,2.637592591670596,13.072468994907961,40.101919318385114,850.5976974513062,3.6093,1.4764305576293852
4.530647805348953,-5467.220276378089,2489.3092108792453,71.96196763182552,-8.592632555561764,26.224682696865997,16.268589033424774,36.256695660650166,634.3218,3.446403179251826e-06,-0.08760559871615309,-0.0004703639831270844,-0.010300416131577962,-0.0019332696450886633,0.0,15.803358409427005,2.398,15.918098716479369,0.7887814504114881,0.6885318849788923,-0.037381794415281555,0.8749569626179998,370.53829486747685,0.034,26.681366910342852,33.29216025119054,0.12310823368880308,0.0172,0.0167,0.009680889255651642,0.0078,166.59269125893007,0.10735334356461161,7.813540906106631,0.035054535977600706,0.008,0.0031720114047874845,0.0,34.4742814267977,33.39615468908954,2.5786999999999995,13.444042600476791,22.563005836711117,4.154267891513884,3.28709030107108,158.1332,102.35795747712532,18.089621192242646,3.6093,0.7409959901155342
9.830380126770175,-5703.031190047979,2442.5220746129094,68.46476636786994,-8.394667128231085,27.846986687845508,38.54432613557172,50.36312931620636,611.9036799237963,0.00011629672873936571,-0.06344609123877254,-0.0005740414899786916,-0.0012067845263883208,-0.0005468862372119736,0.0,15.859064102965924,3.198959854705099,15.805439254579523,1.3729114052109088,0.42915529526099067,0.009662253871473125,0.7743122076255589,183.40628025443942,0.24988621779881592,18.576063224382647,25.90434005886084,0.1243755058340128,0.13452141439401422,0.052838881049954156,0.0,0.008372022669816417,462.3451750381141,0.07393750000112712,5.81336817102859,0.035581818349141044,0.024637569822700114,0.003602233755153449,0.0,12.631675349960267,122.48989787963531,23.997450900996192,24.449275175198117,0.6279000000000003,5.631873753844505,4.832257288328538,18.261669130271354,92.86199074030208,0.0,5.577984818305781,0.3275000000000001
3.661845167684401,-5366.510868930211,2256.3630194630114,63.725742265891405,-10.718213757872048,26.135803807756446,26.84046963848223,25.019471653172538,605.3546960470093,6.900392931167784e-05,-0.08599009749015712,-0.00023783732766846248,-0.011596001173063746,-0.001140265100722569,0.0,15.858935994165398,3.491142587439783,15.813579226884144,1.1897834062308628,0.4622790283607272,0.15337800991507833,0.8549376537470468,230.1017357180557,0.05707450137937138,17.331187509346346,29.579899238839932,0.1150823772580798,0.07307626531868461,0.0167,0.010754356981669811,0.010219277874145043,37.027000000000015,0.063040508414252,4.974838818043326,0.015599940758579216,0.019611282220554267,0.0025,0.0,34.58434292228306,400.00000000000006,11.961669821850263,0.3003999999999998,8.542105724039285,5.794830261670999,4.6375683031661605,19.874388806439946,258.49379389869534,829.7877443749305,3.9879867609787976,0.3275000000000001
3.2999935521925696,-5118.914052537594,2515.5451364909677,69.14361077219473,-12.1527,36.099817058250736,15.877310696359544,54.43172315530313,597.2242545266098,0.00021227520917351837,-0.015424427215697391,-0.0001708053326921188,0.0030222891423118455,0.00028230083250459323,0.0,15.816923426449351,4.026972140967995,15.776874827626346,1.1173819064182777,0.6190714109834907,0.6529316623827877,0.7225120514013034,661.8500034528442,0.0902048341129752,22.29830244007108,25.20570328226156,0.4892000000000001,0.09379088519764053,0.024714195949634792,0.0019361024407394027,0.011813123511547082,227.51171838458114,0.12928747024297169,4.0902,0.010499999999999999,0.011090299063633763,0.005173508032908086,0.0021829327481787033,41.063168466802715,29.251536674031538,2.5786999999999995,58.50063470273825,19.395286136737216,4.74068117901547,3.4973774740248476,9.241056365532378,44.77021171095572,9.830326016699757,6.068251575868588,0.8595184559437308
7.849751391594645,-5019.798984355777,2405.0143508464193,75.9444,-1.0083938866183106,20.316610656665624,9.273668139695811,23.696074735432184,620.2492997481376,7.552648370203128e-05,0.1113987515904448,3.77735029460092e-05,-0.0023601517037146217,0.0005610264981848052,0.0,15.889364038839576,2.398,15.77175975505005,1.0884650317267313,0.4696446955655498,-0.27442593079988714,0.7121649574949533,96.20043624931759,0.7765903640546123,12.848551842674864,34.16346318983638,0.09128522214100519,0.0172,0.0167,0.0012688446200757816,0.012781495474576536,353.1353623774533,0.0175,7.3079105443808,0.010499999999999999,0.02084857411163344,0.002728104634447854,0.0,1.328800000000001,3.3354999999999997,30.769340776926235,0.3003999999999998,0.6279000000000003,5.8087737733744484,5.250497847167004,18.16265877486801,105.38743966719352,509.6848451229816,3.6093,0.3275000000000001
5.488076141107374,-5737.408916618848,3493.75,75.9444,-12.1527,27.442910875855823,25.98215255233155,21.648199231402423,624.723817616858,5.3265238279575445e-05,0.06821872805329549,-0.00028470455557749486,0.002957264982228444,-0.0006472012902335894,0.0,15.802540628858443,3.7006831403362286,15.598826545452598,1.2337935761893517,0.49908183644206167,0.4051998239594232,0.7515642412481408,76.0,0.034,20.12531284904822,22.27549617693773,0.2835894748459952,0.026318225688425408,0.04373349590317928,0.08620808325691202,0.0078,372.46332967911957,0.4826383537005903,7.134211864851114,0.010499999999999999,0.016098476821032468,0.005547426285707971,0.0,20.530676001911132,31.944202166919965,2.5786999999999995,11.77977661010351,29.136207085798645,4.381516356092858,2.298520100475498,18.768116413234267,67.39370393585025,0.0,5.905263293468926,0.3275000000000001
8.860774575010618,-5666.722985420254,2549.7156960115417,73.32681527644026,-5.446548207388336,51.09348586366919,16.37936775025733,46.282724839796,604.3616745896637,-0.00037741209189452935,-0.019838218061654637,-0.0004871348427124713,-0.004685145792675026,-0.0012884549985655485,0.0,15.808298339684908,4.150317232048546,15.864973971657173,0.8590927265996363,0.4108,-0.8904354799137963,0.725487262881013,464.780145941206,0.034,20.085021336250247,34.18789953088238,0.14541002313696447,0.0172,0.0167,0.0069840884331300816,0.010046766064746335,287.7273673298748,0.040387672500779154,5.528789900518767,0.040852756708160756,0.05486441472683713,0.005218661050590897,0.0,1.6053407177081986,211.9947299508566,45.12517180345955,25.315938165763782,0.6279000000000003,5.530265580483745,4.3209684555504575,12.5371271035709,153.44414881820697,986.6667,3.6093,0.5990520272944646
13.604110891698983,-4739.466579674938,2531.9634112621316,70.52038210608995,-9.36638088272557,18.594131292945647,13.471188596735228,12.47505744783319,611.6217935691171,0.00026087751206819,0.16084282239513928,0.000673546941003821,-0.003351081151569725,0.0015,7.977634140231625e-05,15.833774377560534,4.055350766573544,15.796739161700941,1.0313606433310087,0.4108,0.9939560263565492,0.7670152960413062,168.27088827578496,0.3016534749894867,17.313274065211047,31.92459254781037,0.1375428410399487,0.04804999663957639,0.046835495859160886,0.0,0.013386660584420023,99.61296718445413,0.1329142094784259,6.519618004486491,0.016755217867494957,0.027883153577935114,0.007950634166529347,0.0,400.0,14.90544720067777,2.5786999999999995,4.521525350744727,0.6279000000000003,4.739608222242925,4.892659492397186,11.675101721526683,291.06938137580715,270.3830783682353,7.509100145342463,1.4423830640405932
8.853949965669392,-1631.2167702563515,2823.2492352756244,60.43074240862615,-3.363919711805216,8.768077585505424,28.111217231520726,33.176850990934305,608.9609738987286,-9.974997048732109e-05,0.056715173128116934,-0.00014808242737330746,-0.004448111467688107,-0.00010163723019841984,0.0,15.803782731555327,3.4920935386016723,15.753807781183694,1.2112747888759667,0.4108,0.9931283521150598,0.8764,76.0,0.19707694848976393,18.14777001072423,42.238969612568795,0.08492622002483796,0.0737269068381731,0.2817,0.0037241960960237514,0.00830778639033518,200.87895625411147,0.20668515298277365,6.517728387206699,0.22,0.032522432334042985,0.00777962565392587,0.0,39.51530650274066,195.1656788888297,31.907960961610605,26.022349176491467,24.723932865506477,6.336577950387091,3.6863421929581763,13.082124688384381,38.009063033963464,504.3632152445522,6.957528858693224,0.3275000000000001
12.225631545303727,-5013.87607138615,2508.7966793211995,61.842873888327496,-7.642747575269986,4.4283,21.02777350156685,26.645620840050555,617.0014114832817,0.00016861396122543342,0.04352745215017457,0.000357764730334029,-0.014398890978922697,-0.0010045279363823487,0.0,15.747278429881067,3.5801067451221797,15.831811846403543,1.132464841561338,0.41456950045677127,0.8620869521725583,0.702054738022286,300.7632336272038,0.2071251965120455,16.98350781352889,23.312165925591078,0.07038816253837572,0.0172,0.028708288971083386,0.009550570118689233,0.0078,327.7116827210144,0.14074132970065167,6.356314510270882,0.027453500072381898,0.008,0.008429673786394015,0.0,82.4202590241991,36.754527658055956,2.5786999999999995,4.279769777664661,11.61722717976372,4.870309252598561,4.9773191992718395,13.011110287871764,53.32643434724988,175.83752833842976,9.516059639128274,2.4576708697349074
10.052358923953356,-4881.475886096287,2565.2738621781964,63.75541243635104,14.855987548094124,14.892336302956206,12.184052570827687,31.469804303504908,623.3953623277426,0.00028616333390516716,-0.11350000000000002,-0.0002675958469322269,-0.006008113716907218,-0.0015455414505723677,0.0,15.841481802880926,3.726471248768897,15.742727012879328,0.9369109235021107,0.5507879719071318,0.33364135401032746,0.8747645238024989,76.0,0.06078350363960107,21.508601202073837,31.251515300596637,0.2631612346437642,0.03794392681364114,0.029704369250300688,0.007002449740676927,0.01318053995005829,37.027000000000015,0.0175,6.641934780054102,0.15234845638883768,0.008,0.005013743905332084,0.0002791332869538012,400.0,28.452292504071192,33.6296437287112,0.3003999999999998,31.25105467694613,3.9270277569273837,3.7757005207685532,19.973014576804147,108.65783757292454,0.0,3.6093,0.3275000000000001
10.416401685253724,-4993.635127810903,2698.8912486829727,61.63115040362746,3.621594899821348,24.505944077092238,6.4482,20.627848021208607,616.070359394089,0.0002388740850674083,-0.08619293213909435,-0.00013753213498655166,-0.0003816244238593683,0.0015,0.0,16.07,3.052729283737804,15.799685853807059,0.6055,0.41624867137762206,0.817466270211967,0.8764,541.6617153499692,0.2349094688897152,15.402238212393922,29.778247118017756,0.16257168948425413,0.035663354728352324,0.02831729380851373,0.0,0.013195336505271955,392.8110941480411,0.0175,5.721399026168742,0.04315056162497024,0.018152266561134788,0.007154276309363503,0.0,205.386985955868,16.454331123749085,3.6042056694138136,0.3003999999999998,0.6279000000000003,5.368665562668253,2.1869,3.1599000000000004,29.78552100374603,0.0,3.6093,1.5421131729232658
9.605688116067599,-4924.260986801368,2664.244205519278,65.8371927854283,-12.1527,21.50459448925255,23.08513873796815,51.7841656347118,605.3154579234233,0.00023208391798667906,-0.09909204681898712,-0.00018885513239168153,-0.002660823315908556,-0.0009046850290089717,0.00022752869247067516,16.07,3.532421082251409,15.661532706137814,0.8325418011140766,0.4108,-0.574315314071033,0.8097326665526999,98.91429214371311,0.034,26.463012843582476,21.137467652483547,0.10041943471833878,0.04484309509195923,0.02418781183384804,0.004854760800857885,0.008634110804746596,37.027000000000015,0.09828136925537306,5.2297100863859765,0.012034319817657907,0.03334495742368437,0.010728050985870643,0.0012535612180035842,400.0,32.51519769309485,2.5786999999999995,0.3003999999999998,346.48634390013376,4.900012673410088,3.8133794147150892,16.23256947494206,72.74201718933983,0.0,3.6093,0.3275000000000001
13.170689573217059,-5087.779890480309,2654.800667823363,70.05955570324551,-3.6042866980197137,17.70559697045696,31.29802618599421,24.23375681291342,619.6563837872974,3.521193476833435e-05,-0.03968551631539954,-0.0005100694237716167,0.002032283409443331,-0.0119,0.0,15.802237513556753,2.459943396087018,15.910858692414697,0.730589342942715,0.47010977037375645,0.6233551568510876,0.8496202100059347,76.0,0.034,25.857130455568644,22.655482259068222,0.07529913542100587,0.05195404877476559,0.05649815315413779,0.009328272295468088,0.01294854235487313,483.31543538529866,0.0175,6.202222316040375,0.04617470514687303,0.008,0.006907440120452463,0.0,45.95548576408643,284.0402204039282,6.679979179494113,13.683940186633084,26.62194162868904,5.521154763177513,2.322230030002454,30.794591425914675,18.0064,962.2935401172283,4.746876488791773,1.0047998619151257
7.228116268692234,-7037.697584110537,2394.4661650089442,70.66376038284143,12.289345917284985,19.45618403145524,34.82393723537624,55.9679847035422,627.5528611712446,0.00020221799242025454,-0.05310342664624549,-0.0004397874982301322,-0.0073745366661670825,-0.0012456672259306576,0.0,15.83887689331815,2.398,15.697514494954504,1.5397194529563956,0.7128581957238981,0.6550578987030506,0.7015930197909676,663.4823845336862,0.034,19.87513791517965,22.084080782152952,0.22939526697985388,0.04405849459327599,0.0167,0.0,0.01668446113157795,180.92976846345894,0.0598808246751032,7.492408946613418,0.010499999999999999,0.04291128320277226,0.004719686747332048,0.0,16.411294114960754,36.36712095434016,98.35141943106429,200.6789531321269,6.828403552023952,7.117402424285877,4.742011596236443,158.1332,299.3268802794888,0.0,21.348376573943053,0.3275000000000001
6.671643907252454,-5027.50076090756,2687.021824494506,66.83967374600039,-12.1527,8.49465212667591,23.860012007469148,54.94946872596985,613.6521758710468,0.00014239598867071444,-0.11084905346159171,-0.0004341320823586385,0.004868199385430372,0.00011593245182852369,0.0,15.803978798634521,2.398,15.753666488133488,1.0144595229787172,0.6180902012996784,-0.01874675689802474,0.8026311566277038,76.0,0.16828163312431346,22.020490854937076,31.70945360332144,0.08904108341996211,0.053798011580892986,0.0597104331457405,0.010680356549958341,0.008214445104765884,349.53099526578984,0.4786701060619636,5.66359371816198,0.026484480999355957,0.017649061195093352,0.00993057033907947,0.0,1.818325309747408,27.602999499954485,2.5786999999999995,0.3003999999999998,0.6279000000000003,4.493084110294086,4.003897705015463,20.015783718556445,88.06090226722297,350.71179363411994,3.6093,1.5484424931451268
2.267664929346507,-4862.052732161825,2650.4931712163757,64.87205936328627,-1.170252778777916,19.68410323018688,18.19905645052946,20.67747417230082,634.3218,-1.3006325453694732e-05,0.08184232697942173,-0.0004266026766135157,-0.014573511689817163,-0.0008221115716016908,0.0,15.730194294114623,4.467075425631657,15.690455103761249,0.9144690545978476,0.6716901705410202,0.5941362179043315,0.7998850405303707,683.4230580485817,0.034,19.205357298182864,19.60493168040802,0.06125704713973602,0.40527243052567824,0.0167,0.0,0.016043788197698958,55.836663123583975,0.21552071465602554,4.649278952792062,0.010499999999999999,0.008,0.007155967791844782,0.0,24.607196090562113,105.7365830520054,2.5786999999999995,0.3003999999999998,17.294466926755785,3.580343860255437,5.544890318595819,16.040593899825993,93.19110398790588,897.6211203876122,5.9307631339943025,0.6380301839836788
9.27941063718648,-5029.079010551365,2508.1742270975137,60.2667,-12.1527,21.091354277207344,28.749983630888217,20.703015527871617,600.169506377468,5.281877657794041e-05,-0.04751376637461502,0.0005522071368421443,-0.0015337193799347861,-0.00118196972295231,0.0,15.80686311950323,3.0430508646113723,15.759415367978288,1.2971228422644026,0.4108,0.9331482519457246,0.8007330726224935,323.3896141907603,0.15346652535395233,19.96985078718031,26.58562630045324,0.14157922110798732,0.06670182867768364,0.2118694768001939,0.011378983031408016,0.009310286262722192,69.95787201419387,0.10663380493560931,5.238740267667229,0.1243437670514976,0.015080058911860391,0.008066920077184337,0.0,51.261089240219775,400.00000000000006,5.59086631439288,400.0,378.46581466286204,7.182164980828235,2.1869,5.35490680079641,72.2522904744752,308.6668842380876,15.315758504274362,1.5553573986432152
4.189822502610975,-5085.249931708705,2606.9681562843402,68.45803302091679,1.2047183197492521,19.953377710706988,21.26170973694959,25.67209312192727,598.3952717744559,0.00011949855936676519,-0.10430390310125523,0.0001809640357266783,0.001419725565565579,-0.0004678186787452553,0.0,16.05184705240361,3.722447800839063,15.852524968652439,0.8814134151187016,0.7044096069309275,-2.1825515085933036,0.6764847956195951,3457.2166351669143,0.5220440419661134,21.166681441351876,29.38371460941636,0.038284585222549565,0.22115658716700445,0.0167,0.010232919100909768,0.014109498394089912,330.90807400121105,0.048785918285089123,4.0902,0.010499999999999999,0.030275553987335436,0.0030538450322199202,0.00035029902083532765,47.585377266406084,12.402248945440434,2.5786999999999995,2.893871121909216,7.243625073870886,5.440831400021926,4.94717874017631,17.96729923792513,51.911222713797166,0.0,4.894211340019033,0.3275000000000001
8.112201413095923,-5156.090183362124,2424.055524537245,63.37233255875205,-3.2385041629480233,15.587157836236099,10.313660995055088,36.16878316049601,613.5104233572881,9.332356456540137e-05,0.06078163113260336,-0.0004433654084697293,-0.012769106202062586,-0.0006199621247206346,0.0,15.803376145331093,2.981924625406748,15.65701091473696,0.8429931161293582,0.6187402962092245,1.0145917093805756,0.6447866741038807,76.0,0.034,23.33170873739786,30.569858880454795,0.15351111042721105,0.1301951986571478,0.028841911103947626,0.0,0.011678061032756176,260.0696141236302,0.0175,5.838522824684993,0.02006189629862869,0.013421270915954091,0.005633111265406358,0.0010076558622352577,3.8520666421121668,25.632371459164716,2.5786999999999995,0.3003999999999998,383.04034459377795,4.573174793471724,4.997104750493268,16.143750623075952,309.6314639142051,0.0,30.11565234212772,1.3888168045031664
4.274014966456341,-5187.53867318213,2778.0224215486733,69.81930712670459,-9.846480244062226,24.690363821599455,29.666130474049332,47.93497547963159,634.3218,7.318225273987054e-05,-0.11350000000000002,0.00033867585528958257,-0.002571438394564656,-0.0014387877524048643,0.0,16.019750070027488,3.2191770660091064,15.689202978933006,0.857908895082141,0.5642128924650143,-0.618961985802492,0.8764,627.0512988791584,0.034,17.40403626197337,20.861090827531868,0.07324381643833433,0.043869431611076475,0.0615967040240534,0.2067,0.016571454531617538,367.6591245111466,0.0175,5.603336607721855,0.010499999999999999,0.025950428214186447,0.012366475099019397,0.0,33.89319894844465,52.35186467012369,11.423909309174675,1.5232966772374716,18.891056004305348,4.419486790604692,3.8823889695784755,16.965754762124295,146.56884688166008,874.7737475352548,3.6093,2.0466152585392616
13.560785167752792,-2030.4392032455817,2559.6189896481433,65.22584933516357,-9.944762526720485,14.067306582124491,13.184428469367573,40.408560337517386,606.3511811456568,9.737072094210126e-05,0.03455353063822868,-0.0006081866607876871,0.00268199271463985,0.00021908487366569638,0.0008075134545544745,15.735310320390457,3.3247178098180665,15.820692239988855,1.1267276970226423,0.6753891029987723,0.6651087721184363,0.7807728325419176,742.3754280433968,0.03950415889269006,22.847750860741943,27.19619055020699,0.4892000000000001,0.09392302241717806,0.0167,0.0,0.009834087202201072,165.60766986303491,0.031025594924205972,4.730892209254029,0.010499999999999999,0.008,0.0061885180993188045,0.00026865137260728223,400.0,36.88597503054403,3.4558511159380068,141.17195206673847,15.181830986266519,6.935733707989067,4.5942299487590965,18.55445430034574,106.91547241632054,401.32292960904743,23.364065370394727,2.0538179113120507
11.286873672696117,-5537.316303909242,2517.4635085364653,70.58631814555353,-12.1527,22.459271775050347,12.53889515943186,44.4908248716551,606.4253731552526,6.712855652621559e-05,0.04503583619398895,-0.00040767448548470914,-0.0014258792313412965,0.0011187426736805207,0.0,15.863147958820054,4.186540163944608,15.785756004343323,0.9498376688835757,0.6012861178722219,0.49645554140676573,0.7716568232774434,76.0,0.931,24.550031205630198,35.408536287916895,0.4892000000000001,0.03464572650105315,0.017329415204354062,0.006322879920630978,0.0078,163.1379875866496,0.2571542234172966,7.858168957853257,0.010499999999999999,0.18632457038475872,0.0025,0.002389528002576577,175.67610322514219,25.853587174359017,2.5786999999999995,2.001884795716081,0.6279000000000003,5.1162298151666175,4.350336484897433,17.64384292783222,117.05954601268141,0.0,21.703800599233016,0.3275000000000001
2.3322219169425455,-4876.686937974701,2513.1508714277934,70.82318823080101,-4.627304938485969,12.609252386366993,10.747957610560015,32.48242509948314,600.8176653848086,-9.37917394279095e-05,0.1024593988506213,0.0001931988886800518,-0.015547645216367607,-0.0001226896242914118,0.00015787681041238202,15.800378991871359,3.3753919716576313,15.94309175171376,0.8825818717714995,0.4411883406606625,0.8333630379046995,0.6314103998955637,76.0,0.16717916007230468,16.102451809475436,29.957373269965604,0.04914176362678862,0.05641519024437477,0.0167,0.003850646848341006,0.009589611037454017,189.3160780052322,0.05321303225762498,4.949033071859281,0.03953011329416291,0.026964702503598455,0.006943817981416234,0.0,10.898388766382357,31.58005670650401,2.5786999999999995,83.52509702086228,1.444209096802834,5.994763247810569,4.664481317189318,13.199528934522814,34.31519805228751,986.6667,3.6093,0.5344652190557417
6.7080227410695095,-5004.730070794443,2822.903485887771,60.2667,-12.1527,6.132207706636502,34.63115092668147,35.73733615223652,603.2738253783969,3.437642577940755e-06,-0.11350000000000002,9.947277829819182e-05,-0.001465574701696325,-0.0012874613523415532,0.00011911839680053406,15.773299095372538,2.398,15.860038675039776,1.3229634381612512,0.45549752679894057,-0.09606255842026618,0.788748611946326,76.0,0.17800755369505283,19.573176312036754,26.363819202199267,0.12226961387522056,0.10439626425387705,0.11030175361368875,0.011662210616693845,0.0078,154.01684337453295,0.0175,5.973721673906378,0.04500105822897778,0.02062352290034846,0.006255810381665663,0.0019173858647325453,35.6779707739492,15.146395505520985,400.0,6.3942772351024075,0.6279000000000003,5.0698649365783846,2.1869,15.567573144417047,45.119171058728966,808.1275993151074,9.20434489539629,0.3275000000000001
5.842157178481246,-4863.713779491638,2945.5346210367657,72.56902667718099,-12.1527,28.654437902865062,6.858562560369025,31.459952701596656,596.614831618093,-6.270377610069329e-05,0.1239477288327265,2.275781962185033e-05,-0.0006521034299173806,0.0015,0.0003617255813492823,16.07,4.513448737962625,15.802425814279221,0.6055,0.4108,0.7449994260761914,0.6739643776884342,250.72416083814915,0.25481736518666953,23.82270194478229,16.062,0.14906255248341713,0.12478327402690542,0.023986146731788754,0.0,0.0078,280.8939364736641,0.01862076616853777,4.355845712898073,0.010499999999999999,0.025921073539064976,0.007081881957926368,0.0,252.73639941448818,16.679161971128842,2.5786999999999995,0.3003999999999998,13.49229376757819,5.146294885288499,4.38204919854075,15.35429320083249,60.813255501290406,688.6174889817528,8.061552325238129,2.8059258620681087
4.698736691834946,-5362.189708832506,3084.148407925226,69.57000179423046,9.986790178991155,26.798640983264324,31.770946238790785,33.177935687071255,604.5859917765429,9.500627371441442e-05,0.030120462746723142,-0.00036758600947643964,-0.0021129372246603837,-0.002000414658604769,0.00038402767184400036,16.062443139980772,3.7239237719885865,15.689132197959617,1.2470167643921595,0.4141052187291784,1.0660574045773987,0.8764,395.76532401106147,0.08840396098849637,15.399144119303987,26.756233421059058,0.09568759088897626,0.5775,0.0252346894261486,0.18561512805974076,0.009981811761926616,136.48109630721407,0.11624162524243746,7.317447437370032,0.044591312346579384,0.040066257182049606,0.006357098806545642,0.0,23.916062559783466,21.907793028729294,88.23582203996432,22.499537213079478,0.6279000000000003,6.004519012544859,4.281082930712176,14.858176084605592,86.44032259606709,986.6667,5.983222721473988,1.1456856870968497
14.1879,-6121.946944606297,2412.2795657563383,60.82902145066325,4.345974156512325,22.560300396269607,27.84291174307091,41.1912389529625,634.3218,0.0001386882716703121,-0.07802333784033949,-4.0151572596149385e-07,-0.01105626553366577,-0.0020674037599912624,0.0,15.919224992453103,3.3720378602528625,15.671257739793852,0.973319099069569,0.6200604688645633,0.5022986075289335,0.7609617832712973,308.3891230955646,0.0859573358148287,15.201479510664804,27.436093016338567,0.1358526524868219,0.08567199844956355,0.0167,0.0,0.010612122167831537,174.01354180320362,0.01840037769313691,7.0926730029131635,0.035622722305492946,0.03535466085228909,0.0038308903988381613,0.0,33.09009284224348,53.78092360630595,23.94578669662461,2.756861092466986,4.03528150752944,5.724513122835244,4.0583460881572755,16.24661939069359,113.53857088806646,53.720441410232326,8.251358749793976,0.3275000000000001
13.010613841759614,-4899.516380514673,2752.879304098679,63.1500039341846,1.1706994405920141,5.982224581264138,10.220105998041577,19.799421955339454,595.3218,-2.2888077968135083e-05,-0.022436038977366003,0.00022425331307999655,-0.004291056946296876,0.0006073337075770092,0.0,15.924089679824077,3.430342894049809,16.09,1.35473648310063,0.4108,-0.048835908222031765,0.7012795283117245,76.0,0.2758157935823582,15.005978831680826,34.75471721574563,0.033900000000000007,0.023040457342698786,0.049703547452634896,0.007944289189775309,0.009435205713500367,211.23782748952635,0.05558462592382799,7.214177151439456,0.03886292889521571,0.020097232533558558,0.009105815371004349,0.00015367219795843717,84.6853556171967,29.402505463823253,2.5786999999999995,0.3003999999999998,0.6279000000000003,5.209347806043482,5.038820773848623,3.1599000000000004,166.75993960456285,131.89221364848157,4.2866844494039285,0.9029960655047715
11.314461344245936,-5378.72279101614,2547.9256957195353,69.63245299394985,1.3013751617372045,22.390689169195866,42.63,42.410138133036476,626.4990353974678,3.885710196548937e-05,-0.11350000000000002,-0.0001799618001578925,0.0006136132376286189,-0.0014173116447135333,0.00042567229342597437,15.754433032607917,3.1683319891076414,15.778910692822988,0.9417975955520409,0.5524169463800257,0.19417036937003163,0.8657903083238815,593.0957518240642,0.13676577565797196,17.8820581633055,36.21387013528553,0.10968073917807514,0.0172,0.0167,0.009611375501191701,0.0116607342042174,1505.4542021037666,0.07153020618690743,4.685646840679899,0.04635465582261382,0.0424069206157622,0.024518150463100963,0.0,23.285023964530005,25.07981941595067,7.705043667991416,19.182358242687794,0.6279000000000003,6.782399147598408,4.788439364204186,13.53697041866468,263.2849101314177,922.6195198486114,6.8273434609063415,2.1999988842441813
13.85930095551031,-1368.75,3230.354660491379,67.1061475458269,-12.1527,7.673548396574581,23.441845406146477,31.60595711957012,621.4560148563263,0.0002757084855057254,-0.059297328657512804,0.0006824206150989945,0.0011928419189917872,-0.0007372522859641442,0.0,16.07,2.819645568547545,15.808024219701899,1.4673456512539442,0.4212226117949196,-0.7444658390094351,0.7416409794892783,541.2459079439548,0.931,12.676491922083336,37.23298211980678,0.04640577607708444,0.047466046231964584,0.05256468491351482,0.008850579067259884,0.00784333456742776,245.17738428932682,0.052211844230252207,6.958061656026753,0.010499999999999999,0.037333585433655544,0.004524480928496268,7.136193571310637e-05,28.231381311286604,26.677081572612213,2.5786999999999995,75.78630813701433,3.13548523124366,6.086573021206743,2.814917446137026,3.1599000000000004,84.2067736661041,986.6667,3.6093,0.3275000000000001
10.108478578491425,-4825.180038856469,3120.266464118107,71.42226152624161,-9.865967218903123,10.288902577265056,21.87128668447334,32.25818483227394,600.7731939002449,0.00014509461454291196,-0.021757472404735818,-0.000399031451831274,-0.0014958245252786224,0.0010153633012112671,0.0,15.901746550749532,2.78242505200373,15.850819383577369,0.6993172649183574,0.4174740329900202,0.7760831432730522,0.8764,76.0,0.33472931767612685,20.75283501349206,32.121507944142635,0.04115038363149799,0.08304836574213399,0.21676488246452838,0.0,0.025228070507345768,202.17466046954627,0.0799962980853125,5.197649645308611,0.040039157065265556,0.008,0.006938743839183958,0.0,128.523680113276,31.149684172412535,19.202152095990662,0.3003999999999998,2.464794478689967,5.306280435241386,4.199243556933374,11.82973317136281,85.67433784696763,1.0477093880718371,3.6093,1.7963381404779124
5.051293069332566,-4889.667789930672,2555.0732388113333,62.97046680334291,-3.679971667793676,23.275589286618754,9.63358991328546,55.19231938056434,606.2933098841816,0.00027354641114490425,0.03691788713692897,-0.00045244117919585405,-0.0038153478461274816,0.0010479774230482436,0.0,15.841858484804208,3.742946375139186,15.771715940565711,0.808774949515126,0.45333164499970463,1.113379657391971,0.7174568339802591,76.0,0.034,18.873143229045713,28.94975961113981,0.10502223453856681,0.03907293253901825,0.0167,0.0,0.0078,54.337859694400805,0.04990365553468444,5.5003378756931,0.011633933886659047,0.12418255463662597,0.007769005615532367,0.0,40.92677653662747,32.70722154945163,2.5786999999999995,12.216609863582674,12.87249556410286,4.160979267923436,2.618443265045208,15.368289970410267,87.083255743806,197.32460710422748,6.9278201099750625,1.138901600928674
6.125509930639446,-5051.349757571618,2728.541531912602,69.69795945041453,-10.653180185223354,16.05962839515872,12.988339569420145,36.31077877554005,595.3218,-5.635591496016324e-05,0.02228107018487693,0.0002971847976997336,-0.0044677565577430365,-0.0012280329654654615,0.0,15.931535622389173,4.264536431287361,15.801577099981431,0.9547127794761096,0.4791506458954776,-0.9963557564540667,0.7714991178708752,910.7716381279545,0.931,26.71,18.6011754146093,0.10605388658249687,0.09763578249634355,0.020285167269229194,0.004179927318489075,0.007807381238905579,501.81412543834665,0.025008586120630512,4.0902,0.02540221895314942,0.008569756418001662,0.0319,0.0,3.9519707995420017,12.445505821638095,19.97579824007868,50.05896027497557,0.6279000000000003,6.6983746030824465,5.068145080592347,9.02058260418364,281.7305306440693,454.54188826210793,4.81138254623639,0.6055633703168279
10.107893657744073,-5454.5870168545125,2388.691784868143,64.21464770642118,-12.1527,4.4283,19.768691689182912,30.606443130619454,621.1389829234689,-0.00010999828928612537,-0.05234856534571393,-0.0006800213373830955,-0.014259221891920007,0.00011444819078510255,0.0,15.833364356934503,2.398,15.861296000184277,0.8452001090729062,0.5333893077176326,0.7450446277977574,0.7084416321569651,321.33045293347584,0.2880215827516638,12.482979857341931,31.3002050691623,0.06449247366549124,0.09706438231029921,0.03640309386829677,0.008398596356383375,0.014558691697126265,318.1298704549574,0.0175,6.887247093980883,0.029039660207972395,0.012925191169755348,0.006418414283463115,0.00025173990880791554,8.420973106214483,34.3122012152558,12.097757313361885,0.3003999999999998,400.0,4.49742296153533,3.807778636130255,5.546015126986276,105.84760360069777,431.6835583384118,6.906715457619148,2.138814833857899
6.575413012718101,-5093.774458864837,2511.0111247245795,72.0979942505887,0.8948776881141112,15.36520272185075,7.059771237617772,32.403482746037405,628.0097048033125,0.00014723637818357644,0.019743409981067588,-8.46869009160234e-06,-0.0038902788602786552,-0.005596342699835383,1.1712782551118563e-05,15.698967488211412,2.6238332288649326,15.873224298882683,1.2378103609078188,0.6792551639108839,0.3078354863708751,0.8166356382581671,540.9389403417165,0.0377062654496263,20.4519795290338,32.35794891485257,0.43414977378192476,0.0172,0.0167,0.0,0.01551289473791353,149.16713228303513,0.0175,4.0902,0.017841102825258078,0.02654441860472688,0.0025,0.0,30.42058917059112,3.3354999999999997,257.8829314095628,6.686088663557157,7.98635460405262,4.405279137526985,5.012394967868966,14.734644567780746,400.0,986.6667,5.882632007772056,0.7601206084758299
6.162570423504512,-5561.05479312022,2815.363002317646,69.32957860438724,0.005733304601548639,13.926835157463984,6.4482,54.15096342063262,622.1097620473978,-5.548153347921636e-06,0.6325483882120161,0.0005989186155282492,-0.014865585947227453,0.0015,0.0,15.801617195782246,3.9174956554884712,16.09,0.6330366421361335,0.7791287485829057,0.7267946887123047,0.7224497138492355,76.0,0.931,17.843076022499442,20.383880363103955,0.13897588343220274,0.07804699271340673,0.04814192595509906,0.007082729537677955,0.010082311716868138,116.54538830445213,0.04560773952899165,6.391818029593487,0.01560965019067426,0.020705434069508446,0.00490924107930522,0.0013043254489851074,39.8705905352422,22.343505159345295,29.270856817892636,0.3003999999999998,7.20626507280645,4.417383736214428,3.938156774065596,28.455853075711403,53.9223013499419,716.2871939837827,5.134208294018766,0.3578984654218629
7.525762874925581,-1368.75,2564.238042504082,67.95349660743967,-8.611531651775834,20.29065685226504,23.863682988559738,35.10714556400079,617.1028064447434,-5.677340699393341e-05,-0.013562984279959209,-0.0003680050068164792,-0.003126340558442052,0.0004025813451388145,0.0,16.037256971743158,3.826879799633666,15.873124613401854,1.024985992977779,0.4108,0.7511449097573151,0.8567451114094529,145.33332258259213,0.034,19.45204839808296,25.691344621926536,0.08570711148626,0.09091344998427053,0.06927293471317392,0.0,0.011675765122365308,1250.13193104629,0.05472433097421324,4.1721320804816155,0.021863963461974233,0.10578757760076873,0.03129885559078315,0.0005101873735125384,152.51632548827854,23.667013173187776,19.605321558769322,0.3003999999999998,17.723150173072657,5.642387592678839,2.5908364988833137,17.58555123816847,106.48679734941595,0.0,4.614658737909641,0.3275000000000001
5.494742846181845,-4722.57967193649,2829.6825611153326,64.99233650960299,-12.1527,22.35471640135397,6.4482,38.432330334771834,623.4994533722695,8.202792266478563e-05,-0.02213601851937556,0.0006257658273561989,-0.009500513305335787,0.0013565808511601526,0.00010017901274329217,15.713004187172068,2.6489244260807885,15.876872228390013,0.6055,0.6015435043674973,0.9784293569018814,0.8764,870.6026833265274,0.15905509155830005,22.458672533696138,35.05515806080791,0.095033453426571,0.08478649122779351,0.0167,0.003994179961837102,0.0078,109.66602976784219,0.0175,4.214595372284008,0.20689779819762852,0.029403150424114965,0.00584430622146055,0.002976464387943326,41.234718698190015,13.990803109260092,23.801755898303412,0.3003999999999998,0.6279000000000003,7.206136728632705,4.585527573453631,3.1599000000000004,64.07707998437684,0.0,4.065772078297134,1.0342510306679342
11.057537671810735,-4994.702106386221,2391.7230394727285,62.082588056762745,-2.483704423141384,18.297508339123237,19.771310473111896,17.54019234815099,634.3218,6.843266381662073e-05,-0.014148754840146487,-0.00048935713158349,-0.0038535803704103713,-0.001731824564407031,0.0003537782379440706,15.853446753538378,2.4628924942338384,15.750218819519462,0.9995388257224425,0.7309861436984738,-0.10431609338504427,0.72785760182806,631.4832422504242,0.08910609381453935,21.200029440069933,25.882739295402104,0.10899217460047247,0.0172,0.03658228383739991,0.006621711733167864,0.013277750482435808,90.0622553798529,0.16796214897381467,6.240825792987588,0.03445312691116956,0.01780369152996663,0.007344273406743516,0.0006653936695740988,400.0,17.61314877813559,9.993294752115228,398.4094781354635,4.50453305148296,6.034540753270403,2.1869,16.382336358865384,114.64610535289397,191.69494910801495,7.220074859008148,1.795528928810526
5.309264508407233,-4726.933753134317,2662.763157276413,75.9444,27.393731638728823,24.443091528365386,15.582089072167822,33.97556321720168,601.9347374904352,9.673476419323177e-05,0.030601320467853008,-0.0013,0.0036760132049958177,0.00025565919476251453,0.0,15.806990592964938,3.239914538873009,15.92972819409491,0.9380408823754182,0.6662915057655846,-0.524186946183453,0.7000019493915705,417.9071508720834,0.0934091658732999,23.873048820234427,32.02649065309112,0.21403248016312942,0.027759389294090754,0.0167,0.013314439879533655,0.01251868636582642,86.192521033845,0.19976476831477144,4.4564395551590295,0.010499999999999999,0.008,0.002954713384848776,0.0,40.25531842665187,208.8647015698094,6.193213984329317,0.3003999999999998,0.6279000000000003,5.501447971519759,5.1658624071525425,19.861261701523542,107.89005360647582,123.5739304306436,3.6093,0.3275000000000001
12.84735449825106,-5186.868385987422,2648.1367817267355,68.6098485405527,-5.502627617535836,18.17368957053815,20.16383395087954,38.64084057326927,607.9069185337587,7.346865258068335e-05,-0.11350000000000002,-0.0002473297412733981,0.004544040878429698,0.00018046789230379996,0.011099356656244069,15.80994946534727,2.398,16.09,1.0785251679229275,0.5827645177948244,-0.18961326284365326,0.8041791272042763,243.57917748105984,0.04831805352454489,21.48777289926453,34.86944724047383,0.14502304066124216,0.023849358007388452,0.04555598753944945,0.01060958367775626,0.01637160256881884,496.22693966488396,0.05268596873431717,4.0902,0.010499999999999999,0.02132625542894269,0.0025,0.0019930015399251583,150.2153706571072,8.554465930769362,2.5786999999999995,7.2352759949883385,19.278227943532475,5.927117886883508,4.405088929527654,22.166821954939167,101.88367660749614,398.7399191395617,4.448827611369239,2.5157172097245835
4.499717224157067,-5622.160427181513,2499.1456106437836,62.649551165543386,-1.3886237490197577,8.870574702197182,18.642751183200794,56.8964,620.6906901901941,1.9152530300990243e-05,0.018786150325749273,-9.244787928556533e-05,-0.0037950564590077942,-0.0008944954192850604,0.009060702198765608,15.826809272928472,3.67326376731801,15.721335900836527,1.1965032691375408,0.47388627279571527,0.5923703763241916,0.7646564188854681,76.0,0.034,25.088257200462067,29.516232646648422,0.4892000000000001,0.032434068584005965,0.03779001976300242,0.009677056923053507,0.009132194910765883,478.4883849764792,0.05769395465988086,5.8100860897834545,0.03221228550835693,0.008412079003788268,0.00565549105585765,0.00022652288076795856,29.650041739924262,17.888214584127162,28.227127816161342,18.28223794722857,4.477067475067934,6.95489967712469,4.0788730988881134,9.564810414985047,107.21525131545206,304.34892520101965,3.6093,0.3275000000000001
13.472574849404566,-5326.1879083698295,2676.2820723459336,66.14086474076703,-5.326534553390951,27.630778391376822,34.32072806971684,35.49364580179184,595.3218,7.052176993962995e-05,-0.11350000000000002,-0.0006171950874720906,-0.00046319396218677707,-0.0016192297347997085,0.0,15.94210589971075,3.3600427532226735,15.672957434949561,1.1132327870175003,0.7327570608854024,-0.36219509366657143,0.7761439300773784,701.6821799925157,0.13748171062868395,16.80389997257402,27.607250890979678,0.13223900021356874,0.04705407839044295,0.06512429774223352,0.003023931499687645,0.009525313562801885,98.89837958275663,0.030932000503113198,5.745496507478396,0.015155292790931373,0.05124729964442216,0.0043948744978079815,0.0001623670557744131,38.56096678982486,36.81143020433573,2.5786999999999995,0.3003999999999998,21.958575444939335,3.8349442581871163,3.567650166869976,52.89984219984086,55.608240250409196,304.6145211226669,15.839683386770211,1.4416852770844366
3.6217020868863194,-5017.740821177883,2513.7186273052334,66.41342525183464,-2.074935163240141,7.528525069005093,21.74446799979297,31.06243352933541,615.8671187336706,0.0002700935690916373,0.03839481963831361,0.0002019406968199677,-0.0031994817935319334,-0.00010905144695836374,0.0,15.890270536531137,3.332238206533715,15.66939230360062,0.8780406878102271,0.4108,0.515452649833702,0.6097213969349807,76.0,0.14564187100331602,14.821859898016665,37.4496529283461,0.07896933215077052,0.1368792719941417,0.044088492610677085,0.005100346443851038,0.0078,176.97371089227624,0.0175,7.450831757620719,0.011919094192974542,0.06422334555592585,0.005886182392426059,0.0,25.457550080164385,258.1779713055128,29.373670675689542,12.515830668853951,292.51244703826507,5.6808886835391945,4.213878903606061,10.944272984003256,119.5525087006933,129.3476744343787,3.6093,1.219279767675509
10.128925646364713,-5318.716306287952,2541.0839729884774,75.9444,1.754025631592303,24.217028091103195,36.99139931388432,25.36731095601238,605.0234003493291,9.561966268283914e-05,0.034469456494843086,-0.00039584857503181266,-0.010447230680662478,-0.003383827035840513,0.00036771430409087655,15.709741767997434,3.9540306279128354,15.742445360853317,0.6990414872377374,0.5414183046349574,0.250262316923307,0.7736554966889498,2070.827227258126,0.034,18.406837862887443,22.120508812322967,0.1563403798001634,0.14033265382594914,0.02277487210053924,0.0002353952154792512,0.014077107703316083,207.3437921423198,0.04937870887058542,4.528721762959957,0.010499999999999999,0.019675154933847895,0.006665445731850835,0.0,400.0,31.949092404506963,2.5786999999999995,0.3003999999999998,68.80374828847403,5.991949143471324,4.9814667028667206,11.210770848673,105.48450001052157,792.9938723533814,8.518884761167795,0.9849803424824148
11.496852900316709,-5414.712671984557,609.5,62.21311883132631,-12.1527,21.309346360605137,6.922291352800459,31.16411504462545,625.3483902485578,-7.837184810353866e-05,-0.08922820934713777,-4.037209128187819e-05,-0.016,-0.0004775573721819086,0.0,15.975715872493504,4.244207043585306,15.72776070128138,0.9598388475375795,0.6362697972993162,0.1934337812298209,0.7483806554707874,836.9165540813756,0.039651909775966235,19.447247219150306,32.73748534577271,0.16363306094737579,0.04911330088666048,0.05076741863580245,0.0008529527685002734,0.0078,37.027000000000015,0.0175,7.303273905562275,0.013670471940493764,0.059014970601718016,0.0028664620718756627,0.0,18.59631187058518,19.899398082338873,10.613478536163054,45.620944461907385,1.1446439178589731,5.3076970713808445,4.4707814329338245,21.35943011479004,191.48266843591728,0.0,6.961472107225775,0.9975586517622964
2.4176982064394013,-5197.406971498317,2703.376183595603,65.15472726157982,-12.1527,6.028810908190376,20.21089659611204,54.3076432798676,616.164171014739,0.0004000000000000001,0.009948672871317257,-0.0003340107472963794,-0.012262218145005523,-0.0013917665044680635,0.0,15.703142815419737,2.398,15.694753935282389,0.9803418302786786,0.6217061027139545,0.08807991440366714,0.8752580457121335,76.0,0.034,24.462716452091485,41.23949298737095,0.19148624664876646,0.0433627955026084,0.0341952500932892,0.0009328078836536808,0.010163406100308206,189.60631520175343,0.11438146179727934,6.526673734824085,0.04626906861340623,0.008,0.006903749807446121,0.001411829229699973,39.78289076503664,42.11300121126459,4.32781467091238,8.424678917571924,167.87785563758194,4.434775820017229,4.179398109831353,15.1921621011596,89.0985662730723,0.0,3.6093,0.3275000000000001
8.545805254516898,-5214.865722303071,2890.9125086036556,65.95815296109657,-12.1527,4.4283,16.692600356506393,39.21895465339187,610.2497725272026,0.0003299322848811445,0.009597006412812649,-0.0005736349100026667,-0.001971276797137574,0.0006734120931103095,0.00031757987258204364,15.678671449333248,3.6156465128358715,15.864770749330836,0.6869180041422189,0.5409074726384462,1.1098352962946822,0.79824562592653,291.0566573136439,0.8178651382150328,20.50625500533838,30.846667790466334,0.061967218753315206,0.11267980917654218,0.02374412027566086,0.0010103534145449252,0.01010886750698012,174.13674136806682,0.05171088991961108,7.019836361547062,0.04898098976068012,0.018859997753584015,0.004925486934022731,0.0,251.11010453501598,3.3354999999999997,2.5786999999999995,20.667271048783178,13.87188509775417,5.134135217961292,3.552207298016443,11.051869586923047,18.0064,19.300826055090397,6.442437313692032,0.3275000000000001
5.199536097496024,-5696.803005379251,2538.5052610933153,73.50997834676116,12.902387719538359,26.05523206969945,29.184399638164194,24.076226392650206,613.9503198088053,0.00022164757045582562,0.13837973134933418,-0.0002676933474294127,-0.002992615150414521,-0.005496299231518782,0.0,15.983162163138084,3.362244824097755,15.768323427001617,0.9052849480544971,0.4108,0.2837112870623003,0.8121300519618615,259.5794085487417,0.034,23.112030207483645,27.97071067642684,0.13599193901271348,0.43217745925745304,0.0167,0.0,0.008829159047151893,359.80439021312975,0.0175,5.569228653292079,0.013638951234254425,0.0090045069141424,0.004694311534300118,0.0,38.31533488486585,169.7585408718018,118.44112691244693,0.3003999999999998,199.58712968647438,5.6630814436598635,4.975357292867261,18.544296617100898,215.88887386266944,154.87158255986446,5.843394002632099,0.5520886648244583
7.744823696655406,-5099.975265381703,2521.7927037607833,64.08556944033084,-3.191147969133269,22.593803470555336,10.012349380041066,38.35998087009993,611.8957496901905,0.00026934666537412847,0.008013467387688506,-0.00027252399230718054,0.0004368980214243534,-0.0013545376206178634,0.0228,16.07,2.6042877933124404,15.569649081743488,1.271836204577552,0.4108,0.7908996044487466,0.8050821375362042,739.1546289553581,0.15647723051079584,12.620048997018554,25.591056816355955,0.159848066994826,0.043129422647242406,0.027577683093055645,0.007885545984362334,0.010359010344551906,258.5508402325823,0.5202757111049063,7.078834225210429,0.010616989207640483,0.029806236274015775,0.0048530182945680945,0.0,129.64183856096219,187.37172438976734,3.609838122637232,151.56457428896834,265.09127965094405,6.185706918093274,4.008072536773885,10.030775291108045,400.0,268.0306059237703,6.655613871358382,1.399242747691617
5.427448350397499,-6196.2461116572995,2759.696563947972,71.72544943903459,-7.165503775352706,12.461186187395294,35.711819521093865,38.85356913889274,634.3218,0.00014982577486203117,-0.05710933087043145,-0.0003642246129112083,-0.007765362059140607,0.0007662631399907466,0.0,15.767370403133198,3.121282012252109,15.742715483732436,0.6055,0.519402440943547,0.6932372134372515,0.675296126706012,611.4818690928713,0.1253048583287087,21.27553247764179,23.409614701362255,0.033900000000000007,0.05854635386152569,0.0167,0.0,0.010900109119003323,176.46801892266734,0.10924770451447097,4.602699989673878,0.03855538343066644,0.00817882571487024,0.003510785656271112,0.0,33.5231191888667,3.3354999999999997,2.5786999999999995,0.3003999999999998,223.4557071550269,4.803463593341462,4.747321261420324,7.541513989665736,68.33086037994595,299.1076135198263,3.6093,0.3275000000000001
5.766660203843452,-4924.50043951329,2889.0230840726545,66.38940954376525,-12.1527,6.927887861568334,21.250326590415686,34.32578987582772,623.4453159886203,0.0001243138164546981,-0.09223773526334814,-0.0005118021782244135,-0.001316885197579205,0.0010731685191637554,0.0,15.84365458185099,3.530631311008094,15.740595127217109,0.6130654422337214,0.46325180645272634,0.09449335664524694,0.7767621988828164,76.0,0.09532686577652182,25.995444078740054,34.24792944729156,0.06489381469357994,0.06093196087225236,0.03452661821186806,0.00871818423369035,0.009103455327269734,428.4839916759365,0.2763179351489251,4.0902,0.025908830815698423,0.0414411972191315,0.012987302671446623,0.0,18.143459723098285,21.237397263032562,12.961998345587109,49.08170919417337,0.6279000000000003,6.441692244451123,4.676403583768495,158.1332,61.51768497535131,571.6625134285423,3.6093,2.125788201305492
12.050593004878053,-5165.669936650478,2513.958915712635,65.90111115580662,4.157219292687687,22.711124119818436,10.004230345149272,29.984854547541207,607.2405471226292,-0.0001421218322458299,-0.11350000000000002,-0.000362076537948236,0.0011535014568835981,-0.0005449202456016839,0.0,15.922961031013584,3.5403242941733395,15.961234153634313,1.867,0.5954974399624503,0.06467509260704851,0.8577013874851626,219.428811690185,0.034,12.16,27.95488189480022,0.2011543300629196,0.0430165580929662,0.03894312455654012,0.008571047718094693,0.016318453105870035,230.3384000536076,0.05739551149402871,6.889947188247703,0.02234456747507432,0.02280992919805639,0.0059564147014548995,9.42099018950396e-05,25.347950167920686,41.861831967244825,9.12377957269081,0.3003999999999998,0.6279000000000003,5.444763044507415,3.511341711389952,18.80633720880758,100.96268748966696,265.5887167963586,8.79301649181278,1.216849962094126
4.620646775547376,-5147.000398181071,2511.0642947500196,73.30168010097258,-3.872908795873815,10.082143356272674,17.66002594291636,34.455068234701,608.7094078623422,0.0001413565332517968,-0.05115827531802528,0.0005183105713365914,0.0004985506868265457,0.00040479050471429166,0.00047851482999975304,15.728904193994088,3.7828760209951025,15.738690221634327,1.3382239445437836,0.6623135786272235,-0.2169114699529291,0.798183395914613,950.0289830813289,0.034,23.56528837189191,36.387360345935,0.09308046067674457,0.04904665262609169,0.06265719587778038,0.011520079026525618,0.0078,95.68831680699938,0.08063564234455191,6.8526171043244,0.010499999999999999,0.02627768771536502,0.01120740141735624,0.0,1.328800000000001,203.37828555649523,2.5786999999999995,192.91252925661493,18.81825086342023,5.283422376081263,4.618196706522128,9.628716514758517,180.27962164403982,986.6667,3.6093,1.3692206574051822
2.2493,-5255.311298424621,2935.1583209389855,74.6212562478821,-11.535816118435749,23.833549888615856,11.193072364099066,37.83250156023098,616.4416272514928,0.00012138583522717802,0.10286568891658115,0.00018173758912545508,8.642773912853619e-06,0.00012614957969718483,0.0,15.880118333216368,4.326102701379869,15.679774790309052,0.6258093204072555,0.4230111083344521,0.5589326587925754,0.6920334085218248,76.0,0.11684047545502144,18.409477551544498,27.853359096389834,0.10443476212450026,0.055070468067315324,0.022728634814286476,0.0018730164282750334,0.0078,259.4163894084576,0.05425440663157538,6.087463588929134,0.023186414355027538,0.019589310021026374,0.005357349871473064,0.0,138.17981218562392,4.121916893743727,400.0,0.3003999999999998,9.151066695593563,6.666058889913321,3.902273500009408,18.852822717546147,103.26596898038787,0.0,3.6093,0.3971414327764511
8.191557720942171,-5200.2716759290215,2522.154413771102,68.56538403431439,-0.19621790658129612,20.28666548801627,13.42799036855733,37.07209519052829,611.0285656278998,0.00010848009992815115,-0.07427205088002747,-0.0003088235273933897,-0.0042487517968819045,0.0011094843717401866,0.0,16.07,2.398,15.877933955082677,1.119567600490121,0.5488023810282602,-0.015230177549238832,0.7675041406942553,778.6450837872198,0.2504045280108108,18.473609481091188,30.982434326622556,0.13038302884895345,0.04856020845397554,0.0261365566238128,0.008602485103095376,0.011832577456374099,76.48770912663795,0.132605211416603,6.5979603740077275,0.010499999999999999,0.018313649851471034,0.006273434823362069,0.0,16.371246025064295,43.15655761870093,9.825035271066646,0.3003999999999998,14.505631318564589,5.0771823428577,2.9222175246961526,8.133355110268397,140.96477275365945,59.651930461027604,8.052325357245692,1.438241100633887
9.298521471569812,-5051.756874934477,2496.901055395201,60.2667,-11.80667623027475,24.173747388512957,36.2594938252242,28.880600378867637,621.3478092959426,9.013143038997688e-05,-0.06771859600124977,-0.0002226574065629564,-0.007764476868400587,-0.0018199163129468444,0.0,15.838479099774895,4.155091734260334,15.822096294555813,1.233542343185206,0.541597122237501,0.33789455807029634,0.8108556727218285,110.0878720697603,0.052906596882049226,24.50557659161945,19.385643095285143,0.11045778743971213,0.1871520196922048,0.10060140398751335,0.16340610777478995,0.014147937033947146,246.2690691754708,0.0175,5.85151941209991,0.041181670771306675,0.026805171989076178,0.0319,0.00227327981823772,44.690466868590605,17.727408521295374,15.988279808144318,57.29620636333291,286.4969673180544,5.283323379047048,3.6768034199348656,19.099483772863472,79.03591453996599,95.39792487584035,3.6093,1.2097823390816314
7.608400046742489,-2871.7619137328347,2429.390383199343,64.18480577892919,-6.547849567225525,7.372526161155772,17.17442628594535,28.572889505465255,602.6824731642721,0.0002703784749077057,0.07274211061812635,-0.00028969059489636123,-0.007170381837418724,-0.00020495438136534984,0.0,15.782700934234278,2.759663605937271,15.81210342936235,1.3603093259938202,0.6326795066034087,0.7512570607385467,0.6427120505198572,76.0,0.130172645036987,19.980721142560174,24.779604749959084,0.13659652254889668,0.0400968726481559,0.03420087360380677,0.005802015718069127,0.011809671521097543,909.515536381326,0.24964212116047807,5.745671561626936,0.18718917543550226,0.03168429802956161,0.0033836328405268557,0.0,13.808097605626578,26.952218383657673,12.71001067640081,64.36123001559379,0.6279000000000003,5.700078075180537,4.041870690928374,18.072363425665703,74.50227328142313,320.191310524412,3.6093,0.3275000000000001
9.707513250398643,-4918.953021079954,2518.2661067052936,66.57917992812823,-12.1527,39.12535444083779,15.34992366611609,25.808103464606617,634.3218,0.0001439108708551722,0.0691377978507822,-0.0005048638712592849,-0.003462056122679868,-0.0004058293211894979,7.395565632466346e-05,15.848543933191145,3.121955405514885,15.694084520378416,1.304540809064834,0.5410246509842901,0.9171078334744236,0.8764,167.15342949447432,0.1686284589590645,23.075409121198707,19.96533354299407,0.07176395243756316,0.0373935527220514,0.0167,0.003734979939263055,0.01786043678300803,48.9074058191224,0.1786568958232801,5.839407478545056,0.018166418463488244,0.008,0.006756359786421735,0.0,27.23539606843215,8.210093581372792,115.15458076408969,0.3003999999999998,10.211031995266385,6.262993394395842,4.891091608654663,3.1599000000000004,126.12144099087345,40.131826631173766,19.62176652610077,2.0139064450214312
6.1286681049983,-5515.956981400895,2489.011576861869,66.15940802605031,2.453093569947338,11.182309924220203,21.425024769219593,14.074306035579118,613.4240371991757,0.00010559731941172745,0.07834364185891748,-0.0006597247204869732,-0.015295216580779515,-0.0007432523485638894,0.0,15.783252201013184,2.8724805776239783,15.832917420677095,1.5683493645486717,0.6959631201511036,0.598571496644265,0.6695106178723771,76.0,0.09094666523821215,20.227272358036593,30.01207425632392,0.05359983560306466,0.06221711965895481,0.0167,0.002969720712560858,0.0078,49.0917300052634,0.07378518680284116,7.617351779795747,0.029181004916215298,0.008,0.0108076321495157,0.0,68.75426574168841,26.554096248268824,18.08811346672885,2.4970375602449364,0.6279000000000003,4.852387900779317,4.384692313373586,9.567995682594088,35.206961421635825,109.51594301703207,4.255887031106179,0.3275000000000001
11.582850441870255,-5635.167702237536,2536.009332908649,65.36600612025927,-12.1527,20.076706085595518,23.513819584199307,18.12459937905627,623.8961281831466,7.593432920814467e-05,0.040713546814745386,-9.153857345785888e-05,-0.00420303722455422,0.0003526502667390248,0.0,16.07,2.398,16.09,0.6507244484602501,0.4179615360722363,-0.6855439753852672,0.761400565911393,80.6148307200861,0.24588168873269423,20.18060710624976,23.053996052372856,0.14740673536135113,0.08700902874447201,0.02552794337379534,0.0033240681710013284,0.012200198229814933,460.64692990366035,0.029816288187207156,8.396957165548814,0.22,0.019176328662708166,0.008795577584143802,0.0,1.328800000000001,94.39852133698366,26.03858404723507,0.3003999999999998,17.579275550036,5.188331626899372,3.421664387496763,3.1599000000000004,89.55250470950911,884.6134093282113,3.6093,0.3275000000000001
10.016712291078697,-4787.349110235952,3011.889466709563,75.9444,-12.1527,21.552464541189497,15.985475496740776,17.92925878195033,602.0976703410266,7.035343033612708e-05,-0.04877424415246246,-0.000288152680173468,0.001755554697765142,-0.0012816946191184805,0.0,15.819281472435586,3.681816102017547,15.682922354161963,0.6612296581625363,0.4108,-0.18214425130010803,0.6429461069949196,76.0,0.6217730061526235,26.337460134971504,23.296999906832703,0.08753366094407065,0.0172,0.033534395763205826,0.005307816060133214,0.014708194429824089,37.027000000000015,0.0175,6.228486350970544,0.012395492788371936,0.02273720892097436,0.006456935187415393,0.0,38.758421379063606,3.3354999999999997,14.249636243585567,0.3003999999999998,16.049442332197174,4.795334797056602,3.7931411382714306,19.30418737344578,33.74857914412515,0.0,3.6093,0.5316733805922711
4.570272685583555,-5105.563353104579,609.5,72.36568691600739,21.527694025386012,12.265459078924323,16.024787439468568,31.301475338667075,609.5916993547015,0.00010977736217807504,-0.017034646327480234,0.0001167517741581525,-0.010593854288192988,-0.001197939014024702,0.0,15.743282983081857,3.29848511445261,15.856880633446462,1.1034167680243716,0.6713283724246526,0.5534520353849706,0.8414879205897783,792.3890156882314,0.034,18.314420247142145,30.761110545377676,0.12314967859618756,0.02657977617409052,0.0167,0.0,0.012015709687681357,235.13559556755655,0.0175,5.45651495499361,0.03846966501291703,0.050674831776697335,0.006307162074508325,0.003836152937205039,23.287228146344603,27.34853320003532,221.04481317141477,10.026429658930054,0.6279000000000003,7.088912416907631,4.736582167901253,15.165792419185642,90.85741656641474,10.078949142326792,4.679303312909697,1.5917916537474304
7.770235345055852,-5706.342365625758,2574.085770601992,66.37965595317581,10.816318178855239,21.63950539390296,14.585456814249826,39.56699843020108,617.255282769041,0.00019516112000943713,-0.06602944602331035,0.00012282463116757212,-0.01342084369234697,-0.0007496790245152795,0.0,16.01761550498755,3.671332591547006,15.745638751540106,0.6578636014876449,0.5480087183324897,0.5594178824509386,0.7473004701381595,348.9029312538793,0.5904446576948049,20.519958720119682,19.286726278687432,0.11948746657386763,0.14845349139448383,0.03483853515503052,0.0006393874270430441,0.017133603962566867,53.08961271270462,0.0175,6.774781586732075,0.041880342767795745,0.01847719182618644,0.005795496101604579,0.0,400.0,32.78719558041833,36.687805616620494,20.345235623972002,400.0,5.787940193487407,3.1012520054315584,11.09125235111336,198.43149816487247,0.0,15.154019114404562,0.7143998434141642
12.222291758769334,-5152.040126990203,2769.081217660663,67.94283074803381,-6.115271402332507,13.743656427402467,12.079449031508425,36.35223974632247,626.2329732587592,0.00010228045695652813,0.0379664357895564,0.0003260601843589032,0.004484817353705513,-0.0008470107778133312,0.0,15.92715321664451,4.403687084337842,15.93699239075219,0.6055,0.5262221349728768,0.4222202713421521,0.741065129712256,989.137216435337,0.1864147407106484,18.360919821065263,29.111506291862206,0.033900000000000007,0.07041425752782055,0.13751170964496987,0.0072504770085544505,0.00978830709485571,243.989610495476,0.0175,5.123395650761733,0.04230571350290378,0.019304359644818594,0.005284619787316801,0.00045978417124160214,15.604850930924979,6.713077341940311,28.63881086503034,0.3003999999999998,20.551183804513524,7.252462414305449,3.531646178176303,21.70091747219543,77.59430390425472,808.0361977550397,3.6994727643652094,1.189620696898082
6.594704739687842,-5170.963735770057,2366.622543203034,71.68060980934422,-7.459867722447218,27.836265704074073,25.124822891949997,54.41848322478569,631.7129843848926,8.577740854662657e-05,0.09912016291240999,-0.0001254586513228058,-0.004768238095313968,0.0008501770649192492,0.0,15.98319129634263,2.398,15.761512678788806,0.6055,0.5960399908495537,1.5355892498782533,0.7489135244964525,450.9894087850347,0.10426160951509618,12.16,28.69891209126632,0.4892000000000001,0.15596358437619487,0.0167,0.005802992277892757,0.00947302870019613,735.7646758584924,0.0175,5.329946131568748,0.02527945630976021,0.040663070532983736,0.0025,0.0009771189186729417,32.715757635394354,45.29343990088317,255.4794436049948,0.3003999999999998,0.6279000000000003,3.8499057307988194,2.928109929737578,21.335961730755834,84.13453329544014,623.1693122404843,7.122983374295159,1.2430148344361505
9.975100315046655,-5619.660685187981,2977.232249430433,67.83826470493734,-7.591003465929882,15.478177639678547,21.76277227562536,16.073794097360093,595.7986711775515,0.00019217554234099966,-0.048323183747683955,-8.349454054333635e-05,-0.0049985831806608145,6.51419937985598e-05,0.0,16.07,3.3643875559324856,16.07088443841469,1.0062650865566882,0.5038513798573869,-0.4262394478731484,0.7625562123462103,2263.555289368962,0.4534328256978236,24.427205483474133,28.967211184933912,0.23165503095595116,0.0355948273800252,0.039643151967947696,0.006249563125861108,0.0078,417.418624956514,0.0175,4.09148214182257,0.010499999999999999,0.04952708548264393,0.006832462763558983,0.0,400.0,16.47175070086106,2.5786999999999995,0.3003999999999998,0.6279000000000003,6.350049160474242,4.489702273344122,12.505553928039722,99.6080716576827,219.01657699082736,3.6093,0.48523671903732923
10.947372083513235,-5790.097161766542,2340.1515349291035,66.55084249322236,4.587096031516042,15.664794463280117,24.524488207558363,24.144341885478415,618.5670193016186,4.267971930971689e-05,0.04867125751743834,-0.00040237523831662995,-0.004188453277710636,-0.0119,0.0,15.76201941822896,3.5968529085651175,15.594919445672488,1.1244891057012534,0.5503840605150768,0.18542995578968935,0.8684333109825277,698.8548102317804,0.1583248943362351,21.342871831455284,33.31698303245442,0.4892000000000001,0.029364224049329972,0.02249260644922301,0.0,0.0078,272.78340389272284,0.09352739653075286,6.6924674125712915,0.04320155269781795,0.029841018090496958,0.004155273597093152,0.0,347.8544427972503,43.08537969010373,32.94770395566914,29.940922980714703,400.0,5.123237846792019,4.313997433449483,17.4853842287655,31.734527041808278,84.77475308310255,17.77713153144782,0.3275000000000001
6.918696519226256,-4955.817410740413,2750.9722706881594,73.33268814827188,3.7095481728572457,20.65895809496051,19.869145458160006,29.1817349562331,634.3218,0.00023618163535432047,0.09458554375135497,-4.907659088718623e-05,-0.0015538867959206566,0.0005961865622932933,0.0,15.816473422854385,4.591043411466661,15.775224326738044,0.6616268285339596,0.6568648751660561,0.4266532339205169,0.7458500196929626,322.968953328608,0.04299566318912572,16.00002393960368,34.36052550216199,0.12530788910862128,0.054130440590870056,0.03522293403429932,0.0023646691217516923,0.0078,375.97967558338723,0.0175,5.620766053503947,0.02466737467002776,0.03181666599434507,0.00453417441373054,0.00047326180538817563,169.9533452387245,41.11448611903269,29.706414795713464,11.37854050173219,70.698371139061,6.774718357118461,4.7497463514696765,22.916664219268913,199.0300288886677,126.17812498861147,6.797968330413683,0.3275000000000001
2.997391226597397,-4977.80548895438,2645.8012495565563,60.93221048602187,-12.1527,9.881453361539073,21.88563711243086,36.32416569599674,595.3218,3.90363681825035e-05,0.02889611083820584,0.00015994446215852767,-0.001342333957251871,0.0015,0.0,15.757721118938893,3.7598937866382793,15.819366654456765,0.6890616901160012,0.4253680135439356,1.1712891460133275,0.7821920347008691,76.0,0.08982279638868823,17.0183925414159,31.889725869668286,0.3802719934939707,0.13282459961301815,0.0167,0.0,0.00868801442532527,323.92075665951256,0.0175,4.739558797658575,0.010499999999999999,0.02375657377841164,0.005065003119071203,0.0010102024580489189,47.41246804484125,21.76395863567593,2.5786999999999995,0.3003999999999998,0.6279000000000003,5.299636303367855,4.787427313864422,12.802102330362688,97.1380691286611,295.5195584228532,4.605559833317514,0.3275000000000001
7.742315397884323,-5220.476712209168,2747.2330759437614,67.26131136360279,-12.1527,12.791107409292076,16.583253519322206,56.8964,608.9019398512344,0.0002416597510225002,0.05941826959851208,0.00011900108289073834,0.004681171157982162,0.0015,0.0005807621970319402,15.877658518073352,4.589493384074868,15.794683710012562,1.3587642347522673,0.4108,0.7235791250352093,0.7672235790758848,317.2131383059666,0.2042942376638111,21.791300504131588,23.912614170400218,0.06092483080784847,0.1032170703818081,0.05457222054051146,0.0010226343753680222,0.0078,281.3608268108404,0.4349878367889254,4.0902,0.010499999999999999,0.008,0.00817794291964965,0.0,139.44617820360767,25.050074753376226,2.5786999999999995,0.3003999999999998,14.952418804232988,6.041977824293125,4.526544221434038,16.116982344798863,83.04384181320782,228.57107238354195,8.172632297160288,1.5405224898376377
12.176319452206881,-5262.992213881636,2598.630558723144,70.92342769140211,-4.789990383551526,43.526968313343716,14.967329311424828,26.45218944215067,616.0982302132791,-5.768513240542731e-05,-0.1014152722762412,-0.0006066181049740646,-0.004155227713451234,-3.938616170142762e-05,0.0,15.710788935227885,2.7237650356716108,15.836598886207414,0.6172940039461411,0.4108,0.2661507951956875,0.7548963142243118,790.5609005406936,0.034,25.81306806180587,18.65803885472263,0.05880825768394049,0.021395972388079346,0.0167,0.005357438097650347,0.0078,365.968985872458,0.03923438432159981,6.4573998268985395,0.03025425062871931,0.015035539940479209,0.003644206525578597,0.0,23.83313004495811,35.541031870608975,2.5786999999999995,27.067745894742714,8.094242491551638,6.5513904527607965,4.475747270314143,3.1599000000000004,71.40220769222412,0.0,3.6093,1.888761305189199
8.69360817399301,-5127.564589810138,2569.114294244348,65.23807074298074,-3.9551926305738783,23.037884236016783,18.901211717415855,33.522145431550115,620.2089114715407,-6.436162530590675e-07,-0.021428698765753578,-1.2983329181642366e-05,-0.009069588885624076,0.0014844416274209383,0.0228,15.895900537271535,3.2829296437367717,15.58303897699158,0.7118520008463696,0.4108,0.8887763501182828,0.766499982897572,76.0,0.14807098898371152,25.803089799543027,18.674456107830217,0.16996556278406272,0.08989555306768943,0.0167,0.0057959008402440945,0.014839577790845479,37.027000000000015,0.05841319971322737,7.402028142675856,0.010499999999999999,0.008,0.006012629024916785,0.00040739700143836276,228.3396525500088,181.24345703107915,2.5786999999999995,72.3740823906757,250.69631493631292,6.701244957263344,4.781125579550476,7.14727509904651,64.1293995333213,269.2809038210182,6.802950323378145,1.4506237568623639
14.1879,-5336.353111733333,2623.0898744144824,69.93670105893537,-12.1527,33.43425902884116,14.648039588412079,43.72338618714288,600.2449957420836,0.00017597415594377042,-0.01818838251175241,-0.000259125301753469,-0.007992134440538133,0.00013689373125104357,0.0,15.892270114311046,2.398,15.746690664192458,1.3808059448989014,0.5283560529647271,-0.03515669456699799,0.7864858244399956,284.92001696501336,0.22161938241724122,16.73982682807673,19.907570617976294,0.16753639800898068,0.022206946129556336,0.03398072309690159,0.0,0.01344201380203493,366.1069704935338,0.19308744760594823,7.145891053239624,0.04656332890653371,0.03311593035650918,0.012845163963027185,0.001640595241200895,25.96744291629691,46.38736140683072,2.5786999999999995,82.92810919936966,171.88189136862417,4.1658272339735225,4.574672998471044,158.1332,41.34456467117184,207.64790686821897,9.424673532616154,0.3275000000000001
9.414044179987927,-5111.172690730206,2621.448734054525,62.447678384610725,-12.1527,6.016883008059505,8.011975491704586,56.78547889706831,617.2360938474468,0.00034929238918733315,-0.11350000000000002,-0.0003993900072488107,-0.0012522884344816163,-0.0004718806758619754,0.0002943999161694291,15.984186441473934,3.0146461709273993,15.876236470664864,0.7849956437246997,0.430441203725232,0.4653010715691368,0.8510234489314736,76.0,0.034,19.04580131750726,31.905630814270722,0.056379956808463465,0.12530795590377122,0.05634573160376816,0.0010003119054862743,0.012408806338596392,106.8763983447478,0.09030578613313828,5.720869692150397,0.014562644653725164,0.02463883102626076,0.01264913199259763,0.0,19.653621893303253,24.25628680242126,6.5772808356054195,0.3003999999999998,21.341661497888925,6.29518729262126,4.355608518544488,10.788583683735975,76.44844209212694,986.6667,11.059449972923488,35.5806
2.8036087857100034,-5037.930218484654,2443.6647294989825,68.87706047193834,13.074362203684894,22.529550616713955,12.1301648422363,41.771690602553,609.7856775484063,0.0004000000000000001,-0.016703846640961622,-0.00015954546052093227,-0.004763214663601372,0.0007595114448815568,0.0003479721765917425,15.84384397172312,3.864245399903971,15.856427665407132,0.696073906901511,0.5389997766908979,0.49688064238692986,0.7719927045158099,535.8540121417441,0.14141032414746435,22.345445330381754,29.243599903501035,0.15629626541061825,0.08077552078998762,0.0167,0.002506285392972839,0.011101598007442363,198.47927740281153,0.0175,4.096534675925442,0.028689311941958923,0.02458773548042915,0.007299417836804419,0.0,23.921765862823648,20.83838233972531,400.0,0.3003999999999998,0.6279000000000003,6.6708345731254886,4.757462697513848,42.61921731696373,116.1657614063771,144.48989440609304,6.098325958662333,1.2037281397764603
14.1879,-5562.087694916403,2804.3988061322766,68.65177065711562,1.4580979351492607,14.341830772821755,17.45860808660339,56.8964,595.3218,0.0001327337352543597,0.057040117764901234,-0.00031594783679559073,-0.010415646000064137,0.00020324029255109317,0.0,15.717703903925491,3.9858802902665538,15.942258163955106,0.9176894329782104,0.4108,1.0163250759374547,0.6536660798723676,286.1006606660335,0.10396761636875607,19.664004731956766,36.99014886114867,0.4892000000000001,0.0172,0.023757855496001658,0.0,0.01598660857038854,2005.8744,0.0175,4.513333730919733,0.010499999999999999,0.013731455747211982,0.006950627098777494,0.0008675535910675591,24.467894027732083,11.868602740868088,19.53430219399435,16.333230256835048,163.98708262506165,5.290255970498674,5.012505216158512,3.1599000000000004,126.26328093784392,415.64707721044,8.418200009073567,0.3275000000000001
3.7413085430010273,-5267.560408254887,2344.6289977430924,68.1806739287463,31.8548084446785,21.425897849108686,17.67544920467512,19.819252836154924,611.7112528437987,-5.976218005127416e-05,0.0722045751656907,-0.00011653466271370255,-0.001783134996812527,-0.00047088670564027956,0.0,15.776115357136463,2.6979908105495225,15.77056091930624,0.9481325137280412,0.5148577128359486,-0.061140620174641724,0.8171995213402743,540.9030763605141,0.13843589569838133,23.423935521676672,31.78502507707121,0.06224681675806548,0.07355807036878279,0.0167,0.007534730725228563,0.01592910669901125,491.018091563359,0.0175,4.284209830113099,0.012634357325640163,0.008,0.005327558437884013,0.0,4.854005125237197,40.76994245977724,12.611298394654153,0.3003999999999998,6.600235950035129,4.361042130289751,4.660984315909029,6.480958146497174,65.10841917738622,350.72474187898354,3.6093,0.3275000000000001
11.692370538457215,-1368.75,2306.93846853393,63.19225387912982,10.391286938653371,11.00370053679421,15.686423404928782,30.710678940959674,616.9314914901998,0.0001452792990162651,-0.11350000000000002,-0.0004056891908754571,0.002187034061686884,-0.0014845806566149465,0.0,16.07,3.6084198824038127,15.667892128662814,1.6439388122474452,0.6131321452187425,-0.4241569991968619,0.6635652398164376,744.7012954144872,0.034,16.16508787945895,27.86759501641311,0.06334080003353137,0.07812182962728542,0.016911821525277333,0.0,0.010638160713046683,117.537897254206,0.1944496137373097,6.976372453173832,0.026600785032562697,0.03925041755292935,0.004193634100774948,0.0,1.328800000000001,16.88625285901631,2.5786999999999995,4.748487927978865,0.6279000000000003,4.581742996859591,3.975150515227339,19.120458151907673,114.64495628249922,986.6667,3.6093,0.6447748445401241
8.067865155171866,-5084.270260786272,2682.270495398191,61.44717005926786,-12.133836327602282,7.967637979812133,27.955712779351344,34.75579335230303,611.581542058566,0.0002857622927476335,0.02061297592492972,0.0002318951362855696,-0.007096995694319729,-3.7317886948812113e-05,0.0002943845305357261,15.81611302499669,2.7894623826331326,15.912239495377118,1.049933045917838,0.4346375636618448,0.640256212200101,0.8201736244305784,207.64085260940857,0.21163121488125278,13.654187908022216,16.062,0.09887598930681984,0.05220034095630837,0.07065850548160035,0.2067,0.010382195883478329,142.37997418102975,0.08338167163640163,6.487848334881807,0.024931272524843825,0.03421377077519087,0.0319,0.0,12.173953864781001,19.57215853076167,2.5786999999999995,251.3616773225045,10.95905358295932,6.396340720048785,4.180696764354975,20.367292511743067,87.74118493244308,0.0,7.559476105362923,2.371831091543695
4.17668372225831,-4991.252989835979,2769.1077133927924,69.21723093946758,-8.48723453062516,14.291081470709118,24.82038789494153,37.14503922429762,608.8567993664952,7.225817579560271e-05,0.037569114967746314,-0.0006417897249619831,-0.0005731498558997072,-0.0119,0.006384401167844948,15.849656169448446,4.023913548416979,15.739538747684328,1.2423345835534125,0.4108,0.23973470431509458,0.7140906424808782,520.4665674072776,0.034,21.631487388852143,19.37059772835031,0.11264724632550481,0.08190351777241403,0.16937733798847063,0.00740721508557248,0.012369232530668114,331.4515707233679,0.5255,5.919016230043603,0.029933497859499707,0.015580202199685747,0.005650523508763697,0.0,6.2936498381685695,27.339367463701077,2.5786999999999995,254.94985783977205,16.607148195291874,5.561504843657675,4.875920492526846,7.948802013574152,194.0518156281727,49.288304189769036,4.514179932671424,3.3297459843858306
13.020674161234949,-5367.279066345153,2270.61384994473,67.31632854955062,18.18230105380051,15.121541509473158,23.32155951156477,36.80663734655866,604.817916231426,7.089832127957389e-05,-0.024005629386080585,-0.00025903680147330876,-0.004118288216763363,-0.0018961931113979783,0.0,15.876082824598837,3.2000369170424414,15.740387766512638,1.4323727826791115,0.6084230185194369,1.0234530997367597,0.6846515139213887,254.82892487203594,0.0836392469611946,16.079342166871445,33.636163473874156,0.10161516086625134,0.05524295080661082,0.04265565238538246,0.007397129976069464,0.012667305891266644,128.04864820660453,0.22485853810413317,7.362363754157041,0.03407551179341759,0.03075856048249183,0.004915051848183741,0.0,41.710011588705974,36.75152973552552,3.2744031831100795,400.0,400.0,6.168863583740928,4.456417259821355,3.1599000000000004,116.4760418205303,256.8032623654552,3.6093,0.3275000000000001
3.7162693659525843,-5150.374649281164,2371.1650572287217,60.2667,-8.472552302867362,22.709705039702,11.433940305651323,30.388955704079535,626.6610356024945,5.581410257432612e-05,0.05444057888229011,-0.0002999573359695186,-0.00767100225422043,-0.006507388211048587,0.0,16.012972863721966,5.074235563100123,15.714020672383665,0.7082321575301901,0.4108,0.06417197812435571,0.8212582074883394,76.0,0.08269877875473405,25.623953278718925,28.16342942486543,0.1320028740187752,0.10156070081904665,0.1026424058810414,0.010767474518977724,0.0078,185.61901749638392,0.12774676680510372,7.125093671564867,0.032490686122272336,0.008,0.007522796228024204,0.0,136.98736189841472,38.749875052598284,9.584747321498387,2.5046015079792037,15.434733054604298,5.498348005126955,3.169327425930109,21.640546317696927,78.83763741923272,0.0,6.683441312901996,2.813340560698581
12.291783415545204,-5356.409242835057,2781.2292292648967,66.29583909263692,-9.951798085133486,18.609191937612145,32.365116635336285,47.37944591767716,597.4111109992359,0.0002366174408113295,0.0034161041144177453,0.0002588254035848668,0.00045983874969749566,0.00011360140112283971,0.0,15.857016210508363,4.092976681348244,15.906267670259446,0.8157355861093921,0.4108,-0.8995454553579451,0.7757665928340441,76.0,0.15714548952579124,18.141446099062954,26.2992931882562,0.2031075318954974,0.020940727041871422,0.1422941062384892,0.2067,0.0078,413.88329451554233,0.5255,4.340740366256785,0.02895938602502268,0.02196839019112209,0.0072600057150886375,0.00029665239641440695,11.820543665303461,3.3354999999999997,148.4936509731051,3.6189771996151405,0.6279000000000003,4.5622906282515405,5.106021222568723,20.95299233529698,87.28620592300939,323.86402781030625,7.274657287946542,0.3275000000000001
7.512492229640852,-4801.287932214915,2655.229812150369,70.76026917406554,-12.1527,22.430948719176023,12.68001177271525,26.770705085122437,625.9866570611873,0.00012911221982910362,0.020712616487476763,-4.208695344198113e-05,-0.005167144043825355,-0.0015670784325175005,0.0,15.78196680086896,3.0895874859923786,15.965785862403099,1.2628922875871451,0.5723093685157603,-0.3868778179902853,0.8541564775101513,544.8059870134149,0.06292190706218824,18.252781203588324,34.599707222904314,0.05468169882845551,0.018752827279692963,0.045239083054232174,0.007161981851338938,0.0078,144.71680182551722,0.03608596253526572,4.202889728879659,0.01449346341723791,0.011137349818574942,0.004853222528792943,0.0,245.11826487020545,236.07084838009078,4.147708917207979,72.74581020562823,10.528371457604605,3.724554750071908,4.056549599120345,16.75622838784763,400.0,541.6552502498496,10.193421438770892,1.4231470407016065
5.88023295541868,-5292.271332544382,2877.2727694243995,68.41146549072651,-11.81896192756213,6.54863467202419,31.94240277542056,45.72951864828627,604.5463252291993,-0.0003298626829417483,-0.03539417765784638,-2.462635766491689e-05,-0.0034588692843028727,-0.009688411042283662,0.0,15.939394934494342,2.9077445342636743,15.74741044345228,0.8729537126843002,0.4108,0.00598871191025907,0.7806865603728981,502.1035176091509,0.20438458861973913,17.803843750308445,31.7670090628123,0.20695033127802193,0.032943151386937486,0.036766719134737745,0.004139307927763207,0.0078,293.66614230852383,0.5255,6.535888493592176,0.017704164026274775,0.04171820915179529,0.007135493437180324,0.0,26.093716217762932,114.0905489241638,2.5786999999999995,27.154108560335416,20.61942007902643,6.189044289271588,5.018532922453712,11.698215958784898,110.91991598746768,64.21737736461901,3.6093,1.6708892774145745
9.242771851900123,-6828.694618809654,2406.486120775622,73.97010477305243,-0.20176206331551327,12.693604197741344,13.412183949456317,56.8964,606.1070993427593,0.00013866731913962833,-0.01185071004261032,1.1733494363832597e-05,-0.009112006410970663,-0.00015467544567977158,0.0,15.826972618793514,3.039635023956882,15.981470837339687,1.3069888764087845,0.7875649798609654,0.39416127518831867,0.6499803177161826,190.47970363030066,0.11622790835562577,22.422642337132245,31.672175147098184,0.10983586245484288,0.09832470647196202,0.017525587358826773,0.0,0.0078,641.0917311202725,0.10258017885785907,7.367055172619672,0.02298487282323024,0.028737449831836473,0.012609048862619904,0.0,1.328800000000001,137.4824239433238,14.629610971471493,53.06628649134218,351.2300276832228,4.846913214757822,4.273606007548212,158.1332,227.16471318042065,762.3886150965216,4.156782947267225,0.3275000000000001
2.856846786624973,-5722.699288242266,2537.569057954852,72.80197757923547,4.907343351979804,18.408695575877022,9.901883967280105,31.802689135399444,607.9601556782557,2.670938097559309e-05,-0.01047127216278664,0.00020649064476521584,-0.007658072669105885,-0.0003734090920771314,0.0,15.83018430874023,2.777587484052681,15.80656259378237,0.8878185947731592,0.546906546380468,0.7745495029853577,0.7193228879217997,76.0,0.1657116356762173,15.980968305957518,27.806576725159843,0.21486136557658062,0.03152485009347265,0.0167,0.0,0.0078,387.21728342837105,0.05996576586038498,6.114092478724399,0.013748953042225879,0.05064183655709543,0.008879124953384927,0.0,21.176621020674524,33.73427554640508,13.701471493154934,22.235343963133474,68.01642892079963,3.511326468955069,4.678730070891717,14.672398319642916,96.42673752878603,55.452309229877045,8.03531082774493,0.3275000000000001
4.70112106912711,-5644.355910813363,2473.9056855628664,67.79066806068786,-12.1527,18.78320596548621,26.774080620056044,12.41233937915936,630.7465603532382,-4.4569556908168926e-05,0.2575354497462962,-0.00033398400964763084,-0.010783493711830402,-0.0009531043282205903,0.0,15.83327137803291,2.718258517094961,15.76813045866802,1.1877772564123223,0.5655357225899307,0.25385853565909144,0.7385516796629639,2444.7412368942296,0.034,25.132768759990057,29.289730355066865,0.09679232438475681,0.0172,0.04263465426434226,0.2067,0.010887371198479073,183.8516480534463,0.1993510253442998,7.246299336467217,0.023284010824556268,0.009294532697874912,0.005315473395295992,0.048202797455147474,23.56699284404665,42.451738784072106,16.586159813129527,1.722610104430661,400.0,6.228961075788381,4.6867112608482895,11.008702332014654,35.305210991246014,0.0,3.6093,0.4576050087205472
9.568468407214395,-5158.74908739257,2759.47623318639,73.5657879571992,9.55330625774544,4.4283,27.189721350232176,29.978734613022443,615.7580625049604,0.0002870706972867837,-0.058176904640598895,-0.0013,0.00013356666490489666,0.0005304293295800513,0.0,15.758656655999971,2.9181396169970935,16.09,0.9401408574435437,0.5974702348692642,-0.18638789814602408,0.7773309111695669,86.29062670939254,0.06894637217530916,19.849197792441945,42.781,0.19393675008466016,0.0172,0.027752288352340476,0.0,0.010165144334567156,307.17775367231883,0.11989970104928985,6.3948854092215575,0.13168649866537754,0.047641643703243856,0.0025,0.001211578400982081,43.66937187978573,26.812420973317263,32.85546541206917,2.4374780278592656,3.249141930706492,5.755947245134199,4.586937882811582,8.752127329698633,158.2237641097577,31.181859129521854,9.307015286408111,0.3275000000000001
12.463797632311461,-5169.190536175712,3246.990486599596,75.9444,-9.431048330220221,16.187006680750486,26.042205739149335,42.69314621162259,621.8236397901304,0.0004000000000000001,0.07869927921882952,-0.0007519438063547325,0.0036289995365560747,0.0005124249052618011,0.0,15.763292930648086,3.3780193012434165,15.580610112108175,0.6055,0.7216849737533166,0.6265069407527695,0.6771400245281168,847.0038957276472,0.034,21.78463499934652,42.781,0.27255688471233686,0.058407110128970534,0.0167,0.0,0.01292719181506963,2005.8744,0.0175,5.034450755908283,0.03343702895643258,0.024124087774883847,0.004723268713988614,0.0,44.76421197607678,134.55010529313114,5.983332273860846,15.45466904546115,0.6279000000000003,4.401394315660483,4.732788633885702,14.902868634700628,105.19392384562917,543.6756521589937,5.668871226180255,0.3275000000000001
2.2493,-5110.989665662673,2423.3904116098643,67.52337770089015,1.6565120247771747,25.207023928398513,13.301099345898358,23.92125140920265,612.8542069623674,-4.881472971070688e-05,-0.038866398196373685,0.00029388334313715513,-0.001912934074315191,0.0008647859809441764,0.00044874220327847795,16.07,3.358390702551475,15.750443443443881,0.8383238832480011,0.4108,0.01009197803203199,0.8764,79.56622022386722,0.5594120274885995,23.881237457646407,33.56130098824247,0.10136658746562123,0.07960268280920851,0.07906735282338256,0.012083187665832726,0.008306006193673332,192.4891781728495,0.08711130473307542,4.223883606820474,0.019375300392979734,0.04281696104063173,0.005289343012554697,0.0,37.31176798062131,173.67085990070868,2.5786999999999995,0.3003999999999998,159.00601399677814,6.41249400857296,4.31830366855151,8.673943449953677,56.01569874513685,175.5364545838942,3.6093,0.8438012523149392
11.275851993882348,-4579.0497638597035,2769.2594629254877,68.36113572937641,-2.5300666280683095,53.9451,18.342106344320324,48.32348997754847,614.4819459062888,9.236516179988176e-05,0.08673811984601626,7.999876943612202e-05,-0.0066110303127040766,0.0015,0.0,15.899624122846046,3.675770372867116,15.993657238318008,0.6541694762077331,0.7036983550048488,1.3325376931977901,0.8454953838907753,130.9214735261407,0.034,12.959031904660266,29.725871982365994,0.23512189475462075,0.02886226614494347,0.020439021426536363,0.010696331211992519,0.012063202458446401,37.027000000000015,0.029637611196269363,4.0902,0.01614731827011167,0.03778961587351044,0.028508396029676433,0.0015905646689574162,36.63138314315777,122.58412914312936,2.5786999999999995,18.60984737321935,0.6279000000000003,4.771409155312625,4.4838456380580585,16.673868245533328,48.24030159780573,721.8902869405181,5.375116196960918,0.5415080777325398
9.036298645616686,-5140.701539678467,664.5564668588174,69.122350317318,-3.6547252743156995,16.551598817562507,7.832200700667615,29.952146529401844,595.8647714707404,0.0003239984957906785,0.14972259869911891,-0.00014212994622582014,0.00476388504523711,0.0015,2.7384634572885105e-06,15.885921176062904,4.456678155710156,15.723947607174612,1.1308319703126994,0.4250679219331733,0.617906764660263,0.7864691853925972,191.45435441419733,0.19702673835398637,19.603675435299518,18.19153257133469,0.07261076099004621,0.0892420544082935,0.04779376894431743,0.00748007942715226,0.010982492389304639,231.46970809521054,0.0175,4.407161993463967,0.010499999999999999,0.018636056135870754,0.01119182102819117,0.0005962858705166402,33.20240138196503,3.3354999999999997,17.05034879183357,0.3003999999999998,0.6279000000000003,6.037506768010036,3.944398410118392,13.535140740846556,88.58059415251327,246.020503684491,6.8782013574781775,1.4685596328447565
3.088432892678842,-5784.483181527952,1399.4634725906856,69.12148534357132,40.236138626895524,19.522302852111345,25.93331485086496,54.95325419979238,605.0308351493076,8.797096451258043e-05,0.07186600820479672,0.0011890750682797798,-0.0024132182844362445,-0.0012351973478517417,0.0,15.743490752166146,2.5729775181999632,15.54,0.6413776328649058,0.4108,0.43788505716827164,0.6736513659749425,76.0,0.052345609257316725,16.26514963109743,27.182296823827212,0.04189449870377381,0.09047496297387964,0.017449868062321065,0.0,0.0078,184.957349427683,0.05359711767107577,4.631226910004855,0.019627245318244654,0.026274724734289778,0.0031041445081996773,0.0,1.328800000000001,33.02958189975005,36.125319198185544,0.3003999999999998,95.34222298237331,5.291678137573995,4.965726515267608,19.45951334714342,298.0981424856433,59.503209445551846,3.6093,0.3275000000000001
6.209417747138653,-5396.48042620418,2309.174851174623,62.38167684135652,-2.9261906966510707,8.042099401667532,17.893283039643677,25.47312627406492,611.3375635167793,6.586286363338775e-05,0.0010845416043448694,-6.838094751340491e-05,-0.005772626863765495,-0.0015652564825537072,0.0,15.893655214169893,4.0685510034303904,15.562018605752211,1.1926389980364847,0.4108,0.6836449887738067,0.6198016274678773,313.2268609948543,0.2475183225687556,22.713964086272654,28.32689650626054,0.330623115104001,0.03968199323398437,0.03415419570517997,0.004434887845658965,0.010140165340025192,96.81772694266817,0.045525085191886736,7.447318008025745,0.010499999999999999,0.033996444561907306,0.0051585845990885105,0.0,50.42487306492866,40.058687645527044,192.95328987074902,21.218209536350354,0.6279000000000003,4.890415111355447,4.5997474102500675,4.289589090656482,92.48032729764694,986.6667,3.6093,0.7293204050025327
7.358164304461119,-5520.054362506461,2564.7625968773846,75.45614737872445,-7.4215057920277285,11.524637757509696,12.279437652390783,50.57469239396048,610.7859997859907,0.00010248367893589237,-0.05773922373775345,0.00015501668769184987,-0.0032316345306717675,-0.00018427134592042686,0.0,15.733139951959869,3.5830982046399735,15.864944380418057,1.2252047689771235,0.5691295788636126,0.4882210262743705,0.6489897285671192,234.75455033922879,0.931,23.6862668838426,20.982129543026858,0.05733019864468286,0.0172,0.026015126194659004,0.005701942896604008,0.011596222910724114,732.1191238968343,0.040012444796639,5.109117046735587,0.014902132653844503,0.008,0.00486997430386615,0.0,1.328800000000001,39.295861974912725,2.5786999999999995,14.898361564710038,19.267272797004836,6.198601567303485,4.373504806138378,3.1599000000000004,190.05673974916817,204.77349881239246,3.833842334455386,31.686715559983732
9.628942215179137,-5479.876994361726,2766.812803891236,65.97098256399286,-4.225218308591382,14.671369428551644,12.813958982608519,28.860799806789565,609.8313420283566,0.0004000000000000001,0.03411544604351457,-0.00019708931224009693,-0.007167489213751791,0.0015,0.0,15.861305568106555,2.7850867388250338,15.658282438258095,0.7161341927319926,0.5005951884507956,-0.6694526501207462,0.7263776777019112,146.83380244384307,0.4361351227275184,19.559321115781216,20.081105189167893,0.09154345493802933,0.09428793025748414,0.025222794993062517,0.0061940889398115935,0.0078,282.8792884922541,0.08574761335029968,7.136005197090924,0.03725912519605594,0.017890984411198546,0.00741217702785075,0.0,31.171229344528133,381.2991719286573,400.0,0.3003999999999998,0.6279000000000003,4.446612873677576,5.306830919063412,10.523727069541058,61.43678555082059,71.08527621539665,3.6093,0.8149641996223222
3.802385343467236,-5028.308442916698,2671.6577601301137,66.24298705451224,-7.174410564913449,23.870390110805992,11.297140199193723,47.88494816686096,616.8880836500035,-1.1881129373411903e-06,0.05934757799233675,-0.0005877279408486092,0.0013003032187357804,0.0003876560475191269,0.00015596956940891794,15.996932757016292,2.918745699392256,15.864318630527839,0.6055,0.6309261257943796,0.8039414957722837,0.8427461953713562,479.3729758737966,0.034,22.99450105826838,19.648497219036003,0.14817195631237404,0.052253687568633515,0.0167,0.0033318209383874993,0.0078,202.82249819918843,0.0175,5.4624479363285845,0.031822246045317394,0.01760176050910065,0.0037358160813776783,0.0020770420487249,128.46477114806066,10.882395603112764,2.5786999999999995,25.33310564613643,0.6279000000000003,4.218922874712571,3.9357476524364183,19.402790919046417,65.94512764919179,676.2595302677573,3.6093,2.190412580297335
11.823570757706289,-5140.758123381468,2535.310657347023,70.78609842312852,13.631341507304816,15.657099632943966,21.58072688765347,26.724584224838683,613.0809908814202,5.393307978160597e-05,-0.03660787574336345,-0.0005784070481315445,0.0004473115966649628,0.0015,0.0,15.725893769862916,2.398,15.857855807978007,0.6055,0.485106476786726,1.1743667758501737,0.6695652565937067,76.0,0.18085699636841698,20.848858912063836,26.906287077636623,0.1507089255759156,0.04658305565592573,0.0167,0.0,0.018758244539841745,249.2780388213134,0.03822479663528822,7.031563785936184,0.010499999999999999,0.016540699064922764,0.0025,0.00018343265399481447,51.21064786914225,7.2098588017113485,23.021172714631646,7.304727717240816,0.6279000000000003,7.2000669407832785,3.8871446207456435,14.557011212371833,67.84680940129203,580.0479085146187,12.707525615043142,0.7116158190359013
9.343195322660256,-5175.575972777735,2477.4682558285417,64.75365021750999,-0.848272110460182,13.479126777815308,37.59546786912985,27.874443091373305,623.5560673747945,0.0002017534252349895,0.09341444881672997,-3.07734941021959e-05,-0.007207071820526514,1.4346944441098277e-05,2.8718573316029747e-06,16.059093834452455,3.25986246236688,16.040790977107314,0.9729555689353842,0.5173788806757197,0.7875442421354815,0.6089039247319287,1012.2362181203968,0.348344970055691,14.739025924896463,32.203653974662444,0.23549149683117052,0.020215636586562197,0.03402799927882781,0.0015122448330436938,0.00877177516978284,475.1234422553823,0.08214291854848038,5.33196325641605,0.014577647798671219,0.040331195019562206,0.004471973552070899,0.0,42.99405401492063,49.757202911965194,15.32642631838811,12.56384908219682,178.70810361561385,5.76968067084466,4.725463555504771,17.205148319754738,63.45368897692813,838.5053385435549,8.867258503927603,0.3275000000000001
14.06432116422381,-6364.781795277772,2807.406531867428,65.89891373213315,-12.1527,14.306474958385897,10.494445448483363,36.96478634111561,608.7897944400643,0.0001391670963979409,-0.11324132540477438,0.0003814031017832139,-0.00032542822220712683,-0.00020999721688968464,0.0,16.065925763258935,3.0995279312307558,15.821537331288377,1.0497446246089188,0.5319914324733652,0.11099663562544748,0.6774222010430706,573.9594201773123,0.25094370422908374,18.799405422528707,16.062,0.18692255447946235,0.0172,0.017920574141437686,0.0,0.0078,385.2072778034034,0.04501212773100928,6.3294863197909175,0.03796458324927827,0.03798901093057878,0.007670143214218227,0.0,11.673878375083454,3.3354999999999997,2.5786999999999995,400.0,12.236182014749021,4.966163080593717,4.134782054281025,15.715120934012766,228.58501675889616,114.61991317025382,4.214115232786439,0.3275000000000001
6.809422802912136,-7078.497644808042,2319.634333311687,71.63709815475772,-12.1527,20.4732347761938,26.811270613766094,8.7636,614.1880636863962,-4.513484730177859e-05,0.08089010588426876,-0.00035838587159280646,-0.005920154030136708,-0.0016395490671437907,0.0,15.819479703249657,2.42821191184381,15.640802690017994,1.1397393568450127,0.4386793377465622,-0.013436298223790999,0.8244831158677831,2175.130579135157,0.2793873924664106,12.16,29.047760789989347,0.1460422703697842,0.04587920613068231,0.0167,0.00047512309089050794,0.012054376366370117,259.04866123299223,0.035210903992244684,8.103284802225435,0.017187488700405325,0.008,0.004073603637352527,0.0,20.318916509404986,44.85565360320655,2.5786999999999995,11.178736938772573,12.34552532441526,6.079589710849328,4.943409282897913,16.882995540359822,222.81635292873693,10.417626022655497,4.560460216066824,0.3275000000000001
2.2493,-4919.453892695409,2500.2353901331767,62.684193911549706,2.0144536103565045,14.733926180864755,12.099051118002343,26.412332256541728,620.5484065408283,-5.324941509598096e-05,0.12515274602542856,1.986077602820575e-05,-0.011625632874838969,-0.0003482663800067959,0.0,15.906445773828496,3.0717388049977643,15.817465418647867,0.6910214287838305,0.5739800965610414,1.9725903530136069,0.7840858606037524,108.2816664671123,0.03579454191564305,19.6404780754105,30.36964547207354,0.0816606755405706,0.08213507465884007,0.0167,0.0,0.012140193122866915,232.76008420675646,0.04915287323177257,4.446849658657496,0.04458878504933919,0.00942376126389272,0.007740119984866078,0.0005576606738838866,35.214090001215595,364.52464376807796,166.68626791432547,0.3003999999999998,20.056828421678016,4.227918997875114,4.41432342864828,3.1599000000000004,78.26906679595433,986.6667,6.852287565004637,0.3275000000000001
9.482263565647292,-5281.840455654183,2856.2321363087976,66.28760180054937,8.74480876014548,4.4283,18.02694581746465,31.863831156220197,610.4744143274673,0.00011848180238364606,0.10535672878011357,-0.00011446023723313958,-0.002096794102403027,-0.00035139021637690097,0.0,16.07,2.398,15.740682547466243,1.361031206200249,0.5643824299667539,0.4256574551104204,0.7029558599590081,131.51586292085534,0.21692620891315778,21.10009069714707,30.667792632077592,0.044371415012454174,0.02373971888263888,0.0898545655793955,0.009054086563574657,0.011954306088949939,70.1446281490644,0.10367396719326742,6.007651704040413,0.01387561588251299,0.008,0.007816653310306934,0.0,38.17508476626041,34.80182587623001,2.5786999999999995,0.3003999999999998,0.6279000000000003,5.412869809746913,3.4706168843967373,53.52472906599176,139.58543753659748,986.6667,3.6093,0.5229669899979104
6.015444134763507,-5919.288240331642,2227.50135168821,62.89570298558629,-7.814642319958873,16.26019136019984,18.71117904984847,22.79740724303126,620.1872321308825,0.00010740367884069378,0.07015742031161698,0.000136042931287688,0.0026640429081665924,0.000650025520999657,0.0,15.986853437606547,2.421461070302472,15.778599535468876,1.378721492457162,0.7310298253150528,0.2981666089498234,0.8218577994756877,448.799123221101,0.6344124830866035,21.776393895278204,30.80479633595595,0.12837287288301596,0.08044801403446905,0.03549504699204342,0.0,0.010441320617756513,1425.5319334979865,0.0602724767385205,6.357456749983051,0.014649324449949255,0.008,0.003765619303763344,0.0,94.36532512148582,37.64495545371052,2.5786999999999995,57.33335629921088,12.143702884334218,3.8134289624643762,4.021805419492927,13.655556925595548,143.62935012343658,986.6667,9.3419730635877,1.1239036483246876
8.501663598818807,-5103.714876857222,2421.8610763030792,65.97599112854078,1.2990098139016675,12.448510342880567,16.415211336871394,49.39977339299608,621.1442563805163,0.0001081227528740836,0.1353369630771413,7.596485871646323e-05,-8.44127333092283e-05,0.0014793903805554532,0.0,16.07,2.398,15.624031136332691,1.0895719861653863,0.5265782393727867,1.068961919946113,0.7301714864394697,1810.817790490044,0.1262757469853722,12.597302781985276,28.84576961782272,0.09422708587603826,0.04662182682442239,0.13991203135969302,0.0015186669419069176,0.011802454060650423,147.846512917187,0.054516948474807564,5.785527702270277,0.02801362197994413,0.2839,0.004428600394692533,0.0,1.328800000000001,23.484829091571527,12.801065047960062,10.815550868473517,0.6279000000000003,4.555739492234849,4.027252140055145,16.355345832952615,191.98979990326623,868.4320116685614,3.6093,0.3275000000000001
5.815307118197847,-5714.7284523724775,2636.2079883105735,65.74608405815184,-2.8281133337089712,18.798258849764487,16.957571843690694,40.4951216204522,595.3218,1.9254206897400683e-05,-0.09135817870455573,0.0010654427778568035,-0.016,-0.00045835261451993925,0.0012346004348268195,15.850575083322372,2.407724553619481,15.552353080042923,0.7183440291989042,0.6172829930404651,0.6490958062568888,0.8052906124841968,76.0,0.034,18.61699269493102,29.117778353082635,0.15412333682645973,0.04437943699168255,0.02652286472332083,0.0,0.01197221216021032,261.0676879806338,0.08281931215689206,5.801526817132208,0.15751396361260786,0.03049142992468923,0.005084858914814252,0.0,33.78632049757596,400.00000000000006,2.5786999999999995,0.3003999999999998,0.6632121202046886,3.3303,4.798710905690065,10.90883100859655,86.01743731832482,0.0,3.6093,0.3275000000000001
7.562213807698877,-5059.326191106177,609.5,70.8210216548429,-6.653379957812911,23.358552298210338,35.17944170164645,32.77996759801483,597.8702648240277,0.00014939331920677462,-0.07497016463787748,-0.0007645121139112416,-0.005002145183430532,0.001038445173002889,0.0,15.777496365584433,3.031102729611328,15.790660215507286,0.6055,0.5740515830572325,0.334052777446911,0.7046566426119555,342.38154201892064,0.034,26.413143286735533,18.55728034212814,0.10049537268014735,0.06175566955917814,0.018325297617109555,0.0,0.011316677469120103,37.027000000000015,0.0175,4.451630257632887,0.035436366936163824,0.014569086435588867,0.006083911719539152,0.0,38.93964606101808,400.00000000000006,26.32781101953657,42.537224324421246,115.50837601398923,6.6062679953308,3.9806140729579793,12.830423926354396,30.000355756807668,447.43286627179407,25.76904789469096,0.9857535817322916
3.32456360955217,-5200.877105852323,2897.6691812707695,73.50114904512415,-12.1527,8.586467020883894,17.684120269518928,34.18454635819456,631.925348548934,0.00011334177755604623,0.023036541576127317,-0.0002309687514591776,-0.009863671678925781,-0.0008379585383289429,3.6753519685232014e-05,15.804072831341731,4.945826011774778,15.90833111230051,1.259994792222466,0.7033351240402546,0.22584212341826748,0.8406227875059938,143.93963075503177,0.11061595697302957,26.50207362938702,31.441357681923066,0.033900000000000007,0.0785960221841643,0.0167,0.009985846310977075,0.016347467723122296,388.90235002984446,0.0175,4.0902,0.010499999999999999,0.008,0.005621023437762826,0.0,26.01984897501841,3.3354999999999997,137.34374917027773,0.3003999999999998,9.88555822788909,5.374032652953625,3.5527571295681035,15.920451659445334,93.64365841099709,320.8535360390904,3.6093,0.3275000000000001
7.716503243014217,-5669.600105524478,2625.6819148716277,66.05933822788363,-12.1527,18.06467848938306,18.933479106710884,21.318257112380472,611.9948034599979,0.00019386651011967654,0.13153860503788695,-0.00036282625645868313,-0.009195830186645673,-0.00014249457947368012,1.7456087845209653e-05,16.013788187961666,4.820524989047352,15.731354866737535,1.1273016974820596,0.5265748987944208,0.9111538841647253,0.8764,488.8391569689897,0.1080625577953776,18.721355032816174,21.86321963297344,0.12860121284453735,0.46327446115007975,0.0167,0.0019222845924181447,0.024172629620251643,110.89028590396316,0.09631008618923198,5.296801385394291,0.032364129352441935,0.01088663509571407,0.0076241231095611015,0.002690989716104901,40.40406661290608,34.14478140793885,2.5786999999999995,0.3003999999999998,113.57266717047213,6.497260907687038,4.517582648883486,19.093295625650764,215.30371915861713,272.879666563224,23.597458447970727,1.3787672594847609
3.0260329758452844,-5157.618252992125,2261.2406516185592,67.16039896580395,1.6518837202182368,14.046263160170724,25.3825737459919,19.116705868650246,629.3860161246769,0.00011493618018704508,-0.03501306521632724,0.0001368391504074033,0.0011277796139441323,-0.0019574265232974266,0.0,15.829851826322235,2.398,15.737779064462831,1.1300060425004084,0.5872886284891956,0.8833331486197016,0.8764,78.25164753048142,0.8432361233204849,16.193036131476035,35.05839878260382,0.28285765997993295,0.0172,0.0167,0.00713973233052108,0.0078,439.20669462842153,0.038456942958193026,6.685632016058199,0.03230008854779889,0.02458575159064296,0.0032032459396261004,0.0,44.519865806388864,252.87389254563857,2.5786999999999995,51.172841400096964,15.03632483042631,4.983847576242547,4.49881592854925,19.380561324007633,116.85735800113926,568.7675704885316,3.6093,0.3275000000000001
10.079989209571217,-1368.75,2740.4565967210583,71.2344671094228,-3.3933234191857573,22.329413590557145,17.35662646785407,37.723701400835544,631.6863485109154,0.0001021903274658176,0.1042395646509211,4.55253206134048e-05,0.003351187161120747,0.0004430572945918161,0.00011331389536382031,15.977185291320453,3.3831206399293348,15.74707572397348,1.2163973521295701,0.5253791489646394,0.5425335034652214,0.7716175482273239,76.0,0.13971939581535284,12.902062073601673,18.80840093392114,0.08348135002366198,0.033824769562980264,0.03985013893513226,0.0,0.010137978923990845,237.43455257831508,0.0175,5.321523036812641,0.04445765498738976,0.03754782591664939,0.007163245866772352,0.0005965977537714045,35.76977501614772,22.88514904729505,12.76310795802256,0.3003999999999998,4.287227806989685,4.91944101491619,4.136090678725015,48.29619633515511,93.9010028776695,858.0402484585518,6.942955505091663,0.9960331686834041
7.4910650725865695,-5271.554832858926,2754.123642025495,63.73726065046746,7.183086836675951,11.065786097573579,23.457520900735823,31.705680672718643,612.5580518995145,0.00013744714203509447,-0.06700790405464965,0.0006003327375757665,-0.011797550061392123,-0.0015384198209775729,0.0,16.07,4.095265883331126,15.637406053314088,1.3151997351284814,0.4108,-0.313715272061152,0.7994819765336458,285.24666836155166,0.21237185976777512,16.055354347611104,33.388160669412215,0.3271318066950151,0.054895815775179345,0.2817,0.009932245930071382,0.010266150752399214,364.99730185304134,0.030549471671278486,6.851891694702792,0.016180887423725948,0.030211054494090457,0.008173814628050629,0.0,182.35021030768058,23.628219396759942,3.6988419323433632,400.0,0.6279000000000003,5.294757390947877,4.20895794120964,16.193079935257213,40.66158099649825,734.794805678302,3.6093,0.3564434669701477
7.3283844369792615,-5470.57063128604,2452.229772972546,71.90988526324054,-12.1527,18.554459596663985,42.63,41.36448659017807,621.5454582024322,0.00010183934216400405,-0.05028840129352654,2.43531082107479e-05,0.0020893820862725194,0.0005955866218433229,0.0,15.853530873631627,3.4109509712045343,15.80519343097875,1.4701730896247478,0.48452272864799695,0.5946279755763841,0.846228922134653,747.4895138193137,0.27148289226024236,18.981947797153715,28.053138269192146,0.09128856637115192,0.5775,0.02707918902019768,0.0066186040467148145,0.013859314745768977,354.7865679270212,0.06134704803958529,5.18620247582227,0.010499999999999999,0.015394490732535536,0.013931532085487985,0.0,7.126927336441552,46.395310184282835,28.61040365856553,0.3003999999999998,83.54774634625747,6.32174035282476,2.2174238361059815,19.274199403333476,109.60349288415716,541.8656643957677,3.6093,2.5176079026242464
5.328701920809568,-5119.104234674312,2901.5101421527256,60.2667,-12.1527,11.048869126412598,20.582995063940416,32.59873847330147,632.8082178641049,9.933161718608333e-05,-0.11350000000000002,-0.0006665836208281948,-0.005118158540813121,-0.0016555331654671075,0.0,15.59,3.438309064843907,16.09,1.005904460563613,0.4108,0.7156655567543211,0.8401334147399562,76.0,0.034,26.71,27.971310194857864,0.033900000000000007,0.04367510162525909,0.0167,0.012131228821088068,0.0078,44.56085615598795,0.0175,6.320113111369653,0.058049562550009225,0.008,0.004645818624636555,0.001625845625861369,52.64654909324952,3.3354999999999997,146.70274893201253,22.319759606842972,27.338434741512938,5.820570744544127,3.5578775764611046,5.591505835981639,61.70283392364408,0.0,3.6093,2.099949073707431
7.5325964621600825,-5046.894016414552,2863.8349966760593,73.47477805686265,0.997113907653874,16.931458956588703,19.764830424437694,33.28648573765414,623.0836477928308,0.00012529693895449573,0.13912067893914407,-0.00024737850764843764,0.0019515417902263767,-0.0025800868957572944,0.0003596088278306408,15.818629926099703,2.5452935024972723,15.54,1.3968128451899795,0.7934758390914223,-0.1682863640655186,0.8476963118153603,885.5262270441885,0.05646660255185654,16.683624721765337,31.907937743070875,0.11597432411333607,0.047459008773250544,0.0167,0.005158313178301337,0.010106955585055892,384.93032047105964,0.0175,4.0902,0.010499999999999999,0.008,0.004454485921457538,0.00048072885420311767,186.44498745108422,214.51047323137092,9.4293338456519,0.3003999999999998,0.6279000000000003,3.708023656082621,5.026480686483522,11.373215510771018,172.9845712563463,986.6667,10.53034021497038,1.47065993463361
4.440993702191045,-5386.914397828946,2691.415146150838,71.10718734130438,-10.200059363339108,27.705516968924908,25.511118747541207,21.595887210380152,619.0565910758862,8.457023401652801e-05,-0.056822205787659376,3.539374536967588e-05,0.0005181389929005999,0.0012877694995499097,0.00030943470335306934,15.867147623350448,3.569370810948932,15.72780356345387,0.6529377676922115,0.5442201895149406,0.6516826905422368,0.8267749178958457,76.0,0.034,18.587624604016685,16.062,0.2580851419376873,0.03131626094771074,0.0539001341966264,0.0080295910369261,0.0078,429.1303861206907,0.15368816687281792,4.940901145868496,0.010499999999999999,0.023595938989673992,0.004006312423246138,0.0012785337998914446,36.81669871972457,65.80589806496356,64.08468849418921,20.182592253568302,21.887934559889285,5.584485904561507,4.575167357593027,18.093079804193696,148.07279648141247,986.6667,3.6093,0.3275000000000001
10.340725178011086,-4633.830686696504,2564.4200238182275,75.9444,19.981688636726073,11.271692097988762,12.89221868066701,27.672668046233046,621.8231855510951,0.0004000000000000001,-0.10082338715011832,-0.0006735534711232102,0.003269862964267952,0.0008400809876636796,0.0,15.769886395242422,2.552555693350339,15.7920087673141,0.6507029346710818,0.6169043676879373,0.02542794662868142,0.8764,734.1724752388212,0.09249462225300123,21.665863286148284,33.12959229642976,0.10737942995355503,0.0172,0.0167,0.0,0.01819874350328595,154.55577197677897,0.0175,4.0902,0.010499999999999999,0.030158040966994922,0.0033080716139136557,0.0,228.4233332719182,14.956041261404224,2.5786999999999995,0.3003999999999998,95.67610784305958,6.94651379308823,5.3209099753920395,11.399527939821436,100.73350000561412,0.0,5.564368289941131,1.515760487514001
7.502558508524307,-5430.578917844278,2742.549141462912,69.60786650793756,-11.648219022082452,21.843734226390975,9.063398228449453,19.153004992770178,625.5480521974471,0.00022070772255144408,0.09766613157756004,-0.0003189033306955618,0.0001391566360297268,-0.0002717725947386073,0.0,16.07,3.057732788481908,15.649096454469527,1.088465395433208,0.4108,0.3355548447953238,0.6994299469907629,76.0,0.12843544323639067,21.215896124750532,33.89290490127009,0.11698302639195307,0.08360457108602773,0.03501375300958469,0.00039595713314840057,0.0078,296.20350834718613,0.0175,5.907663335763885,0.010499999999999999,0.01768472679149673,0.0319,0.0,126.12139518070805,47.2196980293385,312.5433950647307,43.410625033629316,400.0,5.371108512100893,4.429027856320031,11.989148501557043,215.21798281456526,92.68307556473903,5.505273891236714,1.1043901805626137
8.087415899817108,-4912.235239712962,2563.508633816152,65.0765302073559,-4.7786967756269725,26.80541088704464,16.443283924822822,56.8964,630.0024629857737,0.00022139512891200934,0.08284924376986363,-0.00020080973041421181,-0.0013851685847785806,-9.936302154700485e-05,0.0,16.06642954201781,2.6799036322435326,15.704908086530786,0.7765799387525729,0.4108,1.163274751238589,0.8327314318557589,1888.78674539788,0.13541868187819475,15.719364758688926,33.10505779745424,0.07739327937243479,0.04042106927961994,0.04062380853569328,0.0,0.0078,288.86313120546765,0.0414750534826185,5.564258382135987,0.01666147672184938,0.011518576967916095,0.005210853948646306,0.0,129.6875396158078,35.016739365269686,166.2715284507451,77.42111291667915,400.0,5.527785705896295,2.1869,15.086539878594646,88.78146831169829,986.6667,3.6093,0.71537739336667
10.919729858683404,-5224.633166936374,2771.5224374466393,62.978391238663086,10.557117100474906,21.050113939834063,12.158624629425846,34.27479713045682,611.8371731772988,4.6823641111689475e-05,-0.11308710904038813,-0.00038694529278036503,-0.0055057894013969735,-0.0035147278069221246,0.0,15.98952655017339,3.0986589477619604,16.000433889414797,1.1057553896482668,0.61576826592972,-0.5375227706004092,0.6072850378691909,738.1072183246862,0.041390449084630784,24.12281953690617,16.062,0.07835735275044205,0.017687210220126044,0.028074383276263423,0.00015323152298608758,0.011270864870053054,108.5991382420811,0.0175,8.8015,0.010499999999999999,0.01791650326801213,0.006578020244684535,0.0019635786074773034,216.06724925599693,3.3354999999999997,2.5786999999999995,3.9166981913234897,254.68827631782963,4.484705391842551,4.274222017280494,4.161560924385298,52.642760748330986,932.4302274482237,14.779762836241453,2.367204205938859
5.8478071725780065,-5056.147566451655,2546.7039114433965,60.2667,-3.1067976634667143,37.708039383225646,9.563735111497955,47.9060830454915,629.2045072593638,0.000180733222230965,-0.07500100305431118,0.0003133270000105935,0.0004986850611324312,-0.0012935546157840548,0.0,15.83784710860646,4.307020495077534,15.843094001148762,1.3296319411231234,0.49902434547500174,0.5521903856074108,0.6919250902243791,1451.4114240390672,0.09979876037652827,14.254466921123136,33.245619952515945,0.1433507967394588,0.0172,0.05573612874126359,0.2067,0.010517837602413756,138.70044123059256,0.29207573960612876,5.884843430735945,0.09913995010201576,0.05874081001102575,0.006470301622598567,0.0,6.19189544862504,19.509863677231557,2.879132899698252,3.351995702409093,0.6279000000000003,5.834337266299955,4.65452618622599,20.27770159091647,110.64627005042209,128.2163234412217,3.6093,1.515729033847786
4.194408740043095,-4760.583836343496,2702.921662977715,68.25298039631441,-12.1527,20.405204333230955,9.990383791663994,20.615250805468445,629.3790613790114,0.00011185995544075914,-0.011211051929690739,-0.00044950798376408655,-0.0072915566852765675,-0.00021563624992000606,1.7150734095446713e-07,16.07,5.6220091788259525,15.636393889345744,0.85653840499223,0.6379865994443622,-0.054888733250074706,0.868814691612469,510.86331751530486,0.04232606742878156,21.48987668421613,27.55226523506204,0.12016309652202556,0.031020051860963366,0.0167,0.005927589053692055,0.0078,313.6214756993443,0.0175,4.389648866458793,0.02671699908981844,0.015393866548543486,0.004171974850114847,3.520346463158666e-05,18.463061908991513,29.219550487842035,2.5786999999999995,143.9766261111222,15.498567434816788,3.9370714886058025,4.2068870729161025,22.592522806681657,104.05009832721078,15.650569003397436,3.6093,2.1516481664641063
4.9818714487717575,-5440.247577170836,2771.742548440615,69.73282270046019,-12.1527,16.84989112312068,27.637503190439084,33.18620379640346,617.4540119350502,0.00023956985488980258,0.0147798621389965,-6.0183922998352996e-05,-0.0014116828026572662,-0.0007832691087132116,1.0791170841867575e-05,16.07,3.296299707942352,15.744038365649692,1.1644991050825897,0.4108,0.13900263732953522,0.7528379674336678,76.0,0.1474631871836377,25.051925320624242,16.062,0.4892000000000001,0.06798538864734426,0.23532451298326923,0.0010263679028247941,0.009795164742268256,156.71315698117414,0.08287265405225402,6.760504571876492,0.01588618445505081,0.008,0.006283811863892971,0.0,5.868004646187925,127.34565449522633,12.368395618766078,400.0,160.20856355608944,6.342531387051316,4.414900195655989,4.329545591949786,63.55488585139563,986.6667,5.717359851838626,2.336383322765315
9.73198590570663,-5258.690006433157,2908.4217509828377,63.66268534652684,15.921026902273688,17.410488732624092,6.4482,35.48205660154203,633.3506089323905,9.817329532803827e-05,-0.0878485908683202,0.0001788523097747309,0.002503567910492324,0.0005584841804437574,0.0,15.795876113574607,2.398,15.767234536440633,0.6055,0.6061539789915201,1.1368831872899785,0.7561512367822021,76.0,0.11445173810464304,24.54236083640885,33.14791626769893,0.08835436278459599,0.0172,0.0167,0.0,0.0078,109.8537280089773,0.0175,4.193359566495162,0.0340528875168132,0.01427553991508777,0.0051504715988550595,0.001898185471790686,44.966463953483924,3.3354999999999997,12.454235830015845,0.3003999999999998,20.716627603270574,6.3987682410813855,2.9433609319495426,158.1332,21.695757959811218,0.0,5.7397359908119165,10.780547661129784
3.4959190529337913,-5069.4061262503465,3493.75,60.2667,-9.441713332627927,9.591999959234544,9.902631208925312,38.74181640236678,622.8527938480805,0.00011997604431744303,-0.010511454680105323,0.0022,-0.004304464901231212,0.00048418558571056115,0.0010294700472302902,15.84471114588693,5.025824539058377,15.763674262298155,0.7197299713033715,0.4108,0.46288119472323164,0.8673454746526361,184.68737669906136,0.2504041690585726,12.16,32.99394587177277,0.08382109684678753,0.10060877381003086,0.05559137497031918,0.0076674283959930565,0.0078,235.286006666853,0.15866467944454848,4.893477819038048,0.014976297362424994,0.06001462260953947,0.013289738876391378,0.0,147.6578128263053,400.00000000000006,5.341515278265986,6.40557525344764,0.6279000000000003,5.845056443927265,3.701387991045898,14.988243614507699,175.08083373444967,986.6667,7.640877384262911,10.045631152252483
8.72174455283274,-4954.364936114027,3293.354453242724,74.75153224316706,-10.616917506414202,20.487050665200254,15.299706625961104,40.482994166731544,611.9200220931048,6.918401538556541e-05,0.8671226232159103,1.5733022491069798e-05,0.0010043381749718552,0.0004214134125212567,0.0,15.718790333952551,3.082949920506065,15.85501934808885,0.6676713186787495,0.48111005344673374,0.4433488091673954,0.6933762944625506,116.43840045081413,0.07997288356642421,25.86773575835842,27.962573233058066,0.14540482382958125,0.06119700274371996,0.0167,0.0023815838409118936,0.0078,1255.1812461258994,0.07132428848429695,5.744349733956093,0.048592244602462045,0.012694351546107869,0.0074457318344639985,0.0028084855758102605,16.983265023668014,3.3354999999999997,5.635844880784596,10.336611743061777,0.6279000000000003,6.220375451072167,4.179712379510008,16.236310965574106,296.6861602905776,0.0,10.610869664032514,1.5632551991451493
7.334642019400718,-4826.914094591248,2471.0710954956753,69.0834381618196,14.38307845753269,24.43398513764089,15.328438553183638,40.25286799044558,604.2174968129541,5.7975110173012904e-05,0.0023703509520989225,0.0001218848302290191,0.0012742770830133105,0.00045378251548668005,0.00048675410720228757,16.07,2.7506202889142264,15.884403084234076,1.1767758518831157,0.4108,0.44355760503767105,0.820965866778419,473.8893976889567,0.05029391706784152,17.21978004322445,31.300787183437357,0.09969882630658523,0.025016523786758962,0.04566055794211394,0.0073541023086027175,0.013541397090810436,240.0142914894363,0.08954990972669077,4.0902,0.010499999999999999,0.046050742927470995,0.004693273071033265,0.0,32.128977672151535,400.00000000000006,5.03960955918927,3.0366893880179955,7.79799255904604,5.7862341572868345,4.210628906068665,13.691375030968297,169.79654506004184,295.06575327923423,3.6093,1.2548115970674873
12.55526366166704,-1368.75,2430.912122788208,62.556503411813985,4.534968420918481,22.499965320766343,15.848951246514096,26.186164829732302,595.3218,0.0001717171282221626,0.016805911193004085,-0.0005624648298871087,-0.0012503135656506074,-0.002057662831038691,0.0,15.832484808164795,3.1903696375854933,15.885377360878367,1.4351591710614815,0.4108,-0.18642037316928511,0.6965998012160116,76.0,0.2557938743925989,14.765383061576443,25.628395488693663,0.05338723356952204,0.06204497437370898,0.03339444220595204,0.0022540026315952945,0.03194421989687609,140.28095594614362,0.0175,6.777446345324028,0.033055467772441435,0.008,0.0066513563263988235,0.00024887230170949856,1.328800000000001,7.247680065247991,2.5786999999999995,0.3003999999999998,0.6279000000000003,4.783690990264672,2.205211320926119,110.31047067674699,198.28088692402793,986.6667,3.6093,2.6339035909586928
12.400802067539663,-4809.121638562442,2384.702975328518,64.08468894751749,-9.454719235050115,8.596538085298443,31.428918492965018,33.98322467065327,607.5344826208609,0.00010922525599568866,0.038701021438338236,-0.0006762116901033795,-0.009585933317725065,-0.0005267724788682309,0.0,15.820373852054352,2.8775242689931013,15.814140142374482,0.6055,0.4108,1.0197672333579342,0.6680101140710882,76.0,0.09596245811365892,21.543577266731475,38.343498231473326,0.10526494737123258,0.0172,0.0167,0.004367370923953298,0.025667233055926504,37.027000000000015,0.018587604084796143,7.141343875375721,0.04855564600302927,0.008,0.00466089493129767,0.002161775504893054,44.86774501331236,20.197171020420278,21.499586827839458,0.3003999999999998,20.414042303684145,4.315367348437533,4.8707862317511,18.465591965246563,38.8756373604222,149.84567673336124,3.6093,0.3275000000000001
5.291674675449185,-5058.780776935513,2568.79836800755,75.9444,-10.294263839203852,18.095494066559553,32.170454533267296,33.03032030433281,601.7748222810288,4.414792003375553e-05,-0.10126219110553075,-0.0004878544692732412,-0.00016189382501370295,-0.0015382725710933762,0.0,15.9207956466013,3.7325796991309663,15.72241837106571,0.8544447121268841,0.5854089518124891,-0.779213596419732,0.8287729342553253,1787.5925855219757,0.034,20.228274503164467,16.062,0.15552907822224132,0.06753629420103434,0.0167,0.00363456146879714,0.007848892254567185,375.18897455928936,0.2389864337402027,6.925162086151918,0.010499999999999999,0.028706358315722335,0.00350668330765493,0.0,21.14146898529833,26.32450150432299,245.175905483269,29.684279565766047,0.6279000000000003,5.868493818236034,5.233374024928793,12.330346453889009,335.9977962426336,0.0,16.235490480052064,0.3275000000000001
13.704405090925583,-5329.688896171455,2363.729302655701,65.81732590465505,4.5397361079114695,23.333411698691016,24.8315425052741,56.8964,619.2297552899971,-9.61921326875181e-06,0.014978030834993843,0.00019878170328817624,-0.004881843118362689,0.0015,0.0228,16.07,4.28594111715377,15.777288271831512,1.205082950623626,0.5218276997418656,1.2576864704397337,0.764551766394229,728.7857748544295,0.220153372901201,18.52035555232349,28.665914665234727,0.1353658632184366,0.09784900597185159,0.10391855938882326,0.0,0.011853793894974238,344.88943488514815,0.09595480673410613,4.2663989673289535,0.010499999999999999,0.05860347705225049,0.009841810611239477,0.0,9.999471241899467,41.70370222696258,16.32463518298288,0.3003999999999998,11.743464447140054,6.430349571365621,4.093211250922112,16.79465983552781,18.0064,986.6667,5.717441753610203,1.6873120672853268
3.9383543080098384,-4866.225724924953,2405.411306086725,73.84648236338255,-0.4533673635496296,23.093799859893224,32.18442520767613,31.297881082505985,621.7878263102992,0.00010458496932592461,0.8854,-0.0001864778522407336,0.0032516210020457695,0.00014682602385888367,0.0,15.9083185888035,3.52976880454228,15.771420601802161,1.078588970532096,0.49636797684463774,0.6109287306080313,0.862382815119114,357.665933301212,0.35734513517229305,19.201419259730656,30.585130668658827,0.07269944752343528,0.07523505051250756,0.0167,0.0024466399850832116,0.0078,416.39740367513787,0.0175,4.0902,0.010499999999999999,0.008,0.005398104122885004,0.00197397637668965,186.9596844305111,58.73285947458966,2.5786999999999995,0.3003999999999998,10.724118028601746,4.721931709503551,4.265786114986691,15.698806508112426,103.7640330206299,917.7567504154329,32.78703789104961,0.3275000000000001
5.3466158648922235,-5279.54875577974,2782.2752543972656,75.83323899118628,-12.1527,17.669804407527657,17.47580607889831,31.77903055026815,618.8206329838621,4.936931642359526e-05,0.07069674050705096,0.0003106768120009169,-0.009379275713346404,0.0010812090072487848,0.0,15.721183658750634,4.006673776573655,16.09,0.6986861129457577,0.4292926967914251,0.5768270792675236,0.8010425670388135,146.79067927608094,0.07888114331955311,25.041939380314133,33.69330815120447,0.13197578860811005,0.07280070471917356,0.11960220033157164,0.004395065655822808,0.0078,1958.9660588854404,0.06834042642314817,5.2693157690745895,0.11249147478266441,0.016394193505783333,0.006534308455077195,0.0,18.12602921204293,15.983454571165414,3.341380564615312,0.3003999999999998,82.50114531838648,5.151794046261,4.729861738300815,17.253566416629692,85.96169489933772,0.0,3.6093,1.1557053570521123
4.964133668348247,-1368.75,2402.8159742662765,65.6589784884046,10.77511671405512,27.36357022471286,18.110476227632674,37.22590770009133,610.3832331188369,3.3918613226825177e-06,0.04206418750205775,0.0002763074190759983,-0.008025160299112892,0.000610985134523816,0.0,16.07,3.273942646579565,15.788631949196523,0.8271144408115743,0.655348073560691,1.0690773866954852,0.8663774010019202,76.0,0.034,23.191773446659592,35.73289930091896,0.049028642098771356,0.11886200559884716,0.0167,0.005196811807361305,0.010040980207041151,37.027000000000015,0.05319227514641375,4.0902,0.020462074380582323,0.008757900010577455,0.00614833600513286,0.0,39.222090447856075,17.831279402495664,5.530601590666064,0.3003999999999998,0.6279000000000003,6.204327317506752,5.121676630198678,19.801385289587955,57.3430001415485,11.30667900390091,5.8358948124591175,0.8871534418618877
14.1879,-5036.150134558518,2603.3108670384768,70.33221865919495,3.4624019720241006,10.571127909498836,15.308156688330003,40.426899668085504,633.4282140512554,6.61704994684101e-05,0.04782430287113753,0.00011467687697902146,-0.002326767057615672,0.0007103941483138435,0.0003047884385962847,15.756862908878132,2.398,15.790635477785854,1.1677812694783611,0.48687233494298354,0.4151065833639265,0.6704614538331378,448.4108437304006,0.08142411040230602,16.210741868436784,34.08775715005968,0.08522838183835471,0.10682548785052881,0.021273723150615452,0.0,0.023462381489799435,303.49904780354416,0.053455486349082634,5.276587369537015,0.0331980258531342,0.0633041103362664,0.004845083447277661,0.0,16.262558662193143,23.49172826669595,12.30354208153476,0.3003999999999998,0.6279000000000003,5.841423850650086,3.224081462324102,5.143317630257673,105.58787555548577,986.6667,6.586164174630927,1.1638787717841965
13.596226954670147,-5051.799560444502,2725.2800570041145,68.57312645383267,-12.1527,7.109042408393171,15.213132077966067,8.7636,633.107207114893,0.00024307490006526543,0.0459162365598452,-0.00022421318938887336,0.0016098400673941228,-0.010485618651930246,0.0,15.749516851008812,3.3478370741067875,15.62389566885671,0.7434247869771151,0.4108,0.3753321891088348,0.8099342369602557,111.11961245638736,0.16775985991715484,13.499663047799029,29.598836017613653,0.11139752247484258,0.03821767834062155,0.021358965437177812,0.007208188858702185,0.00948121107735573,396.7152938132392,0.0175,5.265554809976478,0.010499999999999999,0.010816789945387456,0.01625929821391541,0.0,28.98120633985741,34.87746181446257,14.327913481059674,1.2568932194678677,18.67577157387527,5.872394314819557,3.0105681540080194,18.70391486904945,97.13281244093557,134.3721746947135,3.6093,0.3275000000000001
7.309903869634489,-5632.487561568945,2572.0679125284682,69.93819088933583,-4.07044279106826,29.920749371795708,42.63,22.627707760783938,615.5992973799073,7.750040993171647e-05,0.01954399378613774,7.349913306819226e-05,-0.006006482802952723,-0.0005075526671678214,0.0,16.02802649223111,4.245988569368353,15.649773510064643,0.6269268030462706,0.6815170450303994,0.5184028545369443,0.767448054115994,1271.874097095826,0.065179197269302,20.409885754598836,28.824128334242335,0.2405983312148403,0.06818418397166995,0.0167,0.0035261669335788295,0.023649346061774493,37.027000000000015,0.08124617297236832,8.498938352891305,0.11328249174267993,0.0493295895140246,0.0037961271070418336,0.0005037588204918147,221.05319857542622,36.41047289078239,9.496997735625676,12.267029086777555,101.07329164734209,6.778026170258965,2.1869,8.147721124966981,75.44881154191049,371.46488374486506,3.6528385698707417,0.808902363824789
6.59617804233126,-5419.888170693584,697.5487617632398,60.2667,0.8264852894660235,13.377249300146762,13.999738568603034,52.12312754206276,610.6044903714164,-8.874184067339145e-05,-0.03744920905627497,-8.631795884424171e-05,-0.010073937125051086,-0.000868203417755444,0.0,15.95999705967492,2.8707015378732006,15.785582671475753,1.867,0.6268878197042399,0.7456531200128833,0.8432907514507813,216.1739844152309,0.034,16.525720001130438,24.9737189535956,0.07681482739075378,0.021528600660442467,0.03964733718521163,0.0024206354182430175,0.01364583422648501,98.83523655358056,0.0175,7.078623613370547,0.03375429795492952,0.015977083995295897,0.010885793860203627,0.0,140.54869105213442,34.155031008572564,25.588008935290766,0.3003999999999998,6.356928660606454,4.88789474001695,2.4309003890329164,19.725788239456932,60.758465872972224,986.6667,3.6093,0.3275000000000001
8.808199537782217,-5376.936545886634,2769.767194775242,72.00392814141686,-4.682352780126225,16.70765680898973,20.77720413945828,29.56345717082101,611.3432137670288,0.00013238872379912528,0.14296252643023527,-0.0006631870041032125,-0.0024720265492086946,0.0015,0.0,16.05794061091198,2.959016588313017,15.92148623012087,1.0852381314279564,0.4108,0.45754368571993775,0.8729146908133618,80.31939982508305,0.19632379019326532,23.48772921724525,32.55656180040517,0.07704400977371317,0.06940127345578234,0.0167,0.0,0.010815510000704515,433.33222387969334,0.04391731830153421,4.0902,0.03787000518933554,0.008,0.004351589451307271,0.0,341.0501171648169,19.60434584131434,2.5786999999999995,6.944726612377213,35.78991137132848,6.065280933454382,4.3075753361342475,158.1332,44.938527596932865,890.8256982482445,6.873581797004291,0.5170799844906315
8.0379934918123,-4891.517247759053,3395.6385009110027,74.7043836048576,-12.1527,10.466201114946852,38.9474476857903,21.922649315984806,597.1437679833443,8.511975802455736e-05,-0.04653411547933296,-0.000280901487888062,0.001802079417117665,-0.0003876678988801921,0.0,15.711973118748222,2.398,15.607680119263962,1.1555645972708217,0.45506831106725665,0.11879875996389866,0.7899566029269408,279.35115299326316,0.042243368749844065,22.422381283525112,30.370801319446596,0.46792177102737476,0.04225961716817059,0.028489936684434836,0.004120875868074087,0.0078,304.7851433566844,0.0175,5.497041848307768,0.010499999999999999,0.012075334089948243,0.0074966524159741435,0.0,18.766723112254006,15.803170160784404,2.5786999999999995,0.3003999999999998,7.979895869071605,6.266717975869482,5.276716503810838,12.643996811777892,74.00450262973422,48.53241647950776,5.907152293961989,6.955684201645489
5.386337012020926,-4994.51794056236,2746.806410870073,65.1004040540183,-0.06873282646407164,10.690532866253173,10.385516826496932,43.377640929917916,633.1514632890554,0.0004000000000000001,0.05541125446286798,-0.00012086059818683578,-0.007389673335709996,0.0015,0.0,15.756019441739804,4.336649244223268,15.79348910211029,1.396570384134523,0.5381158755379248,1.0108950179939966,0.8383034265312078,76.0,0.6558429267015937,19.69453328773406,32.49661187753678,0.13260850714795505,0.15921674965116145,0.09144944751067194,0.007236959744175214,0.0078,128.93110052162257,0.0175,4.469283044686344,0.019409051644430096,0.008,0.006050585622294494,0.0,35.74259938982077,39.446973083664126,170.72387936593918,0.3003999999999998,9.368988114890003,4.6721136073087015,4.837758781399334,158.1332,105.92095118203821,787.9856967609408,24.03936700239622,0.7956154985559172
5.120329131215201,-5185.553584732243,2685.9867763719235,75.9444,2.456401639297815,35.804284688675104,17.91287876572191,37.950351524870634,616.4453440507275,0.00015718476499921333,0.06324854661288622,-0.0013,-0.00833203302815329,0.0006348553690334265,8.897325141441356e-05,15.823788943635499,3.1445166872615844,15.598246199308445,1.1875095400074558,0.5931280770722227,-0.4006183124043029,0.7128235859847477,76.0,0.06135121643409533,24.697488103423986,37.26369576956729,0.16335852224417957,0.04214280139470683,0.0702944284742337,0.0030947985578625653,0.012892051417039361,37.027000000000015,0.07926416630402731,7.273008432635593,0.03247124947748546,0.030065686542004928,0.0070088552721644555,0.0,48.81373172831679,49.50556717802201,7.2326671029403835,0.3003999999999998,0.6279000000000003,5.117711988417564,4.839265521812795,13.159454303779674,72.94181233071282,145.29291989849003,3.6093,0.3275000000000001
14.1879,-5222.656724080376,2467.6315676190193,63.202682311096964,-5.490347874615104,13.080281641691034,9.930409502586866,40.9708989761181,631.2821834246758,0.00014811166579892,-0.07942283738486974,0.0003936469774835565,0.0020114761983752467,-0.00016139268308212182,0.00031567107089528856,15.81167696611268,3.3553971360119137,15.548744941385849,1.3213620052983024,0.4312319835133667,1.004125097153894,0.7159193069859049,495.1750694878481,0.24654282745608097,22.736864822007213,38.27949926143127,0.12143262483361375,0.05294743353147025,0.07611571646502001,0.006638775617672605,0.01415826371903541,115.13444176180465,0.059478669009651285,6.529495540859891,0.032324898611560314,0.03744356757606241,0.005203961394074054,0.0,10.173220781673477,26.336783762320735,2.5786999999999995,108.37618524570404,14.822854857617294,6.895709795977662,3.2902675047895396,11.199182325486678,108.64907215506918,185.8031879071416,8.449965220782241,0.9007117873941138
6.129979118605535,-5492.977201264622,2554.608883593029,66.84764169183264,7.05758397371652,23.54427131998957,13.180386389465806,36.11919350512483,595.7066435573691,-6.3864795735955e-05,0.08852945546644167,0.0002550969003148395,-0.007477255853309834,-0.0015864449346193739,0.0,15.762754043081602,2.8396702850712083,16.02155158366907,1.0121633007128807,0.4241568705045411,0.8515692381074718,0.8227774367945834,602.881375279866,0.931,16.061181025732076,22.17711404093966,0.1009552736189982,0.05808478128807848,0.024502469097838073,0.0,0.0078,353.3162358255321,0.0175,5.562013301872275,0.05132988752892584,0.0283403603594822,0.011057788549345152,0.0033231638351994236,22.640631316189108,336.9712711321521,8.098705686002708,18.5203076377694,0.6279000000000003,4.7496989780724075,3.973373635477765,3.1599000000000004,185.9391191768477,0.0,9.778485004165512,1.4268955224931446
4.739841636583711,-3633.5281397376493,2692.2659146320457,67.19755570540202,-9.522846937466436,28.53090248392408,14.498678732952808,26.273468072370274,611.315076212855,0.00013406872466684914,-0.08817808842091657,8.596415375683308e-05,-0.009514988235605402,0.0003262091027219671,0.0005172215943645383,15.798333499412857,4.162434230573477,15.8107680251293,0.8236477388119796,0.682241273183066,0.20622688022988445,0.8000523354670923,205.3519650944794,0.1719140929350432,14.5981289587378,16.062,0.09321136267712675,0.07544800529873366,0.046430322166485585,0.005250930887093488,0.009828511447915956,200.57546384154188,0.0175,5.81292764360052,0.017961379365677675,0.03160966304588381,0.004896517177650163,0.031715934737987575,40.35072343585769,3.3354999999999997,2.5786999999999995,0.3003999999999998,12.30917220748441,4.988775780049442,3.7616874874240662,10.293810924131453,24.33576341650688,804.1002271724335,3.6093,0.9249100754937759
9.507257980262356,-5206.221993579727,2531.581599383502,70.64156164328958,-11.421826446700779,17.31526722142712,24.415724813449106,51.61849066121759,626.7811425551605,-2.448390351745309e-05,-0.11350000000000002,-0.0005653320476174477,-0.006831021424316957,-0.0119,0.0,15.912686226134388,3.185360828090116,15.584790254058289,0.6911760811862948,0.6045028902964737,0.40098382476844563,0.7297499483788532,549.2079577433145,0.06406234882462468,20.842449342187724,34.26289611729637,0.14651102261364207,0.09088871967080082,0.0167,0.0,0.01534683960185523,1304.2398105232119,0.0175,7.346283404635164,0.013554861273921309,0.025695607046401735,0.002599073241534295,0.014287068661394684,29.061686714750195,13.402803761823058,14.401578262705552,175.4669468972134,1.2906352043726557,3.600838149696331,3.511450677241609,13.901154574290825,89.67879592729336,208.83389074202648,3.6093,0.3275000000000001
7.930380575815072,-5532.859594435759,2735.905841410105,67.89921793388696,-9.796457722445055,9.607495701785343,18.77540298098817,29.26939173015318,608.0385445928924,-0.00012718866515605348,-0.053722258963421386,-0.00022832494952242278,-0.006205409875187076,9.394150558556884e-05,0.0,15.791669317015364,2.398,15.816772102876875,0.8998267608727407,0.5344423443281505,1.0628555428245319,0.6808420345541335,76.0,0.22348768648332284,15.4736541294291,37.33284233698525,0.1072012343525305,0.03935017586852031,0.03290972747470121,0.16315192438136056,0.008304808225351701,232.3328294303778,0.0175,7.406650011556209,0.01884715474280907,0.018207407621097862,0.006462326749673025,0.0,1.328800000000001,3.3354999999999997,17.502896936458804,194.96185631850824,83.87047866212781,5.748333587228009,4.044143274291267,10.674509528530054,55.721898221606736,0.0,3.6093,2.0728181357502513
5.758991502299704,-5720.7833481962825,2505.853007292746,67.80589026570348,-3.9162892125776083,11.64497314633508,20.021558455564907,27.117994624755806,608.9074428994749,3.1661322724785e-05,-0.05321141573875326,-8.941438176255642e-05,-0.0021590848290254207,-3.515177637055485e-05,0.0,15.759597690370441,2.9907397454828457,15.565965304769614,0.9798053797576306,0.5365178224225975,0.10558777056034485,0.630183064657967,76.0,0.1922227657720743,12.16,31.68860923844679,0.27905232968469673,0.19243638355268008,0.03400333699166898,0.00270307887150618,0.011037342349490342,241.38159167295902,0.04434573034735846,6.303069303823923,0.012094195057660026,0.05899430982751251,0.005264048108315241,0.0,22.998336910611094,46.69417472855156,46.19188674053997,15.079827993570348,0.6279000000000003,5.031429251798679,4.724567048681968,12.06361981909862,79.24715927922709,65.69879721427108,4.3689214073294185,0.4691163401838785
5.150075678833856,-5945.64410845487,1979.516696320637,67.73129730049375,14.440284823856892,12.945643058622393,22.75616029275091,56.8964,601.5227168701167,-6.687451044090509e-05,-0.11350000000000002,-0.00033612456968640724,-0.003722432348262821,0.0007665572284466144,0.0,15.856087550352058,2.803184302675185,15.770855023115898,0.8722511860709965,0.5047551520703487,0.5344737000570665,0.8079456797965018,76.0,0.034,19.912385562113574,32.41957808820485,0.4892000000000001,0.04329247294992223,0.036870443729725116,0.006418930234949938,0.009842114842999985,228.98069839836967,0.0175,5.763883070669072,0.025723583984190578,0.03896737607212794,0.004091005961334074,8.06643635682405e-05,30.16030217176055,3.3354999999999997,215.22154725299708,176.74373383020563,18.43391625018558,4.995919241229906,4.341425710849336,13.328408889015108,54.135524864781715,691.5697646652113,3.6093,0.3275000000000001
8.091123486840893,-1368.75,2624.3460746412784,73.48501454748985,6.784772911972129,11.62526984735274,20.432514060666783,32.19116594713944,615.2115827360957,0.00024592513815583446,0.029720910996165147,-0.00027643691335202674,-0.0007029068872485937,-4.681706527684572e-05,0.0228,15.843274167679368,2.398,15.779771131184216,0.9553440747270183,0.6767737478069911,-0.04090015964654026,0.773301681919112,480.25612022283826,0.10247749083874211,23.84219138809913,35.649324921512545,0.10323317781094167,0.07123402041998969,0.039316564553655974,0.0059867932746562845,0.019300077656343884,940.2644750900295,0.13565461105268967,5.0085453593818885,0.026687549494380777,0.0219034912085846,0.011806313116916104,0.0,1.328800000000001,48.53649629722744,13.750051916170491,20.397964005814302,0.6279000000000003,5.608028836893188,2.463029671563548,4.096580064034479,100.35728417048239,986.6667,3.6093,1.7544827626315558
11.683122589779515,-5232.021020333512,2838.331048286175,70.16618045050538,-11.728160182334227,20.052368485612178,28.291073207189385,19.5757981111923,600.3814959453522,2.2284883655240308e-05,-0.09936072955744313,-0.0005345370493667301,0.0026583575746311344,-0.00037124377157635516,0.0,15.915695643358234,3.3183668171510585,15.729592832600071,0.925892839609036,0.4701880971372251,-0.6065373149660984,0.716122389080879,76.0,0.1731815843067231,18.28512113868374,25.0837929459536,0.033900000000000007,0.018253294527704585,0.08291951370504615,0.001465838074807432,0.00826157558554896,294.23267133790534,0.024362767281449614,7.658102039212062,0.010499999999999999,0.04705741210172432,0.0048591032116557555,0.0,400.0,3.3354999999999997,32.53628170659482,33.4956689634773,17.55576971098604,6.736642409368622,3.9188996039764934,20.058036859276328,28.550904209857514,0.0,4.541469459216153,0.3275000000000001
11.532723448468845,-5218.110984957467,2849.2076768124452,68.15238697841163,-12.1527,15.693410117145895,21.27724787166242,8.7636,614.9750503914579,0.00014530075321189656,0.02760296437176823,-0.0013,0.003553125734936189,0.00010532317098861973,0.0,15.894121772295966,3.027711081427908,15.76061191932494,1.4608385235719217,0.4970909977993233,-0.8556787205590075,0.8315865503279312,965.5909992539046,0.14018054298573832,16.84017762620301,27.66367418303417,0.09395087505776865,0.04418413926059579,0.07467337405275255,0.008240398171461072,0.0078,185.9896075934961,0.32233623618539364,5.533618262249124,0.010499999999999999,0.008,0.006117799511967463,0.0,50.1624125172588,33.05921850533658,4.200044504834791,0.3003999999999998,0.6279000000000003,6.031183676733548,5.8606,158.1332,29.818745013003003,828.0171451658584,5.225581072771675,0.3275000000000001
6.120473256191392,-5806.689860489343,2621.458010222019,70.0194730959304,-8.136781022038766,21.021856413018867,7.166091088657701,56.73055876710344,613.3393608912652,-9.746448571806528e-06,-0.03156096553041205,0.0003302727347847799,-0.00519621570817089,-0.001073031132648345,0.0228,15.902113892110954,3.354627503129667,15.984094952980138,0.9742722414881491,0.4464843140863227,0.008051750543081937,0.7030015997908562,76.0,0.034,19.41471005421568,16.062,0.033900000000000007,0.08071731481614573,0.0167,0.004805882336810521,0.0078,384.6423755505369,0.0175,4.5772393272035155,0.010499999999999999,0.026777475825480946,0.006300534863238519,0.0012773138822769628,22.288987898784686,103.24092847004202,2.5786999999999995,0.3003999999999998,21.909915316449077,4.770759908533613,5.105600816193151,16.015363478558434,110.34132065063707,986.6667,6.131839080606392,1.2439514393714692
11.448505280466705,-5282.6317293426555,2778.726502019886,75.9444,24.560577088865045,19.060803173638497,11.369927938731733,43.76011410095574,599.0505041678872,8.454160647431458e-05,0.0019255481506944556,-0.00048147278274490745,0.0050435127741984,0.0013470179994628864,0.0,15.843273223601608,2.398,15.868495952418412,0.8483782857462396,0.6975119287106307,-0.3012621977697292,0.787538038564928,404.4592917941427,0.034,25.62979819220216,40.70675780051899,0.1495389668644713,0.0172,0.0167,0.0,0.010558066870650721,381.68234339551435,0.0175,6.731897445172404,0.010499999999999999,0.03397266672846526,0.0031249750447579746,0.0019027276364535206,140.21985992534042,7.101888786498938,21.81002487925686,18.109327554771387,29.167980436020276,5.786752229076834,4.775547098837336,15.044044681210682,79.04623386028854,361.0198569936259,5.874293479619279,0.3275000000000001
7.6471847031760465,-4869.314256358815,2541.7810689704274,66.16858388843998,3.813793031646722,8.564907960432102,22.891101728521004,34.51649712199679,597.1898488033053,0.00025113864620308825,-0.02144796822310884,-0.0007709759808123273,-0.007295088020361959,-0.0009495150505964151,0.0,15.925870411931506,2.936480284510043,15.74329839953433,1.5071097023964557,0.5108796829726766,1.2173960841483842,0.6545960352597505,76.0,0.034,17.84118315390621,32.13769867933215,0.0910543127543235,0.0577666750382292,0.0167,0.004249998527726048,0.010225519198765019,37.027000000000015,0.19580800339829602,6.790221874439629,0.1429593405128479,0.02197285033764199,0.004862936497203567,0.0,26.489722613719824,24.968274295760214,2.5786999999999995,160.84417232943557,0.8793993431025733,4.553462179776218,3.633750904385822,18.718779370700464,91.40837690136446,48.45975436913852,4.707767363782996,2.442319507368115
4.903044055054193,-5541.800338476154,2718.6477384639243,66.27803158249006,-1.6039778614641853,19.74113177382156,20.17504886450798,41.603534175655994,627.895701241409,0.0002335768208987871,0.061307978553250174,0.0006166817353835395,-0.005699551081966545,-0.000759478463177322,0.0,15.774176857812746,5.0150191545315135,15.629885378064724,0.9838046741328166,0.4162500840964055,0.0074367608852391465,0.8183261590105041,295.06592404863824,0.18229185381604965,13.58839951975698,34.28711107250891,0.21522318851543334,0.09072190695427008,0.04535487860546174,0.011341488001206943,0.0078,2005.8744,0.0175,5.871682831570885,0.013627915001764478,0.038922890559777754,0.007031559133262054,0.0,2.709689195050583,91.24835580232642,24.91195712878448,151.63224651881467,0.6279000000000003,6.888008762720306,4.283598386181576,8.026936517956974,82.09740405207953,986.6667,3.6093,0.3275000000000001
14.1879,-6768.035172844606,2561.811190025419,66.11556713874879,-8.700632708441614,49.74752990376589,25.16466390352527,29.99143791606495,620.7411392846991,0.00010000000112971201,-0.006212414006636762,0.0003058819287144598,4.1086799870606455e-05,0.00040853209136672953,0.00013911549248412367,15.797599188076124,4.655573714437997,15.88008023638804,0.8618782069286537,0.4108,1.099844691841384,0.8498045749761299,76.0,0.23814121507690933,14.419574369912933,16.062,0.13489863049321496,0.05745603432586911,0.0167,0.0,0.011535302025328813,219.34548924810755,0.0175,5.983100748236632,0.017213163882169157,0.008,0.003935153415609614,0.0,49.086702171335105,3.3354999999999997,3.112319047650308,0.3003999999999998,169.1081250342849,7.2903,5.058706116726678,41.778312321829574,219.78258780149147,172.28394485266318,6.077239927770241,0.3275000000000001
8.67159865087652,-1368.75,2730.04547719303,65.39967373570825,-12.1527,18.7118072214597,13.100846471742546,46.33844596826327,634.3218,0.0002126862743349391,-0.11350000000000002,0.0002032593886254374,0.0012939902271521878,-0.0003920724390615359,0.0,15.840909569283163,3.2870714410594934,15.851202423192781,0.7384259263469426,0.5481588150011338,-0.10800207874024059,0.7922899807274062,601.2310802064061,0.04217024135847719,24.411137250052732,28.116115772232597,0.08322404337315267,0.058760941630025605,0.027092931293938197,0.002339734174081497,0.0078,191.4416806166022,0.0175,4.0902,0.010499999999999999,0.021962810609263403,0.0037203874079672606,0.0,18.13077105738066,3.3354999999999997,2.5786999999999995,0.3003999999999998,197.8953396001585,7.2903,5.42595024329996,21.71271399017993,225.66981912385242,0.0,3.6093,2.5857970041437452
14.1879,-5727.879728017944,2710.953392962474,63.20400685867691,3.445546106181104,15.113419128882395,22.111094366170175,54.90548463711851,602.0058382578413,-7.010140026461308e-06,-0.02552584038753611,-0.0005464250143868065,-0.013299358049723577,-0.0007825570444687383,0.0,15.716816048843587,4.668642174518159,15.56481215150709,0.9118769405810876,0.5491282274369188,0.14826856968437807,0.8411177745561011,756.3202894289232,0.14163612831170205,20.22926145215712,33.82993139035066,0.1514082356009069,0.07852908614122561,0.0167,0.0024628510133506577,0.009217620455277329,37.027000000000015,0.0817192725545034,6.3546296622921385,0.22,0.04017406910248042,0.004697942731641882,0.0,47.21905700834388,157.10058750572423,29.747572997545255,9.386825490272846,6.859084936095629,6.329853855064299,4.824682548248764,20.795756287830848,98.74264294177411,0.0,34.278154313716314,0.3275000000000001
4.943237692901238,-5231.88148991712,2445.939543316004,67.33491172740405,-1.8429427679192218,21.29138119305989,13.826511382240852,33.931686342465824,618.993917623497,-3.6208079392947135e-05,0.05504451405892893,0.000519829198829145,-0.003267395868122876,-0.006568385432351373,0.0,15.870553131282295,3.5544361222758756,15.884938185782865,0.6460850086432218,0.6831821951752096,2.194450384351329,0.7872880875319862,76.0,0.4607079135740805,21.252808656913043,30.454914981478403,0.22774951869975085,0.030433667614877508,0.025524846180956375,0.008682998337100853,0.007996891901156173,223.46403276312333,0.0175,6.013559398867315,0.03765818187416379,0.008,0.004366061286468175,0.0,1.328800000000001,24.362436979825087,18.056482093432948,0.3003999999999998,68.69747556390674,5.479073970013698,3.9082180546866008,158.1332,99.6152172223847,137.4411335097338,3.6093,1.8721309191481734
4.836353239126539,-4896.303277666777,3078.080716103104,71.37942775972077,3.8120285965758023,5.335249735051752,24.52415718008126,19.90560566684654,632.0696987936692,0.0002448190173401078,0.03374176699587793,-0.00016776820671858612,-0.008440379410270928,-0.0007226905063546607,0.0,15.73528517475173,2.398,16.04200676189749,0.8983407571318962,0.5812026443294129,0.23454165065175658,0.7083855822650666,155.99300009482317,0.034,18.933944325711686,34.14449500052521,0.09299733592517481,0.017740102631789045,0.023457324841000736,0.009122262787090189,0.015072913843926871,247.43138456337545,0.09103609923411539,5.5410895168698495,0.026104398229835568,0.0108439482947199,0.0319,0.0,30.953078003241238,20.356084634359668,19.545451559056076,0.3003999999999998,0.6279000000000003,4.412209422555962,3.486663677841453,25.564993603871905,78.97914765784301,253.5403936540164,3.6093,0.6253794168227798
9.173627036614734,-5374.415521087903,2599.246381896897,65.13791582796986,-12.1527,25.220581998155957,21.704542312684055,35.823084471422845,631.113193321265,-1.3557456040335844e-05,0.07191263006271226,0.00014941227977149725,-0.010282719902423873,-0.0004027711714297454,0.0,16.030118646373765,4.413337038351518,15.750325368814499,1.1656866287718943,0.48987120672856127,0.7063406902778735,0.8459971804858047,91.85111561962401,0.12218177035580549,19.05195911141669,35.17293640132,0.14508709969198794,0.06106998783033843,0.035050024892538764,0.0013864834634630325,0.010736469735167434,207.03829022256517,0.22269466477870314,5.973002363895313,0.024382021536205705,0.020791144569326136,0.009571472657609123,0.0,37.063111765554076,400.00000000000006,6.2630037744312475,8.546535393161143,122.90068880231613,5.447206464181564,3.9178049685266405,15.575031002035361,73.16876617100517,55.3654353062131,30.79920970131134,0.3275000000000001
6.973800001558425,-5210.769419710469,2452.006736322301,65.30301299092336,0.716620419144748,21.330593889464375,17.453971915290317,30.822974759427765,622.7713504917563,0.0003478279277403461,0.7149134821661112,-8.679996221182089e-05,-0.005952034117475245,0.0005076614126392882,4.604528421821184e-05,15.87194427322306,3.2273534938395145,15.782639395591872,1.0541739912158357,0.4108,1.0102140177314398,0.7431565496068467,76.0,0.931,12.415733599851567,30.376466129906497,0.13675357090581547,0.06773920672534824,0.03227050847279024,0.0071913723813701105,0.013091243592433657,57.126538056506604,0.2043275837519428,6.498365185224561,0.17823358814165008,0.035455000448090496,0.00713613911224152,0.0,177.99857862559853,19.19099351822633,2.5786999999999995,371.95699150074546,0.6279000000000003,5.752989157322888,5.014793085353671,14.842987391294699,94.15979286939171,210.85456291411822,8.164069168018443,0.3275000000000001
9.224244738770421,-5146.621614021883,2510.198685087596,74.11781201252423,-3.7717780505911302,14.901557772376743,14.320948994222572,34.05397559541341,621.3000762982086,0.00014268179219684504,0.048133934534407244,-0.00048393690381172454,0.001393141993206436,-0.0063385785280158525,0.0,15.889860775508785,4.0110029003167185,15.812266867600957,0.88094828964202,0.7371694386801961,0.6794154827037853,0.7908677407033443,410.0083099897441,0.21023210422084837,23.178436678554004,31.6855811442781,0.04936568067688856,0.023226401907230028,0.031543546679079826,0.001452604494973178,0.02569468793052218,231.76879123136735,0.0175,6.533244768140024,0.0218616954851916,0.008,0.007626319717178887,0.0,4.11102471783853,3.3354999999999997,6.999443362225128,0.3003999999999998,198.92334306192828,5.7456428653041725,4.368401502275641,4.77920787927478,181.4936266853689,43.58340539361052,3.6093,0.36062005604861747
7.006289176622889,-5491.561668572796,2549.981731567661,68.01883249698447,-10.785297902085903,12.147026315588136,23.15373915754421,23.810193125741385,595.3218,0.00019535998366304678,-0.11350000000000002,0.00036086900683192185,0.0019018605750820584,-0.0001585227190856853,0.0002744912994007998,16.07,3.3276509789247837,15.769042542288819,1.1966527194352472,0.4108,-0.15682313189638125,0.7701502806348628,76.0,0.931,16.02555440652774,31.748215608109252,0.14427686686688743,0.05677550018277417,0.19494765742567347,0.008794304525766546,0.011310087040620458,396.8846739983703,0.2295389093930404,4.819705202950766,0.017869264838076312,0.04688681027146853,0.006351527322071713,0.0007848270915442796,328.17346816581124,27.70223139459578,2.5786999999999995,21.749322088509125,0.6279000000000003,6.614035489388326,4.364930878881139,7.5422080001835266,78.72730690133122,101.05014659437757,3.6093,1.7867316106792024
5.666803657591442,-5331.830659544169,2344.6802860083967,70.12492334499113,-0.7619909528812419,15.7172660516885,23.16223495773378,23.474059788978217,600.415215092122,4.5371239904638916e-05,0.0020933375159357935,-0.0005258872103527569,-0.0016169395548970705,0.0007980593257391373,0.0004966404073886077,15.738999115423717,3.890028209951285,15.714805353254135,1.867,0.7451486448130104,-0.3272534070959909,0.7811845256381942,183.16928281157925,0.034,19.976367049921596,19.918632890482403,0.13904127888222695,0.05954048567437733,0.029218776371425954,0.0,0.009630457939808641,127.38584358528789,0.09432314803778019,7.658655257529159,0.03932833049806089,0.014730185901041484,0.004467785973125794,0.0009142082512754435,10.6908686339882,19.888986231502283,2.5786999999999995,0.3003999999999998,4.641895497840464,6.296128313061393,2.568381357535558,13.33136913089302,25.678697195600844,0.0,32.39750576944517,1.7646856492058942
2.7374222685207314,-5609.280863775744,3136.4708711561875,60.2667,-8.753433911110024,10.947877566710384,42.63,13.066980671050551,611.148559982014,0.0002504481633383169,0.10450161834395474,-0.0005229419406200396,-0.00956003245353292,-0.0013257988853979316,0.0,15.773825111553734,4.583273982512056,15.54,0.9894420583935116,0.5096202155674266,1.7353916234559288,0.7869291648980773,76.0,0.07970585152902238,20.10880968624092,26.057602965450194,0.13250886463124115,0.061033172766139974,0.0167,0.0,0.012814468663890455,347.8312164699751,0.047021457468170144,6.845342161929762,0.03367663169502958,0.01940633784770895,0.006368687994798378,0.0,37.680669763057665,29.382661193324026,17.856136161068353,99.46852049802312,34.062313934350684,5.392942474820671,4.783770669751352,9.408833400658963,47.64986548590792,0.0,4.607221521275025,0.6453055708930229
10.150330468817454,-4802.830977587867,2594.285857863985,60.56227706686446,-7.070447940072459,20.482091404520812,11.641794116520755,27.49244076908359,614.7242610104473,0.00013162999589895052,-0.07229370576026012,-2.4240100163057297e-06,-0.002630082375911524,0.00015360638745111403,0.0,15.869167470064166,2.398,15.728883027556488,1.2074332880046348,0.42284099401166875,0.42318652518740685,0.7015532753676995,76.0,0.26019331595151174,12.16,31.878795901818958,0.07623769591859789,0.028447819876424706,0.04700308703767687,0.00915260599246384,0.010955563162947417,37.027000000000015,0.0175,4.798866128918892,0.010499999999999999,0.041486319606830316,0.00641564357289562,0.0,53.057490457079695,400.00000000000006,12.110276878280436,0.3003999999999998,5.82890793261365,4.888193813617712,2.240159625485428,22.86313829194949,212.2169353262613,177.48437402649682,3.6668032302900064,0.3275000000000001
11.913944044741713,-5269.624858857191,2147.9779422500214,67.14639238927458,4.8636461033681755,8.694187125861898,24.640242627557125,34.85594348807782,595.3218,-8.831239114539892e-05,-0.11350000000000002,-0.00037179552813032323,0.0033098232820452256,0.0004660372020083196,0.0,15.861980762314557,4.2133306640092085,15.789139877630353,1.0923054855642667,0.4489439160032733,0.36465383095345794,0.8011130493933866,76.0,0.235566757814635,17.88059351080554,31.07453863010359,0.2153521031451073,0.0172,0.05139446887239991,0.0010566737041996645,0.01924891441379893,324.6251563678836,0.07851549185523768,6.741631675753289,0.022348666515758293,0.024021449889780846,0.0092562630014653,0.0,51.341305863302004,3.3354999999999997,3.7675118628224133,0.3003999999999998,400.0,5.320075014740683,3.8686198476468094,15.984686057628473,49.696876969004116,0.0,3.6093,0.3275000000000001
2.315483957519467,-5353.401594009358,2535.64828906889,69.0721907420518,8.400159858452682,12.096036785018999,6.4482,37.397492996501896,634.3218,3.8080106789359387e-05,0.0498872533078019,1.8591556129821975e-05,-0.009384131935741273,-0.0008651792012790608,0.0,15.883538475824103,3.059882098152184,16.075915168181478,1.1465901830694112,0.5230965072034369,0.5991051402697429,0.7876386254242773,532.839883894863,0.034,21.605168322489867,34.793688290441274,0.20239603496358363,0.06245984046923076,0.0167,0.0,0.0078,407.1006552371898,0.0175,7.607692427192557,0.03414070404498376,0.011194675087709077,0.003732058469221729,0.0,11.947475575738725,30.170175250139483,22.940636093350683,83.54101479196655,20.289246101003886,4.428934793466499,4.044781080296553,12.455278613965701,69.17857880606498,0.0,3.6093,0.6944662699094815
12.246891874732102,-6490.7868125845725,2630.2690863618495,74.02657056390457,-6.369162616132369,19.97374919124302,32.82624683637943,35.355736031105344,624.7681556309434,0.000233854015319542,0.4544471273937975,-0.00011922340905761189,-0.003063030320956941,0.0002661625125497691,0.004891870406055895,15.84293251402996,2.7092772015674482,15.714588421867324,0.8628530768410263,0.8212742874178574,0.8813314754163508,0.8723607485189515,487.1685691694647,0.060041337613196646,19.55550288685826,34.95474673691086,0.4892000000000001,0.06658871975513808,0.017422380813538016,0.0,0.01550064581931682,276.05681783741227,0.0175,6.84761593474635,0.028220007498118472,0.022030535149280613,0.0053892798080286235,0.0,16.305732185826557,98.68311388540286,8.929332914060296,5.876023670953209,21.37398601476904,4.994149655248039,3.0145116587564855,100.09222388719078,70.98917453911227,534.4616020865759,10.371710741243186,0.5830095525026309
7.847100018350062,-1368.75,2735.1028243092755,67.12367228524975,-2.650236046490162,23.722807927190058,9.329423114816075,38.304232475489265,614.9830395333304,2.120129914346044e-05,-0.033497481494975376,-0.0004681863322607315,-0.00894623587361438,0.00011211846522553263,0.0,15.785801679815725,3.9169675259948695,15.840421557174826,0.7279369528434951,0.5490338688982346,0.9918313991590606,0.7721653356284754,476.33516199979744,0.034,24.527877479911147,23.985424440223,0.04090642665612302,0.06518204218717998,0.0167,0.0,0.012252107033525271,159.65292289678382,0.046971847075731495,4.0902,0.031239354550756326,0.008,0.0071662584575034,0.002518459771419886,7.404238611302585,3.3354999999999997,5.305613602025641,0.3003999999999998,51.689821099691926,3.8543705171951004,4.431620195920454,9.557870974134318,111.74436161673208,543.8694255836457,8.359444616674772,2.672098681593906
5.539008108813108,-4774.2795445786005,2531.6598915935274,61.576423509914484,-12.1527,15.625017250144984,13.614223339872993,39.80600083859057,599.0304923843164,0.00011081553935361334,0.08800260418977832,-0.00046974359871975157,-0.007113060901152948,0.0005240371627495665,0.0003939181519683683,15.996042463211381,3.8822824737010055,15.841795486777086,0.8838371440581492,0.4658357610597508,1.225262256449378,0.7126369927980565,76.0,0.04829066348086561,23.05652944280245,32.10406716772078,0.08139828910469987,0.06338013914975718,0.021467461483192257,0.009013690244889721,0.013350800083561593,37.027000000000015,0.16999803611009115,5.926377688753293,0.03925609222517393,0.008,0.014234242043928935,0.00031186026377031805,1.328800000000001,34.18311660105215,2.5786999999999995,19.30153880985784,196.2032423549121,4.188586296099432,3.50933647495809,10.716259230040407,58.94894018728009,50.59023840049463,3.6093,2.2848101236036533
9.511558048243813,-4804.286052077512,2590.975843502216,69.6631756998822,-7.890302996662912,11.51331626973744,17.186159323323576,26.308515594703447,620.9730115597656,0.0003042301719003834,0.045059590273419096,-0.0003731515365336241,-0.0037603189670744313,0.0003877365413804043,0.007716750287011341,15.795478211959187,2.398,15.941445829741264,0.6440691930495275,0.5729955648593378,0.3649216279921206,0.813647246046958,87.56497990963993,0.04228356940960763,23.682079788732114,23.945626043507257,0.0674553438433132,0.0556113416185947,0.12547870025461094,0.02264819164534815,0.008858074348210182,49.115786579182696,0.01806618005350618,5.659403683011913,0.22,0.008,0.016745076848319843,0.0,1.328800000000001,351.61942921892825,137.34227135844347,114.65747306608749,8.20956754910207,3.962909513003707,3.0572384076476626,21.135173553737843,65.50766537903658,63.54827789808937,3.8757595762083383,0.6992235481280873
12.975097321040444,-5066.327437155963,2543.937572953682,60.2667,-12.1527,19.52728574622195,9.943343586549762,33.13280726536231,625.6196231324642,-0.00015353681105052645,0.08625795720336704,0.00032329735311852157,-0.011059031693772245,-0.0003901277945713295,0.0005749422001295968,15.783359645354894,5.0629910576304,15.727915829733483,1.367350595211834,0.5482897595081051,1.1404470529057424,0.8505417458477452,724.5358030920345,0.0642370232578297,21.291443950931452,34.8521571861188,0.15057082255324378,0.02546453266740821,0.04665038343544989,0.008182917688994944,0.010641082491051269,355.8803313907714,0.10662771064717085,4.0902,0.023038130002482556,0.044750580768319205,0.0077472887940541494,0.0,13.339709624074889,36.2606755968718,2.5786999999999995,0.3003999999999998,20.93864621942431,5.498595262591736,4.621065458027857,16.264514190542457,92.05904770890025,986.6667,17.309469676908876,1.265824918726593
14.1879,-3177.8997733868255,2737.5487965697553,68.93508088291406,-12.1527,13.202752566155308,30.57426714037794,24.955783653347353,602.8804236151757,0.0003141762842146042,0.009205091419710081,-0.0006444655540220277,-0.003701025220938783,0.0009447117373610903,0.0,15.854626442489051,2.398,15.72472391717429,0.7738374596612105,0.4108,-1.1162845407824866,0.6837792477306799,76.0,0.20462465678946673,19.542463643084332,21.01733738373737,0.16407253924513487,0.5170084901116411,0.0234885410871509,0.0,0.023316667463953555,381.34561708898866,0.030487389993373,5.735031503825255,0.037580037990646645,0.019889176202500726,0.005344680196136416,0.00011603147626404459,176.58889883567113,31.965505206755974,16.32839680885031,0.3003999999999998,6.88574356945667,4.888284962097189,4.797062807525991,6.652221449835039,121.26547126266672,986.6667,5.275451835745601,0.3275000000000001
11.0291811044153,-1368.75,2386.001540912383,72.53999402617185,22.148647361085555,17.84613451165535,19.27536349179829,36.05970084609996,620.2479279682212,0.00013339765413561638,-0.017162721366912232,-0.0008282457978660317,0.000983964429406627,-2.4492859654614917e-06,0.008780719309533117,15.999428480167786,2.398,15.942134953522883,1.1832115608388007,0.5990373830420861,-0.2987954856988358,0.8691141232889874,808.813303237564,0.17284875827454627,20.514867854861954,23.720439535557027,0.033900000000000007,0.5775,0.0167,0.0,0.009904365776294093,258.17767577532845,0.06901126468573572,6.498580845017995,0.03743573434584838,0.023081481293820243,0.005072745554315916,0.0,26.775135614347285,400.00000000000006,22.264533771568853,0.3003999999999998,0.6279000000000003,6.351877996886449,3.725919765999624,4.720706020651196,88.79053872508719,218.72882508383765,7.640127813138411,1.7805669288915105
11.029234759452503,-4825.3938112864125,2758.6028629803404,74.11714821539029,-12.08563909798924,4.4283,22.363459366532133,56.8964,609.1553711787502,1.4343192310295999e-05,-0.08120346454730518,-6.367406505139155e-05,0.0022369926947530296,-0.00036002017013465106,0.0,15.681705531571453,3.345675037046793,15.62987793863714,1.1419132580098836,0.6206758250935049,0.5470963152987229,0.7835175479808673,485.0184982242155,0.034,19.629754722643966,39.326526413688256,0.07822405964394108,0.08022029755174509,0.02563560916843078,0.004663292885645151,0.011070703042605674,254.85735644112225,0.0175,4.518530038218229,0.022415379621473976,0.015447949033991396,0.004063303815347025,0.0,41.54349630453383,20.238184906730808,13.159870351070511,210.49948943644065,3.5798402555396898,3.8478170523633093,3.7237187625144657,16.957016564865626,124.75756760245838,620.7580469168136,3.6093,0.9108663095168255
9.268614596966657,-5124.312271404882,2742.479131744579,73.03307266750124,12.713310555887013,13.434761413799043,35.109555007323806,28.449328693834122,615.8884503233139,3.5353461520306698e-06,0.16071810892521518,-4.054395082513127e-05,0.002021779673378129,0.0011168737518262935,0.00020983860543340958,15.821265342131948,3.3436613000237947,15.82700177118118,0.6118478411209332,0.5831123074370893,1.3319715745490512,0.8359774193329776,319.7908694540454,0.11807188826822307,23.6888665426803,29.966503606980712,0.18788462822950203,0.0560460272379792,0.018698796442580524,0.0,0.011147503564888056,290.50735311848115,0.2137796390637854,5.836161200377894,0.043253294234474986,0.019776260049203322,0.005447394149772101,0.00134838668106951,47.74665431179962,15.916824204170304,9.900205231707726,0.3003999999999998,20.13099805407979,7.042013126161728,4.353479632864245,116.03959901520284,18.0064,139.30755198959136,3.6093,0.3275000000000001
9.890810497209682,-5608.573917746476,2556.2891649071958,65.83286077602006,-12.1527,11.541829735869623,9.910105340545652,32.78833472216255,616.6834295988398,0.00012744373455778968,0.04858951750222573,-0.0006046115565498285,0.001147098304475411,-0.00041478635066767604,0.0,15.955075854409946,3.7796130510870283,15.726785489144385,0.945152236729355,0.4108,0.14404447611823334,0.7916055662892377,177.70783080360417,0.931,12.16,33.33425384464602,0.15225856100436014,0.030714424751626904,0.0167,0.00111038505781259,0.0078,313.327932914854,0.14417023089287578,7.119795283427868,0.0470084912852404,0.03120821034282356,0.0037187887098010853,0.0,24.161001741778005,27.585887621704423,12.513913607357898,0.3003999999999998,0.6279000000000003,5.861057911620863,4.082487877609431,18.922517643508648,106.84423161085061,274.12250016948434,3.6093,1.3251031018911799
9.978499116133687,-5324.184979021564,2564.490321981545,63.778787007028,53.68180000000001,23.8443406984339,28.763955391657582,56.814573318841944,620.9049179975813,2.2945455148191778e-06,-0.07821808729656199,-0.00039698597332266745,-0.01081575806633722,-0.0013508173810855087,0.0,15.725028994284262,4.333078635884688,15.551777916245554,0.7819673354282697,0.4638355435259009,0.817189744901287,0.8452073386034242,76.0,0.034,25.77765818747755,30.295655534929114,0.12185342826293219,0.04124755302832331,0.0167,0.0,0.009780143367652955,94.85629456394739,0.052065626214089514,4.631820698911615,0.02890340075041125,0.026197757984251887,0.004677740473085699,0.0,48.917095741472245,29.942566382788534,14.616652041133074,23.195110503819784,21.548143203234552,5.157529122920894,5.187710349992549,9.170468100703834,67.59038120271417,15.146120455572031,47.34357607740904,1.1943736536907774
10.873943787796954,-4749.0359335102585,609.5,62.482103292429656,-5.084996298087528,11.40295808300626,14.197681851317277,26.452162384482143,625.1881328494067,0.0001424911801577255,0.08793012784060467,-0.0002776003074750786,-0.0057862881792862505,0.0006251356016076102,0.0,15.884122804888657,3.424665446429088,15.681130090326844,0.9011896351694573,0.4108,0.6638758427443312,0.8360723062296097,76.0,0.20652623813790638,16.382378856591263,34.643079293763485,0.15290611978376983,0.0389901391795927,0.0167,0.008028833943938699,0.014361944414511949,37.027000000000015,0.0175,6.992465516060212,0.10940716920020743,0.020702144700633522,0.0025,0.0004654829800790541,142.1288144815355,6.057601017741991,15.73587994018343,0.3003999999999998,23.33520593756491,5.458630108376706,2.3541517106056427,15.043127668139967,84.56283929211925,746.0681102703113,3.6093,0.3275000000000001
8.328682960537405,-5567.843434025606,2301.37941944165,61.86074880644494,-12.1527,22.230836937820676,21.753679596876037,37.95732871923957,624.4862313772395,4.755967207290244e-05,-0.07251471643488658,-0.0005010978298916413,-0.010692316410632192,-0.01007332914673412,5.0819948970001e-05,15.88765762179457,3.170047010538396,15.885881738179606,0.943498309079996,0.8203573178241288,0.6518946558967644,0.8764,2403.485786222761,0.050873033174460555,18.50203233240506,20.470918281812317,0.17019505142977343,0.1617370635736993,0.01698728149678906,0.0,0.019281836832928435,268.71336789560985,0.06741164380803474,6.5381912952182955,0.02815984163732745,0.03487327827389575,0.006735311634019131,0.0,20.049555884045766,41.517380551759544,20.127892686105696,4.520932108857253,5.663638018784869,6.67927491560737,3.5448677818670116,18.247678158457983,343.8776534275033,0.0,35.68679304492517,7.415082921145454
6.536461671382035,-5748.267537338062,2682.684548307797,70.41660372703382,-0.5720612809795989,17.497923833939172,22.814996853538858,20.736356347463563,614.1243741007356,-4.8401671452829494e-05,0.12956255458768884,-0.00020444364927905907,-0.00451112586496752,-0.0004911190865164311,0.0,15.772158558060163,3.595580610506718,15.585468821015425,1.5151893646269108,0.42207552613167754,0.22558880848457263,0.7247413952215399,76.0,0.15024249597823808,20.177636501753394,31.1970095713953,0.15092824470730762,0.038611149472997805,0.0167,0.0041656083467142505,0.0078,88.79775158773037,0.08189445001718393,6.656528320293546,0.010499999999999999,0.06384111325708228,0.003942143676033422,0.0,20.08495994526431,46.65278099557315,2.5786999999999995,0.3003999999999998,0.6279000000000003,5.132720205274668,4.532678783763721,11.158212181715838,70.33317399870215,178.605211262794,5.2703164280546435,1.5302163903712547
5.860142129596754,-5557.747515028243,2354.5035958648377,68.18980236515385,-12.1527,25.01037444470803,32.03525124847386,26.035550546235815,623.998633510509,0.0004000000000000001,-0.00612843509507357,-9.743603116895889e-05,0.00017045891385295692,0.00014956929331459473,0.0,15.848583768169512,3.424018675607448,15.742585685516186,0.8631213599639442,0.4697965610093287,1.3476045436294084,0.7831232917164815,144.74219682216557,0.12141235213813967,18.819457042868997,32.520778105009434,0.09887808776210609,0.04321891702470785,0.01789932029713953,0.0005325165977932031,0.01280983808172079,2005.8744,0.04481760784420966,6.170813902296865,0.028018963516469264,0.021418627737207874,0.00377002808478862,0.0,89.48105888595879,354.82252548532546,16.62564454961211,21.047653965465074,235.5537847695323,5.999034473844093,2.1869,18.84168617841022,81.9630624900018,742.4894685751713,3.6093,0.49228889147225363
11.301098844668532,-5063.200199594615,2503.722264193685,65.32514489375865,-2.9730760341918123,20.294943634403307,17.663567622473852,45.60823329348787,630.2116095775433,8.318814360787335e-05,0.8734947129990608,0.00018851580885347445,-0.00896312986648906,0.00042604993296708934,0.0,15.976217176468717,3.0507053748455375,15.692956600939347,0.9861052443442611,0.8131446857721197,2.168919162044592,0.6356167750547634,76.0,0.034,24.334526334243748,38.14166136644403,0.12387330508814487,0.3025845227372149,0.0167,0.002938617484970983,0.008971583230861342,326.675683516953,0.05436014818427582,6.240688563435459,0.016388245969731492,0.009120057100811058,0.004313276625337963,0.0,140.07747678664848,400.00000000000006,21.519937435241545,48.40121933441503,181.1755748943367,5.395880095930043,4.244896008458888,14.740739467615875,260.01612865563493,0.0,3.6093,0.3275000000000001
8.76723192804334,-5138.299798333522,2510.8142884937424,67.87986180178339,2.4155019150800996,11.959913592774793,27.68939560660371,18.97814096234225,626.3205364836826,4.230742788672483e-05,-0.03994696295299156,-0.0006115713439420579,-0.0005096597302309096,-0.0010656561345377255,0.0,15.795887904247932,2.482393256090647,15.785523241421421,1.855770629617636,0.4108,-1.2225357980007563,0.7562333116287598,1986.5643948447898,0.034,16.475596108967725,18.281178157222826,0.08241398017336739,0.06885240101300913,0.0167,0.0,0.0157684615074655,1873.6475090791794,0.0175,6.95818127459047,0.01787209869733012,0.020791313595120653,0.00449476816318754,0.0,13.552801629250798,21.339545378579285,22.267879527493413,0.3003999999999998,8.4733956529787,4.3933667556551255,4.707646434463568,21.411041813560374,311.9657569325001,99.69059401108194,3.884519374143517,2.187302890105262
9.177842233767851,-5088.374383702276,2461.5231269799665,68.7823285186391,-12.1527,26.156299363806063,19.616978488268483,30.358502736039682,605.811358422872,0.00015893120008134693,0.04958468776987251,0.0005214540996059282,0.0018139425009998222,0.00024193237958018043,0.0002402062334427286,15.895590389866308,2.4950441569812574,15.711199294936673,1.1150657849996015,0.4108,0.921046283367501,0.8742752164969712,174.85335066709024,0.23355264967393286,14.164318008386397,16.062,0.15021716146486352,0.08175199091512608,0.15960368564515479,0.003703607898597594,0.0078,431.15530112503177,0.07719632464924711,6.207178050959849,0.012649436497965592,0.014851497963599783,0.007765672602118911,0.0,42.4160626822583,45.69489005972282,2.5786999999999995,29.5901731386936,21.380158663843602,6.016358977224081,3.944045935699748,7.949225733523055,124.07600766743937,21.77724307241681,11.6426811240142,2.2237165271734125
7.061041507241731,-5621.3663281314375,2871.446644659063,68.16464420861429,-8.580201670992393,18.37567698693006,10.512161421597375,42.731946706093936,622.0779763001495,8.222784669808339e-05,0.14382807821998977,-9.701983983065774e-05,-0.015651765364015587,-0.0002804912891737748,0.0,15.83293135066042,5.154586252423406,15.584840561758067,0.9408003123928772,0.5916058043430963,0.7784724955475439,0.8077135912292553,750.797500294181,0.034,22.160762060243346,30.4100531653366,0.1540549567067137,0.10711016497860106,0.022878593694079928,0.0,0.0078,403.8791338201213,0.06681671934133149,5.153243078349776,0.010499999999999999,0.010491950058552833,0.0037313327524281775,0.0,13.66165768017173,43.874983727197545,3.3929067330595313,0.3003999999999998,22.038828391039676,5.470153085492857,5.194755732806642,7.942829867056961,78.61882490929636,24.68761460951987,3.6093,1.6582256545049059
11.691997228745254,-5139.434238986185,3471.237088849954,71.06474012331533,-12.1527,8.645077393035951,19.626682553042553,41.066079759309375,603.0211992678409,0.0002461121340920504,0.0686907743646904,-1.8815111938261932e-05,0.0007904550257597162,0.0007680253673758099,0.0,15.836730355154403,2.398,15.802859773808272,1.2672449062723512,0.4108,0.7650130612447519,0.7261718339949679,76.0,0.1616924585964166,17.618757972538422,17.1154150845857,0.12819127259478214,0.04988789502587869,0.19896168654016783,0.0,0.01040407607112848,346.5676766935652,0.03345381823261509,4.289489054722724,0.02802804909486661,0.022372700180053523,0.007161715383390472,0.0020640757621921677,27.79568711099517,157.7487799630055,233.9629047986436,2.7782140604053174,14.580741099447048,4.2176286805055,2.7481292017907326,8.108025500424574,64.61302505602083,53.199446616439246,7.568179842891231,0.8777879450197755
6.304873788582503,-4685.680767764818,2699.4046052099206,72.51474840826651,-7.739954142046626,20.670938633188058,17.432009185527036,12.57883018580594,596.0616179065763,7.524231976936837e-05,-0.03562615478902551,-0.00021196215354616377,0.0033126650818819485,-0.0015872327462762763,0.0,15.784023279713452,3.4515787582849984,15.618027028084729,1.1171633463792905,0.5453648293661826,-0.5171519589372741,0.7910103204393429,895.039193053071,0.22043209831020644,23.320452400183434,20.826718953204168,0.059123504654608965,0.0172,0.033898628522456765,0.004593185173710572,0.0078,164.33330134194418,0.0175,5.452043998891334,0.02093578136150022,0.04242448199199692,0.006968711189087542,0.0,29.519929569688273,400.00000000000006,54.98200417962775,37.92155437830168,0.6279000000000003,5.336335092872676,4.73880554288125,17.918089746208324,106.87672004264428,0.0,3.6093,0.7221126612348355
8.834594270295973,-5330.695802651208,2943.2128300206286,73.1677358934133,9.637977474301318,11.264756760190327,29.63427522539775,49.12614987116547,599.6867705711252,0.00010563385467230835,-0.05545588182301305,8.494857061328503e-05,0.0011431711070195374,-6.687723435945001e-05,0.0,15.793208263275734,3.147476630592949,15.942620901964693,1.2060801566329309,0.5925609827614676,0.7853573467627608,0.6473169692975043,93.77298826101105,0.11080817772347493,20.844233848340405,20.288585841934076,0.033900000000000007,0.0172,0.02683033202176601,0.008237872725567382,0.00968673243615107,93.03561943399191,0.0175,5.416083254164671,0.013241965689110522,0.04072889944583101,0.0094140126573267,0.0006472608824792186,125.06788737997474,43.89872804603367,29.710345589015283,0.3003999999999998,0.6730616112870074,4.761649897355686,3.1378597519364946,158.1332,18.0064,897.7810301099024,3.6093,0.3275000000000001
6.996633924585049,-4945.723415111276,2466.8905650139136,73.39537565672426,-9.113758586973454,5.718189202733338,32.04307892687962,13.782347079276093,603.5618041386139,0.00010123451327208042,-0.09654543102977545,-0.0007466851655796262,-0.00834997779559008,3.563669028309418e-05,0.0,15.782880971776859,2.9570477419969152,15.962191454943326,1.02397226297308,0.49716228598667456,-0.834934104799298,0.6509573886776148,282.2239310793701,0.08696709358772946,23.869618652617174,16.062,0.04369783424052318,0.0172,0.06267198746089948,0.009390885688128566,0.007937789605107316,137.4857978647877,0.0175,7.384837430333688,0.010499999999999999,0.011586165364289937,0.00569606778859435,0.00014126504329791436,18.438661003644377,17.42871895192819,2.5786999999999995,16.24968562006933,400.0,4.344499705719303,5.1555680713674,6.275062863755265,76.97881266557346,33.71082601592036,9.25505957004288,1.5863651563551415
5.186601824471801,-5065.336279082603,609.5,73.34945369114482,12.374835292868672,16.185993128827803,27.64312522790271,20.219190798909626,620.599937679952,0.0001537117397480629,0.04624468087125037,-0.0008204875267044112,-0.001540225697132653,-1.7495937817686489e-06,0.0009875454242741358,15.783734273558414,4.374994096996854,15.701657614366725,0.7105596966275448,0.593449889137228,0.613717730466077,0.7468055512079673,1577.2018319189751,0.034,19.4382035991831,24.990072210004985,0.06417571210000278,0.1285657836794922,0.0167,0.0,0.016939209342867828,91.71075511259107,0.0175,5.005798851986572,0.025346574039013605,0.2644541647617115,0.0049370832279821645,0.0,1.328800000000001,15.144402381201306,31.40913083900718,0.3003999999999998,0.6279000000000003,6.252622195486399,4.771056332299452,11.715787533267957,112.42120052845007,732.8479339224107,3.6093,0.3275000000000001
12.173561487482143,-4799.541226665209,2875.412052037075,70.43035876139051,-12.1527,16.077262694667734,9.746907079165238,16.064174770808556,612.1269233049753,0.0001248756035858259,-0.05984151743758848,-0.0013,-0.0015152559168406434,0.0015,0.0,15.717938803209849,3.5355259659024174,16.03875959012717,0.6055,0.4108,0.24659939273433784,0.7993549186868789,208.9121341538555,0.07722678789087406,24.49369097444763,26.358684443777648,0.2649316338672958,0.025157763628623542,0.021234502046144212,0.0015569396823597813,0.01394449572815103,425.5611617636415,0.0175,4.0902,0.048865462478975365,0.0262591790122877,0.006439669999692299,0.0030650762426323868,211.65723248369483,12.655002295274706,10.592857143388562,30.753645194358377,14.859687620435915,5.375792475826033,3.465376489810735,14.367959159959083,79.93501134899314,732.4003944608919,6.1460759329224794,0.3275000000000001
13.169008541739014,-5033.038045180032,2705.0000601798624,73.81922745478377,-12.1527,15.947165221684042,6.4482,56.8964,617.1213911789869,0.00012883628111043415,0.018278896316379658,7.822735485089716e-05,0.0007855291237852634,-0.008248952621517107,0.0,16.040363710004584,3.647213685253403,15.54,1.124284212208664,0.4415436185364911,0.6602500990437052,0.829798238634111,76.0,0.034,23.678169743160574,32.58905892841069,0.14396054915148712,0.3422172497022598,0.035796686381451476,0.0083757961405473,0.0078,315.29977228138137,0.3405020737174522,5.4299824554040255,0.010499999999999999,0.027244149770581972,0.0038247887618795724,0.0,46.68538045169638,40.188187356696446,19.41049823827318,0.3003999999999998,150.4476812372822,5.1377664956818645,3.9964924328974627,20.630154453407716,105.13124341900041,0.0,3.6093,0.3275000000000001
9.910549278170977,-5354.267845897151,2441.5204700081235,63.439234017455185,-10.163843427121968,16.082137358406094,19.346439350467012,43.825609267395876,602.0760503205811,0.00010626477585098273,-0.09679042646489985,-0.000434253191973899,-0.005586066562327618,-0.002253696909851552,0.0,15.793989467209984,4.716467165069588,15.706943568089727,1.6712744179244137,0.49009212167323224,0.7409194709015774,0.7523325115556038,76.0,0.13942931154467156,15.40378277956946,36.421377206372256,0.06078148870341017,0.03845398129893275,0.0167,0.010678659399844916,0.011130499029627443,161.38643128781598,0.0175,5.397722059277611,0.038872768309604525,0.03528018047240969,0.006450509873594408,0.0,2.3870445977455397,50.04879864714475,12.486613037859712,56.86716116694744,4.53412964884615,4.669778970170678,3.9185261663368163,20.069888456022717,113.40175860586811,743.9454820615401,3.6093,0.4591997135441588
2.2493,-5319.514420846638,2616.634452916356,69.51013618526933,-12.1527,17.433487283882872,30.3636603415027,16.108281776525807,625.2714689599215,0.00015067392924194819,0.34383874397710074,-0.0005549305539550606,-0.004675762781667457,0.0005089902400160326,0.0007395976298914325,16.07,2.402792499720891,15.84623297916997,0.7401992615990363,0.530826003448096,0.1797443520832358,0.8764,252.69933778243774,0.061737502431613175,21.704732760608387,30.719221648958275,0.13917066336008238,0.06937351854784489,0.13684808595170142,0.009940473908502322,0.008223965907734596,388.3197011240867,0.0708306085751964,6.145803956642298,0.03138311190204633,0.03301090303508911,0.0319,0.065,18.521112441516514,40.67817572167874,9.984878158290872,18.6433279492908,0.6869886241735754,6.331332742222784,3.363457592988325,20.206642257729683,18.0064,0.0,6.115140446271271,0.9786177038694598
2.99923091982041,-5746.419777379563,2588.4082436066874,71.3670408786651,-12.1527,24.25758520746659,29.33897927724744,26.880922290532812,632.7120960507311,0.000192721278813363,0.029970122431331545,-0.00019138463007371378,1.1929309355505555e-05,-0.0006731004060386675,0.0,15.831820039637144,2.84588833234131,15.742563873925786,1.4568697101587913,0.6537739497915767,-0.2682547011543766,0.6818547516590897,76.0,0.034,24.35950622119492,28.2872505590989,0.1364115112095522,0.12275875942351602,0.032792748791277374,0.00014776768739061387,0.0078,446.60073896305005,0.08035091554556766,7.502967582793911,0.09857729951928157,0.011200158907513538,0.0025,0.0,4.703520634009784,25.311709053121444,2.5786999999999995,27.967219029826417,17.23781340914692,3.718281549180454,4.07041573127302,15.948128254146521,110.38021655162325,401.2453567199325,3.6093,0.979051464528644
5.916344822939957,-5314.3307544549525,1324.2934394868678,64.0543092796049,-12.1527,15.470202565189954,22.881975017463514,45.47056742613075,619.3003661163881,-0.00010673682589369828,0.041997320345164554,-5.176020095779857e-05,-0.009333911706244155,0.0012779922717642545,0.014274227117136412,15.780499846916724,4.821328807381903,15.833388056923441,1.6488940760835973,0.4295841264656684,-0.3291309120444006,0.8082251699205442,548.4782475121997,0.13824714524391174,18.962980381071482,18.052974086102395,0.21060057367305807,0.10174787275563224,0.11073925672548814,0.0,0.0078,448.34617704852576,0.0175,6.732829260005934,0.026084775770148193,0.008,0.004755925374595993,0.0003857541042529228,1.328800000000001,21.47134261850992,22.622059745956744,4.798903731488007,14.430605555476218,5.187220591760692,4.542018432456067,14.641290897852606,18.0064,849.8646323258522,7.113320337356967,1.3034647949287481
14.1879,-4673.712642135562,2884.0968008630866,67.90969149491914,-12.1527,7.883809125242615,22.006077757157982,28.066886202298715,611.6831345137679,0.0001002432278811244,0.04844635561743116,-0.00036169469594155994,-0.003248746448328006,0.00044133488225923966,0.0,15.795535173832588,3.524511169874472,15.929477239574922,0.7404961783409396,0.6092708885659512,2.458,0.7459975853110005,288.89196788149343,0.17233406525885792,20.654645905590534,42.781,0.1683538573417958,0.1251706482264274,0.0167,0.0009779012770833,0.01847911762949581,153.98316855293558,0.0175,5.403985821791203,0.22,0.030187409054572786,0.00887352587039,0.002874357141263771,186.22218633597407,7.3599703833245815,283.3556369433257,0.3003999999999998,17.02024986311264,5.889564668553869,2.2033159352838405,11.014923091652165,103.31240289447456,527.2870626322552,14.343098680855377,0.3275000000000001
7.542747089514106,-5033.648084523114,2655.8532070049605,63.48869661525165,-1.9290248147657993,17.39752364713938,12.874701095350158,19.581644824378007,611.4420676057493,0.0001680818615966911,-0.017819655518880692,-0.000640792155892582,-0.01001312603292269,0.0003361529839454915,0.00037374662765385906,15.983410154412688,5.000781306134864,15.749828997865269,1.0107818520079304,0.43424946724197006,0.025261792056338828,0.8480211966638832,76.0,0.034,26.095433368807434,33.714579578578594,0.09710186613622043,0.07956082982097384,0.1561914633370787,0.00626701366857013,0.011372286087556853,285.83923848684657,0.05398627847953206,4.773067338347716,0.01620431366655794,0.013557204575058126,0.0056478214707978425,0.0,181.0431549207409,33.90074919619373,2.5786999999999995,0.3003999999999998,63.87222587436326,6.430436095803577,5.154119661193436,3.4533125466474077,136.68227961923589,156.5050953449105,3.6093,1.1281466176623463
8.536819113676973,-5008.384470425215,2366.6222135516236,63.730268501655544,-11.980105721794212,13.658719670772742,19.419707480052754,28.03414244948909,620.6994594203253,0.00015615351012827048,0.11163958262523979,0.00045291586224815224,-0.0005347599836392804,0.0005269904294328377,0.00012879384595072786,15.894021285949416,3.014300529513269,15.725849748659675,0.844072817380428,0.6032553977006427,2.458,0.711210162868928,378.3676095406903,0.16969235233035818,12.16,31.26518649069338,0.10141008732797718,0.05604965548427684,0.03149223724806636,0.00022905235070531525,0.0078,97.65165543656434,0.01758535331145536,6.490271446067593,0.010499999999999999,0.03974402594587306,0.004768946233987138,0.0004902044254848433,11.675336400277779,41.15536592243444,400.0,98.00636283679802,3.598007375297234,5.77459411242699,2.7109830633859975,15.437751053208263,64.66165069897582,549.2232584006048,29.73024514855629,0.3275000000000001
5.456120178530165,-5051.5932427245125,2459.8014400750762,69.58377672726773,-12.1527,18.411471429791387,12.84809483334329,37.10075750594032,634.3218,0.00023384537510070331,-0.08833109674497405,0.0001892900556894624,-0.007776889044708487,-0.0004380913595044844,0.0,15.877370854926736,3.339373844534715,15.83960398524583,0.7199618176501673,0.732538593358621,0.5292646770692271,0.7489018895391101,3342.3312073806683,0.40726239037521794,19.627322541212315,36.82862957603999,0.05116806799234038,0.045467869477344526,0.19284450425998156,0.005673312163463763,0.012763287823469773,421.26362353571415,0.0899184657215949,4.760519957381921,0.010499999999999999,0.008,0.005669790827999999,0.0,1.328800000000001,32.109890426894054,2.5786999999999995,2.8567023411805046,23.779556967548373,5.596998762449991,5.012852301768005,17.498371221042017,117.90490745045878,702.4911626644173,3.6093,2.261183408211385
4.084743327456659,-5512.76322182812,2886.5895698884015,64.66093417192955,-11.673001837500319,22.79170337760353,28.038699345124673,43.45875565352675,624.6140521545876,1.7050866599570337e-05,0.0877513135897244,0.0002335081679975285,0.0031497886853218606,0.0009046512135590347,0.00021444698368164284,15.813947996984352,2.8188677614594884,15.82749798200337,0.8659480867010048,0.4108,0.6811590403715675,0.7736030667563365,76.0,0.2612858374565201,21.78439985914892,34.27982186466332,0.12359156244864777,0.08921291088635157,0.04690862310630548,0.006941949448622357,0.0078,436.457869552253,0.31136697611739694,5.675487432891391,0.03514430346642587,0.008,0.007485561332991967,0.012623143371722486,41.03425480315545,193.84449924162996,21.991227334481405,23.349990166019843,1.0941379237501687,6.235573746265605,4.178982206949942,11.666637227062829,305.0996733024498,228.60052416931958,3.6093,2.179304621384046
8.625497085902222,-4873.575166946818,2409.235880546477,75.22132619111359,-12.1527,39.11908992441959,21.52118653614995,34.66153124792643,631.6252827461398,5.7334966482584776e-05,0.061812150238615006,-3.670621933836118e-05,-0.0010151151838010339,0.0009500144607047818,0.0,16.07,3.383546824749823,15.813350575002154,1.254151473110465,0.4200636891948159,0.8411405621692241,0.7908745974646881,343.50513211317696,0.23128047983924854,16.80859221921105,26.73535128736748,0.14012744410491407,0.05802375682736702,0.021174235998064405,0.0025518574336579614,0.013373418167992871,1395.269930420561,0.0175,6.6171857855540095,0.010499999999999999,0.014944744821709648,0.006981390898254319,0.0,32.275818231724614,42.73439478015432,2.5786999999999995,0.3003999999999998,0.6279000000000003,5.1911296310649915,5.50130682094206,33.81302773687096,400.0,986.6667,4.85907505531257,0.5835745345421977
12.361677485100088,-5117.828712080208,2651.2776625947013,71.38826182180767,0.5977511372405799,18.563155087960364,25.827379769241425,36.38159801136078,596.8551114347722,0.00020175829244576573,0.007393496082740296,-0.0005512003789039594,-0.0012006366851613163,0.0015,0.01401410304080246,15.816092821732617,3.9812260963179114,16.012070252977534,0.8620940985739722,0.5311543991411525,0.40163320333042485,0.6405003518120507,584.9228556514431,0.37723955691281125,21.61550105460161,27.275346772191977,0.07196691475157248,0.061080393749296,0.0167,0.003151476431631931,0.009648141887168959,268.12815010707243,0.0175,5.979609153548916,0.010499999999999999,0.032880465310266276,0.008150506203164508,0.0,178.34708571212104,400.00000000000006,18.45307164787823,133.75443649913623,96.45404700081603,6.610053752985728,3.2055639266811315,5.355634178656243,151.95332263966213,20.83720180796314,5.561528092008408,0.4529474192859555
6.086353895512031,-5481.007265016312,2457.51723050889,61.87069700422625,-7.857625611972782,23.621800790908214,21.567253669129418,11.966624559324883,602.7335764288994,-2.530439400594087e-05,0.10028229770871683,-0.0005923783565572491,-0.006751417218579496,-0.00019782090596981517,0.0011243161379652735,16.058503609690145,3.170225596312556,15.680387158974044,1.086667145196394,0.41782565842623154,0.5932870399312233,0.8166817542591889,769.7057255017767,0.2638098308629082,12.417671027112348,24.191655760250462,0.2769391042284645,0.06866219031123047,0.10860752880415134,0.0008267895726531953,0.011204754707017386,165.0936194390087,0.10921094158563374,7.570099008358936,0.042618785667434406,0.06761674537667464,0.007057394681633642,0.0,47.847005154110605,38.45513512262418,43.896943874669745,18.77137815968978,8.211034138191287,7.020818221654898,4.102369057154265,18.864626965883197,105.89645701682969,146.8817243420628,5.616347459988857,1.1970558187058018
4.140488874907057,-6131.115333167781,2623.8205510584894,69.88961287833962,-0.6787148929404356,19.735588122844355,42.63,23.822915598945542,597.6760460539051,0.00025865183489644266,0.04162320118233275,-0.00028125252838140277,-0.0037024699614598014,-0.0009490493625548298,0.0005832365313568833,15.808151655516555,3.540534283545259,15.65394594797541,0.8377750303292781,0.4108,0.2675331048006634,0.6404879355144821,227.98222122375296,0.12913760539659136,20.430017274618514,19.42336006157716,0.13312141877140812,0.045247789792573406,0.03408131217550656,0.0021017415428411608,0.010519403615977476,83.6879424841355,0.23775190796996118,5.671549351385994,0.028691654075742902,0.027139159297361985,0.00432182956896353,0.0,400.0,11.358180404141558,19.62107645087054,27.357684824491052,0.6279000000000003,6.288200936890253,4.893555089102776,18.373643286893575,93.71073692447959,18.77655797694632,3.6093,1.1791566107128975
6.770323664734677,-4756.8679950463375,2434.9642940760523,65.69722318122264,-2.7685728349250502,12.554928393510627,12.407664776086428,32.79332715338728,614.8489129624575,2.174377351871849e-05,0.09666356130408008,-3.147707383440145e-05,-0.0036425398879659596,0.000396199831302745,0.0,15.837439282323333,2.7519236548866526,15.781345341545817,1.3021519556473884,0.4872033588503078,-0.007066232202751155,0.6166230352559436,91.29584184174428,0.1781477210417814,19.390094714550447,34.92369439075102,0.16811631488119813,0.08809701650304666,0.03733125944171028,0.005193239950802885,0.01194573781795674,37.027000000000015,0.09405250295709944,7.0842301136354875,0.033146316812050616,0.02221358777722624,0.006881898032998549,0.0,36.83399103428902,28.662898209044062,20.969705082835063,0.3003999999999998,14.848100609466353,6.6379834116229235,4.346093149366274,6.8118231539976755,32.899366496190424,391.989198675293,3.6093,1.2491218972117044
9.4189194826651,-4923.247517656579,2630.844316054865,75.41661507941768,-1.906095634832083,22.879911936665643,13.67609803539899,55.10502586206407,596.1779272671138,-1.7134486990952083e-06,0.7174895767773033,9.543345816354381e-05,-0.0023503610184016184,0.0009119795028179229,0.0,15.787089836922165,3.9455506027276748,15.60244029249512,1.2091677821492912,0.4898912690071427,0.8812344404369372,0.8764,76.0,0.5494102169953199,23.213302371282158,30.38987777854183,0.13191771547318362,0.12546232597026066,0.02829190149448383,0.0,0.014474453076298395,184.78675972676575,0.0175,6.023552664249936,0.016130388076348062,0.010506850864943441,0.007667360600399782,0.0005713546405619196,104.8423017809786,45.710326395776214,3.5538689594926325,0.3003999999999998,154.11690866491233,4.62130826665096,3.996101578923865,18.56144447163505,100.21816007339939,0.0,9.827810161614607,1.4122603723402432
10.876625581531378,-5043.250732525671,2826.7799392382717,71.956608888583,-0.8800017965566336,14.325623408859423,17.327545218026163,19.6933871382918,600.8590225582112,0.0004000000000000001,0.07007975970897198,0.0001960146952980806,-0.013871408542359452,0.0014567739735112612,0.0,15.809347171803303,3.7058905122566856,15.619526152684982,0.8043435498027809,0.4108,0.8903986384424465,0.8629346380435998,76.0,0.15947962886671965,12.16,33.68071962326281,0.1648701333622023,0.0172,0.036360859911638545,0.0021861743103334993,0.008992032908540464,113.4292403776065,0.03615119225422343,7.457315386555704,0.02682010647138482,0.04111007511078724,0.006847860229087101,0.0,44.98543411965077,40.75151479003415,2.5786999999999995,400.0,400.0,6.134658395397177,4.629509029093397,11.032097760846712,24.707071130237157,213.92046728043144,9.354415599020406,2.58161504781483
2.2493,-5250.9051934324125,2943.123729601607,63.840493862801154,-7.7353697949237255,8.788221862828259,28.16242382694485,35.42865858155628,607.2157556678548,0.00021588010827807238,0.029652820622557106,-0.00011564393455267784,-0.011356874943560046,0.0015,0.0004897581398939507,15.802557882517405,2.592331812172521,15.87630579804816,0.9720193113144505,0.6037995386613138,0.4634457530104925,0.6963980551627384,76.0,0.034,22.860337739564294,29.384903114175533,0.14320925241656512,0.04013507401007191,0.01936814426650603,0.0,0.01464434341392467,173.42520739568624,0.1335064935848313,4.0902,0.02931388146195626,0.0361324558325261,0.0044369215040552,0.0007990829747664394,1.328800000000001,63.445787872827495,25.836861279918374,112.34864207973969,0.6279000000000003,4.909262659811013,5.268874354746587,14.499220546182439,55.02403724945432,635.9540831239682,16.942780420966475,1.005556683693051
13.728280384823295,-4897.799472442648,623.8420351531072,66.14145560780851,5.057915700314179,29.56380553590582,6.4482,29.024097786380434,621.3492846116003,0.0002987907977324132,-0.09314397190879925,-0.0001946560249395086,-0.004522554399683064,0.0015,8.409172901257304e-05,15.92414678251954,2.493757538689778,15.8857490081135,0.8567004268322423,0.4899215923052902,0.2926495852346147,0.7476782242587573,266.98130711677277,0.21128905512606072,17.57565133570127,20.844924809938966,0.07562160464252525,0.08458933732446755,0.0167,0.0,0.015803414440646365,94.65803596886954,0.07494581865530117,5.5350325159630485,0.010499999999999999,0.028960030987846073,0.0034562994406780465,0.0015584088078887408,203.6773866693896,15.561460262952991,2.5786999999999995,0.3003999999999998,4.278849292001656,5.118440969123194,4.834118726240901,8.409454873011983,168.89125393040675,985.1020074264268,3.6093,0.3275000000000001
6.887853826068102,-4969.839720165024,2768.2367056885196,69.25410805023859,-9.278021824684181,19.853793414405633,11.155246042958932,27.63224615235672,595.9834778072757,0.00017736738313130088,-0.11350000000000002,-0.00032949395532569527,-0.005740232469607819,-0.0014675253359497241,0.0,16.07,4.763952145310727,15.767937818313818,0.9834717394283097,0.4209616600655546,-0.24022587916367288,0.8075502333444378,125.87018355678083,0.10236322694229327,22.583367860362113,18.213803534706805,0.12845800597300222,0.049651127652041396,0.0167,0.004891993552416893,0.011189004672760088,193.17155203926404,0.053130113709200774,7.36967132334288,0.01836168436430494,0.03931293632922729,0.0066776629688176615,0.0,38.19037740893034,40.16922857896128,2.5786999999999995,29.42045216264085,0.6279000000000003,5.404007615845089,4.39968270918137,18.992153625532985,59.339306277376544,0.0,3.6093,1.3693451598562385
14.1879,-5311.055138983369,2736.2711089085633,72.89538179545332,-12.1527,5.943173021890287,15.1038069662467,42.03195811763843,614.4546790684763,4.626060695906667e-05,-0.07664707030755963,-0.0009318095320027988,0.001815942510829999,-0.0011564761612975615,0.0,15.99576530811094,3.0768968200849387,15.73378341061696,1.0766888607629588,0.6137329226897872,0.12077550634037448,0.7895069866135358,1338.3941100650577,0.14695678062440562,21.843055021582973,32.718386228884796,0.09570315858259457,0.0172,0.05813369396151866,0.008300970116959091,0.01725399438788778,1528.2375021531852,0.23936425775485382,7.13823106416568,0.033441745106449955,0.02197216933098523,0.007929244634993702,0.0018886030687505393,48.71085227313448,20.658436652024776,2.5786999999999995,0.3003999999999998,17.084082116292368,3.6613569781373108,3.539655706069637,19.079049552203394,149.50421917552356,3.580590603637745,6.960315792534402,0.3275000000000001
13.832532840700607,-6765.7980207844275,2432.0158643883888,61.513251958916356,-12.1527,31.98004223120681,30.528063134924032,43.57812426845172,602.0856942492175,0.00011649384453189644,-0.11350000000000002,-0.0004938635703753463,-0.0036839336761611777,-0.0009168394786681006,0.0,15.889426429621732,2.398,15.722606066644628,1.1793007353087246,0.6278322824719519,0.47382854456902757,0.7918626572751989,968.0726917215591,0.34289084651291457,12.78975463636634,35.55602324230366,0.24596616638912558,0.033109664620553855,0.020471797224386433,0.00803593169069559,0.015294627590643395,1277.1917081522813,0.0175,5.821576236985457,0.027694429917935814,0.03592190334237992,0.006055515675063978,0.0,36.45378986118591,42.42198885042508,17.81651045172378,93.20871226181146,9.222551480891832,4.797153131408404,3.3662139243338878,158.1332,77.76983011531418,0.0,3.6093,0.3275000000000001
4.243799463903691,-4873.781458137591,2768.0649573035794,61.9076236236762,-12.1527,18.773458786503234,17.064639222237208,56.8964,627.1620914678267,-0.00011204307326886809,-0.11350000000000002,-0.0005181128250210663,-0.0034529945263426674,-0.00013661763299568686,0.0,15.888086870032797,4.255123054260567,15.689133826926945,0.731641622929722,0.4510950727409198,-0.3814184545078184,0.7851071696452616,126.18061277112253,0.03448780263210181,21.85098196555055,26.913015796442178,0.0970331821401861,0.09797416421891963,0.0167,0.005970609510749396,0.01078256004374811,136.99458804031596,0.018810528285138572,4.309129146305276,0.02788839185722762,0.008,0.008426815785319546,0.0,6.327739466264569,20.452167063133828,22.520528741203943,0.3003999999999998,11.42742087951192,6.054670045729234,4.508346520859894,15.637253575968522,66.76612821027192,221.21818678842757,3.6093,2.4315062341833436
8.267816253942478,-5110.592098817906,3181.2288286418357,74.04748302989368,-12.1527,19.751726533585664,23.96830773236205,26.932379099003725,634.3218,0.00014784622914775674,0.07726829170854302,-0.0004717697899980184,0.0035668111077923545,0.0002386508795685086,0.0,15.927925190582734,3.3790324977695856,15.781760559644502,1.3364776464707464,0.5532514433279031,0.3776465465097898,0.8138060588915474,654.032699433757,0.24168394360237724,19.48126752688232,19.476770505538507,0.0967464167915676,0.025796255065108825,0.0167,0.0,0.0078,418.96381068714265,0.03465713651174943,7.219484420235483,0.040476470230175775,0.019902815372670805,0.0025010299785962514,0.0,13.804613628197433,21.75828432604251,10.778502836875699,400.0,0.6279000000000003,4.979536805137224,4.207904759777237,13.750072080993657,238.50382308833812,0.0,8.296478621970225,0.3275000000000001
7.607770063494763,-4978.222528244368,2444.6491366045516,60.26837069844892,-12.1527,5.455135685842528,6.4482,28.33757032313806,617.6283637892506,9.6168290293368e-05,0.8854,-0.0002621484622240968,-0.001338193061303089,0.0005225577538571672,0.0,15.87161904098616,3.2139967505510625,15.789429844378361,1.4391949022127897,0.4108,0.832950517338952,0.8412454842662582,76.0,0.3325657917201742,12.16,24.844146019684473,0.14381818231492702,0.112834534539268,0.0167,0.005662528545549753,0.0078,288.9177185951943,0.0175,5.764832366378793,0.19372632437239057,0.029370980719570935,0.00590648002959563,0.0,21.496985549930667,46.006842677210116,2.5786999999999995,0.3003999999999998,0.6279000000000003,5.2811335315093935,4.001586172772792,17.902832929165623,102.10768685644145,189.87703099760432,7.863117563747831,0.3275000000000001
7.107229133558702,-5075.114152562918,2608.1199776286085,70.07118910029114,-1.4236124537205295,10.369558912263134,18.90093475347209,30.671935475308636,605.2714423256785,0.00025784758172639206,0.06214741481790664,0.0005373595818046166,-0.004256685082515171,0.0008087458009940814,0.0,15.808311798888049,3.3760952247556806,15.752345950933607,1.0601254744218975,0.4108,0.2836550521591903,0.636821045729914,76.0,0.2141602883404617,13.458408259987475,24.111730757867946,0.04903066900134363,0.07650468413822879,0.05098724459134629,0.010560247352711752,0.008934798813637311,46.98315377368121,0.0175,7.3696515033968035,0.03455375221339275,0.04446652011278128,0.008268302023675763,0.0,288.85701833583676,17.220785186590817,30.623744005063102,142.33263115903776,0.6279000000000003,4.38772175263697,4.44498143020752,11.998089862143551,126.20490376955655,720.524186281698,7.238026777780017,0.3275000000000001
14.1879,-5522.159644962945,2252.3579196495107,68.64326347132103,-6.390771444540137,16.45764464911146,39.13489485473643,24.328755595708493,601.7571800103944,0.00013160334622396995,0.039973506772820695,-0.0013,-5.59687270118292e-05,-6.497182908419434e-05,0.0,15.807028080506711,3.2331413516663297,15.949189526655124,1.5922611917535243,0.5415523300441425,0.22020091687199284,0.8572872311167105,654.3887475361989,0.10446102281584803,23.271857399183084,25.68586469124016,0.14735760247329663,0.055834869331684,0.04306805356168624,0.005831529275710751,0.028453559258790152,179.78938947553746,0.21245951600242152,5.748498906389557,0.010499999999999999,0.008,0.004936174021812176,0.0022959349837004045,47.3841854541791,21.64780396251341,2.5786999999999995,0.3003999999999998,26.715777806005836,6.003446324481748,2.812954376804422,20.658803139941508,42.29319817408515,986.6667,8.072647320074905,2.548333596032532
8.056867619964548,-5101.88834027226,2473.582819477101,68.52148806860754,-7.793178994153914,29.055027869456918,25.136155519901262,16.241641332532094,607.1285428715946,1.5260999952822327e-05,-0.08704722912096141,2.0450920196608272e-06,-0.002555375463425328,-0.0005859984799860525,0.013068451832445196,15.881823808180354,3.279007678816271,16.09,0.7994630056559131,0.4108,-1.6723694578702184,0.7976195544507683,498.8885108720407,0.15969000939822606,14.122444817851086,24.871994712212995,0.033900000000000007,0.0281125373457385,0.021888124090284403,0.008718035518996397,0.0078,311.0529653803302,0.0175,6.34070011490608,0.03267249149819546,0.03814684987114871,0.0032435086859675267,0.0,118.4509842392321,31.492360554206176,25.037056446514285,17.110741364915548,0.6279000000000003,5.143394788332054,2.877852047891501,16.52902752876965,81.44247099603689,825.260608033977,3.6093,1.5970744686613347
7.166943615981581,-4940.757490583615,2545.4034128247686,66.55226148812831,-7.348728097128168,28.942014864447877,14.179164037034631,34.18543004681128,618.4400095084733,-2.0801422350333858e-05,-0.0663759957632615,-0.0006779688922494832,-0.007143468885460599,-0.001103278397687495,0.0003550602839677908,15.896152794849117,3.698430688716013,15.9641557894022,0.6898909188401039,0.6183798239347937,0.47902669378781737,0.8262387773388324,531.0940615258719,0.09404092667137522,17.128645061271307,16.062,0.09146947458511658,0.07165976321978414,0.0167,0.0,0.017435905775535714,37.027000000000015,0.05457369768478154,4.433723109808759,0.02981189267931313,0.1663842029418159,0.006217157473712456,0.0,33.249987226524006,3.3354999999999997,2.5786999999999995,2.361242203177059,0.6279000000000003,5.416547971665718,3.823513114812311,15.888209808418967,107.05518600056926,847.6013486687013,3.6093,2.078951561197112
7.637959390217165,-4956.515818905057,1030.9039636559467,69.88980891366647,-11.928004961888155,24.59910977265838,16.81143336062836,13.097555403822414,609.8434307187175,0.00012742820792792462,0.2814645441627289,6.60594684796003e-05,0.0023899652715038706,0.0012161733976157403,0.0,15.819086129989149,3.3724798869917207,15.673042233654975,0.6862833914473863,0.4108,-0.31752855170691585,0.756816047125677,1218.5223982034672,0.3716808139477898,18.32327815434104,25.86853085959909,0.1667035062586795,0.06396781447554882,0.22793214539438714,0.010659393185917892,0.01027813582661869,280.4828111590452,0.01780571010573922,4.0902,0.01825141523425762,0.008,0.005700214316584254,0.0016110218475023394,20.15020539786606,3.3354999999999997,2.5786999999999995,3.132599608414517,0.6279000000000003,3.3303,4.321616792542688,12.974737529703873,56.288246854709215,498.1175390165632,3.6093,0.5393325259084851
6.76302974004366,-5118.681228465942,3006.2408852949025,60.2667,-12.1527,15.117461519857535,39.85544540276482,30.277959991181852,599.9862772259897,0.00010788993621289537,0.608171434116146,-0.0003722772250954137,-0.005267475269512874,-2.9572396509974784e-05,0.0,15.781268778477978,3.8302786768677404,15.642632179577404,0.975633782194451,0.5475724536356333,0.3554175393715353,0.7697215037446249,653.2102275971971,0.13185724153247502,17.638387880131464,29.171584995993463,0.09723738859690462,0.06602899481327974,0.02423814345815658,0.0,0.013098181048548242,1866.7594845104666,0.09963977070160235,4.0902,0.04428517706729272,0.029725622219186777,0.008312792407979917,0.00036528005753561733,25.77040842834295,23.615469331070635,2.5786999999999995,3.559212382195967,0.6279000000000003,4.929572804915589,4.917934316123191,12.51896464026514,91.29866565086273,0.0,4.427648407819574,1.5343177509969868
9.284321689927502,-5386.981864755173,2765.167307668629,68.68945754421672,-9.69468618813937,25.438905486713416,24.624003974486076,32.25946755804193,626.2985781183207,-9.19955150788458e-05,0.06471955121788356,9.157011384768754e-05,-0.01026932170046335,0.0011465501973422921,0.0,15.791677658069954,3.904329890849644,15.679964113846212,1.0348407040027208,0.5009658808440011,0.44663809992432657,0.6971864299552519,76.0,0.07871666615740924,23.853722535422047,30.321295064872956,0.26140632784077344,0.0646100113920235,0.04718435771299526,7.161449826160191e-05,0.012903784589351507,204.86809572245463,0.05247329948731724,5.545549231927409,0.03532300336915113,0.024805996800778787,0.00584619410758252,0.0,34.54418726887101,162.8871594038223,20.068358671713526,34.24178677023618,18.037969101588217,4.718516524551453,4.57694047276686,15.03609546305869,165.71975761759373,62.46090005730872,5.171141451976231,0.5107794639085703
12.810122213998511,-5026.842358802031,2625.437517840134,63.30166920212058,-4.030954738178663,8.278331122686085,31.647401425572575,50.237314602821826,620.2280370221206,7.092049757911846e-05,0.01908100170665442,0.00017594902524618544,-0.015040693873347128,-0.0008872308174563359,0.0,15.674154287331373,2.398,15.712530156518095,0.9025880755510338,0.4178326300680386,1.0594038281899996,0.6935070875212915,76.0,0.16642048060141937,25.194939188398592,42.781,0.11869541541485502,0.04548851801703228,0.2817,0.0030614499637192805,0.019117476511698307,325.7008335822983,0.0175,5.090538334127744,0.010499999999999999,0.008066953714091881,0.008859576786333357,0.0,162.68770530517622,203.02157461530874,2.5786999999999995,0.3003999999999998,5.544993992488841,3.7861060497306127,4.175854320252573,14.130474516260357,69.08515021627524,77.94883579218109,4.297803488797498,1.23717382547589
12.0954524484814,-4964.459860265756,2548.710080647926,67.63986300604867,4.664016193936998,25.591687025184434,14.619865090878967,32.61916083735703,610.4731938690194,6.714431523264318e-05,0.04752369205173012,-0.00021805620876986568,0.00022920302573098406,0.0006893215382102138,0.0,15.83333033951639,4.337274044840193,15.575205916003656,0.8074190076842838,0.4377609678620753,1.20963582138271,0.7591332668327477,76.0,0.07630462657159487,18.1865255341651,25.415537740645757,0.13370103017636192,0.4595365002040372,0.0167,0.0,0.009538156972144534,179.97477944342887,0.0175,7.39049693411093,0.01699446438103214,0.030950923662692247,0.005179451741958626,0.0,36.968971062783915,166.38424829387895,2.5786999999999995,8.839079032605836,198.56148971110613,6.900399133891495,4.014480320427513,16.605569614499366,251.31212832655973,0.0,17.223098086445447,0.7401418079931265
5.4909523579935975,-5970.10198407018,2680.0071882280026,66.21211667942403,4.090414310444338,17.792401220297112,30.466111612317597,34.307088493557295,607.3984992724077,0.00028827290813626986,-0.0636150226270634,-0.0005428465558480191,0.001932416425309372,-0.011603903570103222,0.0,15.817530839258966,3.714581941250647,15.638393281319871,1.3479821191689971,0.6567757388950717,-2.2106358531307144,0.7854175262933009,76.0,0.05527439821458595,26.134426971698378,18.27080367363091,0.19449049654950346,0.08362797948157255,0.0167,0.0,0.0078,314.0566521105204,0.1543304649052813,6.90599332386217,0.010499999999999999,0.03295326523915784,0.0053518102434560065,0.000560599081043389,1.5127321404282128,104.02741542670655,8.542464172682873,10.546042773211559,7.717365786937825,5.950387496935246,5.115270646094992,6.033774524243853,400.0,0.0,10.216753242804737,0.3275000000000001
7.415730457809703,-5911.769913314863,2624.590864850756,67.28108170245208,-11.223466470451786,21.39892136168702,13.540750676470442,56.8964,604.3794662593521,-0.0001298757957006832,-0.11350000000000002,-0.00023661507201469154,0.0010131973429192247,-0.0008964893801470971,0.0,16.07,2.923100846884841,15.793658906637923,1.1233802969106375,0.5222698545940837,0.468693248661024,0.8209181887956569,309.7965053890173,0.13623219652475366,23.64774612069595,16.062,0.4892000000000001,0.03823278284758255,0.03418695169348188,0.007050978499868205,0.0078,424.1334325838154,0.0175,7.176958402936171,0.010499999999999999,0.013769879406153245,0.005264646017766852,0.05316511447798883,175.91384396555256,20.708901406751977,54.97784615777671,23.18969386012875,189.1279859030472,5.796802544136401,3.779381448463598,16.191773505677013,90.45500699722406,0.0,16.89441636537532,0.7188883644597153
6.225189588416759,-4994.1156515169805,2703.392583753282,70.83578514290623,11.737473504532328,12.669378587994295,19.34561335401184,33.69231529222813,621.8653259710084,0.0001445336839160615,-0.11350000000000002,-3.88262987897367e-05,0.002543269015898889,-0.0018476957450689838,0.0,16.051294226766487,2.398,15.74853936518414,1.048799841928599,0.6163938746501505,-0.33708558609797495,0.8603577440764298,925.4434461141522,0.034,22.306778684336997,34.10173136594166,0.05662554452250221,0.0172,0.04070493414421931,0.01012780124611491,0.01354267126169011,37.027000000000015,0.0175,7.578930496579527,0.023511829625912126,0.01959229630810218,0.008888340010739631,0.0,400.0,3.3354999999999997,2.5786999999999995,42.576695759199005,0.6279000000000003,6.08600559645058,5.346296213824103,158.1332,368.39593605626175,791.4931770416804,3.6093,2.3218867739621594
4.480480456131731,-5391.142530482075,2667.2611889648783,70.28673256040828,-2.4292078180762338,18.499116546369727,28.619506206415572,46.40515497867128,617.5781121541569,1.3502369417566165e-05,0.04346698942819035,0.0003579891137144197,-0.000282645177075257,0.00013486154917255732,0.0,15.730035525750937,3.1871503973727924,15.835345186796609,0.7524921878270721,0.4108,0.5399117548530994,0.8194568343302112,76.0,0.06276854110700177,19.068738523966342,18.871017337756925,0.08331642929653452,0.07732698187529816,0.02739023029128846,0.005125433711419889,0.008811243723764482,258.83817990460363,0.027621666354012468,4.0902,0.030168444534234007,0.008,0.00821785940347303,0.0,16.627423679876962,13.330232952296337,35.83072350938993,0.3003999999999998,42.59314492789051,5.008028587117362,4.864539269945732,19.96156978986047,60.68186842325734,986.6667,3.6093,0.3275000000000001
9.038137636087965,-4868.91727315682,2378.4306017900517,70.04241370399455,-12.1527,16.683964831375793,19.896625741333754,23.39702560425773,606.5888343951451,4.3232066925572474e-05,-0.09311004965072214,-0.0002450216919584439,0.0007193007965349274,-0.009048600325114264,0.0,15.918701527515651,2.398,15.955000841946724,0.6055,0.4671690415792925,-0.10975277993791432,0.798817857585588,76.0,0.1614945069671152,22.525999410682825,25.283909480009036,0.09177419568132589,0.0172,0.03524626608028533,0.005475537393275621,0.0078,94.73460948967815,0.0175,8.370300979412118,0.021683273052094606,0.013583639517065217,0.005916924979699266,0.0008752821321412879,115.56605766676503,23.393902760107665,2.5786999999999995,14.118227437374369,41.11130873082559,5.90511757063123,4.02008310540711,12.5901751984736,93.16213966416808,0.0,3.6093,0.3275000000000001
8.13621383872934,-4736.990607859766,2685.545826403774,63.160284220950885,5.638482316271585,19.51056294518288,12.566317269814942,37.83246433661613,634.3218,0.00010520103990546776,-0.038715393155273524,-0.0006410586163711112,-0.004557771087729835,-0.0009529254895344206,0.0,15.754773760477896,2.9519534372065803,15.69533530318956,0.6055,0.6277539392740914,0.6750128740322971,0.7487977859711537,854.9065221857877,0.034,23.273795786199774,26.776349977530792,0.1590767778542328,0.0172,0.0167,0.002267635262524992,0.015447981523279981,57.43405906882978,0.0175,5.45552542756148,0.028583707459510686,0.047674209724241245,0.005977193580956185,0.0,44.73623765029164,36.984030158231626,2.5786999999999995,10.42665070068497,1.958233417465217,5.159612774250731,4.536775366126392,12.314544646991846,89.10884385365708,0.0,3.6093,2.0514032800527
7.209150967746098,-4837.9948179145185,2503.0552626384306,71.06245358401976,-12.1527,21.964013351536497,19.195686921813838,19.794384111304606,628.7552159691771,0.00018806966039759825,-0.10025603920494527,-0.0005726492615759399,-0.0027900922651012267,-0.0011199099019262469,0.0,15.837431229595191,2.398,15.9386378161718,0.9350701719592104,0.5286224047907436,-2.2730771450570026,0.7429417837207661,517.4095799630545,0.09557175364794518,23.708652870491527,22.839493375362245,0.062481479562822906,0.05411968144757409,0.051132962643248944,0.004550983999421739,0.009779042145982448,650.7640730072451,0.05105017397457802,4.0902,0.01285003596469507,0.02628831962893177,0.0054673821498111685,0.002225779329504136,12.840185136318244,4.599055701541758,2.5786999999999995,143.17170386815755,400.0,4.865111583611735,4.102264890102453,15.489365650860801,181.1281381782415,0.0,24.21434245874399,1.9245200982378938
4.308485659816795,-5483.482746040971,2341.6410922990053,72.64914733400016,0.19952724689682633,20.963835265275492,18.109602063535107,29.18459782445181,604.4140763078333,0.00020723585148712894,0.8854,-0.0005595478781949237,-0.005473706668935851,-0.0005062513977302981,7.467062131574948e-05,15.77684114085368,3.458198253980221,15.783149215544487,1.6347754369732679,0.5580264869504514,0.6255128929686877,0.7666884662013649,716.2779924346462,0.034,16.534405152265787,26.67771281591274,0.12061616811301659,0.021755399893548792,0.0167,0.002854292648294408,0.009044698055422486,443.8558794969721,0.030526440848079345,4.573318282541357,0.010963793003652599,0.008,0.0025,0.0006599201255703594,16.710585245813185,4.44140319171737,2.5786999999999995,95.8557593232995,48.644886593373066,4.390181339662104,4.165579915233183,12.758165422228979,58.825260974312144,986.6667,3.6093,0.3275000000000001
6.027869900736329,-5302.453285792219,2810.439324845263,70.98483540050358,-5.1043240553142635,14.787033119156836,12.011527224367011,56.8964,626.1682988477174,3.3425796457790723e-05,-0.04537356206245153,-0.00014089303163193314,-0.0004165816828026782,-0.001002681965767055,0.0,15.810517766988738,2.398,15.675584170108571,1.0054774691599446,0.49029475068690453,0.5014791251852035,0.7949455453266075,76.0,0.08886355180742844,22.877029174488996,39.969713623762274,0.10372465414993434,0.05551762693018141,0.07351667260784642,0.006551421057094662,0.01864918221278039,302.406768704897,0.10304662519057953,7.070951658777072,0.010499999999999999,0.015589941085225285,0.005559791054693337,0.0,52.99150424343855,400.00000000000006,20.274354678909287,112.1224598499468,105.65070688820211,6.584061310232713,3.1959281575345244,12.683780104859473,110.68258758580521,549.5731700918327,7.131663197943613,0.3275000000000001
9.124733345018925,-1416.7934344526248,2667.315550542813,66.60443087773744,-6.170395909351807,33.2290410483145,14.062801875743709,30.76406416997321,616.4662053869379,0.0001948554510049806,0.03278721177255197,-0.0003832643345458925,-0.0008272438659497703,-0.0006081712277021432,0.0,15.8216938258571,3.5745194009004604,15.735681201984098,0.7313223327287961,0.4108,0.5672051589747007,0.6916058451260024,234.54152620999946,0.11154514495699026,14.933333947204716,21.315774836401893,0.03851211378665191,0.0172,0.05752358544706536,0.0,0.010267369993327871,173.29985622001936,0.0175,5.079421525157223,0.024200314106845925,0.043408908986955,0.006296243741270718,0.0,24.707104843343004,8.891961507099978,12.558254124702378,151.0356728915702,0.6279000000000003,4.566526787703842,4.023766329079668,22.677687134381863,18.0064,68.87857573841325,3.6093,0.9418379887488485
5.506635823240195,-5101.407974492662,2646.5686299663485,69.59192985460106,-8.291737233491887,6.728555446317816,31.387231722006348,47.99781003875036,614.1720766144715,-0.0002434020190549967,-0.05502110871573291,1.3901203275750278e-05,-0.0050466393336349264,0.00016181449908251713,0.0,15.876539788604594,2.398,15.765473142811327,0.858548577624831,0.6590887957468508,0.4985061977179379,0.7927142514989255,113.67098255839676,0.26773122932148385,16.03346663423805,25.912813804564465,0.17601003037370938,0.05196604912264816,0.0167,0.00736780569167469,0.015200961970668364,281.8510397554275,0.0175,6.023983890356183,0.02075189442950469,0.011828715648786405,0.01011793299689679,0.0,13.389603300180447,237.04138124852145,22.076623995179464,0.3003999999999998,12.734840384861519,6.006685974995662,3.860987439230964,13.683016104131394,27.550003699247107,318.7019271706193,3.6093,0.3275000000000001
13.287869539620175,-1368.75,2608.311086166186,62.47897777144385,1.6346648490719435,4.4283,20.12540131775414,27.324865824654278,628.2205068684224,0.00025845667935356093,-0.04692180233128473,-0.0005924658909103295,-0.006505791390593223,-0.0007213843422980817,0.0,15.815406770630371,2.9480275338409836,15.772788981271962,0.874397770675184,0.4244016303032343,0.2663942847282006,0.6702424882433414,76.0,0.2334798853529905,17.81575649058214,34.41272256680828,0.059053265732048325,0.0172,0.02548347153848537,0.012192348757700781,0.0241376446367082,250.02687362893766,0.05014649801949553,5.9072126423182425,0.02164606255488267,0.024708074618800157,0.012693608361464315,0.0,25.870166510781022,400.00000000000006,400.0,12.439086756787876,10.427870754887099,4.322567417738896,3.015504928095967,10.16786149797447,118.80362217459398,986.6667,3.6093,0.3275000000000001
3.247116789052848,-5982.997541627411,609.5,66.01138659688516,4.407429816267509,26.280498415783445,26.046335292633135,29.64894119842197,598.5755755606352,2.5579858347906342e-05,0.15065611641611593,0.0006685555477046263,-0.007755054947091239,-0.00010879547689081414,0.0,15.871056094596748,4.723044357583835,15.697559178023809,1.3378040071544466,0.44923594754587404,1.0818290507841133,0.8414929727292316,498.7885470736492,0.931,12.896734148634525,29.618966912576923,0.13805041308189414,0.14835897252540872,0.0167,0.0,0.0078,374.11586075029237,0.0175,5.473266565487183,0.20290234796811132,0.026702282881814525,0.005844985927611003,0.0,306.6352721794025,45.63225653977939,9.278065265641377,14.302226844621543,0.6279000000000003,5.149425484556852,4.251176065435602,17.70098086237855,200.66234652929842,241.2022180644075,7.853486411982779,0.3275000000000001
3.0557919427656914,-5139.033727398339,2553.0668155005083,72.11055688745463,-12.1527,20.489756693068014,6.4482,36.24191714107934,595.3218,0.0004000000000000001,0.007799859754172449,6.536759049421098e-05,-0.004250841967536674,0.0005738796444313227,0.00029913458687578186,15.785506451390676,3.257616273862849,15.873407658748151,1.4860739337525968,0.5061770159091101,0.06870808455827182,0.7367089325646857,269.69410712948695,0.43833992686811507,15.388670942910958,25.6211215330802,0.06562365553518193,0.07029814206486165,0.0167,0.005194932143759845,0.0078,798.5912731836477,0.0175,4.0902,0.024246652028170067,0.02577354711893023,0.0036451873992386858,0.03671996491037644,1.328800000000001,3.852949873154298,8.957647607084425,0.3003999999999998,0.6279000000000003,4.131642467546806,4.552520352525351,6.739812866661027,248.74786170443306,986.6667,9.54039047634848,1.0008522097472126
10.715159609735009,-5344.70567982154,2377.158696764021,66.4793054988254,7.702247922102261,26.017016811514587,21.983979243239585,42.644389267775615,607.4350410726267,8.420416558228966e-05,0.06756838955870012,2.07752302240443e-05,0.0013949452096983176,-0.0006345377179301622,0.0,15.874759502898362,3.7647499019929214,15.750747345503378,0.9652030110844,0.6228465889031187,0.6826074459135256,0.7560967671873521,125.17219777073086,0.10791706671250234,22.45522253112344,16.062,0.09522898747675775,0.05827949690731036,0.0167,0.004709779296372796,0.016851478488847157,37.027000000000015,0.0502554435629904,4.660643765851002,0.02739244226941228,0.009238626676587286,0.00516994691977144,0.002298223930636328,49.57633964874559,3.3354999999999997,7.9165214636643455,0.3003999999999998,0.6279000000000003,6.241088828272109,4.584456158650264,15.71791304072281,108.95874770413059,880.5532586037672,5.624015518433254,1.0856449005205855
14.1879,-4687.955966466336,2932.3999078186016,61.97185466040389,-12.1527,15.426658639682922,11.742571687140918,42.082680504188204,621.3360886106043,5.6102983112718254e-05,-0.026378175062688178,-0.000125436251688239,-0.0002345790543945795,0.0002829599196957578,0.0,15.97778780497149,3.10453878261496,15.834975377209888,0.8804027519697581,0.5066481576233879,0.8999774049881433,0.8536443320976979,495.94045922083745,0.34887106140700663,16.398850347453582,36.45689044324543,0.08193005433788209,0.03583727188207406,0.06766809991779257,0.0,0.01485525733704058,329.64424940197694,0.039092252722197546,4.0902,0.03048756700666523,0.01037632949254311,0.007324208493390612,0.0027071097103096094,25.57018753039201,25.064323780330746,2.5786999999999995,0.3003999999999998,10.69976086247653,4.086825316640169,4.6121333401798035,11.461755828371972,116.85057633574593,570.9180810032333,8.75890876529392,24.377490158891714
5.92870847651231,-5781.127978405608,2603.316395567342,64.95817209360254,9.792631668424416,9.958784902471761,11.736967660663248,52.82861497885874,609.1117746673223,0.0001265546557296779,0.04439869204941694,0.00056185978282221,-0.009695154812509781,-0.00012603857200682664,0.0,15.714629299388074,3.173989186706101,15.68022160322234,0.7131961497702394,0.4847574698463236,1.1069560392773932,0.7109616441330131,154.04060287391826,0.034,24.312129470361192,22.97236413079933,0.23060606179789836,0.06875978242774447,0.020350765687497677,0.0,0.0078,262.32625440489034,0.0175,4.530271765142416,0.018811747443361185,0.03322457356079632,0.010881923833952398,0.0008002475903980475,43.555782022507444,31.820486140140034,9.295769107559604,9.278317528542322,5.386889786155258,5.020331185471347,3.688718467629793,10.006100851289974,55.199691514786764,438.4649930086914,3.6093,0.4280023335378773
5.561586657737883,-5310.494609791364,2549.4775434705716,64.19060400690638,-7.6661558986585305,19.00936823346052,28.220710143869677,22.269026219320683,617.3653692744989,0.0001055139963600771,0.0755643052956107,-0.00033595353259193957,-0.0015086052556303256,0.00041684006967936994,0.0,15.755854913225997,2.909094337888712,15.63671789812315,0.7575426159627929,0.43227364209516206,-0.4738096690301274,0.6212590573849022,93.19304524748327,0.0354668032523236,23.88392925305133,27.536093036619985,0.07931143261577668,0.14466502027875539,0.1473536025402798,0.006389437407235349,0.0078,95.76354289675515,0.1499305922093681,6.709254756032372,0.0363534318717763,0.04008828591580228,0.005812447475502024,0.0,1.328800000000001,40.12120783740999,35.40260302481291,20.49853173792441,15.125845356944838,5.724199538925012,3.2484201839339493,15.904280728214122,226.1546074130624,0.0,3.6093,0.8592895584982511
5.999355785282205,-6914.5785731813685,2868.023877150989,74.0424110561531,7.40798024239686,14.68187549580847,19.474159927798734,41.38587840239214,627.4734401947609,0.00013290966350416801,0.051441421473022414,-0.000515232789499192,-0.008644596712234885,-0.0014979774346266675,0.0,16.07,3.0253252008543976,15.54,1.867,0.46630890482224524,0.6178392302650431,0.7158935190019975,76.0,0.034,23.694827266709837,30.01840427293716,0.4892000000000001,0.04257850654451498,0.018978430425439348,0.00236742732867395,0.0078,244.0475031817999,0.3451076285821183,8.09572221995893,0.010499999999999999,0.0396210201640905,0.004133268911652596,0.0,400.0,42.459424007895166,2.5786999999999995,226.8286340416349,8.577106048133668,6.491073245965613,4.6311308993341775,15.676729587536418,163.01967437496253,0.0,3.6093,0.9744599001675501
8.414949601209855,-5584.55291436129,2447.744522143981,65.19547366602887,6.279139336571668,12.644481305391228,25.142947014548092,18.10367524067243,627.3036547610924,5.420406190323196e-05,-0.07633888040096373,-0.00034724862492287693,-0.0005990927662456267,-0.0005833483522517838,0.0,16.07,3.2815720028821653,15.749451825637095,1.0922161294957817,0.820204074962625,0.5129428083963306,0.7597585994604356,76.0,0.0721878336262767,19.129322235919023,20.133139201779642,0.06016601989643598,0.06129135710784847,0.04762209490908466,0.0005909512765475463,0.017445342362293052,159.69434818561612,0.0175,6.255321645977731,0.031910171096440766,0.013977073878722978,0.005217094380563098,0.00921442105554448,11.288703694766806,7.890793088707628,21.269212501097172,0.3003999999999998,104.75531860835413,3.612846326481642,3.340262924888316,20.809012586548064,58.364772822866755,974.7821930049055,3.9529373764368314,1.181600485594162
14.1879,-5522.950414596297,2375.447558704271,60.2667,-1.4096856764656107,26.934943574735968,9.551120620556993,33.82671649303924,634.3218,-2.3714233836930312e-05,0.006742855578062712,-6.156191174860466e-05,-0.008856293190534681,-0.0013629603962564238,0.0,16.042670644348632,2.642388747645192,15.54,1.2895439267025308,0.5335188139831576,1.4015646716940071,0.8764,76.0,0.1973437927321186,12.295480023530487,42.69737477625689,0.16582649408954647,0.1791748330931666,0.017295869835572793,0.0,0.015926880943224184,147.57095778951614,0.07786026172434925,6.787724446159876,0.13574215118946023,0.02601659164523371,0.005786615208154737,0.0,39.14860194007906,46.45729536229881,2.5786999999999995,0.3003999999999998,0.6279000000000003,3.6489264796905463,4.656515929980766,13.119480167619626,117.99198239379723,291.0738865369476,9.729536559027707,0.3275000000000001
6.771273646330848,-5010.2146415128955,609.5,63.36508601149752,-12.1527,17.397809128245317,9.354177566808541,36.94506899232546,626.7872767045517,0.00011121329222151875,-0.04156729712607021,0.00010758430845568006,0.0005380194547235789,0.0005036718456651123,0.0,15.91053201351104,3.938811309928391,15.664450537666978,1.3106584984163456,0.4384803510163084,-0.4963736003606026,0.8698884707666692,136.11698733426005,0.034,26.71,32.53256481163474,0.1278757376392449,0.10089335745276087,0.017092010375838768,0.0011042510273375783,0.0078,431.6217970921439,0.11241999291031769,4.664522650752935,0.010499999999999999,0.05019205992840137,0.00609727739169342,0.0,8.139950779406153,19.218235409650916,2.5786999999999995,2.6912128226098764,17.87393765258496,6.156062714123408,5.370956741715447,14.290820870789293,101.47977537947743,986.6667,4.078239573025208,1.8104199902539815
4.067430920778844,-5749.46984144889,2596.984890807094,60.35226505911217,-8.436699448509579,25.05316921730348,39.70433528613262,28.741876899960346,609.6142174172544,0.00013318834360373608,0.3924350313908893,0.00011071568141576217,-0.007259078849009592,0.00032778695926739007,0.0,16.01684367383816,4.723287196690269,15.753538733443275,1.4118873570415704,0.6157017678355053,-0.1139431184967733,0.7408325282329353,361.6106112738068,0.04269052753665367,23.594016425584712,26.89502994148713,0.33185755112440274,0.09210274286728104,0.025690791966397137,0.003983920450556632,0.0078,158.28592670685228,0.061026854932840296,4.0902,0.010499999999999999,0.008,0.005991927516546681,0.00035761279703750505,37.613889876874296,72.99533645230011,6.742372299743515,0.3003999999999998,0.6279000000000003,5.789479271559253,4.9141091762190054,33.45331403110516,55.78239630427521,0.0,6.139436972704932,0.3275000000000001
12.238836912272184,-5343.920070120879,2900.481547338694,75.9444,-12.1527,39.6046308543613,14.502918628928974,37.71431956094679,602.3637423664372,-0.0002899045921036738,-0.11017750444986654,0.00012462281464653617,0.0019539865356624844,0.0015,0.013632417585173045,16.07,3.7069270791838207,15.74149883085614,0.9954066848012827,0.5485813579353687,0.38856323819153693,0.7842466457953685,721.5265163026357,0.2782697059975004,24.80132345533567,31.219534918618812,0.11369207800908067,0.09775389583849761,0.0552462998449984,0.002880591039317808,0.0078,1447.3193899302935,0.3077260292038191,6.820660379996413,0.010499999999999999,0.05321518909123786,0.003835942184323458,0.0,45.006757455284884,32.394534935107444,2.5786999999999995,400.0,333.40357877657596,5.212002901574775,3.814041276773048,8.591802595999471,72.41407635195519,0.0,8.86390089065454,0.9882937908660417
7.382629686119122,-4890.923205533774,2791.676706596423,68.79998050488777,-12.1527,16.407864317676363,37.04331859489243,45.103558971937524,601.8652449599039,-7.633456113861767e-06,0.07434499801781316,0.00013902193754705314,0.0010566340540293997,0.0015,1.0828209228113783e-05,16.040687150124057,3.403614367169477,15.872511747958407,1.4743802635412933,0.43250979183263083,0.41724639970517774,0.7208753882658275,76.0,0.19722680267756837,22.470776655296476,19.59312824370835,0.1431762367190278,0.0172,0.02715909278360565,0.00406011825453392,0.0078,332.4909439824236,0.0175,4.610762506303317,0.033257199679249186,0.019802600959795715,0.006825761233273626,0.0005586605223464441,33.47393376977702,4.972292444391751,12.407161760769343,5.491680706241412,79.07919548698884,5.27732880744687,3.845751870256951,14.813703366411072,18.0064,143.1905333572067,3.6093,0.3275000000000001
2.4555581182971347,-5541.032012560317,2390.181630683029,64.58988959847017,-0.3764590866210442,14.641961114776011,25.64224507734461,36.49486947137293,627.5149533583522,6.226611585973204e-05,-0.0902954067429314,-4.043742758097641e-05,-0.010156086640221317,-0.000777103533953129,0.0,15.901507420193747,2.9606276062114625,15.70920061972168,1.0102733082726665,0.42403286890434244,2.458,0.7764187865363027,76.0,0.0665762734833621,19.14559817651497,22.696973027270644,0.1518662964905374,0.03213520966502989,0.03447175716898683,0.009022889825987828,0.012116515982734315,317.27542389186317,0.2964962695701609,8.8015,0.011459599427007588,0.023432862845433243,0.0319,0.0,35.212299422497594,40.51300666235389,2.5786999999999995,10.970511425720513,11.777619807469836,5.1476200818465925,4.416330345694313,16.465513019667313,159.7905099802917,215.36941326654994,3.6093,1.4285521776210737
8.830010055307296,-5257.867149711939,2484.929915508248,71.32129219346199,5.9808655060743074,20.02511054551034,27.778335657511555,30.99249259043458,627.6277024076115,0.0001033760306560756,-0.015531637759601296,-0.0007101278653682075,-0.002726919436180521,-0.011448674655026185,0.0,15.817075351525055,2.7397900888694813,15.979015329732501,1.2708302145057637,0.4621729445134879,0.2591227808148634,0.8151844306809739,76.0,0.034,20.209846549882514,20.979641772738645,0.15066382698903552,0.0172,0.0167,0.0009040715856132591,0.011397862916802575,94.27227947903094,0.048040846777268754,6.48301576068095,0.010499999999999999,0.01434436866085417,0.004037902583029362,0.0,186.77695626970186,89.7533668560139,7.853981496683705,0.3003999999999998,18.981828190928862,4.893963049964486,5.461158375860688,9.636550381556118,161.88032575077617,153.30900170332794,15.775769517169358,1.869128179314247
7.225060883933506,-1368.75,609.5,71.3882745798134,-12.1527,25.02698552407253,36.51271998783504,33.047414803934025,601.7426026174107,1.9540495894248895e-05,-0.0017183065956250655,-0.00048604579150904006,0.004507353225198988,0.0007612436464522447,0.011629123413943622,16.07,3.4115603137765644,15.719743101917777,1.3778991631347086,0.4372525813635395,-0.03622282983233116,0.8088373287835131,189.3606130318459,0.034,16.56075892980009,28.844112080593458,0.12388130451211143,0.09896873149371094,0.11293283452702634,0.009152489724612203,0.008774441822205912,397.91517393098036,0.5255,4.2212428727482045,0.010499999999999999,0.03806801577908077,0.002533811989532379,0.0,9.93048125616764,42.07429836083878,17.351235394595484,9.022346761449734,0.6279000000000003,4.30813718367949,4.307769741824743,18.367278307866385,73.8912237003861,92.92184618911321,3.6093,0.7134962510155943
2.768509225913381,-4902.219823624342,2563.639268489222,71.54914598660041,-8.873066988516598,5.972812567304878,19.585410315906955,39.25444234885568,627.519764886707,3.974472291093632e-05,0.02218337827029745,-5.6992724952357116e-05,0.0009284799781100733,0.00022261975520834905,0.0,16.07,3.03858905106104,15.729485589421191,0.8444672735865424,0.41220384015927813,1.171311490553647,0.7628638446823585,88.97969062892139,0.2197954543208052,21.21680789286368,34.05543555601765,0.04953075391337923,0.022138353925195642,0.03564732298868123,0.005490164159401871,0.015776061947690465,248.0921789928368,0.0175,5.517534407203947,0.01887284034768136,0.023815612815485877,0.006168910698098603,0.0,12.948050282283823,97.00987194645774,13.926641571742092,16.350665909829065,163.11107925943497,3.8649961839391533,3.4526179703050874,16.090953281483944,91.37016665554779,160.02945408560566,3.6093,0.3275000000000001
9.081966387983593,-1368.75,2519.893664300436,66.57628900211346,-12.1527,25.935512627173665,23.28265463544095,49.21848897923257,595.3218,-0.00010176650190204753,0.12419267454897254,-0.0005958668940288338,-0.011878599441116106,-0.0001689352601985202,0.0,15.955097171675192,4.289807095280466,15.815486614436049,1.6137279642984965,0.5083958145609094,0.3210854909065409,0.792816131436964,278.64795979073887,0.04012031444244535,21.87271627793755,29.711271848540683,0.14209776523050252,0.5775,0.0167,0.0005223456956845477,0.008794175807791162,300.53069553563836,0.09423023970141294,8.575820063865052,0.010499999999999999,0.029170456708646368,0.006031058614715972,0.0,122.2514711226639,158.917408782679,2.5786999999999995,26.875989172651032,2.7369233279192757,5.91804168830944,4.276294504134756,7.625736633599796,53.202124639313396,220.63388904943383,4.626386731839385,2.445048438499156
8.245761459270899,-2947.624639152543,2377.679078986658,65.18097124103801,11.133218913312897,11.218398442162435,11.991999461831684,37.91993089786428,610.160749915197,-0.000379047504873047,-0.019258581796704814,-0.00010542276681809918,-0.003312572509761515,-0.00010773422380215938,0.0,15.82545315880843,3.3057270038772923,15.631381940200566,1.1969458239689603,0.5141189029454803,0.9073498204039407,0.7067075912048901,76.0,0.1738173675688248,17.971369933324873,32.920643964913396,0.4892000000000001,0.02174638953745643,0.2124171860691181,0.004670317176356241,0.0078,218.84701883796507,0.0175,7.54208585752285,0.016215277550412674,0.03632701779025489,0.006089372107004207,0.0,1.328800000000001,400.00000000000006,18.553948303596627,9.18185101617917,6.397523080864206,4.29119998016464,3.5995506025305133,11.595275926979731,25.351959178886265,83.02258580410285,3.6093,0.8684717005935185
2.7035950616750375,-1368.75,2407.448812778478,72.39838930263481,-4.717752641896086,11.062276801608114,24.23776924422931,22.483486353962157,625.8132778113059,9.945469733429454e-07,-0.10321550125888618,-2.5113481179346285e-05,-0.0012373724530628464,-0.0006610873016887847,0.0,15.842679095541964,2.398,15.94045315452385,0.666597745330742,0.5112974339480796,0.0216592911878819,0.7403199740531509,76.0,0.16726312010797564,21.023530328482604,26.835573720422904,0.08243244816529696,0.06066447171647766,0.14372428608565063,0.0035747493201900484,0.011562948546510578,299.84129832179485,0.0175,6.465051496197184,0.010499999999999999,0.008,0.017308555055701287,0.0,31.38125041568524,18.051556053460523,51.151538744018325,0.3003999999999998,195.38083600664373,5.455882330482914,4.606855377770633,21.823917044135733,127.9135024785345,148.92762846084685,3.6093,1.6571091874820398
14.1879,-5224.299134635304,2811.780676435134,65.52630189344447,-9.99116015172997,14.587197889230312,32.014610913450724,35.51310407422259,595.3218,-2.1435092295557577e-05,-0.08681381023310847,-0.00033072627388225215,-0.0015950105351075945,-0.0011712704147465644,7.79738812341305e-05,15.807162953496814,4.9035713445356075,15.860440563410211,0.9363235044779843,0.511280130232803,-0.29726508803733787,0.7646504053330538,493.24608164376684,0.16860701276467802,16.04040327006729,17.889543264604136,0.1298834891218069,0.07912756140499838,0.0167,0.0026750551647076208,0.0078,315.57504258622805,0.02750955953017395,6.454760775477455,0.22,0.05539334431891689,0.005650500083776249,0.0,23.315567129529484,128.16288487628628,2.5786999999999995,0.3003999999999998,25.19831434719289,5.560062232272867,4.051282812867839,143.00714169525327,65.93796922460992,0.0,3.6093,0.3275000000000001
5.572531081051238,-4616.147318807675,2773.8875077567595,70.35629663394901,-6.648005834423133,6.296065804593218,8.42837718487213,52.96016327014567,615.2052974025515,2.903331210709904e-05,0.09797271278723568,-0.0001616700069980637,0.0024629045116694188,0.000624618458369061,0.0,16.07,4.0924140685237225,16.09,0.6055,0.4108,-0.1468515443485966,0.7246655803309889,515.6336649661425,0.1911065182715479,23.157412265620714,33.281406068433164,0.05157256074256071,0.0172,0.030223059890079326,0.008865646119010355,0.009401436761173505,235.72063260314786,0.03176161889307595,4.0902,0.13696501307796383,0.012905563409916632,0.00738150921741044,0.0,31.171122129114536,3.3354999999999997,2.5786999999999995,2.447458315756643,400.0,5.870769160158813,4.255699534682985,7.359884857301397,73.02670232705664,986.6667,5.232202015906245,1.3339144893223853
2.732503424300609,-5134.260272339436,2614.658218866027,74.0779476242325,12.496438594175107,23.672919902506152,17.48137816036685,39.94781873018259,606.8206138450641,3.3975578838415776e-05,-0.11350000000000002,0.00023804897224745668,-0.0012779157819414588,-0.0008192219365837131,6.965366355525033e-05,16.058645154892492,3.4990561373020475,16.02805835610021,0.6188719260521458,0.43217705894235803,-0.2731051823313481,0.855082956062539,76.0,0.3672433099312574,23.566097766041477,18.21881333600532,0.06021701861068584,0.05322662080476422,0.018621495983958757,0.005652076155817731,0.012576269783163424,227.48425763017673,0.13798809959642022,5.2280710906520005,0.010907110913584237,0.029038532941343384,0.009938709728248164,0.0,400.0,3.3354999999999997,9.104923817943332,0.3003999999999998,0.6279000000000003,5.449009862767291,5.128328732287603,17.099283074231632,278.259007622477,166.72589316894388,3.6702870774862335,1.4693118372086953
5.774876725333152,-5620.624995693816,2940.299642348105,61.46941849791668,-12.1527,4.4283,39.776216652931126,17.39022097807959,617.5750774858737,9.268462420122578e-05,-0.03576054168741164,3.558415032671717e-05,-0.008706554158068772,-0.0002510986287348758,9.780993851857507e-05,15.943594988579852,3.5032688597923527,15.913136569444337,0.8591343213948829,0.5873511460174119,0.1492838773935976,0.8347772149440098,686.9538304020542,0.20990470859545213,16.810204849076438,32.6165920011206,0.36026361452448974,0.048590536356004396,0.21891027233921675,0.0,0.012603658943136527,278.9985775127912,0.0175,6.992359322074368,0.04007690588537339,0.05275279682045475,0.007730755788906472,0.0,5.6449965859058775,3.3354999999999997,14.295854783775868,5.1002171593380705,0.6279000000000003,6.91490156121901,4.587004176576685,15.882334257337318,39.84786188340848,0.0,7.564406546274912,1.454397624564558
11.24528778519062,-5190.150315412631,2724.3249950578675,69.43396003723662,-9.389125365180362,14.337704187748109,21.174803443340192,43.2143553062797,628.9720247550733,-4.552236106383187e-05,-0.021285617315805014,0.00026585506260049104,-0.010494149203424345,-0.0017462481430078826,0.0,15.921495643892097,3.085684205933327,15.651027304789162,1.3534572502721507,0.4250519323448854,1.0358206223340214,0.7269316967560386,191.0313778115392,0.034,19.280937916023994,29.462403442152638,0.07330242956052054,0.0172,0.03565487162710548,0.006997697630229217,0.01199012711934076,200.96809073533453,0.06235331068289027,5.5774010038090545,0.025248473734815507,0.03669266038851064,0.006287629602726801,0.021137657499013595,20.99665786033977,35.6564644068279,9.779049992615303,20.934765481535152,2.985826890396414,4.651459211829664,3.8817651255986005,16.59294015102808,99.5746963872113,986.6667,3.6093,1.1778749823435948
7.73318353434951,-6376.22059708807,2486.4588250152947,62.88959780379959,-12.1527,10.15408889195646,19.620437768283423,13.018354718489565,595.3218,0.00019815478657649946,0.03408515094170108,5.23558696532976e-05,-0.002838923020928941,0.0009627996992533081,0.0228,15.874399569424863,3.5417691819015125,15.908496304685363,1.1611896296368391,0.4108,-0.8499425231291136,0.7020453143579555,76.0,0.2958014057296651,21.303509042458174,16.062,0.058760555470577416,0.08336731150122137,0.18047169095181154,0.010645764610843484,0.01030145380937926,114.32900663391752,0.0175,5.908870006994312,0.02855485230997968,0.016012731708424092,0.008169569440423036,0.0,26.56998518626502,8.75083776312138,18.978760037625353,233.20937745026148,3.5201004798633155,6.487008567917521,4.679136438226884,158.1332,45.340009364584475,986.6667,7.2323752615181105,2.3998608466251508
7.679747322472126,-1368.75,2534.476625542643,75.9444,2.0968609970520604,18.3660178961905,26.901527917543685,43.73952879273931,615.1952788777579,6.140675853393868e-05,0.04274798082204019,-0.000164453189814272,0.002064969309151678,0.0007452626741041229,0.0,15.951825612538252,2.68303875847717,15.921353105878145,1.3083660675149937,0.5437959615648176,-0.5297582168406705,0.687262535083573,606.0256709406227,0.034,25.313776804835882,31.357872324208113,0.13902974749302457,0.08596900850306696,0.0167,0.004041377048541611,0.014119298859591333,360.8255457661618,0.09008893561552704,4.5260898160660945,0.012893321294768693,0.008,0.0026142587376320175,0.0,11.237697702257929,3.3354999999999997,2.5786999999999995,0.3003999999999998,0.6279000000000003,6.93801970871942,4.553029790634778,14.475882611847439,96.85509734820636,36.62996065812035,5.163518668966091,1.033613551282273
10.171272061086977,-5175.213278588609,3082.234002049581,65.5363388260119,6.948745774552014,4.980820779323453,17.83672886757254,45.521770778574854,604.5171012363171,1.0867501168198571e-05,-0.11350000000000002,-0.00025184398526549215,-0.0017740356889765774,-0.0009176570857066658,0.0,15.924696553197625,4.05708724621354,15.792000753813562,1.101126299878318,0.43618740811939016,-0.46349010372145516,0.7951004359368332,391.47105321266815,0.0719145229744646,20.862628210165557,29.986590796688322,0.033900000000000007,0.05239068414968778,0.02979525305606076,0.2067,0.015450011163114612,84.69312604956545,0.04714515655916108,6.352282644332123,0.010499999999999999,0.03707427794342798,0.005549093961687348,0.001550838913043873,156.13549198667388,3.3354999999999997,12.678289579752121,0.3003999999999998,12.790152808314112,6.163073701552591,4.957159375106055,8.996761160454266,66.61945355149247,21.631069307510444,5.324585058075284,1.4395755320749488
9.550126438735251,-6052.307909365812,2413.535812340364,70.55839391769892,-6.055619395718843,32.00776369184462,25.354358656142942,14.407065051655433,626.7707076903562,0.0001010556281404638,0.08865161323295659,-0.0006648763461612982,-0.001854178692334089,-0.001125733264664956,0.0,15.846709299224651,3.012961012850277,15.580269483768252,1.0391285884457748,0.660171680790548,-0.04170883526800262,0.7887906297590681,320.09201170905266,0.15350223145225372,26.71,32.584038816954525,0.3366686907447391,0.017905837593002585,0.03375112132388548,0.0,0.013445170671487698,2005.8744,0.04138669656988521,6.501096688980152,0.022212990139147036,0.008,0.004027327231285503,0.0,1.328800000000001,46.83422449149178,13.941177929667484,26.79360920293098,2.0723505979384607,4.002485575957367,4.85305747941269,158.1332,245.762852880973,297.7834488019147,9.716000396120162,0.3275000000000001
3.5699130982052827,-4796.6709995358415,874.4812959633471,62.61483948822252,0.7680408500406766,16.869730582893904,15.5970730680809,21.413534676970382,595.3218,0.00021556201862152675,-0.051813640231677185,-0.0005492559153590143,-0.007468808992330464,-0.00011269740344857881,0.0,15.916939385486897,4.2190948259414895,15.823427389492966,1.4768155334851618,0.45316537886596114,-0.663888986225734,0.6846302249045207,76.0,0.09171381739564216,14.244816255543757,30.02035984266016,0.1221462886380455,0.028347967063883418,0.042988949833893376,0.0019867762967283194,0.014880604668230206,37.027000000000015,0.5165434608956107,7.001135376286505,0.0450186366435589,0.04390251737989872,0.007852800736540759,0.0011603792273784984,266.7648309963748,400.00000000000006,51.31717343008985,0.3003999999999998,2.6926233507114823,3.729506706673204,3.847572828976216,18.165255207029247,77.03091564205923,0.0,3.6093,0.8984327976037483
7.27510834866975,-5206.887333498845,2504.0503703633317,75.9444,-10.54740723730091,23.397137887350567,9.996941451702646,43.02682027144032,628.4829109273543,0.0001841853892671352,0.08497213486083244,0.00047502793001612004,-0.00215124820619929,0.000477722261813132,0.0,15.748347944661216,3.390100769075774,15.85190571591826,1.309540773306346,0.7802907237846262,0.36949409663887833,0.7523086234957219,498.3608566000935,0.1684875088080512,24.119318987188954,37.805189877197996,0.10320079370254545,0.048127243070916544,0.036906356639655115,0.0,0.013895361324075378,169.04574426427286,0.040642927837253415,4.963178559480637,0.0260879345659763,0.008588094274507456,0.004274142017235698,0.00028535306965114826,378.18066771689263,34.67886438867202,2.5786999999999995,59.70117174453875,0.6279000000000003,3.8115801519841943,2.889453337457545,17.169196382653546,91.5051168712329,875.6503397087029,23.276926662227964,1.319658460429829
5.119217804626013,-5440.502244388663,2429.919775893871,65.38510980570469,-9.173767920909363,25.512596673562392,24.742358601154663,21.916780082512112,610.8195091149715,-0.0004000000000000001,0.009958733297623316,0.00023132883998071128,-0.016,-0.000999077222791914,0.0003060723279467265,15.734867831144152,3.993656020898622,15.65847558356221,1.2648859060643514,0.4184340721020612,0.7825048596970787,0.8173631805095476,924.0241685493927,0.034,17.881547128275283,32.42278150998754,0.10710215795473933,0.16501163592085644,0.0167,0.0,0.008661181799916389,146.56106917012522,0.0175,4.0902,0.034827383335500416,0.03125822034500726,0.0053279682988614675,0.0,13.097271728945291,30.418614078562307,2.5786999999999995,10.45092807997777,0.6279000000000003,3.964086729036895,3.9953921011881324,14.57592931763892,93.0494450960103,352.89318488423885,6.618703385849849,2.352168248465907
11.296564035899317,-5271.439483823757,2956.3098817542655,71.87181270829085,-12.1527,14.927987602421988,8.530154126873946,31.322732312257322,621.7408710664638,0.00012045306281061399,-0.11350000000000002,9.584714990259527e-05,-0.0007896186268363803,-0.0007372517101266082,0.0,15.812713342295531,3.124804929284104,15.731231707032617,1.1460038151572052,0.45142994161297223,-0.30021812089575894,0.7774666389084811,112.12241208601858,0.10893850431850771,20.181760892811184,34.9034282515873,0.1045886364856328,0.0172,0.1092078589881164,0.0022004150942313504,0.0078,398.1902470507949,0.0175,4.1521549912591285,0.026163902089118327,0.036825480050212564,0.007087621003548299,0.0,115.78868461252486,13.33232227369062,2.5786999999999995,0.3003999999999998,187.92763306001206,5.658708018471362,4.240011616226805,21.254388151813036,101.22271796742487,0.25473885031624377,3.6093,1.0018456641256717
5.437993691252997,-1368.75,3161.120332489105,66.51996583434028,-2.293263849022918,13.810008087027661,21.748054988379064,23.6748247973593,610.7358082950014,0.00015290525362993064,-0.10282839414488115,-0.0006706885756012064,-0.0012923090039637878,-0.0007912232348600015,0.0,16.07,2.4102918139524654,15.693641006602634,0.6056761610245295,0.4108,-0.3365910490320397,0.8310487738990562,76.0,0.1868841336594386,19.546987292600093,24.00480717548456,0.15686054521441756,0.024937387459127533,0.0167,0.0,0.009551511202724412,274.60552504624724,0.01841672047171629,7.025847165499303,0.04624247619809768,0.02701684761019766,0.004347926263978577,0.0004951472270351878,143.93802083504812,166.2524776131513,2.5786999999999995,0.3003999999999998,0.6279000000000003,5.444846254862344,4.661209383758664,11.19651897746122,78.70613564750111,597.104498939149,11.888816236257966,0.3275000000000001
11.37010688751534,-5705.250694738817,2583.094882680593,66.2134256127283,-11.629470165765234,15.393529269027402,17.778028233870398,10.143742449291938,614.7627623000964,0.0004000000000000001,0.10791038034189349,-0.00043244257903608514,-0.0029388498233022956,-0.0012596242938648727,0.0,15.822252130227465,3.4898106039712093,15.713086620857974,1.2208068302606365,0.706185408627648,0.506594867813436,0.7490011497993824,256.8640408237568,0.16545224337882505,16.89952765191487,30.06729080989421,0.14500322347251354,0.06673077068266411,0.0167,0.0,0.009854511819000687,213.33781051037914,0.05338005742617111,6.2403930711913995,0.019789360829157665,0.008,0.003841910138617521,0.0,188.07072109579,128.33614501788128,2.5786999999999995,0.3003999999999998,0.6279000000000003,6.499972096312813,5.253171937011772,12.509129699239072,106.23569119474938,235.6470186932748,9.376633030851169,1.8241409713677288
7.372970687528355,-4720.159464535285,1999.8167093311217,64.18176099517366,-12.1527,20.618754942941074,21.406886864709893,27.50588798606903,610.4004810199098,0.00010154109909096167,0.016552881379109957,-0.0006325975212901618,0.000378910740314313,0.0015,0.0005538700755342912,15.739640889279,4.521725248576876,15.882577021074415,1.34315494469824,0.5788830079884729,-0.505019465787637,0.7196140542025244,956.4660697629492,0.13402141028881864,25.467918082614275,25.409387328512075,0.06201575145580131,0.09810630838731789,0.03636458350640162,0.0015133844157174392,0.0078,313.16233035204084,0.0175,4.707137381161901,0.010499999999999999,0.008,0.005054938910854354,0.0,133.59138138232996,14.594100097653225,274.56475525316944,21.415083701274526,20.11884206184646,5.396189178957245,2.7341371950992204,8.719037193267152,204.2654400178528,138.5728051116699,46.19035236098553,1.2458034762283998
11.060935972313743,-5074.40415113048,2015.2123673765368,64.5213741568332,-9.313822635566032,11.706108535757151,17.497527398726863,42.0274659717974,604.0917950854225,0.00020557218544994807,0.016356661331080182,-0.0005081092864193295,-0.0014230265948670037,0.0015,0.0,15.79188123695696,4.020449790618779,15.63230785903589,0.9498462104750743,0.44091603798844925,0.7891446366376564,0.7816643291705514,76.0,0.605209807499664,14.81840957552533,33.413683845256216,0.11798877417553634,0.07201049770046833,0.02385189682367915,0.0,0.013906468611849502,133.15465054360698,0.11652090867972048,6.941074077074759,0.0352971503814194,0.03473678734886166,0.007461954897269608,0.0,20.246021863626666,94.24633056684684,11.311107267124008,0.3003999999999998,21.46348904407081,5.642002576843895,4.856846628318037,8.446725408959296,112.22609052855063,28.938670056833075,5.541467221703503,0.5061952005866859
10.905343410335673,-5336.243804727317,2343.1971018991007,70.39607000243869,-2.007305891832974,16.22599432243552,18.420324395949137,53.93607421149163,621.879531514141,3.778792649660103e-05,-0.05884428318144024,-0.000147450190027597,0.003648421391877033,6.393095090495307e-05,0.0,15.904573837209353,2.398,15.780459824716628,0.9773262902838631,0.5780975509497537,0.4592169783599136,0.7968430088581341,156.0468260632653,0.14733728312418198,22.027945918916267,23.869734600408197,0.0665115454571862,0.06382035836304949,0.0167,0.0,0.008024442841309112,270.10822194869104,0.0175,5.842036176987327,0.02333406688326247,0.02313138785979509,0.002544200933314233,0.0,18.498011697110236,34.34002457187447,352.4126196586628,18.46066028439099,189.0992429693126,5.553839817464561,4.176861871717483,38.73268401793318,107.19730879323437,502.6165283880273,3.6093,0.3275000000000001
6.664377721745685,-5052.1391795136715,2625.674895185209,72.88538066146913,-1.3280835212507944,11.915059757489574,19.60035371950419,56.8964,614.2782419440248,0.00011226246389927428,0.018047221195282726,-0.0007049512114484918,-0.007998511991390057,0.0013059370092845957,0.0,15.827080417164384,3.224060005907178,16.08121150341973,0.6055,0.8299975869406994,0.501438165696406,0.6840416541230574,632.4157657549626,0.0540749449884947,18.407394921212713,23.931787381762206,0.08545367746857936,0.07810178448033855,0.025151074056696733,0.0,0.010811104385508554,145.45344798050627,0.0175,4.517949804001564,0.014473227871843568,0.03519701343582762,0.0032577199467566523,0.0,38.35281293775391,35.62904165172537,4.584141514160072,27.715716358217456,18.14117911228599,4.115518468351008,4.862599686060028,158.1332,63.29524700097664,163.47892011423335,7.3263118564775604,0.780311336420986
8.701138742998804,-5219.797272434622,2953.340436789174,69.8351290531985,-10.45439114548515,18.374695125290074,29.5276005253357,22.203108594831754,627.8305226085602,0.0001237386588934267,0.010659545416911253,-0.0004189188440141007,-0.002261568644400121,-0.003758052444972844,0.0,16.07,3.192383917839407,15.579834502476183,0.8072606961742355,0.4108,0.6377740184176679,0.7852548579737837,76.0,0.18409474107620094,18.329677606790284,28.10777418085632,0.07626473971502581,0.0172,0.03152111986941539,0.0009335178273233404,0.014228112178498724,63.93098819035697,0.037864808161558544,6.451662453763721,0.028937040106726646,0.05079377503868643,0.007193353156177499,0.065,21.92271498259342,3.3354999999999997,2.5786999999999995,21.96179453472755,0.6279000000000003,5.758830452583054,3.772457483559381,19.834519513186297,66.4762166153984,64.63232120181814,12.261379825193357,2.276171297220786
6.159738443572206,-4940.53443292775,2564.3444168936508,70.66254589686316,-5.580947946467953,28.955955366091352,6.4482,33.31110838053096,625.191261990621,0.00011304032047118628,0.0540668330585549,-0.0005026795117910748,-5.765404088693346e-05,0.0014156344711984577,0.0,15.810178003754363,2.6419429223964315,15.647400518830512,0.6055,0.6906425602058245,0.7993017609174353,0.7849806278893807,447.15906300075767,0.20943867640640224,21.2965668080528,16.062,0.12656306207666757,0.09389616043784564,0.0167,0.0,0.0078,113.2153384366467,0.0175,5.962823609589796,0.017773489346908426,0.01774121198149814,0.0026485611599684515,0.0003254985370100004,52.809385635568105,35.088013490941485,2.5786999999999995,4.280129954622766,0.6279000000000003,4.023700544101985,4.855974446446174,13.814322906175956,92.85350468810353,1.933281967549135,17.26832652349796,0.3275000000000001
4.951874929536137,-5602.506442530627,2596.906557390642,70.51572143522067,-7.256387408091955,26.478178102223104,26.83462891878259,31.41939236190305,614.961934994547,7.060657110324218e-05,-0.04250962321752495,-0.0002882549540988984,-0.0073620673265959915,0.00017145359783923272,0.0,15.838443678997951,3.2003703418397556,15.692245557706434,1.0429257805000451,0.7694823530412307,0.3529593605274748,0.8749849522516954,228.34309278569407,0.034,21.65172032307949,16.062,0.12458042998396429,0.09013038750009765,0.0167,0.009647124711015873,0.01170414649555755,737.4137950982732,0.13936072760877047,4.722610574048167,0.010499999999999999,0.008149769430848476,0.005193922203667496,0.0,1.328800000000001,112.03326394224862,28.367510941678546,0.3003999999999998,18.30719401933957,5.467676301063905,4.294288700431844,8.30404372530755,208.97391784573415,986.6667,5.531598368586239,0.44735837510856835
6.740116836915739,-5302.077466273021,3037.588140080838,68.64185618712183,-0.7084342723410315,13.13313344635128,7.793288106286555,31.744096187724146,625.2810914673701,0.00019287799483265198,-0.007136161925120373,-1.212895003164256e-05,-0.0048923860830559,-0.0002705129089974313,0.0,16.07,3.8002153466266284,15.773976444008722,1.053497546421057,0.44189050369244653,0.9235075585538697,0.8764,522.112632954684,0.10250054268078188,20.452690068324785,38.39241962119688,0.45268751593753087,0.07569628114409921,0.05247268456958623,0.007025121971746083,0.013982922652902397,880.9417113749432,0.13764234260695402,4.74954953906442,0.01076467852331705,0.02146036903213645,0.013279024894937291,0.0,51.11109626900535,34.69089878929967,10.182838345236384,13.36729037727576,16.82275168063621,6.934382278672416,4.565235227773785,3.1599000000000004,66.71626144053434,0.0,3.6093,0.5900459389068324
12.063515964306951,-1368.75,2693.2549100703745,66.24262526031991,-0.3637176267200064,10.36358636822273,14.970331999351856,34.337868938849056,609.5987925141962,6.496366706396298e-05,0.12763510499614594,-0.0006111923724429072,-0.005709890101140662,-0.00043241257311855513,0.0,15.792602701181467,2.730294411429644,16.088619577967567,1.3220913439453874,0.4108,1.0066295748486846,0.8199560732565693,412.5057521347398,0.1932994511159975,14.197455820560476,28.193038585488356,0.2051285871563926,0.0172,0.020351770571849347,0.002443263260229282,0.014250173911822527,152.08614995137566,0.0175,4.876504869803294,0.021883852592293196,0.008,0.005793968288823875,0.0007975494657278385,29.829738950336974,45.44678857994519,17.293071166512316,0.3003999999999998,0.6279000000000003,6.166201389802069,4.638503283125653,7.371267559851195,95.4489756709236,557.3141094119762,5.420937477607753,1.6636011728842295
7.516762003288417,-5138.742144775168,2510.182209384802,71.16316375790689,4.368836449484084,20.641005818377714,12.579959718275475,31.790263892759924,624.1648427043237,6.452812510229794e-05,0.04312285880417401,-0.000528026093241069,-0.005846357828672011,-5.247603497315768e-06,0.0,16.07,3.0194300546147614,15.80334642847746,0.6055,0.5835343215019563,0.5991483915394615,0.7762381316605452,76.0,0.27549978488566934,23.03673127800168,34.689299899612266,0.4892000000000001,0.04483886207762535,0.0167,0.010837964382610707,0.012637606262714037,174.8664245794459,0.0175,7.599423879273682,0.044122637887676903,0.016522670316243163,0.003946706054777699,0.0,37.15309195331348,43.705120777739324,15.641169378709778,30.126312575528168,102.28431415528726,3.830694797617799,3.438186241674108,13.632143137176193,67.10596627981013,460.3152194365198,3.6093,0.4859253846276088
10.77607801794942,-5977.457899220974,3493.75,60.37548386786844,-4.373861737351497,12.881059941008646,8.1378951423474,34.27848908395567,624.7686856680282,-0.0004000000000000001,-0.11350000000000002,-0.00045446966042956253,-0.010239453326523566,-0.0019172638294639897,0.0,15.82152645120981,3.1268490531126742,15.713412380258452,0.7748323621961629,0.4108,0.09840078216362502,0.7966658561610133,76.0,0.556122885564798,20.164593418955832,27.56631933639742,0.07666349540820092,0.03252421615438093,0.03053834297348522,0.001029353350305919,0.0129491994015949,304.6859921496974,0.06709772926988752,6.683225077019905,0.04198472713342981,0.008,0.007775355133738561,0.0,49.192372012086885,3.3354999999999997,2.5786999999999995,0.3003999999999998,400.0,5.338965153641641,4.061228697867672,5.4437990910117025,87.34678213675532,0.0,3.6093,2.549580850319936
5.131875135227765,-5315.799590975875,3164.923748488413,74.26692339429829,-9.021685216672633,17.684456597723095,15.553406027241127,47.65095728455805,623.1510893819378,0.00011814418244682677,0.1044654499807437,0.00013270588565708288,-0.0030806524275100427,-3.061683983575434e-05,0.0,15.849779654432679,2.5886805402498894,15.8497594874483,1.0129975000921652,0.4336277288694492,0.8125189003394706,0.6439507953281927,76.0,0.034,19.873220802752268,36.264748124734474,0.045175850323446856,0.0172,0.0167,0.007995086524025264,0.009517412392022818,44.59458575120536,0.0175,5.2476381738692846,0.017694721916255596,0.018958281926498476,0.004455278708492024,0.0,400.0,10.721381466749856,317.1564675933784,0.3003999999999998,0.6279000000000003,6.10473948081529,4.521943971932443,10.42039593021179,110.42713460403846,265.21926492807125,32.80621947449821,2.0800034238892455
6.835080228617128,-1944.8472473623033,2471.597081792293,72.90389728823297,-6.714045597167567,16.195199155949574,26.221052052426693,23.372768632509747,610.9700577726616,-6.418096097811888e-05,0.13229333278622135,9.382783252226518e-05,-0.012029769234840566,0.00031821148027558546,0.0,15.732392244961046,2.446250769621816,15.670245828401153,1.2066263666111043,0.5664624520320785,0.9673717577654051,0.8095000900428843,76.0,0.1403543911207358,17.74584745030817,31.407355812893034,0.15721988393358138,0.031698684549654466,0.046604382062906916,0.0,0.00904465463599171,240.9629158148183,0.0175,6.071400159399721,0.014923885068082185,0.023004514273369928,0.007139271345905203,0.0006202938349348932,43.756556112343794,33.31855132301613,2.5786999999999995,42.8785478106789,75.21340394359362,4.617594657479234,4.161391275315707,12.366831785315846,21.519262939409842,979.0516132053757,4.979451646035703,0.5143496326168258
6.723720815951994,-5163.3286006111775,2583.196545802085,68.0764535776204,-11.782578155784543,13.533174588515212,17.82205381634502,44.81818142441172,599.6323376849355,8.062033633096979e-05,-0.05347138723162218,0.0009139852312489643,-0.002396366879547222,-0.0006374647412567249,0.00031552987206841373,15.808845269447131,2.947696813915692,15.801440386755202,1.2269469119791994,0.5451897565993882,0.6092310085586652,0.7866422798218562,353.9479699237388,0.22573400319984716,12.16,34.95713332405529,0.03697438839953864,0.02796293608312726,0.042978813348133374,0.00442993970220559,0.009742955353706603,95.52252801387817,0.022392491061057347,4.375090661894215,0.14978443203373315,0.05136950817825924,0.005700103601089832,0.0,20.77185428998196,293.5761225270475,36.469950854796764,46.24329962136378,0.6279000000000003,6.234390976904102,2.6597898296864195,14.70156059147395,400.0,125.93884028464319,3.6093,0.34460528574070204
11.65497740885877,-5372.478214400247,2794.2470810579907,66.7516447441817,-12.1527,11.83686035936607,20.738303122463076,32.01134685295689,631.0045241844052,0.00010434055624450524,-0.03970054093757935,0.0001438547433686885,-0.008964249941348439,0.00025346644655681235,0.000282822325118691,15.829950464587268,4.102979792233756,15.784053596339211,0.9064623651123123,0.506702283979144,0.42652984346051404,0.8681992732258403,526.13583012868,0.191343834872653,25.92363962052122,39.08745560273581,0.09306564922395691,0.059077858611312886,0.0167,0.0024946232317380316,0.013806584105483822,244.09325832529595,0.0175,5.066766305601289,0.19687836420857316,0.03863191983929423,0.005014956234273282,0.0,41.21838575271606,98.03237021654063,34.85735053875622,229.92954241195991,180.06212425368045,7.2903,3.7576714348689544,10.877768277906897,152.69917918005928,0.0,19.268860338844334,0.3275000000000001
9.99501248026208,-5115.558262108518,2604.1709928123296,74.65852143052888,3.653068351887212,8.584733186434285,17.967682822964292,46.35475855144341,598.8109702479552,5.1149583843508995e-05,0.8854,0.0002970153087441561,-0.014444091027698492,0.0007918694835400391,0.0,15.727083016963023,4.553496431625742,16.0744341360542,1.1215582080443305,0.7320343791455296,0.8892281722887578,0.6029,428.4737908097934,0.41344954579457405,17.608392808674935,30.791717502936997,0.033900000000000007,0.044600673661766815,0.024503196049826363,0.001769042662659797,0.0078,2005.8744,0.0175,4.888365784519691,0.013742948105503295,0.04680617400676551,0.0056067530422334,0.025642085512532716,2.9428903778681903,15.56449335878155,2.5786999999999995,0.3003999999999998,0.6279000000000003,5.595743441541132,4.9755943784009915,3.558994196297556,128.02417799649336,931.6947803507394,8.15932102143649,0.3275000000000001
5.00093278722075,-4987.576968893418,2409.1987947627804,66.77768611889219,6.048036951849847,23.123415771876655,15.656192917495627,48.56525276981206,595.3218,3.747092172290716e-05,-0.10899406200755923,-0.000745591147430589,0.0010028635253311394,0.00010101518932776494,0.0,15.853539901623186,2.496348811236833,15.908027147707864,0.6337466742126381,0.5417506182390233,-0.7539225261647808,0.6781368744735309,368.14872663449177,0.034,23.557360148249792,32.7814102641685,0.15162013442335304,0.040936796501617564,0.0167,0.0028970688527331966,0.008840532315365222,183.71892335605907,0.0175,4.0902,0.020935921460340443,0.027474794248243756,0.0025,0.065,178.91702843287467,79.19282457607842,27.677926916373014,4.4309906339211915,3.896409798487936,5.790191082851632,3.626007199465478,12.967517863573367,104.3034599110331,966.3149176302929,3.7460373628320713,2.2594096897993774
14.1879,-5660.169340318348,2498.191324751899,73.75144207574336,-8.644820617029506,19.19797912781617,34.78502503542976,44.84616018228341,634.3218,9.362641414504604e-05,-0.02068167151569597,-0.00048398270292055807,0.0016739184057502927,-0.0005890583572584129,0.0,15.955837893643745,2.398,15.78632690308593,0.6055,0.49291442055600965,0.07040059219652661,0.8764,241.85912222469238,0.034,23.000855282220435,31.09269164706875,0.11566496060495277,0.0172,0.0167,0.001038439367455916,0.012320896743680736,326.1241241179269,0.06641489241847141,6.999718677470078,0.039235287700682325,0.014903517526722766,0.0069506766956564554,0.0,29.015272187518413,21.327594209828032,23.64702643453104,32.317927525898284,28.83993907351457,7.2903,2.1869,36.65841055437672,93.265533150046,499.23738346700054,12.26238948839493,1.176727811490973
13.177140154252076,-5556.683719958955,2744.6283215871595,66.07966382560916,-4.319537156269494,20.143345378860566,29.152105976442385,55.57504800936406,615.7320750338627,-5.1179357716137316e-05,-0.033602323005018406,-0.00029711076009104805,-0.0052572582708778105,-0.0012959485369460717,0.0,15.818213764144907,2.8442081534574664,15.676381126445596,1.288345899611035,0.6184303258249579,0.29138347379845386,0.8022074930277973,76.0,0.12932382883395752,21.129458908030895,37.964471504478695,0.12316299505971184,0.09679962892758545,0.0167,0.010893817115153921,0.009967666061066239,207.1139572399622,0.031131374987997285,4.775020017000024,0.04393604462622522,0.029802969482577518,0.004131061774235892,0.0,42.96377749604717,175.5995972761003,21.74934799181783,400.0,0.6279000000000003,6.024306506602819,4.850278436505791,16.272458094077074,72.31616301540964,537.6617550427154,5.44644136911824,0.4671726062209871
8.802155353623691,-5012.383962109685,2538.274271602789,66.95881143102925,-12.1527,18.918059397929028,18.431921131048494,33.39531415311758,628.3990464275383,2.59086632036607e-05,0.14554412682454687,-0.00042912498190028744,-0.016,0.0014202433103113114,0.0008227058093062773,15.81637280968074,2.9051714562386417,15.769936175537794,0.8925251770100715,0.4108,1.1395090806122765,0.8106158408955269,403.2369107700672,0.34214548708483256,24.59308201666533,32.171070374454715,0.31112585839629625,0.05151578146847811,0.024142894883994008,0.00109772470552594,0.01049928759768251,316.78904510067855,0.04567208165899769,5.970125824955711,0.010499999999999999,0.016417619442520067,0.007684794895292537,0.0,21.399798954728766,45.014391953982624,2.5786999999999995,0.3003999999999998,146.64105048715786,4.515806941431224,5.1143563092486275,16.61899240540064,104.88816454173822,786.6234204905468,3.6093,2.263402292689774
14.009496734648728,-1368.75,2964.0461410590306,68.52947503243713,-12.1527,14.655409477071762,19.597171485068316,27.912181136588394,625.950867199589,0.0004000000000000001,0.06241184209771697,-0.00014267660051850973,-0.0012787814125506634,0.0015,0.00023157086219425583,15.948751828649923,3.1723266176619265,15.803753151745138,0.9907023399102726,0.46668685307287094,0.4184893007643532,0.8461479742458193,354.303670065172,0.3002857636609686,21.13028845705454,33.63334045182138,0.12447955260209792,0.07095792017807928,0.04398701729983887,0.0,0.010925494915728941,240.76144200824444,0.01782471862211126,5.039244629131905,0.026069901036365587,0.027575816814049598,0.01095241578480975,0.0,51.38922976077196,31.06050948425574,35.526618968205725,0.3003999999999998,0.6279000000000003,6.2506260426662195,4.699801435536087,14.983440649841743,93.28896654637683,111.79489655180444,9.156184693555096,0.47416029272040916
7.750508124426152,-5330.624843448979,2825.4431478262477,71.94434406546276,25.76234320385171,4.4283,36.93974712573937,28.441100041533666,615.5260694610815,0.00016416482668880672,0.05266571874654997,-0.00014299038891980637,0.004429886004390605,0.0010165765086370402,0.0,15.903114907361859,2.398,15.664380786675029,0.8336409414588575,0.46797735078333774,0.33738585584781866,0.8306572356338917,529.4880144941245,0.11320360683736735,17.61429062870263,30.75642992216892,0.033900000000000007,0.050662866140792025,0.025387189330709443,0.0011630863907957452,0.015120592458597806,366.79236483826855,0.0175,4.689035513203519,0.010499999999999999,0.022373067940954568,0.006809731521993077,0.0,50.36727193207558,39.79764568256311,139.50396828647024,0.3003999999999998,0.6279000000000003,5.021622888518034,4.285560154085412,18.493741077747096,74.55188375239301,986.6667,9.443756808739703,1.435462640831454
9.673799413175457,-5374.647024931391,2537.5922297019247,70.67780218670005,-12.1527,18.923453728591177,6.9872733615182625,46.7106389374476,628.5643938304868,7.968662340555382e-05,-0.11350000000000002,-2.048772280782129e-05,-0.009991468796003504,-0.011622881244091247,0.0007618048013488327,15.933050762466504,3.1490679090721976,15.747052360675811,0.8358228082619676,0.42278088240946915,-0.19495274667944285,0.8714991548694027,578.1760236788427,0.034,21.998567470636086,27.308563831023882,0.15737130660172816,0.0828603415030364,0.11200723518287035,0.0011094300165545238,0.014132769956544002,132.34322865905006,0.27058662784212506,7.371431352555337,0.02541039001873992,0.05743731729470063,0.00505131241567823,0.0,42.25155803519309,26.98870408917911,2.5786999999999995,33.16305913616182,21.500748659237523,4.459101905996187,4.1821750222365965,10.587797680879639,293.62090477592847,0.0,5.082882443328036,2.831743994245308
8.169369777343048,-5174.856938146936,2380.1764906026724,68.86827877480033,3.041001557801697,22.069294378994154,29.688712379559945,22.297187186787095,618.85965277611,0.00011618921667763327,-0.014156824124604072,-0.00028291539081388826,0.002807069185488901,-0.00018775018613145436,0.0,16.01077211910576,2.546506430992589,15.798698837403421,1.277954166329485,0.46263852767434066,-1.2607849376861813,0.7823870738883613,212.31101728639254,0.034,20.258778265247454,20.54813884600133,0.23060193961320422,0.1589061600022007,0.02822549319977901,0.004909484203028225,0.02961816570210571,37.027000000000015,0.05088301149741145,7.326289355930909,0.014134213203473243,0.008,0.005050661103740983,0.0012486705867922956,41.42574314742886,17.104132808871945,5.327183037297017,0.3003999999999998,3.027611377175636,5.543457914962638,4.68511090266518,6.169131427088489,115.39122140441182,915.1217335566224,7.436664219202848,1.3112318180324136
12.26556766018098,-4886.370155209045,3493.75,68.8665140760227,-12.1527,6.906479732801901,12.260203755353263,33.81135877402124,613.1228226165235,0.00024168277990577365,0.09207065267952175,-0.0001141366116993118,-0.012031622733330777,-0.0003924844508185189,0.0,15.765445910824843,2.585274755636369,15.703922672350686,0.6319124473435019,0.6130004834783265,0.2521364329616318,0.775183483518349,76.0,0.2844678619561017,20.178074150447706,23.27246815325983,0.4892000000000001,0.03034211405834623,0.020091626783213894,0.0,0.00785621848214543,118.58628625111933,0.0175,6.163549382991505,0.04776908616234311,0.02024178823882264,0.005318910649765292,0.0,40.30917119725294,11.834796057985928,13.191188647135409,0.3003999999999998,0.6279000000000003,4.765098043998433,4.567418474858526,18.87708636159848,56.89266302317133,0.0,3.6093,0.3275000000000001
9.784599999256985,-5320.095221676522,2640.8950407443485,66.44884204699457,-12.1527,19.27328759332926,32.27770057517581,27.478240704487654,627.7435448961055,0.0001296947056820973,0.034627922247320614,-0.00048437805888962933,-0.00010865732581496167,-0.0014245390638899355,0.0,15.773691807520903,4.435565751362428,15.628859881605429,1.061590474983018,0.5123285477499843,0.2634727029058206,0.8575727862318778,2240.918828948124,0.10692433044953903,21.47749743258867,31.211472113029515,0.1162539905838688,0.04913276580373559,0.13591431398125176,0.0007314875636351764,0.009071914753380116,819.8775102240929,0.09354210850101304,5.063397357488772,0.019603234155090698,0.009979433851816686,0.0069027680944542345,0.0,135.42386473963998,24.521045530438855,35.82919160428964,9.99509723420784,17.44193836219254,5.642442722897847,4.904952942007492,11.738366202038875,83.01274690805626,514.6994123403698,3.6093,0.3275000000000001
11.838489373128255,-4627.054965519757,3118.467648201753,63.306079282907184,-4.588916614571087,12.497553606681379,18.252435667459938,55.33013646571666,623.0516720011977,9.979486019523064e-05,-0.0051731020819630585,-0.0005519114896019129,0.0015275943228822576,0.00032516068765961134,0.0005138556797708899,15.861656152658666,2.9362140062928694,15.83104631158112,0.9007356082510197,0.5656212301339778,0.25757365881562944,0.8404918863020118,2903.2738582628663,0.05012349306253737,23.097580762361382,35.815439246760505,0.13043600832749097,0.10467190176350244,0.15134398487542533,0.0,0.015808433610281926,78.3652283194655,0.052101118951074055,5.40483948682529,0.010499999999999999,0.02457638897498218,0.0060131444509435375,0.0010538564105156314,49.0191258277936,44.225296575392875,22.805208163932424,0.3003999999999998,24.876847377780518,6.953975854088374,3.7478163496267256,10.805160216902312,53.85923207002652,986.6667,23.00925862652021,0.8054319628307012
9.803639857487589,-5225.961786982741,2838.5534531045496,70.14133375830158,-9.84592227025464,20.943733420704056,20.055082991740278,33.69542284765757,628.2141596056748,0.0002502055079686487,0.08685261657285809,-0.0001650955384421088,-0.007316232630140829,0.00021569902517326925,0.0007658271860322681,15.799478969372057,3.2845987125210283,15.574710073864495,0.7780726562614783,0.47241554476968406,0.2498050578683073,0.7114999891774476,309.4692780570164,0.1289410927468389,16.457068021152644,35.79139387629836,0.12499126924458848,0.09956454997639429,0.24086613343719773,0.0,0.01090422901103233,76.7183060669843,0.06014617954721464,5.31539584948683,0.01715072149186507,0.0340186653966483,0.004948631806405785,0.0,20.025439378026256,49.25145140442948,6.338246571051025,11.984084254135592,57.37171427762968,4.030438701885189,5.025357850057675,14.440571327713457,110.80721029861175,0.0,16.273091813723788,3.663912113345763
6.273673238350278,-4548.082187592838,2474.0514052218423,63.09373160801636,-7.1376606679818195,6.870061689632025,10.90035145525251,14.863735525814839,597.2907590760624,9.893079211313504e-05,0.06717543053402653,-0.0006665104712656354,-0.000303058801466749,0.0012024912509736958,0.0006447448540248721,15.780969190080658,3.563303030134985,15.907858244180876,1.4698515227500881,0.5722304506172113,-2.4132852756900043,0.7816970015364622,826.7519410938717,0.08892881684615392,24.07882560573154,27.43701000637502,0.05143243399926729,0.06100531767879352,0.1088791565964992,0.004279388156456045,0.009665782415098498,114.45133803690314,0.13019170241644423,5.193702776624807,0.01787656958888607,0.013992053140772474,0.007619014478422224,0.0004961276806581919,30.486153484617724,17.46114107229224,6.959642611576916,10.026597543856237,1.202313758309308,6.683193057443767,4.889702314730517,7.6522927197388455,29.26820244504464,254.90138897681805,9.683822890840217,1.7573795584667944
5.2718488844934255,-3001.0901961204313,2277.17509426724,74.45994021507451,-9.807263243822904,23.802417140050736,14.42775709649816,30.941463481298378,609.2391252770594,-2.1124561825780773e-05,0.06524571045134347,-0.000700579912280588,-0.0028311284442565877,-1.3740090503560135e-05,0.0,16.061803555865676,2.398,15.894419262080657,0.7834731679707292,0.5805477321433296,-0.024364430023726902,0.8466114882863822,173.6296797875516,0.06562243739946073,15.32502616946753,26.988010888589404,0.13878123078234963,0.048435194574170407,0.0167,0.00391886227845767,0.013719928756591601,364.7705719302695,0.0175,6.444766294846756,0.06069211987712398,0.008,0.0025,0.002375429484456262,6.364540808879793,43.91404764609515,15.432596798767689,0.3003999999999998,159.02288677397223,5.29888931353199,3.3891178225694514,15.280224827917348,130.04979371511828,0.0,11.800636755465067,2.174103203191056
14.1879,-5420.016900402537,2611.0665116060445,67.090513466686,-11.3806079279722,4.4283,26.533485961982294,43.57224919667406,615.5126612392786,9.571680889279322e-05,-0.05975594690253933,-0.0006418321697698879,-0.004857423839259307,-0.009165293839101396,0.0,15.79676320977084,2.398,15.832437687689847,0.8725107181956564,0.7776804452414491,-0.0752451298550243,0.8079713491292861,148.50634302454597,0.23168302478268615,15.868366223658251,20.637041881635703,0.033900000000000007,0.0172,0.020460861753517665,0.009234676674900542,0.0078,160.3546825166692,0.08738887043980731,6.531127151624781,0.010499999999999999,0.0389807792984415,0.0034389756323710417,0.0,27.039686166378306,22.51603593041356,400.0,0.3003999999999998,0.6279000000000003,4.593965379849221,4.29004382584594,18.507557150334122,35.877787564263556,697.9325214350706,3.6093,0.3275000000000001
5.868158287967267,-5215.260683488991,2712.3939215527816,73.08301968867946,11.155262576238403,23.18657181966286,21.42088663989442,25.536194636210574,595.3219915255056,0.00030464960052363314,-0.019416725809798294,-0.0002067341691463716,-0.002676814725239913,0.000950703080135291,0.000967899887095214,16.07,2.6545654047995257,15.694439560151956,1.0322858051490502,0.4108,2.0707097574227564,0.7899048039862601,396.9381325900591,0.034,19.99188166414306,31.510968397424918,0.10245886940330105,0.04391033909159021,0.2817,0.0056762562637534646,0.010811640134659446,148.5273544915811,0.13598188510092923,5.376841409739396,0.04208863939356293,0.03584419301224961,0.005704088672162991,0.000318580290980698,400.0,9.932145086968562,29.51817020877685,35.164050205349625,0.6279000000000003,5.657393447132164,4.073947792750453,12.704376662923009,45.3114416631897,170.92623300597864,3.6093,0.3275000000000001
3.996047168706232,-5034.494817539559,2638.9834917962776,64.46415507238902,10.043489965572006,16.923615611622655,9.395722372769198,23.682959646150312,634.3218,-1.0099956104807467e-06,0.10910618243299192,-0.0002173656420661795,-0.01048233986926454,-0.0003767194586776366,0.0,16.02671634240088,4.625474156140552,15.921696975918467,0.6435130379528264,0.43709974859716283,0.7723420791069422,0.8230635236952915,487.29136115980543,0.034,23.054276255847746,22.7382092939389,0.3735703601023578,0.0172,0.0167,0.0031932600781512236,0.0078,277.050624921961,0.0175,4.132261567192742,0.026996155455737896,0.010982533293590533,0.005995181071806593,0.0007235302171450751,37.992519021380645,43.01314227591775,8.464213073926924,0.3003999999999998,0.6279000000000003,6.4898578731927055,4.822625683349601,18.693691477807967,59.90615104882794,74.52028420253023,7.176349484035952,0.8147522721598695
7.483574925205767,-1368.75,3165.807855367868,68.57408044799247,-7.755214158317404,24.927898066948956,7.697721216886295,56.8964,624.971851354289,0.00012093842024197598,0.030941195633223673,7.359501688908905e-05,-0.00391093869307577,0.0007750193255626306,0.0005191563009361543,15.783161182348724,4.097739214965961,15.791523460380834,1.3364087406255207,0.5608487793372023,0.7307308955857577,0.8764,563.5767556239367,0.034,14.564776481158837,30.245423138995065,0.20677744180236213,0.0654366629214725,0.0167,0.0,0.00862659312370513,337.41718477583396,0.09193316647223028,5.045993415849324,0.034817034443380336,0.05110972743791265,0.0025,0.025982911861236115,160.96718031943232,31.44493407865885,2.5786999999999995,0.3003999999999998,0.6279000000000003,4.907737711376939,4.752626376018145,12.29177682615708,111.7238191276877,292.4680261742243,4.569342327616994,0.3275000000000001
13.38963206642734,-5457.263967384768,3381.367128174445,60.80887218000198,-8.026086702359938,20.520294308866664,40.45057877001828,15.437061831049267,615.0658729325066,-1.345674577969691e-05,0.04664021391478492,-0.0002695742394222605,-0.0029187279211942254,-0.0006961956454873743,0.0,16.06237190980857,3.089366456110773,15.554073590111528,1.3544853933747933,0.44830401290935357,-0.08135576139969769,0.8764,599.4344495308237,0.15406117680584827,16.21394329422916,22.299656277367298,0.4892000000000001,0.13032276794669947,0.0167,0.004392409971909261,0.012311160082031836,333.5164923797824,0.13068822254404422,6.202260175692018,0.025152577419894007,0.011409787813028231,0.005501225152442632,0.0009574135481654612,45.99179140946477,400.00000000000006,2.5786999999999995,6.8485181607545575,9.784033358896808,5.529144524722398,5.393795671593824,8.9012065142123,257.6460420909307,765.3602972354366,10.379095556425225,0.5438248356014097
7.257076512291149,-4746.647401994056,2369.3262891311547,69.46544822351275,17.556391469384938,22.013616163676183,22.43943045838882,41.70555019472915,628.9337467401134,0.0002723258344302492,-0.01927452307260146,5.680478288975955e-05,0.002521539390240725,-0.0009098111347541324,0.0,15.825316624751782,2.398,15.681834260423631,0.9413216139880995,0.5030547903677463,0.9863429871210441,0.8487998250857204,298.6230334508693,0.04350259713944861,19.241974065566218,26.77826526072394,0.12332481952457568,0.0172,0.01910936553712994,0.0,0.0078,291.02970174594265,0.0175,4.852200328917369,0.010499999999999999,0.23074258103504688,0.0061300908394205204,0.0,41.11609110888064,103.31031141791152,2.5786999999999995,22.32728018821773,0.6279000000000003,5.832019736995938,5.01620198816684,17.48484986814579,110.30048713096707,231.64573268616743,6.211332688545644,0.3275000000000001
6.447041361863775,-5305.871077969582,2392.3862706399736,74.816224091445,0.8163356369017833,29.12703884850164,42.120049699107895,32.58340728535059,601.8277666692915,9.088360547480283e-05,0.08160317748819998,-0.0001198541788966661,0.0008407006129887533,-0.0011763173839617826,0.0,15.848013586027205,4.491053931537621,15.821540843447023,1.4749304522478939,0.43024388285610105,0.8408111308521802,0.841206830875965,734.500542476705,0.15131422196795735,14.109096532674595,34.43500921343463,0.1181080050488264,0.09169800529546293,0.0167,0.0,0.014924359361121783,369.28963658706544,0.0175,4.345539006992095,0.010499999999999999,0.017731593663846162,0.004098090303222128,0.0,38.8975062262505,30.68079986427631,2.5786999999999995,47.225410391211646,0.6279000000000003,5.469431645445735,5.223051111452445,44.894757277160984,125.23602101602572,258.2603518781891,4.733650022401446,1.9227549832126303
10.962082546134626,-5210.254752902216,2731.23660388798,75.45550148088213,-12.1527,23.804294923581047,20.146605574007825,19.995850598707683,620.6931604925658,3.0863642424568775e-05,0.011982370065069808,-0.00015505332588736307,-0.0037589492160854075,0.0006890606015439165,0.00028310511601547465,15.944674346880543,2.684623108914417,15.630041115905462,0.8249423416469744,0.6058029310666331,0.43486391098870103,0.863881782004785,432.069298909195,0.034,13.779057270426277,31.497363274234434,0.15774486124565296,0.04628104369138905,0.037160670418240754,0.00465784947719585,0.01008747192680233,381.9929865041795,0.08639765293792832,6.526826482159356,0.027624603828252933,0.018293325220779824,0.007169576259797292,0.0,159.17965563542074,42.32479554310447,2.5786999999999995,0.3003999999999998,10.382924425598834,5.84948271530458,4.0582211348525785,18.553724748324257,91.6806610232061,606.2516784551151,3.6093,1.7431686776221051
6.068791957858105,-4888.153502228861,3133.351223186727,69.0206756762813,-4.472134195288243,15.624583657251723,10.002813044431239,36.952818545132274,627.395786740908,0.00014024590150156393,-0.01793425089223177,-0.00019022439673422933,-0.004717459128783668,-0.0007709254552922654,0.0,15.81329258631063,3.369390589496028,15.692466505263388,1.011723397729289,0.4227853044700398,-1.6504254095335813,0.8593056886002461,739.2582973386262,0.13598789492599317,15.016851906369096,29.76678650019229,0.061238022256722466,0.4536227705577531,0.03415508293282141,0.0,0.01131641374707411,220.69552514076642,0.04041854975153725,4.925996221679364,0.019435009476370477,0.04883310961769557,0.0319,0.0007752259698149493,97.88655757690077,87.5518297448211,84.73103158132159,0.3811541924884345,4.615957529767009,3.898511416024542,2.9132763646796267,12.756346373645606,84.97868404271279,27.510471264513427,3.6093,0.3275000000000001
3.8044025081998445,-5272.297498389697,2585.995275976763,68.52742639662527,-12.1527,10.342191398980464,8.971193640591244,14.376846921113906,623.159097610638,4.8670021639590286e-05,-0.006604755456187059,-0.00016445081922659649,-0.002447766785410363,-0.0009663782060496354,0.0,15.986451170717977,2.398,15.54,0.6055,0.42782043427529226,1.0897877720252713,0.8271933907548925,76.0,0.3692626120673387,17.90701791537751,35.10953332541619,0.17710559915168794,0.0172,0.04432619038038929,0.0,0.0078,174.05282818217358,0.03026101846578637,6.98780401139641,0.010499999999999999,0.03352596905073918,0.007186273468765779,0.0,233.63327454727033,34.124960857266245,2.5786999999999995,29.517165912905384,16.432529440717065,6.168071338757777,3.513107643708816,16.32662950583405,94.01111139126117,715.369426777158,8.5079912701711,1.0965813836751481
7.288179409630598,-4887.968172526109,2800.45135410921,74.78104322418207,-12.1527,17.883325475448828,35.48693354177328,26.800436229334807,625.7505049426344,0.00011796538060765006,0.04782198391935059,-0.0007511693498749365,-0.007430443719237324,0.0015,0.0,15.762079231933985,3.4244169328681675,15.924326906132052,0.9548918222553308,0.48011904178081066,0.4755343609935607,0.7755802732416469,294.84775249621185,0.034,24.487429526900073,35.61242901694304,0.12083809962590286,0.07068135667878624,0.0167,0.0,0.008253200589303834,367.7252143610806,0.0339330751880232,4.563327447654891,0.03277266554113462,0.008,0.004810397197556298,0.0026374482864467692,52.9117037279373,12.62540159887013,2.5786999999999995,3.0402325633702105,0.6279000000000003,4.605387501357567,4.651276281768764,4.039047156787777,82.70129777152236,140.74488536824688,6.183006591683484,1.0937129040325186
5.082384950848908,-5275.8316676093855,2710.407394078136,71.6273864561274,-0.023279096122724052,17.17726705133776,9.452473288934565,29.464206729817327,620.013207773689,0.00010369039137932572,-0.019965642034125507,6.437409932286243e-05,-0.009506064372931734,-0.0119,0.0,15.735220691689134,3.762709173357137,15.721075930774264,1.104276013554212,0.7046369444032766,-0.15138380930664752,0.6962965936266365,2181.732913083436,0.1179621408426586,21.373337363261246,18.028007456380323,0.033900000000000007,0.11909953291472286,0.0167,0.0,0.018259544072445354,328.5438583302026,0.01807426189866041,5.523181145033837,0.016897782692552026,0.008,0.004009392618338357,0.0,1.328800000000001,27.27713652192601,3.901522134445834,13.366719679341863,80.07337241018054,4.131671667305371,5.242976059361384,11.46180510936945,323.2527132222697,0.0,4.545876146956257,7.01043826902073
12.531235546725867,-5575.639455620499,2978.1233084579235,68.82953328265289,-7.4609444417079995,21.190829000327867,20.22416113582928,26.78988672909209,634.3218,9.304559593704625e-05,-0.03373319505239761,-0.0001294388680300331,-0.012289052260425315,-0.0002807586423154728,0.0,15.841522826886958,4.3699218912878,15.764200811475634,0.987794572757354,0.586609737700566,2.458,0.7919360015986316,1025.7852106415057,0.06429326161462134,20.89923745946096,25.369549271068802,0.07152226817044917,0.054997367065710144,0.08600905535696467,0.0,0.009507103045566307,242.17144370594627,0.2695714701172788,6.821311939927162,0.010499999999999999,0.03563969602983405,0.0025,0.0004375557634228172,35.89411983257696,35.499864793751556,4.332910252486387,0.3003999999999998,138.18582135929285,6.236663990011779,4.429671071317385,11.180720069446261,61.927667532380624,0.0,3.6093,0.3275000000000001
14.1879,-5859.742296532241,2801.3192713315084,62.31830649397061,-3.6039045989362104,10.823737061187465,28.73555334846663,35.44932141016382,609.5490689937731,0.00019887922568283923,-0.004729092246729193,-0.00010599944855467889,-0.009483777852468777,-0.000980271273754853,0.0005261438855616511,16.07,2.398,15.91496500208427,1.1602070049508282,0.46057584957984066,1.0679892296097613,0.7729901529246394,161.07318282655677,0.7888194486030639,12.16,28.279973793647244,0.06912708901491008,0.04059814538068719,0.02488448092655466,0.005678145841667854,0.015357096203902541,37.027000000000015,0.03428270307798967,5.692599200848837,0.02350574467650399,0.031656731666708515,0.006716125729967217,0.0,400.0,20.478911826525625,12.613929741231232,17.11520819737285,400.0,5.417437780566098,4.015688459657504,6.3052170364473,119.19919876209022,192.50101485607593,10.632433188460054,0.3275000000000001
12.0392959847015,-4806.001643477313,2323.7992591174434,64.29088726364655,-1.354014028331458,19.669963992872294,6.4482,45.165765117341294,634.3218,0.000154414666086988,-0.048671029551002935,0.0006656665270182509,-0.004109372698300624,0.0004933494253575541,0.0,15.819683261724172,3.163365448900901,15.626025892247752,1.1386005312486593,0.4943902642365148,0.9833534676360962,0.8764,641.1796197068338,0.08746825025656406,22.809461718687892,37.29427475649079,0.2015285227354758,0.10417276901438662,0.028697246269620433,0.005583137431507746,0.011028729274889883,198.58955997873005,0.06496223646546409,7.97145444856892,0.019413918622958163,0.01237266373074511,0.005173467458845951,0.0,124.97006651647007,26.335767763080753,2.5786999999999995,5.577920505555632,0.6311646493417857,5.659083092057224,3.7997523538064266,11.623366820262657,126.15738945603107,129.09479149598604,3.6093,2.915398982038316
12.130140430032352,-2983.1818385632,2503.4725738533425,65.56070014274397,-12.1527,24.493399583575805,19.9634784768368,51.716058890762184,602.5156383619188,-5.964191132952238e-05,-0.07657827878491652,-0.00045935613506605633,-0.00769039737013818,-0.0119,0.0,15.860466454440102,5.135663205085118,15.577413274877475,0.9304696046495575,0.4108,0.8401817200409898,0.7253980730194091,1376.0206514216206,0.11454468569827969,24.50274019299097,33.55300603914988,0.24486458671160263,0.11595210384950365,0.0167,0.0,0.016281803889556426,352.62620871505817,0.0175,4.688471918537453,0.020827627509346806,0.008,0.004551952410844697,0.0,235.55019943076718,143.0095285038578,2.5786999999999995,4.169210833678286,144.65312989379495,5.045884533216168,3.7073335086568524,15.722172464975406,107.11468832247854,29.761793021103358,3.6093,3.6754845581469966
10.902032199772085,-5722.908155827648,2919.369364446198,66.03069155415231,-6.833784136475666,7.00483186794235,26.42804084676269,28.60851436606487,602.6606521142171,0.00011389749382347075,0.011665202567311822,-0.00021978680227879507,0.0021813513289444444,0.0009816148616909447,0.0004456333221628901,16.07,4.335719616739717,15.65393664047292,0.8963154503752279,0.4144050640652439,0.23625573211599338,0.8757813210537048,201.33944672385246,0.21561615066412,15.103531941333603,25.641120380651245,0.1073960890562507,0.0504001470883792,0.06080064022274098,0.2067,0.011186094259572956,333.60259651047704,0.1672494551496762,5.395067513443539,0.034596268072812214,0.03405430734097804,0.009164174263512556,0.0,20.640991611850794,3.3354999999999997,22.307424764829268,17.947466539205227,0.6279000000000003,5.600830066354092,2.7066975635851636,15.272591587925657,56.49019514601099,962.8468457534743,6.766456370612973,1.4428951579441045
2.689378064581308,-5108.5570956463835,2274.0352195228506,69.86990023614311,-4.679278694907479,19.663652792505843,6.512127154926873,53.2362465297066,609.9768687906416,3.976074397096705e-05,0.13617962887674714,0.0002958250318343347,-0.002574258521126236,0.00110501799732332,0.0,15.809467332489712,5.201573997034931,15.833815516057172,1.081510622228203,0.43140473645051824,-0.292807379101158,0.7664484995886942,120.9359524701946,0.034,21.742285769880553,34.93465938653854,0.07685031687972876,0.11490538769114846,0.0167,0.006197668457430005,0.0078,345.29141848258325,0.5255,4.0902,0.010499999999999999,0.021892291086398244,0.0025,0.0,20.694903559790543,50.749511316233,2.5786999999999995,0.3003999999999998,0.6279000000000003,4.466627203283284,4.819132405276088,18.668716641321446,305.14283141814855,292.1777978408028,3.8182175542018806,1.3873252515240586
2.91317937084223,-5336.504391276669,2834.332088230197,65.08792177354665,-1.917553676763911,21.170601215227173,6.4482,24.24754323789116,634.3218,0.00020810788852400304,0.48249982745582143,0.0003695519373146718,-0.004643548058960716,-0.0012519202457337017,0.0,15.828112171681562,3.7509696375522186,15.546212670932333,1.5437400585355556,0.6229562961298281,0.5159620103336784,0.7712077530953771,1005.76067397466,0.034,18.73755931163761,17.23616008132258,0.05041145103590998,0.0882855414111992,0.043009443711889736,0.007182131791068518,0.0078,481.6167844647274,0.15817896766592282,6.545317977347487,0.010499999999999999,0.008,0.007306353311752696,0.0,1.328800000000001,400.00000000000006,2.5786999999999995,3.258479826750344,25.6283684661247,5.622250776355837,4.246541086688576,17.583165458114102,94.67680386957187,690.9259738664703,48.11641556318354,2.4081074690747117
9.565498666776415,-5469.844035828419,2003.0193003122276,66.14925074930943,-10.657113492793222,22.80163478992486,13.60083530803994,51.04131971357185,622.3962753786593,0.00010173267205194035,0.014668021279711724,-0.00012148830400100323,-0.006267290868542896,-0.000797999197408207,0.0,16.06409728281506,3.375987207360726,15.768458137686707,1.0082613887468364,0.7266055589951734,0.4636016428744043,0.7929854481888141,560.6651498887261,0.1448381418480534,14.09595267550663,23.437173309471028,0.15223563823178451,0.0172,0.0167,0.009734863676545158,0.01341068253020005,217.6276005818337,0.07031994270761237,7.2800327534844165,0.026841866549672844,0.03137507485700496,0.003629376066831352,0.0,78.23038492915862,242.0568902224886,14.26306273391625,0.3003999999999998,0.6279000000000003,7.107935074344776,4.100596417723519,13.398655085743513,90.38501180376514,0.0,3.6093,0.331026063182845
7.384158296558731,-5488.4039979053705,2606.725021199653,72.94919315944168,-3.9211262843192203,23.150079653458892,23.521757954699456,22.824836766465715,596.7434400360416,6.865990641916116e-05,-0.10437245180172167,-0.0006534819149182431,0.004055858158217374,-0.0005351623906359887,0.0,15.809758052305567,2.398,15.894485791053297,1.284848454045271,0.5730015589232329,-0.6012622204219247,0.6404592463041259,76.0,0.24130533626761855,24.53334360972913,24.504309252093414,0.05215022797565948,0.03877199591068102,0.019243375020182463,0.0008663680731840333,0.007870389535290888,397.64216029927906,0.10565450823952127,6.683415590526199,0.01610322055070198,0.034763021340861615,0.0037405599083960668,0.0,21.762941737806184,33.616991545942085,2.5786999999999995,140.82146800384982,20.51304717061196,4.296568615529262,3.840790283537703,19.20054460427952,212.0579229674969,0.0,3.6093,0.3275000000000001
14.044713122503552,-5268.463595444939,2647.4486653118565,69.33985175047867,-3.1957451090938043,10.145218298420128,15.047630345592129,25.721471549862603,619.7133421766122,0.0001057332851085409,-0.0070465529537459114,-7.648174552056614e-05,-0.013909309898998159,8.760071168954261e-05,0.0,15.852406502321358,2.8568587768717064,15.988143271334962,1.2804651076734865,0.45558926992703686,0.48914285857879847,0.8764,76.0,0.50326232273151,19.56150887937482,42.781,0.14453888777617577,0.09918517924060216,0.0167,0.008484323617688994,0.015368396329316372,37.027000000000015,0.0175,6.797062973270624,0.03361967124665286,0.02300791353785528,0.005793168558226334,0.065,42.083828571272164,400.00000000000006,2.5786999999999995,0.3003999999999998,0.6279000000000003,5.2943090044712635,2.5453209152101595,14.841374646494884,96.60042607768108,886.0120239052429,5.56512497475695,0.3275000000000001
8.120343445225584,-5257.805018285912,2590.509949910662,66.36099822667695,-12.1527,22.511048862856704,20.569930198396538,40.14100503455608,607.3460700911767,0.00016961534638842502,-0.009202632524526773,0.0013242601378133751,-7.411706068539796e-05,-0.001276599819900111,0.0,16.059031169852712,3.097429459962854,15.578475335836757,1.2430350601847566,0.5458659350721934,0.6381285130409522,0.7446295161737538,474.558033263893,0.31726920906624323,12.16,17.58818963624511,0.20316130097604662,0.0172,0.13569382156060306,0.0,0.009010116081539468,303.13534548915135,0.0175,7.635363625915777,0.010499999999999999,0.028988315262415562,0.006572681484027274,0.0,70.61516333536468,95.39943988291998,2.5786999999999995,9.479754783597173,109.69432845982583,4.797938031667007,2.6201037814598123,10.339001598818642,65.74137269185782,117.5081228846135,3.6093,0.3275000000000001
7.502031060346099,-5778.245181048964,2700.8395091230345,68.75318161683239,0.8112553966058234,12.79701623706495,25.976991610991625,19.754413393670347,599.0349809470692,0.00012464587619148183,-0.0671658113161209,-5.4659719961022724e-05,-0.007557182313557074,-0.0119,0.0,15.895640256081208,3.925020600627336,15.606157237602481,1.0643588626501423,0.4163528698370043,-0.7464919385226314,0.7799558024370065,76.0,0.0870953143322298,23.81595166155863,32.55967852346734,0.205798540335084,0.0172,0.18152814276616058,0.00042719093674607256,0.0078,369.84980639916097,0.3495847806158806,5.839464501724074,0.04594438878479229,0.03683569543850389,0.006131003879810767,0.0,152.83644359234495,28.22548145854094,10.903949336989836,29.22212062183784,1.6271114475286765,6.612542002350558,3.7811186092714095,10.020484259281787,74.16688455849219,0.0,3.6093,0.3275000000000001
3.9545988397803855,-1397.5898242804396,2330.9546451657197,63.06739337165016,-5.272881714726649,22.65316724676909,7.209403661387277,36.77927960735137,604.4681730461516,0.0002110649980214013,0.08784345246465178,-0.00033001400098121045,-0.009693668676033239,8.40588224097335e-05,0.0,15.948293442590996,3.647549239255105,15.769030793920384,0.9670279083313378,0.5364715910386885,0.7511526140421125,0.6881937398711511,76.0,0.034,21.100625281188147,33.34340971428654,0.1647625070629799,0.06970514713592552,0.0167,0.003155526879114531,0.020121505280237865,1729.8003258431368,0.0175,5.712231825666758,0.024344122960554222,0.03159043621753721,0.006107568744078053,0.0011931732320487748,156.4133231758933,290.09829532802354,2.5786999999999995,0.3003999999999998,0.6279000000000003,6.017212129679084,4.642542445366038,79.66410650577139,199.88597740870728,132.5326573234438,6.8550704938431535,0.3275000000000001
6.443211002800604,-5077.751183254013,3493.75,73.29192727205513,-10.96817369437092,4.4283,17.363824886174182,56.8964,618.0878135971865,0.00011977224396636851,0.11061906172235142,0.00035353121552734817,0.0006383979281509092,0.0012451243700989279,0.0,15.888489496920673,2.532095180366742,15.71856958421606,0.8365604049967539,0.4108,0.9854412312936671,0.6771431498890216,76.0,0.13575316872281995,13.359247559187834,19.064810731458586,0.1947282106474155,0.04977716782535164,0.11656462655380731,0.005361770201750283,0.008263723827452893,402.5023441069275,0.0175,5.5751880158808405,0.03103714318095929,0.00831073967521586,0.00664953985978256,0.0,16.709912712764257,13.420251012066087,31.47779402098704,0.3003999999999998,3.7149719098185483,4.902475496144664,2.782894251090049,47.161714556095504,72.59109694147342,235.68989182587453,3.6093,0.3275000000000001
11.185929624737694,-4934.211364613322,2790.269919201541,68.71283044873621,-11.987717075429476,18.528618051061407,17.528949495923623,39.30488594070864,634.3218,8.28951976927944e-05,-0.09007576801360298,-0.00031706233553202876,-0.006412446436781608,-0.0004295391026828371,0.0004572967630834757,15.870492363642699,3.529583542277037,15.785731057028723,0.6931143060649558,0.7259044950779724,-0.5469594467290151,0.8504956246571227,846.1862113546202,0.055814853580828175,20.181866625920446,32.75531950897361,0.05859785124104036,0.08612461193864433,0.019259922222807587,0.15258592555488287,0.016029650947600275,650.242167965882,0.06992405162755969,4.682301278362507,0.03229881447607033,0.042738035801548314,0.003918041653035894,0.0004018364831449562,35.63168574065851,317.16479225880767,308.8339545676483,0.3003999999999998,17.721267749078518,5.5312924535882475,4.327315535192135,158.1332,79.59269871485279,986.6667,8.112553835766029,1.0263749458245128
6.090946821122465,-5116.159308047065,2759.60689876428,70.52134619240354,7.190777049042806,51.696080233198344,28.41961367870233,35.114419058344,630.9066392424904,9.999110069797701e-05,-0.10735217129574906,-5.848543724494739e-05,-0.0024189547669010384,-0.0012845894011866154,0.0,15.843127779492152,2.398,15.66545780685995,0.8078558301842318,0.5425859754044396,0.6728880030283277,0.7477215348869083,242.9565672486777,0.3238404708076622,25.39789685087358,22.83679893732536,0.11777147240086461,0.0172,0.020927787210384106,0.0026921046283935567,0.009878493623662664,148.34323296783424,0.21990232482437186,6.078103140612683,0.014323630514194295,0.049026999882803055,0.005992671622336893,0.0,41.59246729279633,62.92448663938613,2.5786999999999995,25.823759593311628,16.817313921380826,4.748347638325568,4.809899928063587,20.761554985976893,87.67822001418216,0.0,5.897934337827639,1.090780056849617
10.582839102052931,-5040.226640559709,2419.5916049020434,70.01966103849242,-0.15474456149614513,21.306551170247094,28.548929318784232,38.706617752157285,627.7880383511183,0.00018644298124721788,0.04782137686390898,0.000624224913114206,-0.00879243407735658,0.0010194301126777675,0.0,15.810298475585926,4.2390955065423945,15.880867352291633,0.6195743333410858,0.49152213905485326,1.2022635034895053,0.8201245696909432,135.59866941523052,0.13093188026384003,15.816369207880633,41.77963209266187,0.06311491176499576,0.10694845572404267,0.02967604302213174,0.0010316907622418751,0.010852551437646296,64.16942871309232,0.0175,6.428799617760431,0.04363525578845591,0.057817084219075915,0.005600249517949437,0.0,18.691066973371573,37.57435470756094,34.143339439611466,289.54397553897593,198.05558554716544,7.2903,3.105634808295856,15.1269406335858,114.80375899896626,325.3447707682785,7.197540644525544,0.3275000000000001
10.179218931891608,-5054.6259566859735,2760.015199507301,63.18564523216178,1.2061720896661527,53.86197416479995,25.42566883926151,51.52588086921517,632.8716421565924,7.551651426511259e-05,0.0333668100965367,0.00013780535033932267,0.0006635779392118041,0.0007012720591191062,0.0,15.843016352800808,2.5546738514835745,15.757795686024588,1.6392885827880548,0.7275472301825994,-0.004305297518242379,0.8138108442108557,249.5624990100839,0.19473648385625986,25.42542904870429,24.03752348856584,0.08357395870898694,0.08976383972865702,0.0167,0.003247255454297072,0.013263033007410245,37.027000000000015,0.1087350115501565,4.0902,0.012583882503223369,0.008,0.03180048681439462,0.0,37.48346302243736,13.958963002964682,2.5786999999999995,13.479556634235037,19.345291295188968,6.2008669669771805,5.192137573801449,11.99895662792272,334.4706919122762,34.23122381405577,10.567833304973167,2.5804739545840367
7.274857309553666,-4777.517747847678,2762.4890547829305,66.72063869627135,-12.1527,40.47292530420996,11.043268648794317,39.463933002730116,597.3561958616883,1.841299921938627e-05,0.0012412355137522047,-0.0004016976695290423,-0.005666542467191323,0.0004887904762231682,0.015445633773431985,16.05244580899966,3.6868221970802453,15.647087581118157,0.6248432828381426,0.4108,-0.25079418307355406,0.8295116521918451,76.0,0.37391832368670286,20.76219743238023,21.950592883409342,0.1357777939155262,0.08968017081277829,0.0167,0.004954577202138581,0.01000548721945118,450.3889920718942,0.06091852474939199,4.374727489680305,0.014036942302802967,0.22210681537307808,0.007048256037018977,0.0,26.07250566717429,26.136935657601562,35.65228326071704,22.574287560906562,77.24271345760053,5.552915591364093,3.6653051231851146,33.271746956268814,138.07763108089907,398.24748612186374,3.6093,2.493999735818077
7.565707488211342,-5039.952965157959,3493.75,64.25585225656853,-12.1527,51.653616956950735,6.4482,34.99717062732044,609.9577391206025,-4.4865241079048975e-05,-0.048924268799024416,-1.446323707549537e-05,-0.003513741248843888,-0.0014188101385071246,0.0,15.83372423427365,4.083937925761019,15.54,1.0719840212862473,0.4108,0.5240004075328071,0.8235568069780967,520.0593570379081,0.06704682527321383,23.53698708965979,28.619018430806502,0.10773541863884521,0.028413471657788812,0.03928811203961756,0.0,0.0078,377.17858248815605,0.0175,6.098848967724769,0.010499999999999999,0.008,0.007935294843803951,0.0,400.0,35.046452401408644,2.5786999999999995,0.3003999999999998,186.21035206606985,3.3303,4.203934301044118,22.604568628535755,274.94928610009254,668.625472017583,41.75557951041397,2.287164136505029
6.1927056314300435,-4586.743077591289,2587.1440184283642,71.88680622129331,-12.1527,17.646082351001336,31.12427549838407,36.530090455751335,609.6807236144906,7.65182852632785e-05,-0.041467381870935835,-0.00020657043733229188,-0.008963878894877994,7.639230654653178e-05,0.00046994645753318815,15.707451108750801,3.143172470791042,15.784469204571367,0.6416558132125539,0.4108,-0.09894532625088076,0.8091039268977458,76.0,0.0894642173957099,24.374008772810793,23.2671939421667,0.12103634469805441,0.027171582847840187,0.03561344686047477,0.19080848486422972,0.011461278306777114,53.72755011052547,0.029895157297515226,4.526602650754772,0.026123248057448017,0.008,0.00420789687760951,0.0008683443311315552,179.08925087654168,24.42882284456211,2.5786999999999995,329.9085464016096,0.6279000000000003,4.593427065281812,3.4047328450237395,15.686280921253474,118.52127523092557,986.6667,3.6093,3.3042303914874323
3.6023152535014056,-4950.42131496039,2001.371638968626,75.9444,-10.918912603866648,23.334179785203695,35.69888337518356,8.7636,601.4818045983087,0.00023874607482517665,-0.047636786159857024,-0.00017296222882147563,-0.0027291426807446693,-0.0014218928436246607,0.0004084597140766867,15.741818322983422,3.3952590219750682,15.753139338479608,0.9585000880824103,0.5676681551069434,-0.5696432383719411,0.6620865334040227,282.66244594086305,0.034,16.24173046721292,16.062,0.08365383501760616,0.04956567403709604,0.044285056153798116,0.2067,0.01874826422430536,1196.5249122945418,0.02913087566058871,5.534841418202872,0.010499999999999999,0.021626613112044793,0.006214202110149441,0.0,5.179062765552162,39.42217927601136,2.5786999999999995,158.64356141385866,0.6279000000000003,4.035778764479927,4.965022870555824,11.938667849993529,110.16683757556214,928.6046745023925,4.193694086160453,1.9048383908533926
12.448022811842721,-5127.257010069165,2532.895768467471,67.93910674328669,-7.874310568723546,11.748849864570774,24.130857660134456,22.162097663280292,595.3218,2.7521939640146442e-05,-0.07765686454079476,-0.00058282640411083,-0.0012882274927888977,-0.00018433549010880807,0.0,15.899101475045251,2.398,15.787348261610571,1.0279111684452422,0.5057186555381453,0.059110148728011125,0.7216858914837893,202.59460207534653,0.13039259157432834,24.018490870457477,24.30590252947089,0.12719827170555448,0.0172,0.0167,0.0072335794141165834,0.016099238599073355,223.19577416631134,0.22273866764034328,6.696819496378454,0.017000970240084966,0.008,0.007376827729853763,0.0022513886315191343,15.441393720840699,15.52632436917558,202.0169903945186,0.3003999999999998,16.478699877359713,6.454696258401235,3.375721687231097,11.714439794616343,41.18288756402505,232.58765916824547,3.6093,0.3275000000000001
13.363889146078456,-6864.0602037653025,2584.3298358438124,67.58738942369098,-9.898279463504801,9.729194444170737,25.679085748449292,35.24004280271055,634.3218,9.971801616474681e-05,-0.07411648078200642,-0.0005795406083280674,-0.0038182984458054216,-0.0003769297627720215,0.0049212816533555186,15.881780919200079,3.0166613420789083,15.618001484009275,1.5233677885214103,0.5450725835796484,0.08612307787394113,0.8168349484118587,78.34751678769351,0.09639023019176596,23.287008745793155,28.56659333773935,0.1034913551183048,0.04556259866323381,0.032658883368488704,0.00026774502709179756,0.02057852116674167,156.9226825098931,0.1005032588552558,6.927201272425856,0.02816059394050885,0.026036513036913417,0.029527278453244564,0.0,66.16402267250731,31.426346958970186,11.072098673812068,171.2585219790638,400.0,4.79774532221746,4.6933143682626035,11.513426954227498,99.18571687344811,0.0,5.054748482402887,1.585183004645065
6.4609074403623055,-4759.413950935745,2496.138681566208,67.7830881867314,-4.183994375812468,45.956631489784534,19.04647571478657,23.16250753158155,623.6490995937623,6.129718665236183e-06,-0.10536801058485107,-0.0004299801673726259,-0.001630303296350116,-0.0028793980578314866,0.0,15.890299859746927,2.398,15.685338709323592,0.6055,0.4108,1.059529144721202,0.8495320817363522,125.76373148544354,0.14569173137081826,20.965506365517754,30.609823805949652,0.11685221321825,0.0172,0.024947126821714623,0.0,0.017851325113467577,37.027000000000015,0.0175,6.167073415454827,0.04442473022712809,0.026463470454217305,0.004772228316990316,0.0,108.26014895078364,25.95028652443486,32.448218309257456,21.424091863419456,106.71896860009414,5.993772336985403,2.1869,14.628508759918546,46.17601301477886,111.24613758118531,7.68905911533036,0.3275000000000001
10.785405431174405,-5477.799915852169,2536.200153001242,60.33210893340305,-4.718263014417355,20.03621396116781,26.891485536461886,33.40063861898683,626.8267301385389,-4.6113300894706893e-05,-0.03126409417252495,-0.0002468853609061388,-0.010993462450819001,-0.0119,0.0,15.747145707857321,2.946406674646308,15.763903426502317,0.6540497837126673,0.5108170008910338,0.5762880718994652,0.8579093053519735,683.3504901802941,0.034,22.68453125182432,19.940848915468187,0.14146488160755022,0.10088125244519547,0.0167,0.0025719798837016894,0.01723436035441499,571.1901175635847,0.027010946471692304,5.197095912848097,0.0424301531554682,0.029177269948053114,0.013482618686448483,0.0015645189296721721,5.409924967367218,3.3354999999999997,13.798460234817034,146.5373721947399,158.4901680322352,6.270965018053887,4.09846652169549,8.551541228927652,178.69655456488996,32.146452790476474,24.337966772093274,0.364827348956843
6.997520774491397,-5015.03667156798,2570.762822573159,68.95479009758665,-8.414977261314252,17.921412898256058,15.679921127136796,34.89491586836159,595.7420840888266,-0.00014616351193362536,-0.1022099139198614,0.0007016674292818341,-0.011617254853599771,-0.0002752460056242957,0.0003390455105658772,15.897365863102216,2.478478896929105,15.838748934851047,1.2575845095656246,0.5412958373390515,0.49010706444961305,0.8424096916407384,1678.3113345169481,0.034,19.95047923388091,33.529443756713135,0.1421039445786899,0.5775,0.03149052672359798,9.085659842138585e-05,0.01790415344747198,347.4861097995841,0.02036172103688482,5.283978157791651,0.010499999999999999,0.008,0.006355701090193599,0.0,162.92005618483608,84.7470216585731,2.5786999999999995,0.3003999999999998,26.85648953132579,6.6126367672111765,2.1869,6.748784544723925,95.28846344167602,57.05066284010354,5.752574412031606,1.8318412787590523
8.65705147969657,-5675.79343684816,2545.9729300435283,65.66502102267063,-12.1527,14.040329691860249,13.170170847219019,22.10596166337042,632.122947472652,8.542972006152741e-05,0.13378921452321582,-0.00022145205142540286,-0.006429353541987749,-4.4066602612894e-05,1.8583011012831673e-05,15.806904939596455,2.774308248483943,15.81362434425551,1.4358936773224322,0.538545237404207,0.6603757081426846,0.779655871188908,227.17802333947503,0.15949380113294587,17.071053228404296,16.999014756565902,0.13346343392036214,0.03750275175228747,0.033529629165718125,0.0,0.007910791169925869,109.57764705455412,0.072324368031445,7.888535892690354,0.042869271357514546,0.0561761301647966,0.004490740324344138,0.0,81.50633650661004,3.3354999999999997,2.5786999999999995,400.0,0.6279000000000003,5.177825199966944,4.874854703902608,49.647063187371884,63.02996175773397,986.6667,6.1209442583383815,0.9061784898333998
6.147176937050171,-5583.338890930868,2699.555070475662,60.2667,-12.1527,24.059368397591484,42.27757159732147,15.683283387304268,626.6602073165631,9.878108587345322e-05,0.1134130343923554,-0.00024220807853717613,-0.003184811587053281,-0.0026923416736375854,0.0,15.810369276314834,4.849445601933695,15.745005494846822,1.588877090351596,0.42352143126760566,-1.1166869189986273,0.6204284521523481,76.0,0.20781012401720395,22.13798417326509,16.062,0.06648684874711598,0.11209337831792879,0.045301194729972155,0.007350911251790937,0.0078,416.1197014215616,0.03220487348009707,7.033564084271644,0.0323480814441535,0.008,0.00639689915736936,0.0,2.636649042639526,30.641026986116557,8.367773245346196,11.500454324152626,0.6279000000000003,4.147023664295427,3.50357956990243,13.296797544868237,103.47169352021572,257.5651172684243,3.6093,2.0995817722375896
14.1879,-5736.670343219786,2614.5844301884254,68.2215243430751,-11.771603875751333,12.889984314028952,33.91725790119722,56.75956706217039,606.9811552122701,0.00020368316968012986,0.036683630512566595,0.00033775551897228384,-0.006162808560467278,0.0015,0.0002841920643389803,15.705489437639617,4.60763155197601,15.81728264888171,0.6674009414882383,0.5531987974092814,0.9100834761908136,0.8211999429636895,380.0470553476167,0.06757434973392809,20.466987072216902,30.22182672780129,0.2977863290987567,0.11289116312172201,0.038094490116928066,0.003961281567630969,0.010981402969559947,231.75805286315955,0.044158409243451324,5.323141303218835,0.03381783661099428,0.04051209069376821,0.006332324478778061,0.0005540431982319821,1.328800000000001,47.81171063966188,4.481254232997546,74.12322918023679,8.674744296512065,6.074238720737582,4.2128606748551265,3.4924218496164237,93.12855427364863,96.94340240989297,10.439348079502357,1.5324382735788389
9.851490943682775,-5786.83153764543,2581.4221043698867,62.95039865074792,-10.251375230159937,4.4283,25.069867370705275,24.227850273640676,602.2653663849849,0.00021284801113139384,0.1261823120543969,-0.00012898523108232653,-0.0018234048089588398,0.0009787724453509162,0.0,15.715998640803006,4.066481714639767,15.62035851547176,0.8044287673324171,0.6150366666488857,0.49873571713909337,0.7318570338945494,372.8600347010852,0.17452841595591362,16.914348522573754,32.72157205774627,0.16155753180506877,0.11363037366205411,0.21932692937376366,0.0,0.0078,380.2235575731286,0.0175,5.717393626930901,0.025267328141698037,0.019084635918900132,0.00536366221886435,0.0005762809298084973,36.04211469835617,24.264605872722186,16.626450444473154,0.3003999999999998,0.6279000000000003,3.3303,3.4062935833788366,13.21578634907313,41.984163371942984,720.8963363284628,4.627121397590967,0.3275000000000001
4.004893703883105,-4938.325291976363,2511.3293413519073,60.2667,5.577895563546825,15.035973314938817,31.398007918534702,56.8964,607.8545354904708,-5.664848586828624e-05,-0.11350000000000002,-0.00027024271289386847,-0.01063028099519098,-3.432977600007464e-05,0.0,15.811702035992331,4.142481353504112,15.710275171287472,0.7855773536592825,0.45761441139093106,0.46832012722259586,0.7538250230698632,76.0,0.034,20.186220078721753,31.01381911648654,0.17116645077658885,0.10530757027928635,0.04039812026071845,0.009562580858153657,0.0078,37.027000000000015,0.1219611197650551,7.270399575455201,0.015028528172055744,0.02881209274761214,0.008050980312921886,0.0,9.127913146491633,400.00000000000006,199.1689715143869,79.61183856534272,25.249624758504275,5.6430404670352186,2.490559693652904,14.354856212394385,89.09215111491676,164.03402546267992,3.6093,0.8308813333302175
11.511467191074544,-4654.8859817783705,2810.4152740277623,69.8981464608289,2.720054303938205,4.4283,21.39871037168088,40.823963672986494,631.6861035404079,0.0001207957611631933,-0.039098785089975906,-0.0008533679970517311,-0.003193081675382266,0.00012834790118761017,4.203124366040284e-05,15.92721307479004,3.556453602723363,15.92716649231104,0.7067081332103571,0.7120243388989305,-0.11626875194747172,0.7564922686405959,3279.702483341605,0.034,25.096118881027856,29.849056285209382,0.05835449607748543,0.07904020065201785,0.03471503462809493,0.0,0.0078,37.027000000000015,0.07816986595449642,5.874941799732394,0.010499999999999999,0.008,0.006872365002249511,0.0008592385073415,38.6072671396032,32.10472872906913,7.395193834448108,0.3003999999999998,10.880999456976426,5.439292590659515,5.234382567169647,7.189995140981468,18.0064,142.00300735776375,5.829939210959941,2.4203730570859756
11.044818793148336,-5320.334694285357,2756.205940102668,72.13144002907237,-8.616626607973085,12.054980815264935,15.450965029255448,35.870237857780054,606.8004230023331,0.00013512031847288516,0.14948724330440724,-0.00021568571785300893,0.003979813571189365,0.00015036127558280945,0.0,15.751278466939441,3.4710373474124387,15.820118615045825,1.5905824108282562,0.6183784722151608,0.28299089892446627,0.7808379716312339,395.95610263304786,0.7827957512591953,12.78958315997734,33.01439354630526,0.033900000000000007,0.24772030185743146,0.17679222101550626,0.011550843139548218,0.0078,294.80838590336674,0.04438777712315191,4.534197577316263,0.02006894048057741,0.014071507955553396,0.00674286012639138,0.0,43.36825251727027,27.787958801284617,155.64552338352956,0.3003999999999998,0.6279000000000003,4.387655023127365,3.752282708475743,17.803332662669707,36.666276626660924,986.6667,3.6093,0.3275000000000001
12.518012693964037,-5305.389081891965,2403.424400886504,64.40980634881603,-10.35667024392649,28.167265682769468,22.463916200684842,38.72761484882625,599.9078240477893,1.1369160610410726e-05,0.020306745289771614,-0.0005787328668621333,0.0001268722236787926,-0.0009031918822782145,0.008265287122763976,15.778663734001388,2.5966660327224216,15.955733221928373,0.7530452871029061,0.7927534760078889,0.8407830931068723,0.7068070693660929,313.24232726175626,0.034,19.329146695250802,19.60743717323779,0.15057534728708646,0.0172,0.02019374980624772,0.0,0.01018074065238328,69.82270167467209,0.11624436144299038,4.1569118461566985,0.03298091863509588,0.04971747659909498,0.004289362192997248,0.0015539035112144884,148.8523453107512,106.80281176036164,48.9882569799698,19.061312656832808,14.71276815000083,5.585761468247776,3.980017615232394,22.220909299112208,82.23022319947711,37.40872905612187,3.6093,0.3275000000000001
4.845111278873038,-5368.344597420073,2549.531194237652,67.79669893185165,-12.1527,10.895365156920906,8.49857216170087,28.83255920929607,624.6521988961141,0.0002997434034599238,0.10123329862243216,-0.00013585803242066588,-0.011889699625713237,-0.0017648424449809412,0.0,15.794487099527963,4.131504202427341,15.896313647984433,1.1817440823550982,0.5968510521561294,0.5522670383650179,0.8268349299142271,777.9647120274011,0.24609333375085157,15.50318133987511,20.81694859954174,0.12286253300446484,0.09647156110288156,0.0167,0.0,0.0078,133.52690849744926,0.041355753766586206,5.84754106381687,0.02561979082339975,0.008,0.00564976498172714,0.0010752383016454138,40.69700137361708,111.82829476531887,2.5786999999999995,0.646975283029045,5.662975182200493,6.773167724540926,5.145859520115083,8.841704360047999,78.89782405885175,0.0,13.889485329813018,1.3433154258034699
3.646233969596259,-5216.449338317714,2632.497387392179,69.94011220691513,-12.1527,9.415353757965093,11.849687376260515,25.74282804053302,626.4299438276325,0.0004000000000000001,-0.07820882363052303,-0.0010046723992883767,0.00010989337993192946,0.0008485372441418311,0.0,15.965568676051074,3.2808273496310236,15.714786491390916,0.7383714491895805,0.4540990104368783,0.8615180053686404,0.6196715246718933,76.0,0.09017499973981524,23.445604890580526,29.08602033471808,0.061147724860810285,0.05399965646274858,0.050346316746302286,0.0012755433157372303,0.011586070340467321,377.35031969641307,0.0175,5.612168894909632,0.013294975166255843,0.008,0.0025,0.0,26.056091962038145,31.10428066165781,5.934016581179355,0.3003999999999998,25.568679672764837,6.232603700884454,2.492833851439084,21.23086565531101,100.40625261303919,0.0,3.6093,0.5087974488211762
12.804653951300836,-5403.263524454012,2904.7117166528055,66.03973183892886,-2.80081392920373,13.68126163459025,14.723459253668304,43.84981801755477,618.6181729609635,-8.896667188118803e-05,-0.0729162714684019,0.0001581500159836031,-0.004356809328425077,-0.004017194628170258,0.0,15.80760294647588,4.071665460533303,15.646886785535068,0.8202943271742222,0.5060303977164097,0.744591440310989,0.7721362958167357,76.0,0.09440737114691239,25.16047243420977,35.21654449612176,0.16632290915228332,0.07452682378406991,0.06647742883297267,0.0,0.0078,296.27455520973325,0.0175,5.529295963704937,0.0373939953145714,0.02064993938220052,0.007541885074799134,0.0,29.025903222360157,19.585129981499378,15.203368170222534,6.789006694432738,155.89950304327442,5.484404806917846,2.4891335174111346,12.196474141093393,18.0064,228.2116302025678,16.909478853849755,0.3275000000000001
10.694340736706469,-5499.749898110638,2512.195795746071,62.85647764008902,-9.729966847160782,21.590177588962224,22.92489397387799,34.46901464834521,631.5494154897995,0.0001696770429510699,-0.03287100938506684,0.0005280384628920682,-0.005160689959220583,-0.0008771313674380557,0.0,16.07,2.6545727350828683,15.73572530173347,0.9462920046561254,0.5254231923451443,0.29588711587564254,0.6789299021899045,490.5870461063856,0.2759785496361639,22.095132031703027,26.297341476295994,0.23847772123338198,0.03245881810967355,0.07191465925378654,0.0027955334447855697,0.014275979186874338,361.3680565631581,0.1775721469617943,6.137329330693676,0.03418066869532596,0.02442263203619389,0.00739285316817243,0.00012081901233737665,37.82306854121029,83.16246167881386,15.16695194303593,2.4122573347485448,9.775365168634538,6.075823121134071,4.612545292325135,8.046888021885787,101.64413323391764,766.5006134121552,3.6093,0.3275000000000001
5.29801608391104,-5495.865980959681,2571.810918328451,61.70382228928039,-0.08699316319083472,17.86898078842018,30.71450399584058,53.11263009797848,598.9317418067067,0.00014998089188876163,-0.007853950349832895,0.00027166280888819643,0.002225413097309739,-0.0016737093950273385,0.0,15.861548670202303,4.478506488694602,15.63888101303403,1.3710447067888276,0.5197273588989703,-0.30991501168147034,0.754423486765636,143.3155086920603,0.5603282854449799,24.40557194545753,24.982996736589776,0.09202025433511372,0.08961315136723166,0.2817,0.0069756180046829375,0.0078,119.46661882704203,0.10782031330696133,7.70000809303064,0.012324277206362368,0.02191719210489807,0.007941924954583604,0.0,229.79032807994884,37.145351334572375,5.858795811569264,111.83414972541972,12.716072511288333,5.1022037508865425,4.100838198634685,19.438145686413463,236.97837143691572,315.8150300027993,60.5469,0.35030388497130494
12.683089601857803,-5443.651925667526,2380.9772413500536,74.83448060722635,20.444788077806674,26.09517579109957,14.153267854693677,32.959754679888604,608.3972764381585,3.610033760048779e-05,-0.0010480605240676347,0.0002011714538021072,0.003039561875669646,-0.0001954873860521958,0.0006109803681106715,15.897154190887393,2.441864185316815,15.762509648803638,0.7925041765726222,0.5401091459853608,1.1120119030339068,0.7776254763609999,584.3317298910165,0.034,19.97377698864298,32.866438589029286,0.1300360498569653,0.03285452330077758,0.0410206215047132,0.2067,0.014968109682929723,71.10954214904476,0.0175,6.587661800915806,0.018156311113899537,0.02523674895787768,0.004695267018173323,0.0,33.308046461598806,46.262489697387416,8.231271278935651,28.873959421318837,13.735728413093474,6.402094684742691,3.8480259222180724,152.5461453776638,116.80966592644562,0.0,4.452520803021894,2.1260207690031145
11.035317899295256,-4869.404508754777,2870.670428559364,65.22974604903304,24.737358095585726,21.7670969174986,11.092236477757547,32.73327950684334,633.5268943234279,9.127177869094336e-05,-0.03216103679916503,-4.4064507356782506e-05,0.000918545815715625,-0.0003778131386834444,0.0,15.759883776550584,3.2112589908945317,16.09,0.9054357650068434,0.4420785791948646,1.0653215966179268,0.8764,76.0,0.15430952949589186,12.950288528333127,30.368424796594457,0.08784619293366976,0.0172,0.09095469524868163,0.009897176301333521,0.008085229752990992,266.2907964098164,0.0175,4.0902,0.02478879667941121,0.008,0.005734087229948876,0.013621471883832299,45.578658395491715,16.552146582355263,2.5786999999999995,313.79189961291365,0.6279000000000003,6.036988069231355,3.1215119107279117,5.146429821877806,52.030770711003235,244.5277934308504,7.578668627407554,2.7554145102630123
9.031924023481974,-5188.78453826714,2642.5973262901753,63.202034128238694,-10.376949922976511,14.840725723414838,17.08961827810058,29.94091022143616,604.8262869725365,7.067638762157182e-05,0.13663272291725503,-0.0007028369052650608,-0.00618584335075454,0.0015,0.0005300742513751441,15.843815851512922,2.732521674617815,15.81638129758515,0.6055,0.44718890966938474,0.32030513950300177,0.6921460442248792,422.74513474381024,0.1272958379443935,26.71,21.707551006929837,0.4892000000000001,0.15422741791678388,0.0167,0.0,0.0078,378.5129445552709,0.0175,5.460827998956285,0.02474515841981942,0.008,0.005065800551044161,0.002346578219352603,21.958252714976965,11.67600038429554,2.5786999999999995,5.5957311292552445,69.17851433224416,3.5302611688372725,4.859721192163233,4.061618095206149,196.75951622980045,92.60289020353585,10.372341910859006,1.8169039642455793
7.993933015938142,-4845.075359793678,2653.57076095793,71.64579759132148,-1.9160798204099039,17.984751299448597,20.481463157571714,42.300534543230405,625.7136528098216,0.00013505426805000825,-0.037972785268830835,-0.0001976167760611274,-0.0033685896901610767,-0.00019485894164419508,0.0,15.947110829096736,3.717491758281187,15.669101469070943,0.9005893872259703,0.6808725827812141,0.21488026708685581,0.7320249293842415,143.40799432842954,0.4067494284185261,14.377862098451624,26.79963295407372,0.193940060553219,0.06834008397865002,0.07622943734677548,0.0,0.008115969252953055,167.0886061373628,0.15961791256335733,5.041256612545032,0.010499999999999999,0.03748799655418781,0.005532756253788446,0.0,45.385988120033744,140.293003279927,2.5786999999999995,0.3003999999999998,333.025920195676,4.064487053488917,4.967312353140586,21.07706062847671,85.59086902729072,0.0,10.458569873181345,0.3275000000000001
8.57959092122348,-6005.57733046191,2392.0406925936095,67.03168563580289,-1.734042190792691,17.56238536023522,35.78174078343583,33.56380684577121,621.8326526176162,0.0004000000000000001,0.04384648103168039,-0.0002859767709633666,-0.0039799966831287475,0.0002229024914385079,0.0,15.905540512946724,2.8695686648310015,15.737443182745883,1.5072248099856331,0.41222880933682926,0.6810107085085646,0.8432990635533019,76.0,0.18153790052051805,18.301044408973112,20.862028812274616,0.25182135436325015,0.08524175047172292,0.0826314323011105,0.0,0.014764041709443104,260.8789327011778,0.3228041287002178,7.8159195764239495,0.04937307031360627,0.037436392344553066,0.013123818973159795,0.0,33.01663218262585,35.618672134190454,5.510136442813611,5.030721301495984,181.24280044976013,5.227948175407852,4.645666728336065,7.88071690710716,101.9734478138708,302.99606670792235,29.489655309537806,0.8879798405702233
14.1879,-5027.933027968059,1378.6097605864563,72.39558749224216,-2.6981864261596846,11.538742216081841,7.41210224814437,42.96544746420745,619.8787013886771,0.0001257201342321632,0.09048161828501244,-0.00047594976500141495,-0.0012227989093913302,0.0001857713765756641,0.0003886326215045315,15.699332121661223,3.252763509435322,15.739452746599609,1.0090146310759838,0.5573428251011966,1.4452373365341178,0.688616622738503,660.0257878683344,0.03827977900400484,26.71,35.431173000500706,0.2216632298104571,0.08047293358389804,0.04426476699664843,0.0,0.015072249876322677,181.9897037394756,0.0175,4.331904577927612,0.010499999999999999,0.008,0.004281422762764442,0.0006293937157190669,35.63886221132968,3.3354999999999997,267.5136427806324,3.397938460820514,24.928419414121596,6.789726495601982,4.251052475655106,16.623576458204973,400.0,139.7395004588551,5.788661273462267,0.3275000000000001
8.384046690987335,-5556.937485183406,2596.9418609963996,67.78355394914954,-12.1527,24.7946474108375,24.903395144061168,43.91979352781472,615.3124257243524,2.4891355042109844e-05,-0.0015685260043211127,-0.00020914836273398148,-0.011192604521942772,-0.0010544648965512555,0.00043966826773640124,16.07,3.6366516732522083,15.725111807007607,1.6132647778848976,0.6193462572157745,0.030002623247882054,0.7608119863258828,387.5186121099837,0.931,12.16,25.80815615851779,0.09675725146455003,0.1835528873986236,0.0167,0.004016316369357436,0.009306228731486383,438.22234694805286,0.0973872817460561,5.687276367529356,0.010499999999999999,0.04415296630322988,0.005876454384283543,0.0,1.328800000000001,30.40490928985177,2.5786999999999995,0.3003999999999998,0.6279000000000003,4.211279882693098,4.7458357019165245,27.833196467656542,101.76324181655383,280.3387327319439,3.6093,0.6790349512970787
2.932047191437074,-5624.083158707029,2414.1618341046337,66.56473996024003,9.726187773653567,21.32316332385846,31.515166489628058,39.97565565250006,601.6914993527835,0.0002274775149161244,0.04668719393541102,0.0005774492012276438,-0.000871205070318402,-0.0012825971980633959,0.0,15.797361193727408,3.4154543668154185,15.624148179417652,1.2436978656422395,0.6417649256483711,1.131477900084984,0.7802901470477532,101.7290807279295,0.039799429045350915,23.571369385328655,24.90117487660104,0.11030464970015805,0.10102044285054068,0.0552024666601001,0.18731722066077877,0.008366376103976409,178.21940542327883,0.08098387943397922,5.964738069344708,0.027834961623718624,0.013053939213512831,0.00762892500307932,0.0,400.0,38.92926678351476,34.73393349717949,211.76955506385087,14.977876195841837,6.594456424281839,2.5394415910253167,13.39151707146177,88.26281443641717,219.28980200348087,8.90543655574534,0.5966427632855598
7.403508914535656,-4830.74576244948,2715.2353312835307,66.64294215574984,1.9778159121300585,5.995525368896002,31.837596389991752,33.72517791643026,607.8933704563157,-4.520729770680111e-05,-0.05685989786002886,-9.309063107457142e-05,-0.007839586849621251,0.0003431914359795057,8.156468436237385e-06,15.641683678953294,2.640890097767012,15.96381285132518,1.018081240434731,0.5381373161729275,-0.9196131668039775,0.6263990013000414,76.0,0.034,25.29561438402197,30.89293548486652,0.033900000000000007,0.08808503435084465,0.0167,0.009509935856493968,0.011199445443131232,133.98341923362895,0.034977237764953206,4.851358629402812,0.0265747930955983,0.014665281149705547,0.006186547348257523,0.0,11.787619830779335,28.37745315668243,161.26648432381012,40.920665687012985,4.113534444605784,4.972282389352705,3.10871337395116,10.140676022233441,266.66739301849543,986.6667,3.6093,2.2706487122327417
7.03077678298871,-5154.939001052302,2624.5238099765775,65.58492835729686,-12.1527,17.638766192687175,24.345879730948493,14.228041798358541,623.5759632642462,-0.00012141239672568808,-0.01928817271420603,-0.0006116286250809933,-0.0021604316063427937,-0.0008311566630916189,0.0,15.913356545267806,2.989921163241912,15.724116110384,0.8258660899693906,0.4729937120164066,0.6518855862956736,0.7807556605390485,167.4425250993889,0.10756596509231871,20.514724851231573,19.9347031245167,0.1642228927778589,0.0172,0.032367780557684384,0.00986174615212547,0.018269650639205725,346.0590269484744,0.07936198300776953,5.101621162892408,0.0381554732839127,0.022706146248852463,0.008765552396649057,0.0018378159198301678,36.68324894758738,134.32576068373663,2.5786999999999995,6.610578816513676,269.1098419051092,5.833563024848926,3.3000437696961433,22.068644545022607,46.97352891977463,0.0,4.771218914121314,2.5841165811733093
5.884776498552022,-5092.519733021374,2569.4142392554677,75.19809214891765,-2.2368025472902597,21.873613328857775,28.187714308315122,41.13890701730628,632.3210627019239,-4.779586200273746e-05,-0.002106692984120868,-0.0007719862059439353,-0.0011569758723861644,0.0007464800769176581,0.0002880638369404159,15.96729502999513,3.616802210058677,15.804604584757548,1.0009601741013479,0.8899,0.7191432123984252,0.8162978292239746,259.33633978621333,0.034,24.227753489414543,35.48179077956724,0.12427943336100591,0.08540648628192146,0.0167,0.0003763687322168044,0.010487209419381603,178.43184490858366,0.07695489165185618,5.778348600882668,0.03420345544979756,0.017963695500594012,0.007905480669275529,0.002460144577803848,116.47547254827057,31.590225923280855,28.845519372566073,13.878773690886828,121.3932217692264,5.5458838685235365,4.3887901988586275,13.491993294966562,69.29337117963638,658.9171296659658,14.609177399996437,0.3275000000000001
14.1879,-3927.360941861164,2623.2725150314495,65.86694312186424,-3.454984237319034,19.375847155378697,6.4482,37.50253766238025,597.5149850855778,0.00026496279653990054,0.045743678015290716,-0.00038547920525139594,-0.003712005335591624,-0.0038690121451680796,0.0,15.877724886865678,2.65679325955918,15.650798963629882,1.3198088023001777,0.43134417344705056,0.9092016340473961,0.7779085118493432,76.0,0.5644216209798271,20.778051960152652,29.650463464244375,0.15154884600070112,0.0172,0.03237950690975585,0.0068895130981847935,0.012165391254401792,2005.8744,0.15657600219049245,6.859652362405921,0.03189594845838136,0.0311844503926567,0.01015443409567033,0.0007066640376270513,31.82605374890852,26.472703639893766,2.5786999999999995,0.3003999999999998,0.6279000000000003,4.625213062585436,4.54782005218388,18.437943393073354,87.52892598199682,18.110122879925825,3.6093,0.3275000000000001
7.295262990889469,-5696.842666558547,2740.319969946826,62.71027584529333,-12.1527,17.018268040539773,16.55748411650292,21.02499123495979,634.0540148310604,0.0002626886963416992,-0.09185629804716774,0.0005593508947391529,-0.007874311296952138,-0.0011279447736953878,0.0,16.047155016455434,3.603916757227496,15.664298847381046,0.6055,0.6450799640821431,0.31416297159001905,0.8528071711795391,218.0528538754104,0.09713884619948507,16.493892895608838,25.3002423554311,0.17274995416725114,0.03414657593640545,0.02481353182927268,0.0,0.0078,90.93703391070403,0.0175,6.8813646389217435,0.0349063120177724,0.03142856661749182,0.0025,0.0,130.7495146710703,3.3354999999999997,12.388084167680372,0.45276182314944435,1.806186734557965,5.600548279726959,3.8866143128421644,18.401149813838764,294.99924665696733,59.687703214717544,3.6093,0.3275000000000001
14.1879,-4829.22139364524,2860.9763145849406,71.157539762396,-10.901763599424028,4.4283,21.946682051512333,40.29821316468846,596.5501989509045,0.0001660807138635765,0.08096347460494158,-0.0003017180214281252,0.0033576874098015727,0.0015,0.0006929472087748788,15.702888013509869,3.4401525626725666,15.763715510261193,1.0926461462760517,0.49761349140344435,0.9102790089885262,0.6267928795024738,266.5708811077371,0.5655587235464928,20.546060881646618,30.360864565723762,0.2239089878167188,0.06853644604357338,0.039522705112874076,0.0,0.008824614868604695,394.9714752694521,0.0175,4.816458527490964,0.010499999999999999,0.23881760208465427,0.007631019975246679,0.0,400.0,23.758783864590704,33.92000553255173,114.80446578858806,0.6279000000000003,5.702346296303297,4.247794100902464,14.249354776587953,22.640554670172058,558.2035311514421,8.69106391205547,0.3275000000000001
11.51179738513161,-5385.037695964309,872.8876823892751,67.93562468840568,-12.1527,24.29543522171536,31.682798314890327,48.58072789343166,624.6305612993093,0.0001256435142652861,0.08893593979014283,-0.0004998538357876214,-0.011766926590546364,7.2594827063476455e-06,0.0,16.01595244397518,2.998292451923364,15.682470524274263,0.9840774650117643,0.4108,0.3993389843447952,0.7760057931322623,76.0,0.06324126505956572,20.428585158843596,40.20530423132728,0.14862488789753592,0.5267014144759243,0.0167,0.0,0.01591170323947768,1028.3410168230332,0.09124817373326956,7.035359005682016,0.04926635485042071,0.026764990198670482,0.023519558410570175,0.0,1.328800000000001,160.25323316265917,61.56415186070817,0.711155840158435,252.5309184809368,5.924887329866504,5.064513908887857,110.69560567635845,265.13127860619323,557.5072939602096,3.6093,0.520245162580695
11.559017051543295,-5113.531827874061,2544.751894350801,64.62119507867916,1.8490781106458363,24.289059566536654,30.108205813890095,22.26093045532527,606.2235306392894,-6.269218007143526e-05,-0.05355540370474082,0.00040914855669638416,-0.0147424518352967,-0.0010363827752969026,0.0,15.732554057301758,4.449752302609374,15.834007525266543,0.6673419989961931,0.5928665855996005,2.0764151054125692,0.8764,315.3146750414031,0.06126976761506578,22.730305850127998,25.137057076427688,0.4892000000000001,0.08350942728478097,0.0167,0.004121547337449818,0.0078,263.1420581790501,0.0175,8.615951807135412,0.018137813775122358,0.008,0.0060615791605772105,0.0,38.517824421319744,382.09902540333303,2.5786999999999995,0.3003999999999998,0.6279000000000003,5.600989097554497,4.693659137210101,13.850649282228574,82.8035097200812,131.1524475848458,3.6093,1.3826260067008973
10.435025223316007,-5408.343000369689,2415.709465064709,66.52946159896318,-1.0198695659706094,25.811503716892428,29.005096763408574,23.455493022123314,619.5464738693241,3.083879753835299e-05,0.021597273829617288,5.784872993342286e-05,-0.002919624761319634,-0.0009028616805825911,7.963366791406413e-05,15.814739682733302,3.8259142415477454,15.780962714647355,0.8249154273676973,0.4558349521582613,2.458,0.8764,76.0,0.21013848213000066,15.907828347391899,18.510909198011653,0.11254701169767235,0.05600091552585551,0.0167,0.003899638876336481,0.014920145782200196,64.81503441771804,0.07710331853091405,7.380618275970073,0.046918862362445385,0.015489342470373573,0.0319,0.0,25.438045229337515,21.02105070113494,2.5786999999999995,0.3003999999999998,0.6279000000000003,7.2903,4.056414550136771,14.931711546342125,188.52517753568512,804.8838827371723,6.521468929647737,2.8416688296210038
9.062193548649072,-5225.915015973311,2756.350354891477,65.72251792697094,-10.305600743154004,28.94882558960929,21.93754862911155,35.24630530367421,609.2855977202757,-6.803113419579445e-05,-0.014800802195809998,0.0004322136652157051,-0.013223363311228396,0.0015,0.006493494818987137,15.908700006741086,4.141797187771565,15.601859621818319,0.7529043223722367,0.4428255981378436,1.0530553024715505,0.6638186344620979,182.32865700929187,0.14022193457909266,14.91361320271391,33.28209992307859,0.1514537184036826,0.5775,0.04162263007129027,0.0,0.01614842181868061,37.027000000000015,0.02942209829594071,7.1489693701003905,0.023521077835457694,0.045189650535806994,0.005836691192967602,0.0,24.381422011850052,136.34694248201308,27.836093767252308,15.639463252759304,7.662314456756737,5.674170141544718,3.8532353504017385,15.463032204914402,48.755555669933294,0.0,3.6093,0.8854453538726101
9.037818634095322,-5258.433628080838,2654.1267813610425,67.39703493212538,1.734669599877328,17.667211981266494,29.291100616536966,30.33613938449608,612.2092597600558,-4.1482681093500264e-05,-0.03868158016717592,0.00014660808419514457,-0.0028683704998654514,-0.0008198912093303076,0.0002071742732788484,15.834364130179656,3.605297068399562,15.765735135430608,0.9418855243481399,0.5006972636523613,1.4949706327623378,0.8291712181778925,76.0,0.2546579522309643,14.394082933062489,26.740267807305575,0.08300241260432202,0.06458258365961253,0.028835016527654626,0.0021504600259298775,0.015427883863536282,182.1786289096995,0.05125095892992269,6.785070437839377,0.02497199154766102,0.01831921212693438,0.004221563973434935,0.0,42.87885801592724,18.081111986928416,2.5786999999999995,33.11439336092984,0.6279000000000003,5.613066243094701,2.259557141072086,11.003451248474574,110.955735434494,986.6667,7.842781357132257,1.9600562293232442
10.545912400004447,-6302.02819702912,2966.4511048218737,63.868156646747295,-4.919677191812738,17.561090892755804,23.932332842287085,36.69524845827876,613.3097331913806,-9.455057526137577e-06,-0.0014256997073628513,0.00021587536595860554,-0.007536384963829179,-0.0011997741259893175,0.0,15.89866492963522,3.29954832462619,15.797938964065672,1.0364620303260756,0.4876992017547166,0.23787377820738864,0.7723210421217283,76.0,0.14029847905783863,24.41644342055262,28.677896275147603,0.07404389527421626,0.03365430937646379,0.04245340518450817,0.007668493733982472,0.008534344609044646,380.3483713513121,0.028253573938217084,7.078830579466196,0.03681278684546505,0.02266719618705284,0.00591778628672961,0.0014713270458995712,13.481129626450953,27.398174575500786,17.768847527085004,0.6018840851251195,0.6279000000000003,6.211241927818708,2.1869,11.034511080282025,76.14518815299215,160.1917535849585,16.5738156012981,0.3275000000000001
13.960296981786023,-1368.75,2410.984942253925,68.43049456802089,-6.285345672595557,10.418421836870495,27.298192022289143,25.701495869185337,634.3218,0.00022037608395173203,-0.11350000000000002,-0.00021308265132080113,-0.0031219356820020314,-0.0012977212116692875,0.0,16.07,2.8370442390405497,15.714389193328966,0.7759242310820904,0.768516207578879,0.645175641849882,0.8764,764.8247444481701,0.12383665474053404,14.3118696020965,30.610822029475507,0.13945663799396116,0.020286450110072657,0.025868359053275232,0.008403302951121723,0.014548265642736693,220.57299551390733,0.06551222949228096,6.466569060604037,0.04076649874126739,0.0242903570932854,0.006858052464016701,0.0,34.18318322443366,37.54995359481546,23.704447030767213,166.92693121241666,40.389178360737944,5.8101375633250925,2.1869,52.7695198319942,197.98935580960273,0.0,4.075387940860314,0.4353798560659976
6.6788677346953635,-1368.75,2684.5689490612444,63.724158369000946,-12.1527,13.380539634386745,23.70377675756308,44.3097039961025,625.6207875662669,4.7736146811769615e-05,0.023229434960337077,0.0001464638573184359,-0.011571128055578871,-0.0013036297983633192,0.0,15.851334867778641,3.421812063978948,15.710856249440953,0.9402440619116648,0.48790278372662155,1.1657182773131451,0.8151443491884619,434.75600484592394,0.04710655936996282,22.588435691478036,29.19804463140711,0.33102471262657585,0.03913041467319976,0.023575634666031388,0.0299434309464904,0.009909732301375871,253.07618130725487,0.06574849760222665,6.230250470516186,0.010499999999999999,0.011669589112402928,0.0319,0.0,1.328800000000001,400.00000000000006,2.5786999999999995,140.89932237045394,22.663633629636138,6.659325748039563,4.099679893322734,10.618567141319597,90.38817965653391,0.0,7.100236414970972,1.8944475518507615
6.466946598868816,-5466.301655816093,2344.952633015482,71.77807259472812,-8.294674355799737,53.9451,24.43191657368927,30.27091318865313,618.6367992330873,-1.0113553774196844e-05,-0.11350000000000002,-0.0001124661859632901,0.0055900971685414955,0.0008808405153664943,0.0,16.07,3.4277208718034,15.764344106113843,1.1009855583039825,0.4281906173139688,-0.21871305356317472,0.8764,663.3898029080731,0.034,15.338118359775748,18.02022208221112,0.16499378396496317,0.0172,0.09991069961915792,0.0,0.009413640535277528,411.9338137407131,0.5255,4.475171202063387,0.017351433773415553,0.02991534530877757,0.0025,0.0006821265407086966,26.438806431524934,3.3354999999999997,2.5786999999999995,28.54328706505759,128.26444481989722,6.28952791364835,2.1869,18.591731992908496,94.83356388486033,375.9901542077283,3.6093,1.0218581283188914
7.46161303626729,-4717.186122961291,2570.1025376653965,70.72827533280112,16.101573450983924,14.698745065826273,31.10220510653754,39.05049397304702,616.7508690295218,3.651018574330977e-05,-0.011048371694809841,-0.00040673289451056434,0.0025222676122855243,0.0003536692935214201,0.0,15.722983494521193,2.5547667836300456,15.73655658982486,0.7919859719931561,0.6674277137557643,0.4042039720073827,0.8543988952366777,2600.3629248826273,0.06481295936831671,18.18514134620087,30.10212138695629,0.08467987937067263,0.025586327665878275,0.04566060716583965,0.0006551386790483499,0.0168260320797618,37.027000000000015,0.5255,4.9946095020538905,0.015042129715475578,0.017093528788971666,0.00536216549951161,0.0,400.0,3.3354999999999997,5.863201213506446,338.7200237950819,2.829504306644992,6.346409132902704,4.814985828520204,19.23478330199781,239.9285700535995,434.2884697173968,4.12693332880872,1.8313092697911575
4.055686936535327,-5690.056466341118,2326.4485850918586,65.39726590014925,-11.832927470406563,23.911053577609607,20.612310291307193,39.230985253263114,613.7938885633664,-0.00015349034845924995,0.05055306261032668,-0.00025582444386942107,-0.006546748570660689,-0.000600511395667484,0.0,15.754132952388648,2.9625163581372433,15.840716217541072,0.9744110120411299,0.8724565088665194,0.7447575700471005,0.8094771232002052,732.9457327034821,0.08010497646644532,16.531017533827146,16.062,0.12278766170536647,0.053095660363994504,0.018967492553413227,0.0,0.0078,398.76207268923383,0.027232661790553454,5.5503288113797735,0.010499999999999999,0.022267846211026808,0.00417915029765441,0.0,30.49020817662285,21.498691578596308,14.264298008619438,19.3225283041606,16.732529331981606,5.549594566676387,2.361407355393891,158.1332,69.70635051000703,73.23400178073663,4.014871711720093,0.966850441383036
4.478790183521187,-4944.677677149408,2614.7506757314486,72.75530041588401,-12.1527,10.534138904117086,15.547593321956647,42.81715751628172,611.7038499009715,0.00017880066178325117,-0.09619608276423847,7.688962779081856e-05,0.0016603847458201287,0.0005361967538152667,0.0,15.847489250342196,3.7713747910770397,15.993499602219519,1.1717982421925974,0.5445307808203567,-0.12023070478531167,0.7992053233816604,330.413459122216,0.16334074824507216,22.619411493508725,29.143090865058557,0.14423636996174088,0.07184328031563034,0.04322552986485838,0.0033035061113092603,0.008896300348817115,409.4153884198588,0.0175,4.4133169445343166,0.010499999999999999,0.032033421096582304,0.009262094405901231,0.0,31.740288380070652,19.521742204013805,10.625741486418763,12.527544382466079,400.0,5.881229481030746,3.9874307267691065,6.977561187853613,74.13784590811176,804.8672221661392,3.6093,0.7436609878221476
9.305496386874626,-5612.576853685922,609.5,70.93831666492478,-10.413358057980616,22.713974096766897,30.2040805447024,31.52914172347736,595.3218,-9.249912555732702e-05,-0.06532894046702045,-0.0005791411239886225,-0.006491525932527862,0.00032205311869989723,0.0005120748295363037,15.769748156104791,3.285139888403531,15.810077957649694,0.9529982781662643,0.47258085794519494,-0.27379132691065283,0.8380165619620719,363.4026344656883,0.05265121439740668,25.32154826834627,26.119016606641097,0.28021962879765894,0.04321307187468238,0.0167,0.12682110095916949,0.014147688902099453,37.027000000000015,0.18523525443979166,4.410594695360238,0.020031830535705942,0.017146355406997493,0.0025,0.0028337747384186117,120.6163153496583,3.3354999999999997,12.67294370283282,12.488652149384569,7.788205017792907,5.525193376410445,5.722381231756982,5.234337941584644,400.0,0.0,11.483789454696723,0.5994483355957589
4.530043508767088,-4588.796781333931,2729.4095384154903,60.2667,-12.1527,9.258064411062122,29.560334541511526,24.296678994194316,612.4924574759161,7.23936251800552e-05,0.13869621363326243,-2.667595648067378e-05,-0.007363764235673297,0.00021050900750507447,0.0,15.696088056145278,2.7593794846069892,15.793020470922901,0.656187692163512,0.46760992065042556,0.5663256514753638,0.8087503925798205,237.3321504953621,0.034,18.03339660891857,35.20544751567209,0.0628777275716068,0.04807836188911548,0.01685391401400619,0.0,0.01653723266501242,230.06639836453644,0.0175,5.506142847002226,0.22,0.008,0.015444350931815485,0.0025656026833684557,12.808404642787494,13.03098394917124,31.13374270265768,0.3003999999999998,0.6279000000000003,5.879244076587952,4.551187754766616,14.472244997827726,142.82663834702205,102.14725325328297,3.6093,0.5766289967448053
12.6595436636572,-6005.437309255005,2551.7029652018614,63.298256530796856,-8.498294081951178,15.958907008544534,31.75792216187248,38.5375093809139,622.1488145206889,-5.0780373271547486e-05,0.03625220228076972,0.0004534962853203831,-0.00922604890907814,-0.0016586413719612365,0.0,15.752883441232907,4.538130245967849,15.743495660797622,1.0786041845326708,0.6822242147997138,0.35012318411536747,0.842829825575289,576.8167619931559,0.1842886879423299,19.21619654147536,31.020354018396876,0.16974507107321493,0.3340465910419102,0.053598852107046534,0.17072942866381974,0.0078,297.4681435959967,0.06806168828218168,4.647550776545327,0.03926583108722228,0.02963427489802832,0.006077016837728733,0.0010433331144296095,1.328800000000001,28.520015903475635,2.5786999999999995,0.3003999999999998,4.889305168768793,5.564853769341679,5.307497908990234,158.1332,99.05519416300913,584.3590529251501,10.297848999021124,1.0158429402421438
6.895293192788695,-4520.629741172992,2616.7271255253204,72.09647204912893,-2.627058324722197,14.356537548186319,34.344681408016214,11.895190953468258,622.8776391304552,0.00028217787636186393,-0.02879107474977671,-0.0007256240906007068,-0.0017311386424174562,-0.0007988397556857056,0.0,15.726271947001246,2.899993131788473,15.70102645896546,0.6433771367741897,0.5215583594722687,-1.8283919568613547,0.6950800343729927,517.8233056023447,0.042875086249174604,16.420157568461267,33.514615415832196,0.049419551644195245,0.0172,0.0167,0.0009243964904335296,0.013698050390226297,196.94741535525637,0.0175,4.0902,0.010499999999999999,0.010346972927286556,0.004079551371380552,0.0,126.04256923834501,19.112924321113574,5.114232956296679,0.3003999999999998,6.247078585384732,4.363765321270273,5.8606,10.461537108032697,104.35663165338018,195.57262384756228,3.6093,0.3275000000000001
8.046020321073422,-5464.9579775082975,2412.2397328775537,67.02486467276934,3.5267374385127574,15.443887410998176,23.53718932367097,23.16461678753124,615.6578438207467,0.0002812027250633212,0.04879436836099658,-0.0009289375689839747,-0.0007939632515715066,0.0007094283865035249,0.0,15.790338302605942,4.017380763053991,16.09,1.3972933370851919,0.4108,0.43392056874302987,0.8239751156900955,550.5811078727089,0.1372427543420733,24.570056192744023,28.743150156565427,0.07924729642400653,0.03322918502527516,0.02813742851390543,0.005528147244189464,0.009528935442702047,445.8727756433401,0.051884976921907446,5.931626181608652,0.01821461123827573,0.014493823229760103,0.005054110585748519,0.0,10.136760579010604,31.964050390723628,12.264452876722768,10.516167719032696,12.549290808924148,6.40454352339044,4.0619783655521084,6.35981132264587,65.90004469595333,852.811012628536,3.60977973437787,0.6459142802376919
7.613581319877102,-5374.249839547746,2708.6478041287605,65.10593493512916,-5.883291527002992,15.715337107150965,17.53334754470783,47.28557088334078,632.6161203408438,7.797948464396724e-05,-0.07862184594133034,-0.0005624323834762027,-0.0015573367478578862,-0.0002594543398661225,0.0,15.710715627583845,2.859712264589078,15.926550663180619,1.5514895426823372,0.43278803891798956,0.05307901181023822,0.8214814617134985,76.0,0.038993118490669096,22.923315642610582,28.669141697728705,0.13424867252300543,0.024403068710276664,0.0167,0.0056654397483465475,0.0078,121.1771442071076,0.0175,5.857260968492533,0.04036872594487254,0.027248355657310284,0.004872740436260202,0.000503714265741134,19.81873711126277,329.7956892023167,13.424092261976561,0.3003999999999998,9.085005843837724,4.192672291762673,2.5643465295451833,38.8713269640612,54.71621773897873,870.1475608573812,4.9310072218519805,1.302331594713316
8.038320209957535,-5896.651708468491,2918.543984726026,61.11885287396509,-3.5493722536725234,26.855432118340534,20.53256540045311,28.805827814758267,603.9428519183011,-9.665096727658052e-06,-0.04054266949311937,0.00022748352100073485,-0.00624708693308841,-0.0017675802913152219,0.0,15.870536913541558,4.3630506069690185,15.54,1.6649913775176834,0.5950746107227814,0.8602624019918084,0.8155760097765079,694.609356549428,0.25478841971006616,14.128703706049553,16.60658885496852,0.0855337952040167,0.05958340849763004,0.032157871982292204,0.009942083632401729,0.010761610022695538,333.1695343610342,0.09532766827158276,7.1091954222933635,0.01126013546597652,0.020993475367924546,0.014187821910316933,0.0,17.880622877174858,400.00000000000006,2.5786999999999995,0.3003999999999998,0.6279000000000003,3.910942541459987,4.9993057448636415,15.669635539634779,112.5289664444484,986.6667,15.232510579543884,0.3275000000000001
8.189866241085545,-6349.004803949265,2636.7839597192633,73.70749055558618,-4.192850408651303,4.4283,23.454957295887233,44.85096649543384,611.7763386515,0.00010569249565731183,0.5792189862371807,0.00018618617428951543,-0.00852680154071962,0.0010118028154638902,0.0003580892875921092,15.669255901598051,3.3872080365679365,15.87900390817461,0.8850923281735318,0.7187241501086025,0.8032442579980965,0.6905861786007653,76.0,0.034,25.896635928277494,25.619592309489146,0.13566402008762302,0.04677578867832784,0.032363030468153475,0.006482117305808608,0.010904078937160852,140.70487637840267,0.12713945239143898,6.574464393756093,0.046300740148156265,0.01671739205385106,0.005469129066342549,0.0019285413494013544,1.328800000000001,3.3354999999999997,37.8085915594893,159.65367916435605,2.866260309337952,4.9914919957808905,3.5448054353368765,9.393957424265887,85.60515768359,986.6667,3.6093,0.3275000000000001
6.492817589402428,-4867.270036823017,2555.4061867360742,69.59581571464477,2.755809958604805,21.125680761719607,6.4482,39.2386265893719,596.346956917333,8.746123473316008e-05,0.03860160700394319,0.00011929337473848742,-0.001836907692838301,-0.0012955708697849838,0.0,15.885522471737335,3.7827115056129106,15.791693082665647,0.9491779886205929,0.4273028531274583,0.9483329096689321,0.7049548541096777,435.09520383642086,0.7311108166847605,20.32618672148637,41.7445960014657,0.258685326825305,0.02542366178482474,0.0408304882609799,0.0033308860637432346,0.008607483620268572,174.45470223236862,0.0175,5.08863530237879,0.01151870458323152,0.08290805991514139,0.006664579769964806,0.0,44.376901710600904,41.25812548240056,2.5786999999999995,17.689493342663027,0.6279000000000003,5.423363114701949,4.470607186856687,10.504642669112252,105.267450836107,951.8524039203052,5.581043059400251,1.3319011784290835
6.328328734982298,-6384.881147789432,3493.75,69.69290566159256,-9.49099743284613,16.627226334396255,14.296540720360309,29.779324730340257,612.9845974583693,0.0002421874550881404,-0.11350000000000002,0.00020677364777962404,0.00423093747561386,-0.0009163779037517722,0.0,16.07,2.9460429475796137,15.762841102245416,0.7894512464498591,0.5096592945665691,-0.4936161978224864,0.8764,76.0,0.20314715421653987,15.310785151336745,32.15550143199561,0.05693219462782571,0.0172,0.04634255746412531,0.001198029837369039,0.0078,474.10583809025786,0.03439748226678856,7.7984332783571,0.010499999999999999,0.05367569842620761,0.0038853910356775705,0.0,42.177206234475435,311.36092987030725,2.5786999999999995,132.72555242265616,0.6279000000000003,5.595180495275548,3.6321861646845766,9.006037462722162,185.64810588249276,53.804728352713084,3.6093,0.97931402568464
5.168056823176103,-5230.779948020335,2337.193325582924,60.88334389655279,-10.90003110331617,22.585997992791484,18.47826206563022,56.8964,609.4406179136206,4.026475147792716e-05,0.10344849856385199,7.524177807237523e-05,-0.006040190705950427,-0.0004707115687668411,0.00497102658967822,15.811669212705006,5.1309737381396845,15.685155311132668,0.7870905709877847,0.4108,0.5828143325425181,0.7691822146698635,76.0,0.0811511065624332,20.938162599763757,20.80073183739329,0.24550563360065053,0.1002203788204249,0.07863319833765152,0.007318969138131987,0.009575075727338952,134.55476834157355,0.0175,4.2374869068380505,0.024012882398287024,0.0162317591403699,0.007287252866938378,0.0019501377345587277,38.91316524626756,19.473704284047088,17.78381532070678,0.3003999999999998,14.272788232686374,5.110914753745528,3.9509282006880686,7.654890540947803,68.31110615242545,986.6667,3.6093,1.138581026109772
7.924018811060431,-5429.922346254718,2656.5528062773105,61.663810898295765,-7.319516588534594,21.0097346113278,24.689773828729635,56.11586015765417,631.7617016587466,3.1841332277007974e-05,0.03377000114446714,-0.00035319999334553696,-0.0003040072239869976,-0.0004765521655003765,0.0,15.886938350957587,3.0046115352769482,15.811495528448038,0.7685462578379016,0.49542693327843523,0.5763734041677937,0.8294358791920808,827.2664261712845,0.11041516807122903,19.56646777819512,24.90089004699151,0.07303303925349688,0.11659288390445133,0.021280265103820032,0.0,0.012931517566925007,412.1616665111975,0.04030938658010533,5.429329750335666,0.015444416330958817,0.024170556311700456,0.004186806911222796,0.0,97.52802777853572,33.964377631086826,29.22467998217401,0.3003999999999998,12.637867897737545,4.687911393250837,4.452208060795938,20.227458164546697,97.77965927085728,762.7544066012836,8.266787775992718,2.4426649846504827
8.269154852544771,-5449.921025021049,2810.968621391463,66.84246032295337,-12.1527,10.986955176570852,21.962485897860933,49.86881123507679,601.2841375661985,2.6725955893230407e-05,-0.045895559930859205,-0.0007782130785832543,-0.006499643440999844,0.00018654788716747567,0.0,15.877043854684933,3.0932639002586706,15.960299032237955,0.8357107866671383,0.5346070744436902,-0.7618695446948538,0.6734594212208611,76.0,0.15891549410998837,24.28474315542858,16.062,0.08272356280543934,0.22276391993525713,0.07618167113780513,0.008339535892956633,0.01197548092940415,388.25965828180455,0.02299983663827196,7.049641660811011,0.010499999999999999,0.01974050445954416,0.016657432395344084,0.0028489165209725953,35.79544823427635,39.39734857085054,400.0,0.3003999999999998,20.278297199862845,4.372798257625363,4.1234390359383335,14.081191586194368,57.61780195719886,986.6667,5.470746691743365,0.3938336278988077
5.1923105805286465,-5026.48065945854,2547.7208860452033,73.89726379621908,23.234486157869163,9.673611031139119,25.891699687731304,17.078164651341254,612.2759993933138,4.830546090277026e-05,-0.11263411212875088,8.478925341400916e-05,0.004464042219084639,0.00036618643856570194,0.0,15.873413799149303,3.77109785759121,15.589238087581093,0.6055,0.48614955791995706,-0.37181086724903367,0.6792100652511983,192.72328422217197,0.034,21.90918700246348,30.232373721821293,0.4892000000000001,0.0172,0.05602300003109169,0.006915873904314595,0.01517339442039761,1655.6946116672887,0.0175,4.0902,0.010499999999999999,0.01445267439043211,0.003091997240604282,0.0016045159998182945,1.328800000000001,23.090048157314943,2.5786999999999995,0.3003999999999998,23.706062607704816,5.081642401647365,3.2178024900316,17.74287260911693,94.06653087380099,986.6667,4.070060501593006,1.3655473269861536
12.32999394610102,-6531.195341407043,2574.0013248989676,74.02602101756821,-6.377043208806665,11.09791252449427,24.834787605918248,28.842098132839517,599.921465499641,0.0001893794385965404,0.0983875866171399,0.0004112076459260666,-0.016,0.001202302129474384,0.0,15.844325012979798,3.015161456095144,15.72961914299779,0.7157735942924384,0.5516833545349514,0.9575393349569401,0.7316810370086018,202.58416324508693,0.278387496517274,14.41961148047473,27.72478594259948,0.17230940673406936,0.06570336946180641,0.1431370337907687,0.004853036611709195,0.012898556736898058,378.69552694029477,0.0735833197334465,7.622214641717918,0.026438976236944304,0.02271531431178559,0.008246433309986452,0.0,20.20552367785429,400.00000000000006,18.094780308327117,0.9918292396159245,1.0483285509188285,3.8932768666678093,3.930583150947854,10.778834018161424,18.0064,711.198309239054,4.137948088004893,0.3275000000000001
10.776613490430066,-5050.53690236518,2551.959701841106,64.74591429600582,-12.1527,14.544536927510718,21.871980755902015,19.17378195402009,628.3078514873772,0.000114495928274052,-0.11350000000000002,-0.0005322841202468438,0.0015474340389479684,-0.00156368280083042,0.0,15.85808201714519,2.398,15.681033449845554,1.0430830863065783,0.7699355337519308,-0.17357301503688882,0.7643755238311735,664.8215304734762,0.15205956955545252,18.29438984140642,28.69339254298582,0.06998023680860131,0.0172,0.0167,0.005105483860551265,0.0078,88.08704195833133,0.06756933682233028,6.310791924914165,0.02404298556177543,0.020274266574083624,0.004486948924658623,0.0,29.251478882936663,3.3354999999999997,15.446915529837383,160.03764393083554,0.6279000000000003,6.539716998361244,4.2582989892019345,21.299465770094244,57.496865877901975,0.0,25.147603641552365,0.3275000000000001
9.661011464485135,-4889.208091659877,2566.108405629037,75.9444,12.300978659662574,27.89816810576196,16.168252118120634,56.8964,606.39566581249,8.354631852518587e-05,0.02142476840241395,0.00020868956641486143,0.004323402602821052,0.0008152421532873234,0.0,15.88617111682263,2.402554662831715,15.669302954638058,1.6030456398586637,0.4108,-0.3602858938756396,0.833429517810314,418.79079785356146,0.23963978199429342,15.95562995017449,34.8745825053354,0.1471057164647381,0.029735219091643953,0.04757934439223613,0.007508232921320088,0.01237865870157139,134.3476145106021,0.0476795496599938,6.1624495834814255,0.010499999999999999,0.044984219008042906,0.0033197233705367746,0.0,231.18515254619726,3.3354999999999997,3.9154737486874307,0.3003999999999998,200.81965322932544,6.311520885176082,5.314449797945275,10.633342019195787,216.06424141241487,986.6667,3.6093,0.3275000000000001
11.718487606878014,-5366.248431138941,2390.7998919036736,65.25483914212361,-12.1527,4.517743569320709,41.76769442727592,36.97543303943723,633.004864368854,0.00015311385494538545,-0.11350000000000002,-0.0013,0.0017963966843752236,-0.0006675807564689274,0.0005180721298915759,15.89716134546588,2.398,15.732776886355397,1.3440659963581962,0.5443573542864211,0.8199148187000305,0.8139309056722649,76.0,0.21002177197422317,18.13530478096329,30.811167163111797,0.11911584973789655,0.04812845101454178,0.04682336040990563,0.003397285371991309,0.016707201839893094,111.71282135602519,0.10613997098214524,7.89989097503987,0.03584165540688433,0.04201907621980033,0.003802915393713929,0.0,230.835987953181,6.306904302068094,32.75982942249525,250.24967530094932,54.63228696917455,6.88697853074787,3.489251429157764,21.01905109668087,35.99186101979156,899.4356008147506,3.6093,0.3275000000000001
6.154378430706979,-5291.925441903219,2630.1251540316157,70.61108029216712,-0.8717345503749585,13.612169386717346,15.155615339165845,20.162328004852917,605.1095003423419,0.00012176205616768665,0.029170487756704135,-0.0003686252299593443,-0.0044077846548281705,0.0011774260206863028,0.0,15.949248131766963,2.58859246974313,15.91936101586196,0.9666251089190756,0.4432058368319406,0.09484110392417133,0.7421402282692494,125.29741573922456,0.11944842752891671,14.387237314085242,25.87370030920381,0.059399713900237,0.0172,0.12741056687857727,0.005625255235437849,0.0078,238.55005295317602,0.0175,6.434047713323149,0.023159643827189078,0.008,0.006234074892823535,0.0025829354778153326,6.5339383775473365,154.15157859136826,4.31299666095647,25.279763673814074,6.510238535095082,4.5655781090448215,4.011256374995312,3.1599000000000004,35.93382088235201,872.7039991055528,21.593722144806172,1.7775408651971911
10.842604575208497,-5157.8305530505295,2706.2674324989966,62.48124222225189,14.623482499848674,40.234772984856626,10.411333146014636,27.713890754123057,617.2160285109063,0.0001385405591581056,0.12692293124204657,-0.0005141117434253643,-0.00606907457136685,-0.0007360298651377955,0.0,15.969171454563917,3.814536719585055,15.54,0.8782742314539144,0.5514622509839635,0.3545683857790751,0.8690662835459083,479.04838908965473,0.03869096877944704,24.007970026187653,30.375924861342746,0.13995475964243773,0.0172,0.15370401774142045,0.008097952027182604,0.009085032666775059,226.75001451492975,0.0476853182546351,6.563479018539178,0.030010996429978204,0.026673037696684842,0.004385290187199005,0.0,46.937133382086216,30.26016431901004,21.497698966262647,68.15845215238579,162.1561482430863,4.970880733764227,4.413916120169179,18.72718806168188,43.654106185757925,36.54214840100374,3.6093,0.3275000000000001
12.650010313297239,-5139.171785443192,609.5,63.71513027097615,-9.658360617402902,12.264857366395768,15.998420157574703,24.922569301058843,628.3067441767421,0.00018214723859504185,-0.061882808136096264,-0.00010708164601823188,-0.0016944865333579796,-0.0015873739087350926,0.0,16.03883472259039,3.39905949707462,15.679081401062954,1.2457316461316021,0.5568500499263433,0.39594273568467653,0.7906199005853175,76.0,0.14232529309844036,16.79312911189001,30.548979179125833,0.20339531410545908,0.0469369182820862,0.022586369242647716,0.01016840396276903,0.009165619421702291,43.779291371711906,0.052038904651831946,6.513475112416294,0.0302387867210668,0.028893488618850775,0.007287050969489558,0.0,76.41891421597293,19.00393328267013,2.5786999999999995,0.3003999999999998,4.342604307304225,4.840617330311593,3.5540732037769383,21.462199354118653,82.39243212656689,442.03889060953816,7.470178803095163,1.662079054203135
9.288492064979584,-5420.052575894376,2624.8717475973626,68.89724078073296,4.608201395499723,43.06126690676622,13.169894133403961,31.30605985516253,600.4336779590307,0.0001226493301798197,0.058447247996332496,-0.0007991835229313129,0.0030359597773409134,0.001232073176871291,0.0194209902452306,15.86042302380363,3.504037339467143,15.781334902787817,0.6637689906545385,0.4562681272785355,-0.015637444085322305,0.8202278147371904,76.0,0.4009802523004533,25.262827202673158,22.552808847237593,0.16184501468356174,0.0172,0.0167,0.07215595236228513,0.01564475226404314,145.0286566476887,0.12724369414605294,5.3777935098677565,0.03138425476523307,0.020330171422961184,0.006833897105298567,0.0024940494619447684,265.55881339364515,20.357537473739796,2.5786999999999995,3.736527092773615,0.6279000000000003,6.169201978488959,5.335990617595189,3.1599000000000004,298.37148688319104,746.3219623228347,12.773993001708591,0.3275000000000001
13.313484789724289,-5418.021392602705,1795.929729403912,63.3524277847976,-11.917446210218316,27.89649228064338,31.637875663426314,28.321874292088868,609.0772332764944,-1.4771533776789206e-05,0.0652051988964936,-7.464197596698787e-05,-0.006282237409279618,0.0007266622168048963,0.0,15.913084446747886,3.108223020363356,15.726895778549576,0.8923071392032925,0.4108,-0.14803426177795243,0.7977130704076988,76.0,0.1383492196768407,16.355239198927155,19.881798970546804,0.11914557233903883,0.02302286599186762,0.0167,0.009288360876815557,0.0078,112.66027352593846,0.047139614808567945,4.568865613585631,0.013472551825763235,0.033583799524538605,0.003730141969515743,0.0013210888536469287,147.8004081730852,41.163596702269636,288.7549287121626,0.3003999999999998,15.078743279952551,4.608407884972809,4.941018735933653,15.176282990736983,100.24210740765662,457.5555989741771,27.4096073368839,0.4872188919850302
8.862769392643727,-5560.857574921634,2572.1346291459563,68.08393005460506,6.254599214359477,23.24426639635749,17.83323792840985,38.19933476067369,615.6937827381108,7.754258778770013e-05,-0.048523597031176646,-0.0008223626717831371,0.00050211984177706,-0.0018436941677690579,0.0,15.72231527117925,2.957309175601618,15.719985115755126,0.9387518920922421,0.5117101077500169,0.5961854113766181,0.7887076755621513,293.49436415237795,0.05136684651082138,21.457886420190075,24.239141244280155,0.08871708050005057,0.0172,0.0167,0.0008218670036206735,0.0078,251.12149977720333,0.0175,5.404816584073062,0.014217837189545671,0.02422017547778932,0.013226936966019114,0.0,33.705889443666535,144.3649819089334,14.284557571048156,22.151425879370237,184.20276482361461,3.569400758099255,4.234931042024327,20.243540196723636,55.90513305861829,605.6597220143856,3.6093,0.3275000000000001
8.50526899367666,-5584.297292091655,2702.6955907873976,62.5754321031211,-12.1527,5.234189714286707,12.996499196627786,45.12366596933645,600.4346204912974,-6.289021623123285e-05,-0.06669231414222054,-9.273938093742258e-05,-0.0071123174536323625,-0.0008875059855360222,0.0004780360074505491,15.752683087519657,3.4216845219411725,15.91692857937044,0.6055,0.4324259398674432,0.21210371354966195,0.6491578018617987,400.18496276114195,0.09793458467156688,13.85442594217093,17.630474526226124,0.14393534841354208,0.06228108044763256,0.036229376737087385,0.0,0.013743206306828546,135.3504044688365,0.0175,6.114302062277447,0.046045317583408955,0.050941091822814165,0.007634745387582748,0.0,76.69785183096138,13.018520498053524,18.329241673293257,0.3003999999999998,0.6279000000000003,5.699631704024683,4.19549666642494,19.338998117252437,84.37044605915743,974.4941861201054,3.6093,0.3275000000000001
14.1879,-4900.056631276661,3493.75,73.24841599830462,-11.4199410036709,14.486170342257925,34.16373298111854,49.48952254795492,605.5130919998597,-0.00010105610664559039,0.08001907845443096,-0.0005278668929585322,-0.0025050015704074467,0.0015,0.0,15.824822050480279,2.6073437595014637,15.54,0.9529741853675338,0.6420022196783095,2.458,0.6421154396200739,270.6101084854421,0.11425975522792411,23.279611587087118,28.60171213682635,0.16315543742506972,0.018919910319889988,0.0167,0.0,0.011636945310046526,58.3198142331359,0.0175,5.281758236854929,0.02271089007449296,0.022573771938390705,0.0075974769192786,0.0028994541348196664,400.0,23.634930131039596,2.5786999999999995,0.3003999999999998,8.994520274878857,3.471477218076184,4.6015975751196905,8.968077506153884,18.0064,654.8982697650052,5.985263846258773,0.3275000000000001
2.2493,-1368.75,3089.5687517930396,63.46444916848117,-5.504072707333982,17.84535675692083,19.50618831995726,32.412837784923454,612.1019797048408,0.00010089440731639155,0.08984683255083109,-0.00046238642342615754,-0.004023969591065957,-0.0014272897575367354,0.0,15.803226887828053,2.8331344282579454,15.77214933665354,1.3491824206873289,0.4108,0.9172959489503774,0.6954799829012698,185.1096333823914,0.1476714440661524,12.341415860826807,22.743966578460594,0.033900000000000007,0.09941659946610032,0.0167,0.006340503513165693,0.009759316319753322,305.8752698520642,0.0175,4.175225073799933,0.022470997328231088,0.008,0.004645852522195753,0.0,1.328800000000001,135.93324383389614,122.80331089821871,4.538093286619227,0.6279000000000003,4.8462693197750495,3.1849121932358386,12.529207840535022,319.91140233673184,11.968286313120416,3.6093,2.787181923838692
8.658015423099199,-5300.955098482909,2357.897961498237,67.28002659633643,-11.286369482615093,30.683741805816815,30.12591677701401,39.80626438178376,622.5208978078784,-2.2147590753399734e-05,-0.022017501567871692,-0.00045338177033029894,0.0007625658553059717,0.0014601957411816157,0.0,16.07,2.398,15.851842869867543,1.290760760134845,0.763028673015975,0.29754524375250413,0.8764,229.60371952408286,0.034,18.627185022751302,30.05639105137676,0.033900000000000007,0.09566491881793227,0.0167,0.005244191407553849,0.01373100267842731,41.247446513949114,0.03515001392307054,4.764822589940394,0.023959959218348533,0.021132189587880407,0.004555119858292444,0.0,257.26227165443566,128.7048324438926,399.22777326324683,0.3003999999999998,400.0,7.2021773846829955,3.675366055274339,21.201611064095943,96.92928558950486,753.7951084374895,3.6093,0.792170513071293
10.101500219922503,-5357.805845272533,2562.342004341655,73.71725366707541,-0.2838116577954235,27.18493586104712,26.71505824937162,47.15841607941289,613.7259853201974,-3.863540699448401e-05,-0.04063590106784163,-0.0006577099467330212,0.0014440811252400421,-0.0005167520389484702,0.013970670249652397,15.88913677635859,3.406380279591868,15.80979980744955,0.9661402055250463,0.4317413814851144,0.7527921638651265,0.6704844783268543,582.5441462016591,0.034,15.787946356566756,16.062,0.033900000000000007,0.023856547761967037,0.08290069645017185,0.0017193537261761354,0.015153477432110835,266.6318607870488,0.05516133548631829,6.097156547815697,0.02111054286203664,0.2839,0.004796347670281895,0.0,34.67928425963528,27.896760328196677,32.94431120879059,29.47059031259151,29.448621403777064,5.957633246840499,4.303669188041511,16.356850352816792,59.0252778141192,266.314104724765,3.6093,24.175069895472383
8.75024064727804,-4798.852178692594,609.5,73.61010089071273,-12.1527,8.79217831405373,29.005353083267444,33.8138554551343,626.890780588826,0.00028830717200410195,0.64905802584716,0.00036884124480541375,-0.0016123118771885821,0.0002496116666973048,0.0,15.839743987694792,2.398,15.886028163956702,0.9492162598359886,0.6182491505805324,2.458,0.856313266364208,3371.0987244621338,0.034,16.88815702376766,21.799709939662463,0.3328118631579551,0.036670332668424586,0.28095812096753947,0.00608566105644979,0.010125688893836415,178.83237426640687,0.06148012946385649,5.731001437388457,0.14556141944383597,0.012354061663270409,0.006461116891037913,0.0008387844604403945,279.2192404102737,30.192502195824353,2.5786999999999995,12.722737481825746,0.6279000000000003,4.749318866184646,4.104013018421919,11.669979638244708,383.49121197006053,182.96424139001357,6.665737283152999,0.3659835967771301
2.2493,-5281.240371399749,2405.5035535398006,70.72599107852149,-5.975441583631499,21.442419765982898,30.318412510301037,13.74872075455819,624.406121077915,-2.458435579704895e-05,0.8854,0.00038096091461271565,-0.01252905040578801,0.0007689381665916456,0.0,15.845187540427858,3.447217205888516,15.934093001489627,1.1411997111354817,0.42220652445153145,0.9809753792210238,0.8584456876537323,522.1937528646586,0.03961617237849033,13.999112664493929,28.443662158964457,0.10203057248017147,0.5775,0.022448835751859728,0.0,0.00887357333656403,244.03799722004288,0.0175,4.864327149261172,0.018913151413098944,0.008,0.0054313324294289,0.0021354687003913623,17.00669019913102,185.14994711230824,17.498369945428156,0.3003999999999998,0.6279000000000003,5.851811978253911,4.818238297853209,101.32578436691375,400.0,65.65995380236049,28.849481375782847,1.3999170775927465
2.2595061132647487,-5363.775248373612,2685.218812204425,65.99134891116952,5.589656893958149,26.05116282255254,32.341305190120465,38.87457070239548,633.5425186083116,0.00010123411682663569,-0.02281890125619558,-9.129711217033628e-05,-0.004202574716862673,0.00020645622179570007,0.0,15.750547819645043,2.8525867110288434,15.795876499071937,0.6055,0.6242173691650422,0.5879652320653019,0.8764,543.4376003502424,0.2060659176793071,23.178183302994142,26.433063639418965,0.033900000000000007,0.19779075390890094,0.022094815114825368,0.0020322872742588025,0.012994885312087921,945.0062233798088,0.0175,4.800243098471249,0.017600480461403813,0.01531263955887941,0.005827102129153054,0.0,45.498775950322,31.472620387390425,30.155174882059647,0.3003999999999998,9.41744830230066,5.575772418939308,4.365242892658465,10.662871482772735,292.6786023364583,206.0903827893785,3.6093,0.3462258007245451
5.926677886569459,-5523.542891597778,2768.974616635749,69.12438150608098,6.481176101542081,13.405331321879427,17.70207114922129,41.75562489038039,605.6672300796729,-7.52556644763611e-05,0.022563610481426254,-0.0002384040432609369,-0.010490834709456758,-0.0007083524372732654,0.0,16.048241497773343,4.532855232465616,15.79882555603356,0.882616490015238,0.5221367925805432,0.7265694602852137,0.7958276430716481,76.0,0.10733571271490457,24.30135653020605,34.49434556657599,0.12188809561540463,0.071787328088955,0.0167,0.00022341813398059894,0.010888401900000262,419.5030241122128,0.09545492871088779,4.156620840982463,0.021278906413349025,0.030906921287212064,0.006298126744007683,0.0,167.93754676056875,228.33465479669417,9.796414843148078,0.3003999999999998,7.313047700906651,6.6463390210630795,4.5749670283839725,3.83414691536259,76.62898535156413,986.6667,6.702732970025821,0.3275000000000001
7.255367835884367,-4862.706040657704,2776.2485261016236,74.62318594385323,-12.1527,14.229746338509493,17.37469090598932,30.145225419669025,623.5500304446406,0.00024472385612987345,0.06992730380536638,-0.0007049623709496583,-0.0050137278151323435,0.001404527387754744,0.000781838371091497,15.80326871183352,3.428779797886775,15.82901757805108,0.9554475106447156,0.7022868487611563,0.23100132455172728,0.7698228776303808,637.0985761225525,0.034,19.652756072789607,33.57158884532856,0.14453223113538896,0.06516208158470543,0.020724028688840337,0.008402133062195952,0.013881930368240758,366.005180280577,0.09501546801647663,4.496344469316556,0.010499999999999999,0.020968363788281374,0.004214979311925297,0.0,143.77197789340414,13.923500407336018,45.090339358146615,10.79130728779622,74.69652630970698,5.555420321574248,2.7052070449387013,13.920780973109895,64.26603432862302,118.04175961423118,7.426412647566477,1.0262109289653036
4.46263398139214,-4805.585877589739,2473.5060519048498,71.00158723328082,6.240286909647021,20.60832830281226,17.276232957530603,17.869093508783443,630.335186762646,0.00010756981265982282,0.10730486682110649,-0.0005125864395838471,-0.0024327129619616823,0.0002639016509898127,0.005067534547742269,15.630332269451081,4.375051561806454,16.021645170691347,0.8907094330427977,0.45608055333308195,0.040068386763143504,0.7678883593678125,1051.1374772020304,0.034089213904324525,20.291183303785335,31.626808486921373,0.0621894239139585,0.03145558328925302,0.0167,0.0,0.01052499714600271,305.7369335973044,0.06584229924966557,4.406768720489985,0.020705829501653665,0.008,0.00379650778216359,0.0,31.672380643432568,22.498591974590898,2.5786999999999995,0.3003999999999998,0.6279000000000003,6.135525520742783,5.489307722062925,7.559505932265148,104.39400513968621,673.0891254956387,6.821249799221013,2.7635126650936255
8.151040203686776,-5241.726893519105,2675.395838867132,64.92336139892377,-12.1527,23.289889660963976,18.91600436486824,32.90344577322098,605.8566406170079,-0.00014914019923498227,-0.07506204247896495,-0.0001864986714835167,-0.006801644058425533,-0.0015456485563540572,0.0,15.887444856330733,4.59602513244193,15.706881011792701,1.0027140328605375,0.49245634417409373,0.9606690299914491,0.8527223266323809,694.9914657315526,0.22291093659429811,16.076804892167804,26.053925516374065,0.1656456065582611,0.06963886682291329,0.02455398712939647,0.0041081035291163845,0.01449709511505235,82.48802774475797,0.0175,6.20304859125241,0.017148372000592764,0.026093146593199903,0.01271357100963217,0.04863822166254413,208.40352811996007,21.746607582507504,66.68709797584441,46.51092014548349,241.26243612555007,5.785135314838752,3.610715175846203,158.1332,50.52725582236786,486.87280485573785,7.044696257530703,1.8431212856746801
7.258201852229553,-5418.947106414074,3163.3871348886514,69.11075571793906,-9.942280184640946,25.264640085071566,13.887931894250904,56.8964,634.3218,0.0002781432289726848,0.8854,-0.00038402353540704183,0.0014755932003666546,1.0824742892401599e-05,0.0,16.049234501511535,3.9964697066809127,15.808178446823147,0.7421890892794272,0.4108,0.8324354030060253,0.8686235862688011,76.0,0.19871175445403289,18.511816404055732,22.962803276509533,0.07281086511687256,0.028035039018196536,0.057541546652935385,0.0,0.01117779342604684,107.05577099563763,0.0175,5.870754195078481,0.04730769581052338,0.025008704028638227,0.0058781447222214615,0.0,400.0,3.3354999999999997,2.5786999999999995,0.3003999999999998,28.560765018773612,5.6436309112329495,4.349543663565843,16.408562546170216,35.866361765199485,745.0715262558449,7.798285728694054,0.44431822238182894
6.632956779071339,-5101.9323522431305,2827.8536825600845,72.51562852024388,-7.552399933514101,24.07049437243324,10.9765821092415,43.48855762008563,598.1163008983734,-3.805839230985475e-05,0.0655607479433207,-0.0011485876536501927,-0.0021959315640956807,-0.0009020410298313357,0.0005060973879542457,15.867817152157977,4.715318357845226,15.828612759769184,0.8988184563051916,0.4108,0.5278267064446529,0.7721106571579279,301.50355066975493,0.0502198319217341,21.13708832766681,23.61375033746463,0.11369040430303197,0.0172,0.0167,0.0,0.0078,441.67174853391396,0.0175,4.830686651981585,0.010499999999999999,0.0235392092026184,0.006008958855873591,0.0,25.563923086940402,94.85269463120738,2.5786999999999995,33.78212787552289,80.08801740000015,6.697751734612934,5.149532670444862,4.950331311546274,121.17060483679018,185.7912226495533,5.1803381682572684,2.848745154682934
5.775810887438281,-5033.280946690154,2587.000886189575,73.19293466849163,12.757551866222425,16.150882712661513,19.534855802462285,24.359826041764627,613.8596019020205,0.00014763812350673984,0.01643079342397083,-0.00022379932025890737,0.003910022157505553,-0.0006666986967575867,0.0,15.80186381440888,2.714062519417153,15.734259693247745,0.6055,0.5388318122456253,-0.04851330348645422,0.7868688778048588,854.5800867650479,0.09966153540564582,15.500217933548061,18.617674009416085,0.06980959561985195,0.0172,0.022433783496711553,0.004942915266229067,0.010495990489296444,412.5827496814369,0.0175,5.2860440094128265,0.0259853724624315,0.04223090073000425,0.004855172568388327,0.0,38.47452610312213,16.763653640739477,2.5786999999999995,12.82517609873307,0.6279000000000003,6.034589927096944,4.488976072204618,11.997462737293294,93.70960152093868,558.6092339208869,4.177396603285934,1.6959286846962212
11.393072680626197,-5155.559886498244,2636.1815698404935,61.31687844970723,-8.924927016760723,21.970836546454684,24.342719247540153,21.970099859523515,606.4595503858864,0.00012172581159569408,-0.07078538545726709,-1.7968435577255106e-07,-0.004700383405496916,-0.0016277883258342513,0.0,15.860734048946018,3.096902794427186,15.743329368866409,1.2818893273367578,0.48866963506790656,0.2491610674295568,0.8364396508195802,282.375426103345,0.2171238131216219,25.194397886066156,23.944397001479622,0.03674982541345414,0.04719842244201305,0.0167,0.008748794224211945,0.011068532945283562,304.6621984891544,0.0175,4.583601524811378,0.022768318029940438,0.009235421532169701,0.00759925538705529,0.0,1.328800000000001,40.74456488083613,8.84443406378114,0.3003999999999998,20.246129019890716,4.665729742915078,3.772096254609738,22.4751451336301,336.37589607949883,0.0,3.6093,0.6242610554762271
6.359174740281045,-5158.68378572512,2788.2087600210752,65.61770443568871,-12.1527,11.450820749495968,15.383698490382233,33.47216975071439,602.2255998720979,0.00015101623613273692,-0.09995098777498249,-0.00024488477842534654,-0.0030147916790061275,-0.0008019028000645139,0.00017668453101864554,16.05971067107421,2.398,15.669954953820138,1.307325117535807,0.5504547019329429,-0.3543111722537654,0.7262043741858779,135.65482312283405,0.1264469096511952,17.44994730557538,29.078716944233157,0.12120194745969616,0.08070034338193269,0.046488027980539186,0.007968062810880899,0.01287676817808861,37.027000000000015,0.0175,5.539350680911012,0.02714848313132088,0.0370775996175742,0.007178863237231498,0.0,53.086048744519665,22.065793099901992,2.5786999999999995,0.3003999999999998,2.9293437846701362,5.73679162131181,4.13260083427553,14.713649896561115,89.89787498794811,986.6667,3.6093,0.3275000000000001
7.803760162050322,-4865.439397566847,2866.419903270646,71.81338523124425,-4.836000336828398,18.773332562495902,6.4482,47.66204097145447,603.4885447745828,0.00011615225068665992,-0.02244352397096104,-4.678384557021903e-05,0.004186943327867012,0.0007705271346820625,0.0,15.775471940571995,4.45146043977949,15.81866376175963,0.6055,0.4108,-0.2159178122592169,0.82696290235821,584.282511406275,0.0826301114957374,23.80988344486733,35.38430515636594,0.11729792177540704,0.041221738010675656,0.021265032161581144,0.006947701552724259,0.0078,290.6427863713791,0.04147748873152605,4.137649509764987,0.049889038707472334,0.035187755668078635,0.004538783256785457,0.0036487309499729677,113.47329155893937,10.890121018864257,20.51428050443831,0.3003999999999998,0.6279000000000003,6.868345501990963,3.5731010243286123,3.6744513598885806,19.699075224981378,220.5452267572008,3.6093,1.5910913755583003
2.2493,-5011.192481919361,2830.7061635274804,70.20902411876202,10.613322891362316,7.989396313058474,20.596600064560278,45.191023718533245,595.3218,9.586633000135184e-05,-0.03557634589004152,0.00032193742598865495,0.0023048699247762306,-0.00012183055695025714,0.0,15.636925811044092,4.0952959881791635,15.896026213179718,0.9788899085129119,0.42837279116277077,-0.9796998591667792,0.7111453329166675,463.1275891211898,0.931,17.33274219394875,31.133023993738842,0.033900000000000007,0.07731699404612843,0.14971637979363006,0.010713739844196882,0.0078,360.3917167860385,0.05771543743007592,4.0902,0.01555689025500802,0.024185703590004746,0.00930727087348242,0.0,29.19442357400736,33.424207337365495,2.5786999999999995,0.3003999999999998,0.6279000000000003,5.916556979113205,4.971729234708441,9.5649861597187,73.00311002548983,986.6667,3.6093,1.7848837965854902
7.053287156708993,-1842.186309338083,609.5,61.57293429055638,-11.055751372623106,19.553380814086054,16.899370609818,56.8964,625.7333394307456,6.032218290854701e-05,-0.08680030932008709,-8.874673073973379e-05,-0.005260742466589765,-0.0005408269044772766,0.0,15.964206733986764,2.641020828777096,15.649747660985302,1.0588617145314292,0.41399861996045434,0.2550201760181702,0.8325191187378025,76.0,0.16700315229426477,25.279482806710604,27.541759022999983,0.037321046014509834,0.07437013392325244,0.0167,0.0,0.0078,93.25542597119141,0.11506063606056677,5.468768827186893,0.028333644671728317,0.015104657068441711,0.005590508080498156,0.0,5.869651864815008,132.59150131182798,2.5786999999999995,12.905831230911154,109.91165217569073,3.5499554207214112,4.111636201558752,16.222879478026222,60.83664404533688,829.6238911656127,3.6093,1.4899826405472356
6.177772524357406,-1368.75,2909.7836508439714,74.05824164666583,-3.997351081249152,5.072916500687869,27.55754661923371,28.406719566378747,609.5421592875283,8.751909607880378e-05,-0.015437893223030876,-0.0004016383564578136,-0.00804205273422092,0.0009916986821930597,0.0,15.746487310578772,4.381131729836202,15.591825771188866,1.0480463426591506,0.6538595963921972,0.7324544611221029,0.7458460854445802,238.8617141042098,0.034,19.687534907608036,32.800415105677736,0.22099084159325474,0.0172,0.03200274521158865,0.005709144743646668,0.009882526094018964,1727.375745223329,0.0175,4.0902,0.02368109891469372,0.037678714184631,0.00849960935348088,0.0,32.492625899321624,188.8282916343126,2.5786999999999995,0.3003999999999998,116.06046672431818,4.9428073491681745,5.8606,18.069868454381627,31.70790620710992,0.0,4.476867484898242,0.43864322326715643
5.275606853861894,-5514.205310266081,2298.5712014873093,66.4926206676114,32.2335769800251,17.845901400084365,24.28560357225494,45.467583750934764,621.260515758282,9.405541883726331e-05,-0.11052966945265255,-0.0003908712762470969,-0.0022367267364314537,0.0002001779474035786,0.0,15.848663478951227,2.63585707279723,15.959618631281685,1.3793958703934495,0.7373397502143272,0.37657638234235913,0.8629226022113785,76.0,0.09348311904277475,12.323155544910218,33.85824156105429,0.033900000000000007,0.04312959521061744,0.02296819228036753,0.01062374582312655,0.016224837316248446,37.027000000000015,0.1575626823361961,4.0902,0.01873514843385863,0.008,0.007227219880794396,0.00010501694225718302,32.35033155176666,18.23959145803433,8.323385590200989,0.3003999999999998,0.919841148759672,6.2784485758088024,4.889660656183584,12.138007552203298,113.56913195312703,986.6667,3.8346177242505526,2.47558319986585
6.646070532692246,-5172.569031950512,2572.7820919873925,67.78746880033313,-9.9311543111983,9.893505068621815,24.783758761257452,56.8964,604.0591118453282,6.126638969821718e-05,-0.0003045269123404257,-0.0013,-0.0048207847341649145,0.0007639627512970715,0.0,15.714530579473072,3.7299466389278244,15.89994661112926,1.3780114712861562,0.5320336640269347,0.7713579298659867,0.8118818273330148,202.41781388563913,0.034,20.7751742920201,37.81401744631734,0.1673696023537456,0.07038855948266201,0.15939839842291326,0.006906325519661577,0.028845225246842417,137.03195460390367,0.0175,4.572724493634597,0.03095127025595502,0.01722230106168263,0.008478247596197454,0.065,13.196037749911294,30.70490184365282,11.229846503310664,0.8117471688020608,14.76577274290694,5.1649770262927,4.23786244682631,11.751096160093251,93.19736792978847,564.4111355264827,18.26100679265683,1.8161757349158008
3.103588634707469,-4863.377442079523,2401.6151915320906,60.2667,11.017339295866048,8.992262164990434,14.2074888976532,24.422037124804095,623.720150927658,0.0001503689728625348,0.09772719528443147,0.0005606621361262137,-0.004765854901979266,-0.0007706037266346712,0.0,15.876760508881857,2.692266393742906,15.679974987234749,0.6488666357771692,0.4108,1.2053815933355214,0.7833023594375805,76.0,0.3478768625633678,16.339058834023774,25.71823438872077,0.13276826997708457,0.060498735018048935,0.024098551210457685,0.00607002393170583,0.012763268383648843,265.0335117808144,0.0175,6.3614568325105525,0.04441941444181209,0.026497950990692676,0.017295509910289716,0.0,41.622994445104155,30.191284578058145,39.381233117798814,0.3003999999999998,0.6279000000000003,7.2903,2.1869,19.649737031113858,92.2314342600554,956.2745085279073,3.6093,0.3275000000000001
10.24602364811139,-5546.868652516518,2596.4257951469203,65.51779573114662,-12.1527,13.889071620088325,22.17008945883305,38.65076446253552,607.4738068315569,-3.814059352379334e-05,-0.11350000000000002,-6.837289235324214e-05,-0.004609914386930374,-0.007419427993925758,0.0,15.9834521103305,4.05249646247638,15.779511177801854,0.8089977803498625,0.5830226064698503,0.44960112891400983,0.8049200591075389,735.658676700062,0.034,22.78860142401497,29.761407747679414,0.2828148320078918,0.3759520290231404,0.0167,0.18031196914666392,0.0078,177.4563678159796,0.03483647936101998,5.540818052066744,0.010499999999999999,0.056445428649961465,0.0029948967761838623,0.062446315053884344,34.057395873348746,3.3354999999999997,13.126193402808445,18.532080637477577,7.6393387806226425,5.954794510803078,3.4959737359324294,20.56813770011108,86.66694452945526,0.0,4.43968009495577,0.491672920553452
14.1879,-5292.113125559278,2416.233789368798,66.64096637862369,-12.1527,12.587960880526479,10.694541553244296,27.962524214502768,602.1352584838846,9.524520100465033e-05,0.04268892039812608,0.00036407665385362545,-0.0016002853768118473,0.0004416362098155596,0.0,15.792277863160821,4.863077441628528,15.725885994558983,1.6730702902923684,0.46477318755253433,0.6038473713691779,0.7917105833731296,759.30812262234,0.5417724140140591,16.381646402873702,16.062,0.1877766553676407,0.13992638398392465,0.05353421222317857,0.20428307585783573,0.010326115171843729,296.55207671036334,0.11605523597264747,6.616496739894103,0.010499999999999999,0.016938108128711042,0.007786947984530052,0.0,1.328800000000001,32.51016381878001,2.5786999999999995,0.3003999999999998,3.2493760372498306,5.0808635627458525,4.164116600622615,36.39922406436158,75.25440380063455,246.1053212897786,21.975494375103914,0.4943636494901438
12.120816669661462,-1368.75,2907.0308143266175,75.9444,-12.1527,23.550629787218334,29.175179563525205,28.165825467458202,617.4759816975825,0.00014709552306735996,0.06584797622551786,-0.0004905133978170685,0.0011757451726281468,0.0007301873296750639,0.0,15.821278799067375,2.6077082445341264,15.644011483401027,0.6177826931939508,0.5009904879367411,-0.01486654018291933,0.8330557998398395,76.0,0.16373881740655227,23.387322753276273,33.37666682890291,0.1282576226300052,0.0172,0.0167,0.0034334448991756167,0.008241553108443787,435.81110264688255,0.07901217613292355,4.705774714144609,0.017351384723493377,0.018776965706885626,0.00561327983889903,0.0006848433840680893,247.74808330927675,31.484998183578696,11.281582043070909,9.983225609031477,20.277073092508466,5.082268882299433,4.325084910529297,10.536104088687027,81.68306377525239,480.5552327719724,3.6093,0.3275000000000001
13.945694188536159,-5157.146722690583,2723.0401786849206,70.94602002495164,-5.057221282801388,45.78784953276918,10.84720010557392,33.35749198253291,603.2174733734774,7.533238596950183e-05,0.07377085712224851,0.00018037100983629484,-0.005991963225736313,0.0015,0.0005604475076753864,15.921972532315129,4.564560061803329,16.06028384014555,1.3210454263638394,0.6135939997698936,0.9755472717294136,0.8390979470935785,563.1243763160471,0.2138147517135091,21.961206092626995,23.924247088238445,0.12158035962094221,0.3371898930203744,0.048932998049809266,0.004440830124308894,0.010903746443398997,1067.9169767222284,0.0175,4.442974512980416,0.010499999999999999,0.02613218286248133,0.00798059922734621,0.002214296588056366,27.822360078045392,151.86034505194561,9.664574085680533,0.3003999999999998,65.33551028032257,5.896966180361406,4.590670066653249,6.374956653510453,18.0064,660.4829818375747,4.282870381582613,1.3131247999065314
3.794429380975963,-5192.553796142569,2778.1782093111487,61.45677626632842,-2.7728143727619305,12.907696295014818,30.27770442068158,36.871638711767865,606.2190684410754,-2.501970682359172e-05,-0.0845225219626374,-0.00010374197177680286,-0.011394277598137718,-0.00042720206604312307,0.0,15.907446570897035,3.4898030980508703,15.725797815638817,0.8045044844080249,0.6190515001019015,1.027374873266541,0.7991243140070938,76.0,0.16668831809764953,15.5359771590271,31.385539968490946,0.1284551358535043,0.11160805767702965,0.047097493341271814,0.0022132392580066435,0.02483451719721838,289.1989920887968,0.06651929415198156,7.492505792537127,0.024139930433744235,0.05703089527037698,0.006450838433841809,0.0,38.65961332478204,331.3178973417738,2.5786999999999995,9.767010878980537,0.6279000000000003,5.138000843897556,4.769562043944209,7.938153520885216,94.95910927323058,0.0,3.6093,1.0896824146683879
3.3712749637150266,-5438.006050677894,2887.9283941507906,67.43682819929562,-9.36284039540284,4.4283,19.23613359128633,52.33047861373265,596.8189524696288,9.252702050473939e-05,-0.03263518959294232,-1.4007640764505955e-05,-0.004812879407056581,1.3484834672605151e-05,0.0,15.736041876040755,3.622960179506334,15.978247953591154,0.9379303486707207,0.5417671877741701,0.1273779382232345,0.7369089919748746,76.0,0.14104845814068456,18.324268942357328,19.88171958709867,0.13048277027443314,0.0172,0.037620253135925846,0.0,0.0078,514.3696413549868,0.10934505028537979,5.1149816002557404,0.034859271916156086,0.016695565920532403,0.006961555809208236,0.0,49.137547340723586,244.17533002508006,2.5786999999999995,171.0347648371612,19.557660627219082,4.170487013849545,5.0801626264275885,3.1599000000000004,54.96568959854606,34.77965691521629,15.866267481435825,0.3275000000000001
11.277284990579044,-4975.8983035499805,2924.518931544568,75.64308148703749,-10.070207426542616,13.38818837281809,40.79731189236723,47.337328932788665,607.2667249127423,0.0001518944268992066,-0.06544800225078315,-0.00020502520120256398,0.002392700438826889,0.0015,0.0,15.922483705512182,3.5150475569799937,15.705246860884815,0.950753845498431,0.437658013341324,-0.4990904822615867,0.7678461758075603,76.0,0.13734213352483574,20.64304885502856,35.61320491762279,0.11647122782564864,0.06694549196946892,0.03829837358823561,0.007790995885849958,0.008417568856083026,447.9912659001485,0.0870008830817095,5.129899331289996,0.010499999999999999,0.03279798822197856,0.004257179388661873,0.0,9.028757855576632,191.2980938019323,28.947669483137776,0.3003999999999998,0.6279000000000003,4.318816681880284,4.463882051536573,43.24745433576742,168.3435843978052,256.46242720623417,3.6093,0.3275000000000001
7.314189443203334,-5604.539190718711,2717.777651036506,65.53025478062276,-12.1527,22.1444460044641,42.63,23.385402072054607,634.3218,1.7173665576072236e-05,-0.058660928155856745,-0.0004132362067004553,-0.004845315630635283,-0.0007152098831874443,0.0002187445033115449,15.697903032881865,2.4803474624489175,15.794254288748332,0.9851694220689587,0.5450216316988268,0.2529168331264672,0.8088289588572175,1565.5183799392216,0.034,18.503215791419997,30.465867274179317,0.25777568104532733,0.06177121879322647,0.04570135240493985,0.005049557671962248,0.011094718358908854,141.33594516427115,0.04933387315826778,5.28220387222844,0.010499999999999999,0.11774383780855929,0.0035889227158689306,0.0,51.85966843544318,25.466602156449696,2.5786999999999995,172.52923359356387,79.82958307963686,6.401782623519255,5.543940625696825,3.1599000000000004,106.94583356834231,935.3673312931679,10.215341743217882,1.1915962791779564
7.992657643377115,-2864.2371672669587,2748.570732690738,73.59354366512738,-3.10717103375586,20.25224070991532,42.63,21.18579538996455,602.8976231812605,0.00024240777256832134,0.07147519805259786,-0.0008084816451055351,-0.009259873631028865,0.0015,0.0,15.886098460393175,4.259863412084906,15.88230945641539,0.8588704909209526,0.48074191283614304,0.2581588719237905,0.622235211774146,76.0,0.06342703192022343,23.402621902296264,28.25139403092843,0.07736770484172545,0.08614460899875977,0.04779635499078516,0.0,0.010210728325960082,222.9232199483481,0.10699374939666367,6.465472439435083,0.012119506043751692,0.027391089669541943,0.006796611545146899,0.0,52.99967767821537,41.88445541076237,2.5786999999999995,0.3003999999999998,24.671909898219912,4.603614287798332,4.753409283665302,8.57453504178762,100.82230240264687,708.9335633157401,3.6918252505875886,0.3275000000000001
12.72520090152447,-5680.961428375114,609.5,68.17889906640815,-6.083157286001976,36.48713459996449,38.62258667377645,37.72670212186551,610.1209779096977,0.00026966859992805735,-0.11350000000000002,-0.00042992611152304494,0.004331905462125075,-0.0043285843373248095,0.0,16.07,2.398,15.614443857681783,1.1354999114918125,0.46149495271735175,0.3898335791692128,0.8121152914447254,76.0,0.21933263968689676,15.058883776547958,30.447785979514343,0.31121383923288237,0.027336558066946195,0.022845558571235887,0.010043907231400213,0.015584990808582087,308.5222598138641,0.5255,7.606869797724754,0.019106945816250314,0.03819687191588593,0.006361612580348537,0.0,32.94728887337193,4.651094365597441,2.5786999999999995,5.549829284948766,13.548551657093373,5.00312395136713,3.644358651443613,21.24857299411065,70.94097371136473,297.14740933715507,49.011046386917705,1.067336183158195
2.2493,-4734.751170542656,928.7905798787301,64.82096678744432,-12.1527,4.4283,14.212486040422846,33.24634003515076,613.5808996146783,-9.411252808514111e-05,-0.11350000000000002,-0.0013,-0.016,-0.0002671483931029191,8.145826296631335e-06,15.716132223960232,3.529754503141644,15.95827909741822,0.6055,0.5472207002423909,0.29030304537817586,0.67329138298632,76.0,0.034,18.129327501144328,38.466177521899866,0.10170486641934023,0.07472479219396759,0.0232984822792955,0.2067,0.011988825483485578,149.17753927084175,0.0663688214170673,5.283989632537921,0.016624994615981784,0.16099652116529667,0.0035972171453007695,0.0,1.328800000000001,108.83263504225562,218.7635612080398,1.080376071476028,7.8252893022356025,3.839384233745598,4.63576554712949,41.060371749028675,63.939747415680046,943.5643587077827,3.6093,0.3275000000000001
3.628569665748965,-5576.470549663569,2719.774301556554,60.82037952033427,-11.589564554243392,36.44440699812962,11.484486886442719,21.375992055733295,628.95016415821,-0.0001076811006422197,0.12282473697129459,0.0002774821823440246,-0.0033079365962084733,0.00013207028982791145,0.0,15.736019608563417,2.7922667768526304,15.707778104472503,0.6055,0.4380720167729147,0.743707202965922,0.7867638062598247,1405.2815386992766,0.23284524451075905,19.2484333028106,24.352818522129738,0.0981272210997886,0.06559219290161819,0.0167,0.0,0.009026359902544759,398.7712527479516,0.0175,4.0902,0.05870802587279325,0.022753705993022417,0.0077579504443674036,0.001564393521572014,163.45823325195695,25.9138948335261,27.11338581729663,0.3003999999999998,0.6279000000000003,4.009388721333446,3.6905380815193674,17.991960995133553,29.08047897563032,518.2987838087611,8.516654889879106,0.3275000000000001
4.903974456555177,-1368.75,2386.592515761532,71.49324307134434,18.73232023570816,32.79412350310727,18.602679068066973,25.961843694219823,601.1514613195974,0.0001481661832921088,0.12112846623302512,-0.0004249813236550223,0.0019776190748781834,-0.0012199086346100548,0.0,15.995448335614823,3.1391732489847675,15.602993149655363,1.113180022024855,0.4706724336951377,0.41390478807743714,0.6507546759662413,76.0,0.15482112858817815,23.875242822241436,30.470840514712975,0.16844261769074387,0.03135284940835573,0.04027648963507046,0.002509533457083969,0.014500168278253501,762.7002001002398,0.12164543260479302,6.43318909381613,0.010499999999999999,0.008,0.006535552650013127,0.00021595244410329415,153.790711451339,184.2966404894301,2.5786999999999995,0.3003999999999998,24.26513402583255,5.905733363085629,5.8606,6.353900984977766,69.06048017839025,747.3570813514775,3.6093,0.9028995733919788
4.68266892444434,-5386.593731534134,2651.266087022772,70.78975197321714,-12.1527,33.53387767856189,17.478117196683726,56.8964,634.3218,2.4354461463413127e-06,0.06565109600469532,0.0001243157993528839,-0.006069963609113207,0.0007101387232353903,0.000568000379162175,15.866060147832913,4.809244683595513,15.692055844163624,1.0645785709821158,0.6213338350153504,0.7648759932411682,0.7617913662478553,76.0,0.099948927556078,21.32731738736361,33.58035465045841,0.10009700129376435,0.04828708539822289,0.0167,0.0018935235085953974,0.0078,173.05826796034938,0.06339786570617495,5.361417527880888,0.037791126783233785,0.022479147491211514,0.0025,0.0,8.07749153514996,13.338082238253481,29.441974376871336,158.42111075813727,198.3883923470714,7.012152879806406,4.0048573822465725,21.778514751047613,92.11963118252353,465.78879266411633,3.6093,0.3275000000000001
7.157825613097103,-5407.412554409252,3353.460885060982,71.49660242562919,7.836557093549457,28.102414815963755,26.498552557999577,33.1260598793372,630.2491834396093,6.808713246114724e-05,-0.019317042753370334,-0.00059137303386546,-0.003280129350734769,-0.001978073931002631,0.0003267301955834636,15.85538967067243,2.7641084945731818,15.613792170644025,0.9039116915910814,0.4108,0.0411471312044388,0.8585126340883199,253.43271332682662,0.09399785348464373,19.137752971758943,28.304232293372735,0.11647471613745383,0.03476426943269708,0.0167,0.20414343060389342,0.0139989254814966,1418.7869071887162,0.0983858325204942,6.9069918838593365,0.018057262766674353,0.029648674812651182,0.006275431517406192,0.0,400.0,156.64085020549658,16.00056294982557,24.280776333177517,181.46642780958413,6.35704483146565,4.763135003037754,10.951779639472015,99.33986007831834,986.6667,3.6093,0.9355589371685702
10.122546924754518,-5226.005533661442,2445.879478081891,66.28625154653997,-9.626896863869112,4.822470345073766,29.88216849620502,56.8964,615.5419601376607,5.0548111972988584e-05,-0.10307360811996455,0.0004161096987101425,0.0008648056296025643,-0.00025816545093562253,1.8411146141784543e-05,15.782676890232235,2.9671403006202857,15.71091914886735,1.0382026826826674,0.4754475778299003,0.47165891069515764,0.8764,1436.4579603844968,0.16498356366810277,15.383124673474608,34.4920686046357,0.0343635278777029,0.0727434565824217,0.037252724187920416,0.005654403315452817,0.013480272950026097,234.5608504951698,0.08123988796233694,6.11582864756426,0.046123909047465966,0.022964770424903892,0.007330898578242363,0.0,114.56338801661329,366.8463296304052,101.29508880106663,214.56711660548626,30.13291504223946,5.892849103973558,3.0180870996211553,13.755199720466523,84.01515189243307,0.0,5.989981381767745,0.6517037280751041
10.890966267529196,-4761.287285059355,2552.208986984923,61.03955977375639,0.3350034542747351,17.46256338681368,6.783391308651318,33.155331274712736,621.6474686454285,0.00011401844466459066,0.614639629106089,-0.0004451428654329792,-0.006136495145482791,0.000624289655136025,0.0,15.858586511887863,3.418390146096445,15.634321662443632,0.7068699715710887,0.5433862131150077,1.1059602360866483,0.8009875891925812,76.0,0.120262777276576,23.34657471658445,29.373948499478676,0.2698602387869255,0.10587266089977912,0.06654106877375052,0.0,0.011134763604524775,37.027000000000015,0.05008867513505012,6.430952943873026,0.215620663188608,0.0259366533243818,0.005912562361922869,0.0,50.13464790236105,18.219832966005306,2.5786999999999995,0.3003999999999998,0.6279000000000003,5.6912988901015655,3.5360590883235963,14.310196033150632,64.26189446277775,107.82516287075168,3.6093,0.9614221384634832
10.066812650066172,-5827.856196209204,2357.6639364676375,65.49241129852221,22.448749213258225,14.846165978130719,22.244662523874634,25.410926703072544,611.3313376407631,-3.230591935129267e-05,-0.03325382461709969,3.055249936896102e-05,-0.0034690743626366073,-0.0022934973196123616,0.0,15.796633340392868,2.682000560816435,15.788096903158833,1.1204391899973531,0.4433974817480896,0.13237599546311807,0.8480948008504897,76.0,0.10166698306475613,17.821112448419782,16.225903639345137,0.2965716721128387,0.0172,0.029977987133414943,0.007634979751073488,0.01006984480352927,280.5458665504292,0.2368888586197859,8.8015,0.04899793650879246,0.03199784722407424,0.008042908778323865,0.0006175084156932629,148.49516896471494,8.854202178666162,4.819025210325256,12.12100964852015,72.63237385028282,6.5626552896800625,3.3747223472535404,20.061476866159094,291.71778699347885,0.0,3.6093,0.6359546366642523
11.111866630651658,-5127.674182005236,2823.12976411022,70.51897358417379,4.025201179471107,24.72293068973721,6.512557090441177,12.099305901068465,618.7173938434994,0.00025160252875226297,0.05166652977187975,0.00024545289811024373,0.0006273514932761317,-0.004962318237254512,0.0,15.77246469823803,3.150933338128592,15.764944369011754,1.6039309555405272,0.7254237197562107,0.5535477050480906,0.8732584999457899,835.8587766123769,0.034,17.105917881396884,20.75527382521442,0.0463780485590078,0.06907226574634401,0.022706196599124612,0.1318872328276329,0.0078,172.39928106034915,0.0175,4.0902,0.010499999999999999,0.03413470016238657,0.003792438014881742,0.0,155.58558443587987,68.87524269571628,2.5786999999999995,0.3003999999999998,11.96675502888531,5.695540289387844,5.8606,19.363613492345593,91.79210997935284,0.0,3.6093,1.5582740922768663
2.778673835555507,-5013.073642161962,2633.564767754993,63.275855376915274,-8.400362032429374,21.652972152676377,36.1723128512495,32.992231539379695,621.3111938947189,0.00013723914053398857,0.03770332885533158,-0.0002662429025538128,0.0018543822316232535,-0.00037393191142853506,0.00032712700238240084,16.0372994405695,3.366387705916299,15.741456622348183,0.6055,0.49460887050073765,0.9105177442946608,0.8764,235.23917603369625,0.0609109726577832,18.159101248889357,30.789126328582494,0.11005995769417994,0.06010827563773158,0.0167,0.004117428841728471,0.014681832991081622,207.8915187572839,0.05248619938770285,5.500977622010327,0.055417023796787465,0.033193170529565996,0.011287283278513527,0.0,44.73160093175555,24.218843079458228,43.58643479457483,18.591821075567537,0.6279000000000003,6.047112861589226,2.3358309149791117,9.487696887100753,115.13991929495555,65.8626559390847,3.6093,0.3275000000000001
4.226747222393,-4623.191356484353,2484.437169062203,66.55927801044372,-8.399735805523637,44.09268296998293,19.32460468660161,54.80722841923833,600.2186564691694,0.00013594565246812245,0.03492605020997185,-0.0003555255559816859,-0.006076253627025148,0.0005757295225156103,0.02267575987092038,15.748353241098735,2.9805261799950293,15.798613430596507,1.601209914077987,0.464841758748869,0.1766159370327517,0.7237090669517832,76.0,0.05159090478159646,24.102939792853178,27.289802408473136,0.04485630292812369,0.10007933547770612,0.0167,0.002727788268557212,0.007984075301126487,87.97681552537338,0.0175,4.0902,0.032733231243075964,0.008392160496507785,0.0065360499922547804,0.0,16.227272259447965,23.260914916657804,83.81520072096475,0.3003999999999998,0.6279000000000003,3.8309422790071093,3.998994241690892,19.38710796631964,400.0,295.3107426083757,3.6093,0.3275000000000001
2.3710284788892055,-5863.837454767603,2458.039590639991,60.2667,-11.763821178391817,11.806785072564477,22.172659473822506,24.553164601642578,601.1349571182268,5.258882616507643e-05,0.08591200237774868,-0.00017301513969333575,-0.014506819987944272,-0.008782310881966538,0.0,15.911778964674145,4.545950949846356,15.8316002652078,1.867,0.7658162375554195,0.7263153651707799,0.7999635077972977,161.8316418361797,0.07444609410780084,19.823786495209866,34.92016070528857,0.15204585396644565,0.040096390860477955,0.0167,0.00817302771119642,0.01298368535734073,95.8181521959298,0.061560025306537626,5.9432220553933925,0.05248846140573593,0.008,0.0065613028917529004,0.003243242007409882,225.12232115871097,31.2922021150888,30.66231183055583,216.13695962591603,2.368432682612819,5.626525226902576,2.1869,8.882809060267833,18.0064,0.0,7.954062963571436,0.3275000000000001
3.316950406681255,-5462.653629829687,2732.0212017162403,61.303298599906825,-12.1527,9.863767229618539,17.253598024734153,26.008290204130883,612.040002990319,-1.5395171611733488e-05,0.09347598602684587,-0.00030899443547628317,-0.008164687710625134,-0.0009732555160041708,0.0,15.807333047595659,4.337848604434924,15.916474062579471,0.8046849048632944,0.4108,0.8056577958754971,0.7812085742454871,76.0,0.32195153903520657,21.367635773327027,32.03903971021921,0.044028992573815325,0.03126617587578655,0.029532595368232377,0.005804529897698123,0.010661809586838442,139.65627376437118,0.0175,5.256280387201816,0.21195576065446275,0.008,0.008206933439946353,0.00041429615511643503,1.328800000000001,11.149509182805907,2.5786999999999995,10.203203585716896,202.99148731222016,6.494599072027427,3.725134077517083,26.727319654882074,18.0064,158.59507764308478,4.596228846481559,2.6158919666945044
4.852758266750984,-4837.182917759889,2744.5894227207045,60.89347794229816,-8.928083730664179,11.99781409662649,23.840523164522438,29.247910644451004,623.3077732875415,0.00013906732173786846,0.00945407748554379,-9.252514109205174e-05,-0.011981353305499085,-0.00121860779749061,0.0,15.999156882278056,4.169619248748807,15.802671642925258,0.8340283208679411,0.5859654535070137,0.0479323621391754,0.6744654718909388,76.0,0.1602993072988423,18.212110527221718,23.88338300924695,0.033900000000000007,0.059522520263542655,0.029144779848401636,0.00629645467146713,0.012306334041441557,231.31469875051218,0.0175,5.704457720124312,0.053853974451716954,0.008,0.010480929531920528,0.0,132.3411762906708,8.220235125018586,20.26807551268149,0.3003999999999998,0.6279000000000003,4.999654039260176,2.33625795559686,15.797984515536601,55.37120169435477,146.87136536185497,3.6093,1.4586021253185995
2.69175624997731,-4896.979507406076,2452.192014150553,72.53147662921224,-2.180404574376167,19.324240196662213,29.68953337344098,42.245509996077374,618.3212917747675,-0.00012187704244705962,-0.11350000000000002,-0.0002434095310746107,-0.004685269547076092,-0.0007294260780128435,0.0,15.672341178337817,3.1293346567118427,16.069068566930795,1.0701496015424645,0.8461248870661686,0.03227251148955679,0.8516458075202069,618.1622269587934,0.034,25.780760118574072,28.670071427031278,0.033900000000000007,0.07231472345622231,0.06936049525967286,0.0031269590117312764,0.008248888369594877,286.9441757690838,0.0175,4.168498488730081,0.010499999999999999,0.008,0.005180772525921109,0.0,19.188996936440205,129.0359030511023,9.044250466832885,0.3003999999999998,28.673069099290775,4.276628763221856,4.796544123453069,15.73799214831283,159.86825780411976,614.1567554979023,3.6093,0.3275000000000001
7.116801786059435,-5008.005739324461,3285.6425286504937,65.80870701490359,-5.773335548438881,22.611699349177407,6.4482,56.8964,615.4093865342516,-8.759772244025093e-05,0.01020092110133031,8.256709758617629e-05,-0.013001905785819353,0.0005595885907262479,0.0,15.815898594318561,2.8925184742752506,15.880723274953738,0.7624674088036303,0.4926823582812375,0.410706437137896,0.8002572040077911,76.0,0.034,23.652687583950577,32.77555046229491,0.06713788380762489,0.09519343398417587,0.0167,0.003584309196433053,0.00802923354897334,144.07247356274186,0.0175,5.3824844375571255,0.029825368838869395,0.01588480514156557,0.0025,0.0014800606311176463,26.859976424293873,41.179673473641614,29.58244443565343,4.37974954336799,134.89826458127607,6.221131062002394,4.1202561285186015,7.28253186966833,61.008534658376526,0.0,3.6093,1.1728752306930876
6.604677790523551,-5341.000569592626,2343.236879835984,69.36425467354286,1.8724371788654952,17.50618586662315,18.067169586526717,53.80809915321433,595.3218,0.00030071727492605093,0.00903399511995058,0.00025084629147458,0.0007677613728232016,-0.0011083433001288327,0.0,15.81774718277498,2.398,15.6517382993479,1.479048711705192,0.6108208175815597,-1.3211572546526842,0.785537492643967,483.81868592116473,0.15850443266116174,12.337713122531515,22.222149562623915,0.09687483554739683,0.0272633518190544,0.08254731686609566,0.006627968115277447,0.009560471936913603,125.80742122202213,0.04972242805889425,8.077157529444287,0.01933548350552809,0.04445729118902452,0.005413965319231417,0.0,35.892120334733775,400.00000000000006,3.72941776543321,11.49535793619537,0.6279000000000003,5.7551297414641915,4.860670609891226,11.195933161682378,108.054925477762,986.6667,8.35371042675399,1.065923412338663
3.9941613816243198,-4677.319395292745,2649.2452139917805,73.17703971669626,22.280847876941824,22.060415191482853,15.099784896641475,23.190085111944104,632.4670014101297,0.00012487724936875418,0.0203824010918207,-7.388043677105654e-05,0.005064414480746108,-0.0119,0.0,16.0530826362314,2.913778961712956,15.750096734088979,1.483585564252969,0.42997640252691427,0.29286274524089895,0.7552810741997946,231.02066474594585,0.20455896608196766,17.03010820181224,19.526542667465712,0.0902472711820789,0.03462013552278416,0.025671339890546728,0.005914768945772052,0.009623004659399399,1189.3849645467478,0.0175,4.311147392920033,0.010499999999999999,0.018064389300620112,0.012058027058000144,0.0,19.58769102787886,14.388449200906473,2.5786999999999995,0.3003999999999998,0.6279000000000003,3.9130232481822693,5.07559656837489,20.153240982345054,92.44264751152943,0.0,6.340950295032167,15.881180432026998
6.175623943111413,-5632.741976759211,2493.34480344823,67.73372374941187,-11.827176388191628,20.577704210140507,26.971747474816606,36.062064583994676,625.2359130836062,0.00010939531645329082,0.056915762457687695,-5.979245350295387e-05,-0.008280608956588364,-0.00047940268469716114,0.0002352090238558402,15.806080040171267,2.398,15.697526946738153,1.3858184638731559,0.7019801805816964,0.7864730341583135,0.8764,285.8733341394829,0.12834281215565646,26.295134899403255,35.628944617126194,0.1587770733128997,0.06720574682592223,0.027118858991021344,0.004824685281933349,0.0078,143.69019203643325,0.38009498776773976,7.339116432358175,0.018870478593928514,0.008,0.00506282049395814,0.0,40.058799535568156,47.02563822119731,22.15861616126047,192.58207451462823,18.223501661263494,5.2956546341426165,3.2538408965263765,14.874278892104996,29.552753025908405,58.52717682266146,11.514445454184662,0.3275000000000001
5.37167665940378,-5285.509890718643,2356.402168222484,69.33319188106972,1.835861948503136,8.533344975995192,23.759312181899055,22.53793091587963,602.1477618664725,0.0002914427236210659,-0.03604539334755489,0.00021608144582190957,-0.0022123963177561566,0.0003221911757491449,0.0,15.753860014404989,3.6496154942592343,15.824336493241324,1.2419301309298925,0.5634524075161607,-0.4031771101830467,0.8393957623106824,248.80241467951907,0.23082170265165036,18.58121179496438,16.062,0.07991437985027655,0.08951374791435153,0.028497771548319027,0.006047956473725418,0.0078,261.1648071788632,0.0175,7.292777714436838,0.010499999999999999,0.012126112207645265,0.00663574139763218,0.0,99.86391694624439,39.20724865598581,2.5786999999999995,0.3003999999999998,9.456492647433295,3.972919297723549,3.5959345398195497,3.1599000000000004,109.53303635291638,194.9256021648907,9.62536247130581,1.6207396921022974
9.59681195008908,-5128.7003851741465,2710.4767238904346,60.55674504324562,-8.734309455050674,28.703002199069594,6.4482,43.856128461167174,620.8345156158261,-5.7911631016123734e-05,0.12562112572195616,-0.00014342249706107184,2.60143374053029e-05,0.0006807606849567795,0.0,15.734110328664814,2.843406108007942,15.7517951901664,0.7904037165625276,0.5033781901665199,0.39753359735344695,0.7776786168321531,388.0050376027717,0.08127945821733701,18.683369173629234,18.1511707501595,0.13796402948529735,0.03183837749710286,0.0167,0.0,0.013782238553811998,126.41596161797034,0.0175,4.0902,0.019947211449337334,0.008,0.005720556743550673,0.00016771087677102905,25.594127200599484,3.3354999999999997,6.1863133627349125,1.4519386576630833,124.2731544605246,5.913689580736088,4.830811398372961,3.1599000000000004,281.6673389879864,43.447868032241274,9.449252819444087,0.3275000000000001
4.421140167777337,-5064.4604169859795,3128.408394197349,68.71556256614235,16.29403959230085,19.524614631377492,21.51477711906475,46.016020163402665,600.4309041898307,0.0001723897071571802,0.04709824938658751,-0.0001795005676537561,-0.0029060711619763382,-2.3079396413817218e-05,0.0,15.666062529163554,3.9653645642235276,15.959368859607432,0.9081831841019025,0.5162141917554967,0.34371955813222643,0.8206719216227609,410.54789552559566,0.15833364089055688,21.952466235404856,32.194301902422055,0.08553204394160903,0.14039224454191915,0.03228853038047631,0.0,0.010896023030021098,384.7731201815599,0.0175,4.0902,0.02932919852640425,0.008,0.006837378348384361,0.0001110656678076978,400.0,10.18194516988542,2.7872761575995053,0.3003999999999998,0.6279000000000003,4.8449771856736445,4.837594753456349,3.1599000000000004,70.6141492117565,915.3276682718061,10.742302226601655,7.806732327887288
4.412397766891723,-5202.771948506893,2917.5005431283616,70.56926240565475,-3.5118978891301658,5.968474867471466,29.25347982973866,51.967693444120954,604.856724832732,0.00032016975561669837,-0.0009989729776826166,-0.0013,0.0015645680633448525,0.0001699851607084562,0.0002114349755296976,15.784950718741229,3.2368521790486513,15.792448489033752,0.9561616317796409,0.4108,0.2874730616506842,0.8015583497166556,76.0,0.2262420201016087,23.168378436632118,20.152214276434147,0.4892000000000001,0.03985546690977492,0.027066128224928036,0.010281488418653945,0.009671989062454969,2005.8744,0.0848479766623077,6.218205025053261,0.03831205535048005,0.008,0.008894417907078211,0.0,239.23653573807113,13.551017098423069,2.5786999999999995,127.7792082563316,13.161540173128072,5.577163303757946,4.8674842023990035,3.1599000000000004,148.3089653455184,199.16880407905006,4.587703744328992,0.3275000000000001
6.823573617594108,-5572.932082710739,2377.1978703399845,60.2667,-12.1527,6.397629937877613,24.747412058616014,15.153965646549729,618.3205174537517,0.00012911193598756984,-0.11139162747419273,-0.00039413717199454233,-0.000564425495723728,-0.0010145215145565163,0.0,16.013993274437674,2.398,15.80189042189532,0.9042284138038534,0.568536020786706,-0.07150799097325755,0.7465550729795011,248.56968226180436,0.30033853957767465,12.16,21.49097152332819,0.13149063405520728,0.05149668927964102,0.04911474525149192,0.006575408737229428,0.013373357992741492,176.5330489030536,0.0175,7.411951297592472,0.035654268149817404,0.034902063424390464,0.004833306682674904,0.0,36.68045299238604,38.99668248405729,12.21533675683165,11.288652252689598,0.6279000000000003,5.168515783996056,3.9541312341088757,20.38036550419165,47.259346898044676,128.0632051105083,5.349595382786817,1.168260145146217
4.086084313554317,-5362.9979056742595,2426.141627341116,64.26336005731353,-3.743588112766647,13.37665081035882,17.617371137220303,22.092458049541733,634.3218,8.956644171461427e-05,-0.029599092860052738,-0.0007237170415111941,-0.0003835802202082541,-0.001689949329741634,0.0,15.847860640326896,2.398,15.54,1.0979177355031386,0.6459073886747129,1.5292434426284391,0.82418573554861,76.0,0.034,24.20782639740339,16.062,0.12645243519797003,0.0172,0.0167,0.0,0.020809570564409845,1738.8592375688295,0.044746137127895866,5.347985227289899,0.01945198810693223,0.024120395705356314,0.004569941694813038,0.0015397069157036976,15.885115327123223,33.74585609286548,2.5786999999999995,36.17418934874353,195.3028887754224,3.3843336735824656,4.1486138088244635,15.386630231824572,54.23622609229168,986.6667,4.4939374214211805,0.7030174048916841
4.385616434107652,-5190.579677523878,2552.0522789455927,65.62952501362437,-12.1527,25.301815472285416,25.963085302224204,31.171849367320597,607.0207701290583,-0.00010794980903261857,-0.07610085396230895,0.00011222053289116032,-0.0047816872294710756,-0.0007969454969798962,0.00018604928207316727,15.87628513255919,4.453249246279472,15.629456850461372,1.0928696356399392,0.5074963813450803,0.3300202670134873,0.7155664811617978,871.987688127527,0.22057465353051098,20.16232247651682,34.05154215949659,0.11252378663978374,0.1486855024214135,0.2817,0.0,0.0078,172.73910481508784,0.11718652822003638,4.541757729086614,0.010499999999999999,0.028175867686782603,0.0064192560569534375,0.0,45.60537591959693,38.58377433119473,38.82463891963453,29.347162201381423,2.7540064087532903,6.635151751600615,4.578652630771971,7.407168102186638,46.796826297371425,611.7478969584704,3.6093,29.742315618285712
14.1879,-5433.000995555276,2533.805908541281,63.02570782564499,-7.5010212725717516,12.8506076606958,22.105795067922724,47.12542647479748,610.0126218517377,0.00021665401942962307,-0.07178899379555223,-0.0004576845966052074,-0.005000729485098205,-0.0018411407396095785,0.0,15.989927785694258,3.86371810634621,15.917002487522964,0.6558401453764295,0.6731535625207984,0.9190572125734138,0.8678852809591922,516.4683184376693,0.09970432763706029,17.97254691336258,35.0487808156336,0.13642675275322755,0.0172,0.03534943660821381,0.007665634806653854,0.01201655053846999,83.55025255809213,0.07319769827762809,6.043165132308881,0.027195265107721734,0.05338057362017748,0.006158558913824526,0.0,41.26427673455157,46.068010838976036,30.307789752902174,207.61597881405353,0.6279000000000003,6.53576786537005,2.4420502147165655,19.44944263036471,69.69787470975918,479.8162524159768,3.6093,0.6214439593635999
8.841716257890262,-5902.270641936842,2461.362531801086,70.66202795991413,-10.305713202154136,18.587507727399892,42.63,42.358109221333564,618.7221266901834,0.00010284347328956125,0.04069818831207268,-0.0005432361062962524,-0.0021473656556902105,-0.0005083777600943541,1.14768129211165e-05,15.796919587321387,3.438493806660174,15.933710347124974,1.0156419327345307,0.5528027957606109,-0.2651862746885274,0.7605258765876439,1817.7317158792903,0.034,21.560785050334992,16.78998578908464,0.480292150554815,0.05792744923671432,0.018319926228113907,0.0,0.020646041627061913,251.0226607798506,0.07514138310959434,6.205862498175713,0.02584460023719387,0.008,0.0030615938959831757,0.0,143.75668478333577,203.16032990914184,26.975100837875374,0.3003999999999998,21.054901322049812,5.316109535258882,5.8606,15.065710443660674,81.71425020930616,619.1915347404546,3.6093,1.4052032569044486
10.580927521365714,-5845.529907463074,3493.75,70.70664975141712,-7.910747071475749,28.21144105249634,18.018288326932474,29.593638112207714,615.2371456282644,0.00014671549938319962,0.06164551959044784,0.00022398477548834318,8.692317600459375e-05,-0.0005715682792535371,0.0,15.920472901363333,2.9965278508537327,15.778359069466664,1.2234407484794025,0.4748260476429304,0.12565868806160185,0.8764,616.882546355517,0.23396489736147408,22.078105641966232,16.062,0.08181668926634417,0.0172,0.026598474617094702,0.0009142208001623796,0.0078,1555.6677257352842,0.06664532718265231,6.687961833583887,0.010499999999999999,0.009446092282684063,0.006855480751388181,0.0,23.62997772231106,17.476656144992305,2.5786999999999995,7.025298813389277,182.49521532518574,5.215930403456479,3.481529230628692,14.9015433623861,31.70712870354113,671.4069966977195,5.861078610807297,0.3275000000000001
5.368874213663075,-5463.978850434812,2491.0154591097375,69.03673729142764,-10.266427499395887,25.87006198807125,17.88931085284912,42.37811573757469,601.8786183722764,4.47515287293889e-06,-0.08651391877439935,-0.0002879751602473978,-0.0013149155303342278,-0.002095585742576421,0.0,16.07,3.071935167840657,15.54,1.6408236332101214,0.5749803996812901,0.2280059546978913,0.8370067154808309,570.1191365066416,0.034,18.748832284621123,17.65829807350841,0.09620218390505941,0.1617905920071755,0.022716615220873437,0.0077333477613651894,0.01072634615976542,1354.4215708936704,0.10064962740819927,7.044968346152789,0.02731510556367697,0.03512475692774984,0.004230095524998255,0.0,1.328800000000001,24.507109473418826,2.5786999999999995,236.80468005333572,0.6279000000000003,5.932620787395641,3.496699083779569,17.62663999453618,107.40122521879198,172.29403850146764,7.189791371360374,2.439228681482756
14.1879,-4951.190025549873,3412.5910671274305,66.61017217073386,-12.1527,6.669714648211955,23.012663422438045,34.767396778724375,620.6519153684537,9.604019177408302e-05,-0.11350000000000002,-0.0005012538048848236,-0.0028918790679473344,-0.0002327088662769335,0.0001250433150921945,16.07,2.398,15.893215985612956,1.3775752880278944,0.6943754917355633,-0.28280243882678097,0.8328489042503652,301.7681090242316,0.6532401858856149,18.897331637290943,26.15131388771905,0.23292127353888104,0.0172,0.1397568998200937,0.009938756028461861,0.028500960291388697,230.9789227662941,0.09164197567833515,7.490254218291502,0.040874827946892595,0.023134977669345858,0.007980499117953597,0.0023591305595115995,42.06488327307386,10.835455384011032,2.5786999999999995,0.3003999999999998,13.60198591061735,3.8268600452759536,3.774526469565049,19.74266649794606,28.312018380434886,831.8444978238903,6.505191514729129,1.9182376131959333
12.666099638515291,-5978.5474945061915,2752.393123209895,71.14230841731657,-4.052073587094604,17.708604056010287,17.74977948384404,33.937149280182346,611.4525354262272,4.83586195728431e-05,0.03491179047764846,-0.00021270561499526328,-0.0021264951586587094,0.0005297017177221069,0.0,15.766637517481461,2.398,15.810442036975907,0.875403044355427,0.7746201314340182,0.34255401686945264,0.6192959300494367,76.0,0.2701406022176285,17.789240954187413,16.062,0.040368158336132456,0.121197449645994,0.0167,0.0003641890832789635,0.008205316533702042,402.361203442822,0.0175,6.259022777478184,0.019404678230743943,0.008,0.0025,0.0,13.330039220193367,20.473235540239987,2.5786999999999995,11.179894956910285,12.63374889879444,3.918329722097676,4.12613219687559,5.365035012072177,92.50890843194296,986.6667,3.6093,0.3275000000000001
4.748656122579057,-5540.780648229997,2749.428554338586,65.82428720575163,-8.833354091916743,11.743762231390262,29.975559408786875,47.2799490650935,604.2877945604453,-0.0004000000000000001,0.029529123970497714,-0.0004557025917910968,-0.007042620589611361,-0.0119,0.0002545024610532463,15.893865935572496,4.031164393859697,15.756799592895929,1.1703103630819733,0.6328299586521341,0.4412239625440737,0.7886819076118118,117.60320592661276,0.10092750563744365,23.054510116370803,33.12514000375928,0.13446855085582263,0.0172,0.02620075576763461,0.0004467130075442859,0.017402226284720587,138.85077290813996,0.18852750553530573,5.283550998092433,0.03734054806687065,0.03379609938373462,0.007991327108568601,0.0,99.06474935137251,29.89619543952555,28.261946938298987,105.47706826046438,18.559756825951848,5.213868752711604,3.955453510311046,13.10159406441737,18.0064,75.44042587084147,6.84851207962394,0.7007967050197622
14.1879,-5035.79986930752,2444.505023996203,62.381422442913916,-9.499564752703144,12.247132964430458,14.018598844817951,24.891820105857093,612.7886389033081,0.00027250414154639545,0.12524414429271716,0.0005346531770014915,0.0024600965221419184,0.00010147831404379442,0.0,15.846487742035212,2.398,15.54,0.7958740162720996,0.5680344968255597,1.1752603753641089,0.8087796798988762,564.1041625244853,0.3084023782765594,12.16,37.0643947013878,0.13305081128619806,0.07258695665713111,0.11252562943660432,0.00916446621463196,0.011711791593686986,243.47356054294667,0.0175,4.414900880182323,0.023389791426881325,0.0355697395416974,0.005947441481507296,0.0,202.33861393721554,54.62385772023778,21.19107946711314,0.3003999999999998,8.925895816886934,5.376174983706253,3.768937108814329,3.1599000000000004,88.43696688608176,986.6667,3.6093,0.3981217452843333
7.206833980358361,-5019.330982440086,2779.9189198495274,62.425047205790015,-12.1527,16.125963676559312,6.4482,26.69554664124237,603.334422074084,-2.3102461672447284e-05,-0.11350000000000002,0.00022423097795121687,-0.0012560331429607892,-0.0010767723491195097,0.0,15.832542953148591,3.8606169624983546,15.665321868540293,0.6055,0.49443977705616177,0.005811022699370283,0.693290542372727,398.6513966074301,0.034,22.126758228321098,27.704517848516463,0.4892000000000001,0.04396984566053386,0.04858269200319791,0.004791005910258664,0.0078,333.49440765618436,0.033114621346692276,4.309134381220071,0.012019902819281876,0.04368654971864961,0.004110309295534792,0.0,36.76719443921003,3.3354999999999997,8.398427206798967,29.30059768258083,7.60950661438109,6.068466842081367,4.597669922922259,18.295900097637094,63.81784787728033,0.0,3.6093,0.6989724713094421
8.554021958338401,-5784.574986038842,2508.523126614631,61.207455129160635,-7.496586488589411,15.308437100137722,21.03939452643694,14.314630130334654,600.935952085766,7.158264441796064e-05,0.06577225212973159,0.0015323096689458624,-0.012681399225680241,1.420280382252539e-05,0.0,15.873844890570322,2.8402965492398904,15.784034794284814,1.24020066254746,0.4108,0.2291644621436899,0.746143771854772,76.0,0.2972194586504938,24.987714451154073,27.610431811944675,0.13287617946991598,0.08274666831524873,0.029470956983689935,0.0005885610258301777,0.010464559046794924,118.42457261532871,0.19704881370812696,7.788667170884339,0.02169623725308814,0.022887167971304554,0.008144317456559604,0.0,15.932894066062428,3.3354999999999997,2.5786999999999995,15.779953569965887,0.6279000000000003,4.246543875779169,4.186692992011961,17.7670135338226,83.88410120653262,986.6667,7.1252753171299155,1.8647561986405066
14.1879,-1368.75,2514.1241054080515,63.17844210021033,3.4196231353954585,27.830217694190992,24.184848298822352,23.055772817515532,634.1053004504153,7.722843496592432e-05,-0.08164171608226573,-8.044464242395994e-05,-0.001304265716394564,-0.0119,0.0,16.04493959781598,4.13527190917301,15.639044144362476,0.6437588432253925,0.7021013247501772,0.43904550287559374,0.8764,816.4237864323002,0.034,16.92358425368199,27.15472078814661,0.0735944133082262,0.08937816432160715,0.027201514480754307,0.0027731307027678807,0.014583313865540804,215.36114649395515,0.02937759898154947,6.279111856485037,0.03246391222225173,0.012281957451471644,0.006047623285563295,0.0,91.74899462848467,6.703584140221974,18.256142545256115,400.0,1.874321908544915,5.495838259007353,4.11675178424717,19.67217921084764,92.33027075384362,301.03709026330876,3.6093,0.3275000000000001
13.557002727161482,-5255.367677646237,3037.7539070742205,73.3501574760579,1.2222792700943033,14.421534250845356,23.94849001942654,32.97481984441573,610.3596110412162,7.458886690494914e-05,-0.11350000000000002,-0.0005890831429295715,0.0038291487647757316,-0.0006432847723639759,0.0,15.893070324827018,3.2477479852966358,15.91832311813817,0.9051844107672053,0.48185786454331014,-0.7589208515917935,0.8560981162561055,507.02216694177633,0.0639242568666078,21.746382328017,24.36472238512748,0.12545013718670572,0.036116429713722586,0.08756830044673578,0.004107916058471885,0.01953761807698411,221.882683434537,0.0175,7.2550121042987055,0.012455229462343904,0.013332081830672393,0.00620847979004435,0.00023784873753651464,50.3254801993002,10.058588234925072,2.5786999999999995,0.3003999999999998,165.31899067726525,7.017707820379049,4.200545541658613,7.488148920111978,91.22537189226351,220.55541068675942,7.745289304013957,2.5949787910533217
7.401951241736891,-5193.466387940019,609.5,68.8732475895916,-10.98129464536277,18.38058575800657,11.42756959895466,34.86401729014047,615.4828997256275,0.0003133623799337742,0.43478576968375493,0.00010948329835341818,-0.014622331175541802,-0.0019817697843100344,0.0,15.870528484424556,3.541105264384019,15.810212658803414,0.759575492696668,0.5305806997422384,0.36440822030456077,0.7714900447086173,287.33621021448823,0.18934068770287046,22.630846985159423,34.119673276346724,0.1525501603039498,0.0172,0.08653374130856581,0.0,0.01040203084109555,980.7934298717323,0.05606790412982,6.13389630161523,0.046124777231088515,0.009094837067757069,0.027367827001413225,0.0009362710378405005,35.39024916090948,124.5341550336312,2.5786999999999995,0.61632191173919,0.6279000000000003,5.69568001829386,4.635100809928521,13.063761719059473,76.0905195815398,123.57730235056187,22.137866527663398,2.4646618713007813
2.2493,-4695.53679631818,2551.449291573641,71.09497164602709,-3.725032470370832,50.070346967413705,6.4482,36.53044756832564,604.83575513758,0.00031272020213509084,0.09336545337203775,-0.0005738179129206395,-0.00425621130472055,0.0007083987067267143,0.0005993356062341983,15.864861332377128,5.01548678539362,15.818078245799608,0.6055,0.5345717264829357,0.9512045599240162,0.811404572354371,76.0,0.18037779347782013,20.149424316861452,16.79936683723112,0.11926312632432953,0.10658200523665239,0.0167,0.0,0.012857635617185876,43.76928970869358,0.0175,4.383893825486541,0.042277075705840425,0.02440653016596646,0.015402020456326188,0.0,34.72329827552886,8.412177938634441,219.46708865760115,0.3003999999999998,0.6279000000000003,6.067522059709148,3.836758381550532,8.64636831612965,80.67659901839522,773.368513667129,16.608017453497805,1.073415383589523
6.165804816215832,-5501.170643793588,2519.5466582131157,72.45414102600208,-2.289198912354228,17.389848153246906,25.735779958480325,27.794337872199414,611.7521771993538,4.966831588828389e-05,0.07551144290775541,-0.00019726105889822265,-0.006760326776891571,-2.8542254006572793e-05,0.0,15.664828105457994,3.1150583091515096,15.883417764286271,0.7268053848445635,0.540529457252331,0.4525080091400455,0.8183397175753301,345.05419453042936,0.034,21.394845173253824,25.70835278749886,0.12730764171374015,0.04354023497109778,0.0167,0.0,0.009301753324655045,220.29371304139306,0.09692843216814592,6.565666558559184,0.012051392869319855,0.017067124998476194,0.002803498147307271,0.002040873128451153,5.2463040350850125,85.98540630555291,2.5786999999999995,136.75299800500602,4.201860809432391,6.84143604350731,4.90396732643584,3.1599000000000004,103.64525391972691,391.2915720003762,5.734001956405249,15.37460466254344
11.542431057934003,-5231.807884604775,2663.0471347973303,66.83878477958622,9.708777668859474,10.205263595829967,29.44152918841859,35.88686713548161,614.7182022471596,0.0002907156816066124,-0.08603024128074321,-0.0013,0.0031387960001694384,-0.0016763556152926131,0.0,15.838209022091696,3.464470567695388,15.624405040596583,1.3644002964439563,0.5734578712699259,-0.0772792073254926,0.8764,76.0,0.19775693633371078,23.000517768059254,30.0436214598082,0.05661417860578525,0.017443703609514784,0.0167,0.007378023743101087,0.010639212687174899,246.57701194466824,0.04000841323558246,5.633028213338565,0.010499999999999999,0.027126401202989835,0.007567888489530286,0.0,400.0,39.90519664750533,12.058977881729444,35.942270311044716,139.00427512270346,6.344038667840062,5.295636070574128,20.886220448890764,95.10126538473548,542.5222219029314,3.6093,0.876853451466066
9.864273198830585,-4890.181554745551,2783.3793668552835,66.98508940009972,5.9238426976555765,12.090119564692445,20.04968950216838,25.376871422722925,620.8835393774452,0.00014543821533879696,0.09797126192473024,0.0002594363013710276,-0.0072084576097391434,0.0015,0.000280225102345641,15.809697485397356,5.150682423756873,15.54,0.6055,0.4108,0.5278141747915326,0.7738220323461329,133.9257928721745,0.15096341299505556,20.970802938458558,27.22796028614273,0.15098677350780126,0.08052576483728455,0.03085736854298725,0.004309484405307616,0.0078,149.08401879199437,0.0175,4.0902,0.010499999999999999,0.034873910534205625,0.007304963073083944,0.0,163.5101983891057,16.152289605203197,2.5786999999999995,0.3003999999999998,2.229027952455179,6.410396821005352,4.63651582199914,20.951129320333504,175.24559060223177,986.6667,4.468517751197937,1.1185356480424955
9.92224959439864,-5208.868176850659,2492.1020451010895,65.70113665187576,-12.1527,53.9451,23.306375984409016,17.068243069037067,623.6264453144249,-1.7822671200632407e-05,0.8854,0.0001842477270081371,6.451561029996444e-05,-0.003323159426073393,0.0,15.932362602728258,3.13029599718364,15.65062503516387,0.9494195717564745,0.6174139354533609,0.3614399251604331,0.8663322589453735,76.0,0.0785088458983792,13.818774529272286,34.71177655534861,0.07414673951900076,0.0172,0.0167,0.007719492959695736,0.015511224707680848,465.24519721502656,0.0175,4.0902,0.01640412097704425,0.00913510097340317,0.005038007385246355,0.0,8.132588770373147,47.271098893611885,2.5786999999999995,11.022881549328254,0.6279000000000003,3.9851308875508877,5.0322625783935475,158.1332,100.76462492796364,986.6667,3.6093,1.4823527881842815
6.3032376429112915,-4905.122013838556,2382.8425738571277,69.50075657562397,20.62715075554587,24.20272234552362,32.19582987617537,20.90002150950629,598.9693321466095,0.00018182984690617423,-0.10460013401565141,-0.00025166959387009583,0.0011140092818494093,5.479591050706315e-05,0.0,15.724605001657492,3.846867481636547,15.864875773654889,0.7440200312011951,0.6109718683185853,0.4663818169378402,0.7547102625915433,317.867305002237,0.034,19.685756319950123,28.61675567826474,0.4406414318137498,0.02440488004664279,0.023824527231606333,0.003274038069376997,0.013290926349114614,341.91200662840254,0.023942792375457843,5.854688101351359,0.030381509425560876,0.023908038773576622,0.004582510726636838,0.0,243.46406038300586,40.67292836892439,5.3797876481354585,21.131191953322826,0.6279000000000003,6.48711838050648,4.337526034413934,11.333908842238575,70.27148672979823,497.3409896683811,6.376273945967364,0.7223789715731281
