robust_weight,none_logit_bias,eligible,minimum_guardrail_margin,worst_mode_mean_delta_weak_recall,mean_delta_weak_recall,mean_delta_macro_f1,mean_delta_balanced_accuracy,mean_delta_none_recall,minimum_delta_none_recall,clean_weak_recall_mean_improved,clean_macro_f1_mean_improved,clean_none_recall_guardrail_all_seeds,clean_balanced_accuracy_guardrail_all_seeds,clean_accuracy_guardrail_all_seeds,shift4_weak_recall_mean_improved,shift4_macro_f1_mean_improved,shift4_none_recall_guardrail_all_seeds,shift4_balanced_accuracy_guardrail_all_seeds,shift4_accuracy_guardrail_all_seeds,dropout1_weak_recall_mean_improved,dropout1_macro_f1_mean_improved,dropout1_none_recall_guardrail_all_seeds,dropout1_balanced_accuracy_guardrail_all_seeds,dropout1_accuracy_guardrail_all_seeds
0.0,0.0,False,0.0,0.0,0.0,0.0,0.0,0.0,0.0,False,False,True,True,True,False,False,True,True,True,False,False,True,True,True
0.0,0.05,False,-0.0033602944851654306,-0.0033602944851654306,-0.003091172991413766,-7.109066117808964e-05,-0.0011030675635956093,0.00021104726931214172,9.497127119040272e-05,False,False,True,True,True,False,False,True,True,True,False,True,True,True,True
0.0,0.1,False,-0.006013189501321643,-0.006013189501321643,-0.005198539988128347,0.0001573300509664335,-0.0018449709142851242,0.00048013253768512215,0.00023742817797611782,False,True,True,True,True,False,False,True,True,True,False,True,True,True,True
0.0,0.15,False,-0.007549808547400616,-0.007549808547400616,-0.007126459987370455,0.00034332857931467723,-0.002616052413512889,0.0007228368973940894,0.000522341991547548,False,True,True,True,True,False,False,True,True,True,False,True,True,True,True
0.0,0.2,False,-0.009740022364721379,-0.009740022364721379,-0.009121023328109676,0.00038073521379448455,-0.0036397894543634957,0.0009760936205686694,0.0007597701695237769,False,True,True,False,True,False,False,True,False,True,False,True,True,False,True
0.0,0.25,False,-0.012026379002643103,-0.012026379002643103,-0.01149751181857592,0.00041567581023322427,-0.004687286606381032,0.0012240741620104122,0.0008072558051189782,False,False,True,False,True,False,True,True,False,True,False,True,True,False,True
0.0,0.3,False,-0.013900036947852542,-0.013900036947852542,-0.01364502816171203,0.0004603982483347825,-0.005530788866280815,0.001414016704391378,0.0010921696186904084,False,False,True,False,True,False,True,True,False,True,False,True,True,False,True
0.0,0.35,False,-0.015445672446016467,-0.015445672446016467,-0.015208141202866584,0.0005314161235797643,-0.006232155082102052,0.0015934068833066942,0.0012821121610712138,False,True,True,False,True,False,True,True,False,True,False,True,True,False,True
0.0,0.4,False,-0.01889828756013819,-0.01889828756013819,-0.018248057624275935,0.00038343344090018146,-0.007358416662370483,0.0018044541526188234,0.0013770834322617276,False,False,True,False,True,False,True,True,False,True,False,True,True,False,True
0.0,0.45,False,-0.022921193268630364,-0.022921193268630364,-0.021034239323426334,0.0002580966258786368,-0.008341966985360001,0.0020155014219309653,0.0014720547034522413,False,False,True,False,True,False,False,True,False,True,False,True,True,False,True
0.0,0.5,False,-0.02621102222065408,-0.02621102222065408,-0.023494031990764004,0.00011534637880212312,-0.009291929436830191,0.002173786873915081,0.0015195403390474427,False,False,True,False,True,False,False,True,False,True,False,True,True,False,True
0.0,0.55,False,-0.029950693727783435,-0.029950693727783435,-0.02622039802409024,-0.00024512551867386347,-0.0105203605513272,0.002337348507631984,0.0016619972458331578,False,False,True,False,True,False,False,True,False,True,False,True,True,False,True
0.0,0.6,False,-0.03209994149106632,-0.03209994149106632,-0.02793773813152325,-0.00011188765500566887,-0.011129776867226123,0.0025483957769441507,0.0018519397882140742,False,False,True,False,True,False,False,True,False,True,False,True,True,False,True
0.0,0.65,False,-0.03341614748563493,-0.03341614748563493,-0.030540193285291315,-0.0004283693733251202,-0.01227603857278133,0.0027172335923938665,0.0018994254238092756,False,False,True,False,True,False,False,True,False,True,False,True,True,False,True
0.0,0.7,False,-0.03487573466933632,-0.03487573466933632,-0.03277656741709028,-0.00032671947699268607,-0.013136152774250497,0.0029335570434388205,0.002089367966190303,False,False,True,False,True,False,False,True,False,True,False,True,True,False,True
0.0,0.75,False,-0.03880004743437837,-0.03880004743437837,-0.03591216930283551,-0.0007801774156524931,-0.01448861032297957,0.003107671040621312,0.0021368536017855044,False,False,True,False,True,False,False,True,False,True,False,True,True,False,True
0.0,0.8,False,-0.04225648474014484,-0.04225648474014484,-0.0387730960830376,-0.000912360068276367,-0.015540872667482584,0.0032870612195366406,0.0022793105085712195,False,False,True,False,True,False,False,True,False,True,False,True,True,False,True
0.0,0.85,False,-0.04553729724008363,-0.04553729724008363,-0.0410453400133483,-0.0010463836730385163,-0.016402711143329238,0.0034347943080551436,0.0023742817797616222,False,False,True,False,True,False,False,True,False,True,False,True,True,False,True
0.0,0.9,False,-0.04823635257071782,-0.04823635257071782,-0.04398957097042179,-0.001493910399522279,-0.01755081757052199,0.0035350417609784327,0.0024217674153569346,False,False,True,False,True,False,False,True,False,True,False,True,True,False,True
0.0,0.95,False,-0.05151716507065659,-0.05151716507065659,-0.04757200992724442,-0.0020654504991048186,-0.019098327211436155,0.0036669463042985104,0.0024217674153569346,False,False,True,False,True,False,False,True,False,True,False,True,True,False,True
0.0,1.0,False,-0.053287035811975504,-0.053287035811975504,-0.04925730242781038,-0.002145953444434603,-0.01982212066098578,0.003798850847618588,0.0025642243221425387,False,False,True,False,True,False,False,True,False,True,False,True,True,False,True
0.0,1.05,False,-0.05484031569342892,-0.05484031569342892,-0.05183372094276814,-0.0024722755988996945,-0.020960254167022963,0.003972964844801117,0.002754166864523566,False,False,True,False,True,False,False,True,False,True,False,True,True,False,True
0.0,1.1,False,-0.057409906532713495,-0.057409906532713495,-0.05427812683861304,-0.0027960400223740775,-0.022031179382573842,0.004094317024655607,0.002849138135713969,False,False,True,False,True,False,False,True,False,True,False,False,True,False,True
0.0,1.15,False,-0.059846210689003976,-0.059846210689003976,-0.056843438129987885,-0.0030660759271416613,-0.023303165654791045,0.004268431021838122,0.002991595042499684,False,False,True,False,True,False,False,True,False,True,False,False,True,False,True
0.0,1.2,False,-0.061532777253451486,-0.061532777253451486,-0.05933527840419253,-0.0033719589665550543,-0.024350209032202308,0.0043845070199598,0.003134051949285399,False,False,True,False,True,False,False,True,False,True,False,False,True,False,True
0.0,1.25,False,-0.0640100474637798,-0.0640100474637798,-0.06196978116482759,-0.00386414045778379,-0.02568563290601659,0.00452696392674549,0.003134051949285399,False,False,True,False,True,False,False,True,False,True,False,False,True,False,True
0.0,1.3,False,-0.06533007564999309,-0.06533007564999309,-0.06404082100676528,-0.004224995472559241,-0.026524317699248606,0.004600830471004729,0.0031815375848806005,False,False,True,False,True,False,False,True,False,True,False,False,True,False,True
0.0,1.35,False,-0.06709612419966733,-0.06709612419966733,-0.06568041054911827,-0.004289604468729712,-0.027225122575964322,0.004722182650859219,0.0031815375848806005,False,False,True,False,True,False,False,True,False,True,False,False,True,False,True
0.0,1.4,False,-0.06819573933437025,-0.06819573933437025,-0.06757928842552169,-0.004654592645505347,-0.027922737977051335,0.004764392104721658,0.003276508856071114,False,False,True,False,True,False,False,True,False,True,False,False,True,False,True
0.0,1.45,False,-0.06989896673419205,-0.06989896673419205,-0.0694867253977448,-0.004922588372160098,-0.028759745315171597,0.004885744284576134,0.003276508856071114,False,False,True,False,True,False,False,True,False,True,False,False,True,False,True
0.0,1.5,False,-0.07193541084149964,-0.07193541084149964,-0.07127198291055648,-0.005194944383654199,-0.029791697215323043,0.004991267919232224,0.0033239944916663156,False,False,True,False,True,False,False,True,False,True,False,False,True,False,True
0.0,1.55,False,-0.07455880637855183,-0.07455880637855183,-0.07337634442324273,-0.005536545356549855,-0.03070963968173484,0.005086239190422664,0.003371480127261517,False,False,True,False,True,False,False,True,False,True,False,False,True,False,True
0.0,1.6,False,-0.0772821669278498,-0.0772821669278498,-0.07594038165073598,-0.006047010619052612,-0.03177536254031585,0.005160105734681928,0.0034189657628567183,False,False,True,False,True,False,False,True,False,True,False,False,True,False,True
0.0,1.65,False,-0.08108083739318683,-0.08108083739318683,-0.07895507814095135,-0.006694719512479661,-0.03318678086469616,0.005212867552009966,0.0034189657628567183,False,False,True,False,True,False,False,True,False,True,False,False,True,False,True
0.0,1.7,False,-0.0830544603506419,-0.0830544603506419,-0.08098041502467597,-0.0071867609882814276,-0.03416187208020992,0.005281457914536405,0.003513937034047232,False,False,True,False,True,False,False,True,False,True,False,False,True,False,True
0.0,1.75,False,-0.08649805901267889,-0.08649805901267889,-0.08368584067471813,-0.007634751664844484,-0.03527179320090008,0.005381705367459682,0.0035614226696424334,False,False,True,False,True,False,False,True,False,False,False,False,True,False,True
0.0,1.8,False,-0.09000447882456815,-0.09000447882456815,-0.08704231296823889,-0.008170755237469364,-0.03657259457322729,0.005455571911718921,0.0035614226696424334,False,False,True,False,True,False,False,True,False,False,False,False,True,False,True
0.0,1.85,False,-0.09204474512352041,-0.09204474512352041,-0.0886968319258194,-0.008422289790482021,-0.037334593995085236,0.005524162274245372,0.0037038795764281485,False,False,True,False,True,False,False,True,False,False,False,False,True,False,True
0.0,1.9,False,-0.0951179832156784,-0.0951179832156784,-0.09120788116316153,-0.008912624993043176,-0.03840941129121574,0.005608581181970236,0.003798850847618662,False,False,True,False,True,False,False,True,False,False,False,False,True,False,True
0.0,1.95,False,-0.09656747589324122,-0.09656747589324122,-0.09276544059252463,-0.009071099426872243,-0.039044351984171444,0.0057141048166263015,0.0038463364832138636,False,False,True,False,True,False,False,True,False,False,False,False,True,False,True
0.0,2.0,False,-0.09949076646703063,-0.09949076646703063,-0.09619966345112546,-0.009779313012856346,-0.040396127261387686,0.005793247542618353,0.003941307754404377,False,False,True,False,True,False,False,True,False,False,False,False,True,False,True
0.05,0.0,True,0.001289450317910797,0.0052929513885824715,0.006039683496397114,0.0021076040991850897,0.003485066342431126,-7.914272599203927e-05,-0.00042737072035703427,True,True,True,True,True,True,True,True,True,True,True,True,True,True,True
0.05,0.05,True,0.0014270901093826893,0.0027361991930274776,0.0037230106717550423,0.002325263735213529,0.002631883681421828,0.00015828545198410323,0.0,True,True,True,True,True,True,True,True,True,True,True,True,True,True,True
0.05,0.1,False,-0.0004908086091436337,-0.0004908086091436337,0.0003541570907698515,0.0023036855728667044,0.0014522175685385645,0.00043264690208990843,0.00014245690678560408,False,True,True,True,True,True,True,True,True,True,True,True,True,True,True
0.05,0.15,False,-0.0029770952715568733,-0.0029770952715568733,-0.002356822171063638,0.002201192994880937,0.0003412572861692078,0.0006700750800660633,0.00042737072035703427,False,True,True,True,True,False,True,True,True,True,False,True,True,True,True
0.05,0.2,False,-0.004946896037367273,-0.004946896037367273,-0.004644452872867065,0.0025186945696964815,-0.00046190645104607044,0.0009286079849734433,0.0006647988983332631,False,True,True,True,True,False,True,True,True,True,False,True,True,True,True
0.05,0.25,False,-0.006920518994822489,-0.006920518994822489,-0.006204560429993301,0.0027508958030423797,-0.0013112077090106213,0.001176588526415186,0.0008547414407141796,False,True,True,True,True,False,True,True,True,True,False,True,True,True,True
0.05,0.3,False,-0.009236375111848086,-0.009236375111848086,-0.008832235514955378,0.0026027705147616542,-0.002470722213497102,0.0013718072505289397,0.001044683983095096,False,True,True,True,True,False,True,True,True,True,False,True,True,True,True
0.05,0.35,False,-0.01194307482577169,-0.01194307482577169,-0.011143354727806044,0.0025790988346078413,-0.0033494201277679794,0.0016039592467722945,0.0011871408898808111,False,True,True,True,True,False,True,True,True,True,False,True,True,False,True
0.05,0.4,False,-0.014399862009081202,-0.014399862009081202,-0.013489527031552028,0.0024692591444188056,-0.004427462774579209,0.001799177970886011,0.0013770834322617276,False,True,True,False,True,False,True,True,False,True,False,True,True,False,True
0.05,0.45,False,-0.017415473211826755,-0.017415473211826755,-0.015893783580975398,0.0024856713995135005,-0.005286049683985494,0.0019891205132669646,0.00142456906785704,False,True,True,False,True,False,True,True,False,True,False,True,True,False,True
0.05,0.5,False,-0.0208514274905743,-0.0208514274905743,-0.018313426901891514,0.002441910217275578,-0.006168146559982213,0.002194891600846306,0.0016145116102379564,False,True,True,False,True,False,True,True,False,True,False,True,True,False,True
0.05,0.55,False,-0.024791029022195026,-0.024791029022195026,-0.02121195490075203,0.002239251085370807,-0.007269763405730551,0.0023848341432272224,0.0016145116102379564,False,True,True,False,True,False,True,True,False,True,False,True,True,False,True
0.05,0.6,False,-0.028767774416209185,-0.028767774416209185,-0.024246317710370027,0.0018105969800572429,-0.008640553409917663,0.0025536719586769386,0.0018044541526188729,False,True,True,False,True,False,True,True,False,True,False,True,True,False,True
0.05,0.65,False,-0.03068377048425201,-0.03068377048425201,-0.025996979488551546,0.0019335477004379282,-0.009288384730418117,0.0027805477731874927,0.0018994254238092756,False,True,True,False,True,False,True,True,False,True,False,True,True,False,True
0.05,0.7,False,-0.03208328065569203,-0.03208328065569203,-0.028240181296023497,0.0017754082906382695,-0.01017798506508849,0.0029230046799731957,0.0020418823305949907,False,True,True,False,True,False,True,True,False,True,False,True,True,False,True
0.05,0.75,False,-0.03413638559837392,-0.03413638559837392,-0.030912285275317038,0.0015695602362891308,-0.011288766900722348,0.0030865663136901114,0.002089367966190303,False,True,True,False,True,False,True,True,False,True,False,True,True,False,True
0.05,0.8,False,-0.03662267226078708,-0.03662267226078708,-0.03381636688596897,0.0012317385150052676,-0.012468006551389922,0.0032290232204757897,0.002184339237380706,False,True,True,False,True,False,True,True,False,True,False,True,True,False,True
0.05,0.85,False,-0.04194375105967807,-0.04194375105967807,-0.03715444692396877,0.0009305778994382156,-0.013778823233170997,0.003429518126322343,0.002326796144166421,False,True,True,False,True,False,False,True,False,True,False,True,True,False,True
0.05,0.9,False,-0.04517075886184929,-0.04517075886184929,-0.04027894158613113,0.000625307208626253,-0.01493079948866031,0.003582527396573634,0.0025167386865473373,False,False,True,False,True,False,False,True,False,True,False,True,True,False,True
0.05,0.95,False,-0.04714055962765965,-0.04714055962765965,-0.04276522824854437,0.00035332817866705487,-0.01600095447350072,0.003735536666824962,0.0025642243221425387,False,False,True,False,True,False,False,True,False,True,False,True,True,False,True
0.05,1.0,False,-0.05041754993595371,-0.05041754993595371,-0.04619644562311684,-0.000185659636429198,-0.017439337661390816,0.0038727173918778396,0.0026591955933330524,False,False,True,False,True,False,False,True,False,True,False,True,True,False,True
0.05,1.05,False,-0.0521874206772727,-0.0521874206772727,-0.047860797740398656,-0.00019938067304126061,-0.018120502706316093,0.003983517208266717,0.0026591955933330524,False,False,True,False,True,False,False,True,False,True,False,True,True,False,True
0.05,1.1,False,-0.05409057810158602,-0.05409057810158602,-0.05034835846669355,-0.000482619867810927,-0.019140199163623552,0.004120697933319619,0.0028016525001187675,False,False,True,False,True,False,False,True,False,True,False,True,True,False,True
0.05,1.15,False,-0.05622698722113928,-0.05622698722113928,-0.05267486445103694,-0.0007366236379030185,-0.020216962552366664,0.004268431021838135,0.002849138135713969,False,False,True,False,True,False,False,True,False,True,False,True,True,False,True
0.05,1.2,False,-0.05881323889579818,-0.05881323889579818,-0.055022310818664454,-0.0012112186030185132,-0.021602251938843117,0.004410887928623813,0.002991595042499684,False,False,True,False,True,False,False,True,False,True,False,True,True,False,True
0.05,1.25,False,-0.06100345271311902,-0.06100345271311902,-0.05830103254710525,-0.0017660132057605304,-0.022899226731602988,0.004526963926745477,0.003134051949285399,False,False,True,False,True,False,False,True,False,True,False,False,True,False,True
0.05,1.3,False,-0.06297707567057409,-0.06297707567057409,-0.06047203740128863,-0.0021788838562763046,-0.02407415577708136,0.004643039924867167,0.003134051949285399,False,False,True,False,True,False,False,True,False,True,False,False,True,False,True
0.05,1.35,False,-0.06440990751276277,-0.06440990751276277,-0.06288312162638504,-0.0023431502439040055,-0.025001358988711128,0.004759115922988845,0.0031815375848806005,False,False,True,False,True,False,False,True,False,True,False,False,True,False,True
0.05,1.4,False,-0.06591320488809305,-0.06591320488809305,-0.06449494310978084,-0.0025895779513147093,-0.02566624498334395,0.004838258648980897,0.003229023220475802,False,False,True,False,True,False,False,True,False,True,False,False,True,False,True
0.05,1.45,False,-0.06811243515749876,-0.06811243515749876,-0.06599013874555669,-0.002747679577175354,-0.026282097796174766,0.004949058465369786,0.003371480127261517,False,False,True,False,True,False,False,True,False,True,False,False,True,False,True
0.05,1.5,False,-0.06952860616431307,-0.06952860616431307,-0.06850674159469024,-0.003271535807235209,-0.02728657082590882,0.005028201191361825,0.003371480127261517,False,False,True,False,True,False,False,True,False,True,False,False,True,False,True
0.05,1.55,False,-0.07173165862536346,-0.07173165862536346,-0.07024329066526062,-0.003611522785483613,-0.028294004758975564,0.005107343917353877,0.0034189657628567183,False,False,True,False,True,False,False,True,False,True,False,False,True,False,True
0.05,1.6,False,-0.07371812022654815,-0.07371812022654815,-0.07253647497885546,-0.004060910525309904,-0.029459584166576173,0.005228696097208391,0.003513937034047232,False,False,True,False,True,False,False,True,False,True,False,False,True,False,True
0.05,1.65,False,-0.07633769357195568,-0.07633769357195568,-0.075201751282476,-0.004584534569090988,-0.03050092036734041,0.005302562641467618,0.0035614226696424334,False,False,True,False,True,False,False,True,False,True,False,False,True,False,True
0.05,1.7,False,-0.07989791808161258,-0.07989791808161258,-0.07796954072610535,-0.005185518414500915,-0.031722381960832914,0.005360600640528445,0.003656393940832947,False,False,True,False,True,False,False,True,False,True,False,False,True,False,True
0.05,1.75,False,-0.08340816008514662,-0.08340816008514662,-0.0805262929216604,-0.005636958858408092,-0.03280235746712325,0.005445019548253321,0.00375136521202335,False,False,True,False,True,False,False,True,False,True,False,False,True,False,True
0.05,1.8,False,-0.0864147548358074,-0.0864147548358074,-0.08298909107302639,-0.006192061784201928,-0.034013868732114615,0.005524162274245372,0.00375136521202335,False,False,True,False,True,False,False,True,False,True,False,False,True,False,True
0.05,1.85,False,-0.090795182470449,-0.090795182470449,-0.08608026406444018,-0.006674310086402204,-0.03507867684511263,0.005576924091573423,0.0038463364832138636,False,False,True,False,True,False,False,True,False,True,False,False,True,False,True
0.05,1.9,False,-0.09248174903489659,-0.09248174903489659,-0.08803340399487632,-0.006954039335758246,-0.035905405011192076,0.005656066817565451,0.003893822118809065,False,False,True,False,True,False,False,True,False,True,False,False,True,False,True
0.05,1.95,False,-0.09451819314220407,-0.09451819314220407,-0.09065679953192853,-0.007459205096393935,-0.03704955144188249,0.005756314270488751,0.003988793389999579,False,False,True,False,True,False,False,True,False,False,False,False,True,False,True
0.05,2.0,False,-0.09626758085650407,-0.09626758085650407,-0.0926821364156532,-0.007840409549235336,-0.03782496812227295,0.005819628451282378,0.003988793389999579,False,False,True,False,True,False,False,True,False,False,False,False,True,False,True
0.1,0.0,True,0.001477658008452452,0.007688289490835072,0.010226649430869088,0.004114520460775119,0.006469504265142589,-9.49712711904644e-05,-0.000522341991547548,True,True,True,True,True,True,True,True,True,True,True,True,True,True,True
0.1,0.05,True,0.0017150861864286809,0.006721961039126552,0.008463606365223142,0.00422282322760602,0.0057101478778546705,0.00011079981638888952,-0.0002849138135713192,True,True,True,True,True,True,True,True,True,True,True,True,True,True,True
0.1,0.1,True,0.002,0.0045688910841990005,0.005755632587417958,0.0043826831502283715,0.004727704050620495,0.0003587803578306446,0.0,True,True,True,True,True,True,True,True,True,True,True,True,True,True,True
0.1,0.15,True,0.0010586490806649234,0.0010586490806649234,0.0028780449718415323,0.004366975342981829,0.003649556546111025,0.0005962085358067872,0.00033239944916663156,True,True,True,True,True,True,True,True,True,True,True,True,True,True,True
0.1,0.2,False,-0.0011277425450112084,-0.0011277425450112084,0.00011280365597528726,0.0044127921207453135,0.0026800212598599004,0.000870569985912617,0.0006173132627380618,False,True,True,True,True,True,True,True,True,True,False,True,True,True,True
0.1,0.25,False,-0.004051033118800544,-0.004051033118800544,-0.0023482630752439393,0.004465682866871521,0.0016618781350358337,0.001113274345621535,0.0007122845339284645,False,True,True,True,True,False,True,True,True,True,False,True,True,True,True
0.1,0.3,False,-0.0059541905431138575,-0.0059541905431138575,-0.00464272145272034,0.004892226278667428,0.0007923330770623657,0.0014087405226585654,0.0009971983474998947,False,True,True,True,True,False,True,True,True,True,False,True,True,True,True
0.1,0.35,False,-0.008986462581233812,-0.008986462581233812,-0.0069179708670592905,0.004643074929306034,-0.0003830014651388103,0.0015723021563754688,0.0010921696186904084,False,True,True,True,True,False,True,True,True,True,False,True,True,True,True
0.1,0.4,False,-0.011626518953660292,-0.011626518953660292,-0.009334608703947101,0.004617119944861186,-0.0013009172748186372,0.001788625607420423,0.0013295977966665262,False,True,True,True,True,False,True,True,True,True,False,True,True,True,True
0.1,0.45,False,-0.01404616227457641,-0.01404616227457641,-0.012257899277736486,0.004426200105981752,-0.002526444989002773,0.0019943966949997646,0.0013770834322617276,False,True,True,True,True,False,True,True,True,True,False,True,True,True,True
0.1,0.5,False,-0.016515788101615397,-0.016515788101615397,-0.014181997085333865,0.004350181772226902,-0.0033783784533973904,0.002163234510449493,0.0015195403390474427,False,True,True,False,True,False,True,True,True,True,False,True,True,False,True
0.1,0.55,False,-0.020318280758597134,-0.020318280758597134,-0.0168848746076128,0.004262734244018931,-0.004341914970859401,0.002384834143227235,0.001567025974642755,False,True,True,False,True,False,True,True,True,True,False,True,True,False,True
0.1,0.6,False,-0.02469870839323877,-0.02469870839323877,-0.019984606694846314,0.004073010631737212,-0.005464852346113787,0.002564224322142551,0.0017569685170236715,False,True,True,False,True,False,True,True,False,True,False,True,True,False,True
0.1,0.65,False,-0.027801445964500664,-0.027801445964500664,-0.022599900492344012,0.003636530609616748,-0.0066200835388968825,0.002690852683729841,0.0018519397882140742,False,True,True,False,True,False,True,True,False,True,False,True,True,False,True
0.1,0.7,False,-0.03008780260242246,-0.03008780260242246,-0.025054139547890302,0.0036272464291664283,-0.0075623323622889815,0.002901899953041983,0.001946911059404588,False,True,True,False,True,False,True,True,False,True,False,True,True,False,True
0.1,0.75,False,-0.03193715532896816,-0.03193715532896816,-0.02699917773877182,0.003724002883083154,-0.008304022328619043,0.0031287757675525375,0.002089367966190303,False,True,True,False,True,False,True,True,False,True,False,True,True,False,True
0.1,0.8,False,-0.034640032851247136,-0.034640032851247136,-0.03011129111346976,0.003257397560279577,-0.009587453043028351,0.0032501279474070393,0.0022793105085712195,False,True,True,False,True,False,True,True,False,True,False,True,True,False,True
0.1,0.85,False,-0.03617665189732607,-0.03617665189732607,-0.0327889487045547,0.003086963043059554,-0.010657484686770032,0.003424241944589531,0.0023742817797616222,False,True,True,False,True,False,True,True,False,True,False,True,True,False,True
0.1,0.9,False,-0.04208085993431706,-0.04208085993431706,-0.0369780054105246,0.002635962364358085,-0.012340895396063423,0.003619460668703272,0.0025167386865473373,False,True,True,False,True,False,True,True,False,True,False,True,True,False,True
0.1,0.95,False,-0.04457096878837504,-0.04457096878837504,-0.0396125081711597,0.002366733582569817,-0.01337562430569218,0.003740812848557737,0.00261170995773774,False,True,True,False,True,False,True,True,False,True,False,True,True,False,True
0.1,1.0,False,-0.046474126212688205,-0.046474126212688205,-0.0418822039737072,0.002173350319201517,-0.014361783063084492,0.003899098300541853,0.0026591955933330524,False,True,True,False,True,False,True,True,False,True,False,True,True,False,True
0.1,1.05,False,-0.049030878408243384,-0.049030878408243384,-0.04453892118150804,0.0017049082936331352,-0.015566242995624542,0.003999345753465129,0.0026591955933330524,False,True,True,False,True,False,True,True,False,True,False,True,True,False,True
0.1,1.1,False,-0.05260776375327455,-0.05260776375327455,-0.04763009417292184,0.0013569507051267953,-0.016720083786519988,0.004136526478518032,0.0026591955933330524,False,True,True,False,True,False,True,True,False,True,False,True,True,False,True
0.1,1.15,False,-0.05429433031772209,-0.05429433031772209,-0.04950976308618782,0.001259072674649469,-0.017544903892914028,0.004284259567036535,0.002754166864523566,False,True,True,False,True,False,True,True,False,True,False,True,True,False,True
0.1,1.2,False,-0.05532730211092777,-0.05532730211092777,-0.051740583606195344,0.0012091336960170754,-0.018539357801452994,0.004453097382486226,0.0029441094069044826,False,True,True,False,True,False,True,True,False,True,False,True,True,False,True
0.1,1.25,False,-0.05841720103846004,-0.05841720103846004,-0.05462372483356318,0.0004960298799590775,-0.020086003583246193,0.004569173380607916,0.0030390806780948854,False,True,True,False,True,False,True,True,False,True,False,True,True,False,True
0.1,1.3,False,-0.06099061406938944,-0.06099061406938944,-0.057150160842397976,-2.960678994873906e-05,-0.021245958203137398,0.00464831610659998,0.0031815375848806005,False,False,True,False,True,False,False,True,False,True,False,True,True,False,True
0.1,1.35,False,-0.0628142895084759,-0.0628142895084759,-0.059783389539151494,-0.00047288069867117914,-0.022533474275639405,0.004785496831652858,0.003229023220475802,False,False,True,False,True,False,False,True,False,True,False,False,True,False,True
0.1,1.4,False,-0.06384726130168165,-0.06384726130168165,-0.0616130759462946,-0.0006003992315536388,-0.023342196675229854,0.004938506101904161,0.003371480127261517,False,False,True,False,True,False,False,True,False,True,False,False,True,False,True
0.1,1.45,False,-0.06605031376273207,-0.06605031376273207,-0.06351750743448945,-0.0009001440560524074,-0.02406551228295088,0.005007096464430625,0.003371480127261517,False,False,True,False,True,False,False,True,False,True,False,False,True,False,True
0.1,1.5,False,-0.06876602992874055,-0.06876602992874055,-0.06540145589566526,-0.001240148284401357,-0.024929501697452314,0.0051178962808194894,0.0034664513984520307,False,False,True,False,True,False,False,True,False,True,False,False,True,False,True
0.1,1.55,False,-0.07016936229182524,-0.07016936229182524,-0.06742934090715305,-0.0016931682445452771,-0.02572479371511158,0.005170658098147528,0.0035614226696424334,False,False,True,False,True,False,False,True,False,True,False,False,True,False,True
0.1,1.6,False,-0.07280559647260713,-0.07280559647260713,-0.06984470468015935,-0.0023066860721558204,-0.027123700371793815,0.005249800824139604,0.0037038795764281485,False,False,True,False,True,False,False,True,False,True,False,False,True,False,True
0.1,1.65,False,-0.0746421105554232,-0.0746421105554232,-0.07238907558824999,-0.0027591186153472164,-0.02823921896601141,0.005350048277062869,0.003798850847618662,False,False,True,False,True,False,False,True,False,True,False,False,True,False,True
0.1,1.7,False,-0.07784481313893073,-0.07784481313893073,-0.07538756859935623,-0.0033264284215074077,-0.029381000613274224,0.005418638639589308,0.003798850847618662,False,False,True,False,True,False,False,True,False,True,False,False,True,False,True
0.1,1.75,False,-0.07988507943788296,-0.07988507943788296,-0.07733214943397264,-0.0037229045847746323,-0.030300692879903682,0.0054819528203829465,0.003798850847618662,False,False,True,False,True,False,False,True,False,True,False,False,True,False,True
0.1,1.8,False,-0.08374902117592171,-0.08374902117592171,-0.08047330493150925,-0.004319172364373649,-0.03166091028439909,0.005582200273306224,0.003798850847618662,False,False,True,False,True,False,False,True,False,True,False,False,True,False,True
0.1,1.85,False,-0.08727210182318546,-0.08727210182318546,-0.08274172667017528,-0.004786203426770077,-0.03256050732567796,0.00564023827236705,0.003798850847618662,False,False,True,False,True,False,False,True,False,True,False,False,True,False,True
0.1,1.9,False,-0.09099893468658515,-0.09099893468658515,-0.0857372141972532,-0.005314570244585999,-0.03377666428171658,0.005724657180091902,0.003893822118809065,False,False,True,False,True,False,False,True,False,True,False,False,True,False,True
0.1,1.95,False,-0.09296873545239555,-0.09296873545239555,-0.087952647945768,-0.005609086280303741,-0.03468301079088592,0.00581435226954959,0.003988793389999579,False,False,True,False,True,False,False,True,False,True,False,False,True,False,True
0.1,2.0,False,-0.09500517955970311,-0.09500517955970311,-0.09021251058861429,-0.006016964107467709,-0.035679316727743764,0.005872390268610429,0.004083764661189981,False,False,True,False,True,False,False,True,False,True,False,False,True,False,True
0.15,0.0,True,0.0012402298304763342,0.010857670403594052,0.014635302480733045,0.0055126019657631975,0.008695678462094921,-0.00021632345104495422,-0.0007597701695236658,True,True,True,True,True,True,True,True,True,True,True,True,True,True,True
0.15,0.05,True,0.0015726292796429658,0.00954146440902548,0.01250872652088111,0.005822504748889752,0.007884021601607652,2.6380908664025426e-05,-0.00042737072035703427,True,True,True,True,True,True,True,True,True,True,True,True,True,True,True
0.15,0.1,True,0.0017150861864286809,0.007405055289472255,0.009589715495001575,0.005724141336879275,0.006790366242592981,0.0002690852683729804,-0.0002849138135713192,True,True,True,True,True,True,True,True,True,True,True,True,True,True,True
0.15,0.15,True,0.002142456906785715,0.0058389367642893335,0.007747647800394016,0.0060818878528467145,0.005970059418246613,0.0005856561723411868,0.0001424569067857151,True,True,True,True,True,True,True,True,True,True,True,True,True,True,True
0.15,0.2,True,0.0024273707203570343,0.003419293443373217,0.0051101395557306235,0.0061929273589624734,0.005020030840318817,0.0008336367137829667,0.00042737072035703427,True,True,True,True,True,True,True,True,True,True,True,True,True,True,True
0.15,0.25,True,0.0012957229675495767,0.0012957229675495767,0.0027947407949700954,0.006114755924594355,0.004163169170366681,0.001034131619629508,0.0006173132627380618,True,True,True,True,True,True,True,True,True,True,True,True,True,True,True
0.15,0.3,False,-0.001994105984474026,-0.001994105984474026,-0.00033958702689354216,0.006229995549807669,0.003070605048783105,0.0013084930697352887,0.0008547414407141796,False,True,True,True,True,True,True,True,True,True,True,True,True,True,True
0.15,0.35,False,-0.0052006307596262165,-0.0052006307596262165,-0.003089441571267041,0.006287669611726899,0.001976339089578061,0.001551197429444256,0.001044683983095096,False,True,True,True,True,False,True,True,True,True,False,True,True,True,True
0.15,0.4,False,-0.007783060242640527,-0.007783060242640527,-0.005464655997851768,0.006196670954087245,0.0007795408269612016,0.0017411399718251846,0.0011871408898808111,False,True,True,True,True,False,True,True,True,True,False,True,True,True,True
0.15,0.45,False,-0.009699056310683388,-0.009699056310683388,-0.008533614542099825,0.005898505916668937,-0.00044104112399464174,0.0019258063324733134,0.0013770834322617276,False,True,True,True,True,False,True,True,True,True,False,True,True,True,True
0.15,0.5,False,-0.012772294402841297,-0.012772294402841297,-0.01050896891970162,0.005820625427636259,-0.0013315641447685378,0.0021421297835182798,0.00142456906785704,False,True,True,True,True,False,True,True,True,True,False,True,True,True,True
0.15,0.55,False,-0.015712245812004994,-0.015712245812004994,-0.013314359581989479,0.005752062945537022,-0.002374491642610462,0.0023584532345632095,0.0015195403390474427,False,True,True,False,True,False,True,True,True,True,False,True,True,True,True
0.15,0.6,False,-0.018918770587157224,-0.018918770587157224,-0.01589633170873856,0.005568607134995345,-0.0034321585453185805,0.0025483957769441507,0.0017094828814283591,False,True,True,False,True,False,True,True,True,True,False,True,True,False,True
0.15,0.65,False,-0.022221438182910447,-0.022221438182910447,-0.018682513407888908,0.005494689975556133,-0.004419226322796726,0.0027277859558594545,0.0018519397882140742,False,True,True,False,True,False,True,True,False,True,False,True,True,False,True
0.15,0.7,False,-0.02626100472677691,-0.02626100472677691,-0.02166307151973934,0.005234013024504646,-0.005612627756438905,0.0029124523165075956,0.001946911059404588,False,True,True,False,True,False,True,True,False,True,False,True,True,False,True
0.15,0.75,False,-0.02809751880959314,-0.02809751880959314,-0.023957529897215755,0.0051698032194706055,-0.0066040508172270735,0.0031182234040869248,0.0020418823305949907,False,True,True,False,True,False,True,True,False,True,False,True,True,False,True
0.15,0.8,False,-0.03168724279835389,-0.03168724279835389,-0.02688382595503342,0.004892101725717807,-0.007668648616434842,0.0032817850378038405,0.002231824872975907,False,True,True,False,True,False,True,True,False,True,False,True,True,False,True
0.15,0.85,False,-0.03440678115600715,-0.03440678115600715,-0.029397880676403833,0.004645268017128464,-0.008818027473942273,0.003418965762856706,0.0023742817797616222,False,True,True,False,True,False,True,True,False,True,False,True,True,False,True
0.15,0.9,False,-0.03637658192181751,-0.03637658192181751,-0.03250143495528203,0.004440736446055434,-0.009972419229997143,0.0036089083052376716,0.002469253050952136,False,True,True,False,True,False,True,True,False,True,False,True,True,False,True
0.15,0.95,False,-0.039803519748480176,-0.039803519748480176,-0.03618256486046878,0.003955044155593285,-0.01152746857813616,0.0037671937572217626,0.0025642243221425387,False,True,True,False,True,False,True,True,False,True,False,True,True,False,True
0.15,1.0,False,-0.04244357612090669,-0.04244357612090669,-0.038409105832566466,0.003771792887634098,-0.012485492612430335,0.003888545937076265,0.002611709957737851,False,True,True,False,True,False,True,True,False,True,False,True,True,False,True
0.15,1.05,False,-0.045570618910832104,-0.045570618910832104,-0.041303354283517085,0.003461329755481129,-0.01372298766186507,0.004041555207327543,0.002706681228928254,False,True,True,False,True,False,True,True,False,True,False,True,True,False,True
0.15,1.1,False,-0.047473776335145455,-0.047473776335145455,-0.04385883241519067,0.003160910349547488,-0.014719575754347113,0.004168183568914846,0.002706681228928254,False,True,True,False,True,False,True,True,False,True,False,True,True,False,True
0.15,1.15,False,-0.050834070820310884,-0.050834070820310884,-0.04710122698885455,0.0027380022614201926,-0.01602279942443008,0.004310640475700561,0.002754166864523566,False,True,True,False,True,False,True,True,False,True,False,True,True,False,True
0.15,1.2,False,-0.052753889079998374,-0.052753889079998374,-0.04920558850154081,0.002571577932423007,-0.01684600300467883,0.004442545019020626,0.002754166864523566,False,True,True,False,True,False,True,True,False,True,False,True,True,False,True
0.15,1.25,False,-0.05472368984580885,-0.05472368984580885,-0.05135183078079537,0.002266614338891403,-0.01800971108411124,0.004595554289271929,0.0030390806780948854,False,True,True,False,True,False,True,True,False,True,False,True,True,False,True
0.15,1.3,False,-0.056560203928624896,-0.056560203928624896,-0.053781307261412725,0.0018259344762275864,-0.019165731888608754,0.004711630287393619,0.0030865663136900867,False,True,True,False,True,False,True,True,False,True,False,True,True,False,True
0.15,1.35,False,-0.06038700180427048,-0.06038700180427048,-0.056782348400282144,0.001279592389328695,-0.020492756280597213,0.0048118777403168955,0.0031815375848806005,False,True,True,False,True,False,True,True,False,True,False,True,True,False,True
0.15,1.4,False,-0.06185697750885222,-0.06185697750885222,-0.05862869564279955,0.0011325135281690596,-0.02128320640311971,0.004927953738438561,0.0034189657628567183,False,True,True,False,True,False,True,True,False,True,False,True,True,False,True
0.15,1.45,False,-0.06376013493316553,-0.06376013493316553,-0.06108976237401878,0.0006312427363700276,-0.022640767990885064,0.005086239190422664,0.0036089083052377458,False,True,True,False,True,False,True,True,False,True,False,True,True,False,True
0.15,1.5,False,-0.06582990071122168,-0.06582990071122168,-0.063194123886705,0.00015179218804804872,-0.023541525013211013,0.005144277189483515,0.0036089083052377458,False,True,True,False,True,False,False,True,False,True,False,True,True,False,True
0.15,1.55,False,-0.0681662398552663,-0.0681662398552663,-0.06480721943398239,-0.00018515055815436653,-0.024298607807564432,0.005223419915475579,0.003656393940832947,False,True,True,False,True,False,False,True,False,True,False,False,True,False,True
0.15,1.6,False,-0.07006939727957955,-0.07006939727957955,-0.06722941088266166,-0.0006534348272433253,-0.02531220499772122,0.005297286459734818,0.003798850847618551,False,True,True,False,True,False,False,True,False,True,False,False,True,False,True
0.15,1.65,False,-0.07299268785336888,-0.07299268785336888,-0.07022617247362119,-0.0012943123789722992,-0.02676414501603598,0.005397533912658094,0.003798850847618551,False,False,True,False,True,False,False,True,False,True,False,False,True,False,True
0.15,1.7,False,-0.0747587364030432,-0.0747587364030432,-0.07235575391750142,-0.0017283087111518035,-0.02775443089067918,0.005460848093451709,0.0038463364832138636,False,False,True,False,True,False,False,True,False,True,False,False,True,False,True
0.15,1.75,False,-0.07759490060831646,-0.07759490060831646,-0.07551784979832221,-0.002384811547924026,-0.02892773452194264,0.005534714637710985,0.0038463364832138636,False,False,True,False,True,False,False,True,False,True,False,False,True,False,True
0.15,1.8,False,-0.07971847108414017,-0.07971847108414017,-0.0775666751930942,-0.002729078304600538,-0.029890456794961558,0.005624409727168649,0.003893822118809065,False,False,True,False,True,False,False,True,False,True,False,False,True,False,True
0.15,1.85,False,-0.08329535642917134,-0.08329535642917134,-0.08026782129522642,-0.003280116921714248,-0.03108849589412958,0.005703552453160714,0.003941307754404377,False,False,True,False,True,False,False,True,False,True,False,False,True,False,True
0.15,1.9,False,-0.08600205614309497,-0.08600205614309497,-0.08216415104386668,-0.0035792355756635186,-0.031849390462006744,0.0057721428156871524,0.003988793389999579,False,False,True,False,True,False,False,True,False,True,False,False,True,False,True
0.15,1.95,False,-0.08922524175362145,-0.08922524175362145,-0.08513742412377888,-0.004144909038697649,-0.03308004109957152,0.005840733178213616,0.003988793389999579,False,False,True,False,True,False,False,True,False,True,False,False,True,False,True
0.15,2.0,False,-0.09236512318727663,-0.09236512318727663,-0.08757372828006932,-0.004599039010851914,-0.034071224109744155,0.005930428267671243,0.00403627902559478,False,False,True,False,True,False,False,True,False,True,False,False,True,False,True
0.2,0.0,True,0.0010502872880954178,0.019194360405230742,0.022459786133676704,0.008435580606299354,0.013375119434776761,-0.0003218470857010189,-0.0009497127119045823,True,True,True,True,True,True,True,True,True,True,True,True,True,True,True
0.2,0.05,True,0.001335201101666737,0.016341535364583198,0.019163129505980106,0.008395263785471433,0.011995373630418867,-3.165709039681324e-05,-0.0006647988983332631,True,True,True,True,True,True,True,True,True,True,True,True,True,True,True
0.2,0.1,True,0.0016676005508333685,0.012177698589807329,0.01579728140902316,0.0084445421603935,0.01078393360458242,0.00026908526837299274,-0.00033239944916663156,True,True,True,True,True,True,True,True,True,True,True,True,True,True,True
0.2,0.15,True,0.0020474856355953124,0.009974646128756945,0.013090581695099517,0.008512498386182558,0.00973022344737916,0.0004959610828835473,4.748563559531238e-05,True,True,True,True,True,True,True,True,True,True,True,True,True,True,True
0.2,0.2,True,0.0022849138135714302,0.008358545097451228,0.010333899475053008,0.008471845543095312,0.008692963983794426,0.0007386654425924899,0.0002849138135714302,True,True,True,True,True,True,True,True,True,True,True,True,True,True,True
0.2,0.25,True,0.0024748563559523467,0.0054890592214294305,0.007986453107425493,0.008605006232289707,0.007759591184437957,0.0009708174388358692,0.00047485635595234665,True,True,True,True,True,True,True,True,True,True,True,True,True,True,True
0.2,0.3,True,0.0027122845339284645,0.004522730769720836,0.006317821442233782,0.008771140502370219,0.0071520163177496675,0.0011924170716136235,0.0007122845339284645,True,True,True,True,True,True,True,True,True,True,True,True,True,True,True
0.2,0.35,True,0.0008792020831924763,0.0008792020831924763,0.0024756367950955604,0.008440114603030131,0.005757804429330333,0.001419292886124178,0.0009497127119046933,True,True,True,True,True,True,True,True,True,True,True,True,True,True,True
0.2,0.4,False,-0.0023401613356893356,-0.0023401613356893356,-0.0007073994690093781,0.00864032599662861,0.0046299781989852145,0.001683101972764346,0.0009497127119046933,False,True,True,True,True,True,True,True,True,True,False,True,True,True,True
0.2,0.45,False,-0.006229780361187265,-0.006229780361187265,-0.0035892666324956034,0.00834499793100136,0.0033626851334238963,0.0018624921516796622,0.0011871408898808111,False,True,True,True,True,False,True,True,True,True,False,True,True,True,True
0.2,0.5,False,-0.008932657883466274,-0.008932657883466274,-0.006555712036734872,0.008121888032201461,0.0019456057941401347,0.0021051965113886542,0.0013295977966665262,False,True,True,True,True,False,True,True,True,True,False,True,True,True,True
0.2,0.55,False,-0.012022556810998472,-0.012022556810998472,-0.009553747691575897,0.007890320557171414,0.0008920237283350538,0.0023215199624335714,0.0015195403390474427,False,True,True,True,True,False,True,True,True,True,False,True,True,True,True
0.2,0.6,False,-0.014525504308786,-0.014525504308786,-0.011515446717831779,0.0077740884667293585,1.486187725544911e-05,0.002495633959616112,0.0016619972458331578,False,True,True,False,True,False,True,True,True,True,False,True,True,True,True
0.2,0.65,False,-0.01745261707422004,-0.01745261707422004,-0.01432211144400112,0.007859307886805111,-0.0009922557892692524,0.002696128865462641,0.0017569685170236715,False,True,True,False,True,False,True,True,True,True,False,True,True,True,True
0.2,0.7,False,-0.020151672404854343,-0.020151672404854343,-0.016947238401200087,0.007731689606113627,-0.0021128689951392696,0.002912452316507583,0.0018994254238092756,False,True,True,False,True,False,True,True,False,True,False,True,True,True,True
0.2,0.75,False,-0.02345434000060757,-0.02345434000060757,-0.019783402606473353,0.007484190704676184,-0.0032777513303515627,0.0030812901319573114,0.0020418823305949907,False,True,True,False,True,False,True,True,False,True,False,True,True,False,True
0.2,0.8,False,-0.02587780551316839,-0.02587780551316839,-0.022204319991271024,0.0073147008556502,-0.004457141273447947,0.003323994491666266,0.002231824872975907,False,True,True,False,True,False,True,True,False,True,False,True,True,False,True
0.2,0.85,False,-0.03007114176704817,-0.03007114176704817,-0.025416398378214695,0.0068332251625264784,-0.0057270199015127966,0.003424241944589543,0.0023742817797616222,False,True,True,False,True,False,True,True,False,True,False,True,True,False,True
0.2,0.9,False,-0.033727509097306076,-0.033727509097306076,-0.028327307664539638,0.006645319877541578,-0.0069239852747571395,0.0036089083052376716,0.0025167386865473373,False,True,True,False,True,False,True,True,False,True,False,True,True,False,True
0.2,0.95,False,-0.035847257381484976,-0.035847257381484976,-0.030881511732331543,0.006409292110249074,-0.0079747998036453,0.003756641393756187,0.0025642243221425387,False,True,True,False,True,False,True,True,False,True,False,True,True,False,True
0.2,1.0,False,-0.038470652918537206,-0.038470652918537206,-0.034408414571239915,0.006049989326527079,-0.009296309940528349,0.003893822118809065,0.0025642243221425387,False,True,True,False,True,False,True,True,False,True,False,True,True,False,True
0.2,1.05,False,-0.04104024375782197,-0.04104024375782197,-0.03740818164622776,0.005664412747743171,-0.010640896223112298,0.004073212297724381,0.002611709957737851,False,True,True,False,True,False,True,True,False,True,False,True,True,False,True
0.2,1.1,False,-0.044533824925981645,-0.044533824925981645,-0.03979149781236697,0.005411213847837221,-0.01167131842542415,0.004194564477578883,0.0026591955933330524,False,True,True,False,True,False,True,True,False,True,False,True,True,False,True
0.2,1.15,False,-0.046790682084799716,-0.046790682084799716,-0.042405517545983124,0.005152938451837803,-0.012735981744898971,0.004347573747830162,0.0028016525001187675,False,True,True,False,True,False,True,True,False,True,False,True,True,False,True
0.2,1.2,False,-0.049214147597360536,-0.049214147597360536,-0.04535357069470133,0.004708132574122158,-0.013933396029410548,0.004458373564219026,0.0028016525001187675,False,True,True,False,True,False,True,True,False,True,False,True,True,False,True
0.2,1.25,False,-0.051417200058410883,-0.051417200058410883,-0.04786461993204342,0.0045232609689201215,-0.014899857761800719,0.004621935197935955,0.0029441094069044826,False,True,True,False,True,False,True,True,False,True,False,True,True,False,True
0.2,1.3,False,-0.054123899772334595,-0.054123899772334595,-0.0503509065944567,0.004143791563922947,-0.016198226223785986,0.004764392104721645,0.003134051949285399,False,True,True,False,True,False,True,True,False,True,False,True,True,False,True
0.2,1.35,False,-0.05604371803202209,-0.05604371803202209,-0.0527081861217855,0.003776499958366375,-0.017154164066556468,0.004843534830713721,0.003371480127261517,False,True,True,False,True,False,True,True,False,True,False,True,True,False,True
0.2,1.4,False,-0.05905413497432758,-0.05905413497432758,-0.05530253953599903,0.003205440612634552,-0.01842794369091917,0.004927953738438561,0.0034664513984520307,False,True,True,False,True,False,True,True,False,True,False,True,True,False,True
0.2,1.45,False,-0.06097395323401511,-0.06097395323401511,-0.05726678669001798,0.002974698241582264,-0.01927956916734614,0.005038753554827425,0.003513937034047232,False,True,True,False,True,False,True,True,False,True,False,True,True,False,True
0.2,1.5,False,-0.06374729628943591,-0.06374729628943591,-0.05968770407481559,0.0025058435689758246,-0.020455449020107097,0.0051812104616131525,0.003656393940832947,False,True,True,False,True,False,True,True,False,True,False,True,True,False,True
0.2,1.55,False,-0.06587086676525951,-0.06587086676525951,-0.06183776854571485,0.0018972133274977783,-0.021658043266567853,0.005244524642406791,0.0037038795764281485,False,True,True,False,True,False,True,True,False,True,False,True,True,False,True
0.2,1.6,False,-0.06800345369316814,-0.06800345369316814,-0.06415872091826684,0.0013985820201902015,-0.02275780827454647,0.0053394959135972435,0.003798850847618551,False,True,True,False,True,False,True,True,False,True,False,True,True,False,True
0.2,1.65,False,-0.07041025837035464,-0.07041025837035464,-0.06659884726620191,0.001004811819743508,-0.023718912546852138,0.005429191003054908,0.003798850847618551,False,True,True,False,True,False,True,True,False,True,False,True,True,False,True
0.2,1.7,False,-0.07150987350505748,-0.07150987350505748,-0.06908640799249673,0.0004582376792729745,-0.024904488228166835,0.0055030575473141476,0.003798850847618551,False,True,True,False,True,False,False,True,False,True,False,True,True,False,True
0.2,1.75,False,-0.07400899881120031,-0.07400899881120031,-0.07156158743132712,-8.262493173949448e-05,-0.025986374886141132,0.005576924091573411,0.003893822118809065,False,True,True,False,True,False,False,True,False,True,False,True,True,False,True
0.2,1.8,False,-0.07721552358635253,-0.07721552358635253,-0.07479160071752665,-0.0006629926186145404,-0.027221424707708955,0.005661342999298287,0.003941307754404377,False,True,True,False,True,False,False,True,False,True,False,False,True,False,True
0.2,1.85,False,-0.07947238074517049,-0.07947238074517049,-0.07683487250050718,-0.0010571037482199896,-0.028131940127545288,0.005751038088755927,0.003988793389999579,False,False,True,False,True,False,False,True,False,True,False,False,True,False,True
0.2,1.9,False,-0.08267890552032275,-0.08267890552032275,-0.07948476203263499,-0.001666967301222227,-0.02935666758403051,0.005809076087816766,0.003988793389999579,False,False,True,False,True,False,False,True,False,True,False,False,True,False,True
0.2,1.95,False,-0.08496526215824463,-0.08496526215824463,-0.08174890422339115,-0.002160846898525865,-0.030297771749564176,0.0058618379051448045,0.00403627902559478,False,False,True,False,True,False,False,True,False,True,False,False,True,False,True
0.2,2.0,False,-0.08825509111026823,-0.08825509111026823,-0.08404081447310435,-0.002382757385597715,-0.03127705797682217,0.005967361539800893,0.00403627902559478,False,False,True,False,True,False,False,True,False,True,False,False,True,False,True
0.25,0.0,True,0.000955316016904904,0.023296748098949698,0.02829699147781934,0.011279578634627438,0.017610439801657503,-0.00044319926555550876,-0.001044683983095096,True,True,True,True,True,True,True,True,True,True,True,True,True,True,True
0.25,0.05,True,0.0011452585592858205,0.02159352069912786,0.025902568088097225,0.011349234737233396,0.016638227024664984,-0.0001477330885185029,-0.0008547414407141796,True,True,True,True,True,True,True,True,True,True,True,True,True,True,True
0.25,0.1,True,0.0013826867372620493,0.019906954134680317,0.023676027115999587,0.01160027006939426,0.015802628372065166,0.00017939017891530383,-0.0006173132627379507,True,True,True,True,True,True,True,True,True,True,True,True,True,True,True
0.25,0.15,True,0.0017150861864286809,0.01623774816069275,0.02015722601664581,0.011354388302350372,0.014319959680436485,0.00041154217515870783,-0.0002849138135713192,True,True,True,True,True,True,True,True,True,True,True,True,True,True,True
0.25,0.2,True,0.002,0.013897586825003416,0.016988302460152014,0.011203959964134591,0.013145227761862579,0.0006331418079364252,0.0,True,True,True,True,True,True,True,True,True,True,True,True,True,True,True
0.25,0.25,True,0.0023323994491666316,0.010691062049851227,0.014040249311433797,0.011231848965234239,0.01206138654665064,0.0008494652589813794,0.00033239944916663156,True,True,True,True,True,True,True,True,True,True,True,True,True,True,True
0.25,0.3,True,0.0024748563559523467,0.008121471210566536,0.010872599818821568,0.0111403735860217,0.01079882465876573,0.001102721982155947,0.00047485635595234665,True,True,True,True,True,True,True,True,True,True,True,True,True,True,True
0.25,0.35,True,0.0027122845339284645,0.00598888428265798,0.008647332910605451,0.011148846650075392,0.009969134403761423,0.001297940706269676,0.0007122845339284645,True,True,True,True,True,True,True,True,True,True,True,True,True,True,True
0.25,0.4,True,0.002902227076309492,0.0035692409617418632,0.005915413265487785,0.011266367748558985,0.009014165119408273,0.0015828545198410939,0.000902227076309492,True,True,True,True,True,True,True,True,True,True,True,True,True,True,True
0.25,0.45,True,0.00021276866822106388,0.00021276866822106388,0.0018275956356451628,0.011048811789888702,0.007562846603235893,0.0018308350612828612,0.0009971983474998947,True,True,True,True,True,True,True,True,True,True,True,True,True,True,True
0.25,0.5,False,-0.003610207015779743,-0.003610207015779743,-0.0011653437636696745,0.010964121106482927,0.006439858513758118,0.0020313299671293906,0.0011871408898808111,False,True,True,True,True,True,True,True,True,True,False,True,True,True,True
0.25,0.55,False,-0.006479692891801577,-0.006479692891801577,-0.004141622327610185,0.010746552680006424,0.005095406157600426,0.00224237723644152,0.001424569067856929,False,True,True,True,True,False,True,True,True,True,False,True,True,True,True
0.25,0.6,False,-0.009836165185322302,-0.009836165185322302,-0.006505729530611977,0.01077419400161629,0.003940111771155361,0.0024903577778832998,0.0016145116102379564,False,True,True,True,True,False,True,True,True,True,False,True,True,True,True
0.25,0.65,False,-0.013496354707224989,-0.013496354707224989,-0.009621665096954637,0.01034785959419139,0.0027156114108207235,0.0026591955933330156,0.0017094828814283591,False,True,True,False,True,False,True,True,True,True,False,True,True,True,True
0.25,0.7,False,-0.014966330411806875,-0.014966330411806875,-0.011634620693214921,0.010544681501464185,0.0019209846400985997,0.002854414317446757,0.0017569685170236715,False,True,True,False,True,False,True,True,True,True,False,True,True,True,True
0.25,0.75,False,-0.018406106882199014,-0.018406106882199014,-0.015068843551815666,0.010148174917876944,0.0004920577491619202,0.003054909223293286,0.0019943966949997893,False,True,True,False,True,False,True,True,True,True,False,True,True,True,True
0.25,0.8,False,-0.020388746291739073,-0.020388746291739073,-0.0177230126318534,0.009965248304492401,-0.0006365361132500968,0.003265956492605452,0.002089367966190303,False,True,True,False,True,False,True,True,True,True,False,True,True,True,True
0.25,0.85,False,-0.023761879420634086,-0.023761879420634086,-0.020316091982185352,0.009662139623172195,-0.0019355500916202997,0.0034717275801847813,0.002326796144166421,False,True,True,False,True,False,True,True,False,True,False,True,True,False,True
0.25,0.9,False,-0.028455040735742454,-0.028455040735742454,-0.02342565722912013,0.009276391333616265,-0.0031173614554307833,0.0036141844869704842,0.002469253050952136,False,True,True,False,True,False,True,True,False,True,False,True,True,False,True
0.25,0.95,False,-0.031978121383006076,-0.031978121383006076,-0.026604413945315222,0.008864637587426925,-0.004439065803950395,0.0037619175754889625,0.0025167386865473373,False,True,True,False,True,False,True,True,False,True,False,True,True,False,True
0.25,1.0,False,-0.03556402318012216,-0.03556402318012216,-0.029657169010454145,0.008459506684878,-0.005621588206587351,0.003877993573610652,0.0025167386865473373,False,True,True,False,True,False,True,True,False,True,False,True,True,False,True
0.25,1.05,False,-0.036463708290333664,-0.036463708290333664,-0.03226517777601366,0.008436161177215178,-0.006600230011712899,0.00404155520732758,0.002611709957737851,False,True,True,False,True,False,True,True,False,True,False,True,True,False,True
0.25,1.1,False,-0.03958692888861437,-0.03958692888861437,-0.0356951210867046,0.008076561535271845,-0.007953525734723929,0.004215669204510084,0.0028016525001187675,False,True,True,False,True,False,True,True,False,True,False,True,True,False,True
0.25,1.15,False,-0.04258068499554557,-0.04258068499554557,-0.038256152830169525,0.007699731201118603,-0.009149411948947509,0.004326469020898961,0.002849138135713969,False,True,True,False,True,False,True,True,False,True,False,True,True,False,True
0.25,1.2,False,-0.04475423797749215,-0.04475423797749215,-0.04061598048526153,0.007523275009958234,-0.010195208731692293,0.004500583018081465,0.0030390806780948854,False,True,True,False,True,False,True,True,False,True,False,True,True,False,True
0.25,1.25,False,-0.047994084423392924,-0.047994084423392924,-0.04331029891172078,0.007032311935150328,-0.011251107357598636,0.004590278107539104,0.0030865663136900867,False,True,True,False,True,False,True,True,False,True,False,True,True,False,True
0.25,1.3,False,-0.049530703469471936,-0.049530703469471936,-0.0458392830483187,0.006655221395438381,-0.012506747779282476,0.004722182650859231,0.003134051949285399,False,True,True,False,True,False,True,True,False,True,False,True,True,False,True
0.25,1.35,False,-0.0536945402442478,-0.0536945402442478,-0.04933031608871536,0.0060078972423352655,-0.01392113942591338,0.004811877740316871,0.003229023220475802,False,True,True,False,True,False,True,True,False,True,False,True,True,False,True
0.25,1.4,False,-0.055081211771958204,-0.055081211771958204,-0.05142657586184702,0.005868464041189076,-0.014863067288748335,0.004938506101904185,0.0034664513984520307,False,True,True,False,True,False,True,True,False,True,False,True,True,False,True
0.25,1.45,False,-0.05743803394302186,-0.05743803394302186,-0.05356171091751876,0.005563829903630542,-0.01575153874289982,0.0050387535548274374,0.003513937034047232,False,True,True,False,True,False,True,True,False,True,False,True,True,False,True
0.25,1.5,False,-0.06169801353839873,-0.06169801353839873,-0.05647389426772526,0.004900436808179507,-0.017138992818845664,0.005144277189483515,0.0035614226696424334,False,True,True,False,True,False,True,True,False,True,False,True,True,False,True
0.25,1.55,False,-0.06403817487408814,-0.06403817487408814,-0.058583809392202944,0.004429426267840018,-0.018420086049786216,0.00529728645973483,0.003656393940832836,False,True,True,False,True,False,True,True,False,True,False,True,True,False,True
0.25,1.6,False,-0.06528773752715955,-0.06528773752715955,-0.05998459362752447,0.00415378955043925,-0.019133214183927612,0.005365876822261282,0.00375136521202335,False,True,True,False,True,False,True,True,False,True,False,True,True,False,True
0.25,1.65,False,-0.06698714273533668,-0.06698714273533668,-0.06271778733652368,0.003685742111685474,-0.020202071237347272,0.005455571911718921,0.003798850847618551,False,True,True,False,True,False,True,True,False,True,False,True,True,False,True
0.25,1.7,False,-0.0692439998941546,-0.0692439998941546,-0.06537022499641462,0.0030154505394897305,-0.021484644163779203,0.005513609910779772,0.0038463364832138636,False,True,True,False,True,False,True,True,False,True,False,True,True,False,True
0.25,1.75,False,-0.07194687741643362,-0.07194687741643362,-0.06773988581120792,0.0025935270684415146,-0.022492192215722923,0.005598028818504624,0.0038463364832138636,False,True,True,False,True,False,True,True,False,True,False,True,True,False,True
0.25,1.8,False,-0.07356297844773929,-0.07356297844773929,-0.07056876498454301,0.0019161855060811177,-0.023771987185128653,0.005666619181031063,0.003941307754404266,False,True,True,False,True,False,True,True,False,True,False,True,True,False,True
0.25,1.85,False,-0.07567890454027355,-0.07567890454027355,-0.07322293406458066,0.0014250231578404697,-0.02489218923967608,0.005761590452221552,0.00403627902559478,False,True,True,False,True,False,True,True,False,True,False,True,True,False,True
0.25,1.9,False,-0.07888925150707056,-0.07888925150707056,-0.07589631210775577,0.0008605478029286697,-0.025973046781984335,0.005846009359946391,0.00403627902559478,False,True,True,False,True,False,True,True,False,True,False,True,True,False,True
0.25,1.95,False,-0.08064246141301523,-0.08064246141301523,-0.07839752818539657,0.0003626416794894924,-0.027066484855462467,0.00591459972247283,0.004083764661189981,False,True,True,False,True,False,False,True,False,True,False,True,True,False,True
0.25,2.0,False,-0.08393229036503884,-0.08393229036503884,-0.08056598491181681,-6.734914798895492e-05,-0.02798807938279171,0.005956809176335269,0.004083764661189981,False,True,True,False,True,False,False,True,False,True,False,False,True,False,True
0.3,0.0,True,0.0007653734745239876,0.03181288509805887,0.034746368182900694,0.013669501812064154,0.0214678198418745,-0.000522341991547548,-0.0012346265254760125,True,True,True,True,True,True,True,True,True,True,True,True,True,True,True
0.3,0.05,True,0.000955316016904904,0.029813584853144597,0.03224897429690458,0.013908620297092758,0.02057746780915817,-0.0002585329049073801,-0.001044683983095096,True,True,True,True,True,True,True,True,True,True,True,True,True,True,True
0.3,0.1,True,0.0012402298304763342,0.02570355277613619,0.029164628981163763,0.013820367078958186,0.01939299406715325,-1.5828545198425124e-05,-0.0007597701695236658,True,True,True,True,True,True,True,True,True,True,True,True,True,True,True
0.3,0.15,True,0.0015251436440476534,0.022426562467842137,0.025954282014366878,0.013553058503303177,0.01792658881350955,0.00024270435970895498,-0.00047485635595234665,True,True,True,True,True,True,True,True,True,True,True,True,True,True,True
0.3,0.2,True,0.0016676005508333685,0.021376929839262204,0.024235667843052335,0.013708128074713296,0.01715657479390853,0.0005117896280819477,-0.00033239944916663156,True,True,True,True,True,True,True,True,True,True,True,True,True,True,True
0.3,0.25,True,0.0019525143644047987,0.01939429042972222,0.02161609449764479,0.013526694669909325,0.016072038129618008,0.0007333892608596897,-4.748563559520136e-05,True,True,True,True,True,True,True,True,True,True,True,True,True,True,True
0.3,0.3,True,0.0022849138135714302,0.015388045556604299,0.01774614179154943,0.013401369590253854,0.014712308539868947,0.0009708174388358692,0.0002849138135714302,True,True,True,True,True,True,True,True,True,True,True,True,True,True,True
0.3,0.35,True,0.0024273707203571453,0.011427960997964429,0.013719413891412464,0.0131578148820902,0.013254573052154432,0.001218797980277612,0.0004273707203571453,True,True,True,True,True,True,True,True,True,True,True,True,True,True,True
0.3,0.4,True,0.002617313262738062,0.00827524092057974,0.011281835671240513,0.013189563096481671,0.012313054799197951,0.0014667785217194165,0.0006173132627380618,True,True,True,True,True,True,True,True,True,True,True,True,True,True,True
0.3,0.45,True,0.002902227076309381,0.005859419791308329,0.008449951013877157,0.013270851258593643,0.011219375054759007,0.0017094828814283839,0.0009022270763093809,True,True,True,True,True,True,True,True,True,True,True,True,True,True,True
0.3,0.5,True,0.0025747850997249002,0.0025747850997249002,0.004885446956310411,0.013263281800051282,0.009915245291166682,0.0019943966949997893,0.0010921696186904084,True,True,True,True,True,True,True,True,True,True,True,True,True,True,True
0.3,0.55,False,-0.0006279174837826215,-0.0006279174837826215,0.0020121388886438587,0.013287451435186134,0.008823207573979142,0.002194891600846306,0.0012821121610713249,True,True,True,True,True,True,True,True,True,True,False,True,True,True,True
0.3,0.6,False,-0.0036178513990692274,-0.0036178513990692274,-0.0014319171296582273,0.012817841292955712,0.007337751664145421,0.002379557961494435,0.0013770834322617276,False,True,True,True,True,True,True,True,True,True,False,True,True,True,True
0.3,0.65,False,-0.005167309088877785,-0.005167309088877785,-0.0034837480084584835,0.012865909789802387,0.006412809738046292,0.0025958814125393768,0.001567025974642755,False,True,True,True,True,False,True,True,True,True,False,True,True,True,True
0.3,0.7,False,-0.008853175898239493,-0.008853175898239493,-0.006383550071200579,0.012587440130720365,0.005014978071525091,0.002801652500118718,0.0016619972458331578,False,True,True,True,True,False,True,True,True,True,False,True,True,True,True
0.3,0.75,False,-0.012596669597013518,-0.012596669597013518,-0.009921560133691769,0.012301085744323956,0.0036668616683665687,0.003023252132896448,0.0018994254238092756,False,True,True,False,True,False,True,True,True,True,False,True,True,True,True
0.3,0.8,False,-0.014512665665056415,-0.014512665665056415,-0.0127812128500123,0.012090295617206624,0.002584785018731618,0.0031920899483461884,0.0020418823305949907,False,True,True,False,True,False,True,True,True,True,False,True,True,True,True
0.3,0.85,False,-0.016799022302978212,-0.016799022302978212,-0.01556438906513439,0.011859115428870673,0.0013539419527761486,0.003413689581123955,0.002089367966190303,False,True,True,False,True,False,True,True,True,True,False,True,True,True,True
0.3,0.9,False,-0.020234976581725756,-0.020234976581725756,-0.01875297894103077,0.01143499876107005,-7.777005417766405e-05,0.003577251214840834,0.0022793105085712195,False,True,True,False,True,False,True,True,True,True,False,True,True,False,True
0.3,0.95,False,-0.022875032954152236,-0.022875032954152236,-0.020954757338199563,0.011202694011756517,-0.0009702435771023045,0.003730260485092149,0.0025642243221425387,False,True,True,False,True,False,True,True,False,True,False,True,True,False,True
0.3,1.0,False,-0.027351603409394982,-0.027351603409394982,-0.024042108137968712,0.010842430529244853,-0.0021469950948498967,0.0038516126649466268,0.0026591955933330524,False,True,True,False,True,False,True,True,False,True,False,True,True,False,True
0.3,1.05,False,-0.03167440415462427,-0.03167440415462427,-0.027606612195535493,0.010487374707802996,-0.00350896855704847,0.003988793389999529,0.0026591955933330524,False,True,True,False,True,False,True,True,False,True,False,True,True,False,True
0.3,1.1,False,-0.03454006783900143,-0.03454006783900143,-0.031006239319506152,0.01018096520248737,-0.004860499380330421,0.004168183568914846,0.002849138135713969,False,True,True,False,True,False,True,True,False,True,False,True,True,False,True
0.3,1.15,False,-0.03621379575971939,-0.03621379575971939,-0.03338955548564541,0.009992877391968167,-0.005784969664734432,0.004326469020898961,0.002991595042499684,False,True,True,False,True,False,True,True,False,True,False,True,True,False,True
0.3,1.2,False,-0.03796700566566406,-0.03796700566566406,-0.0360005697352332,0.00959190549485235,-0.007057385344258347,0.004431992655555013,0.0030390806780948854,False,True,True,False,True,False,True,True,False,True,False,True,True,False,True
0.3,1.25,False,-0.040590401202716286,-0.040590401202716286,-0.03837150461390801,0.00934856164511645,-0.008144877781386149,0.004606106652737529,0.0030865663136900867,False,True,True,False,True,False,True,True,False,True,False,True,True,False,True
0.3,1.3,False,-0.043363744258137084,-0.043363744258137084,-0.04088127978736855,0.008941900302177687,-0.009183000307949003,0.004685249378729606,0.0031815375848806005,False,True,True,False,True,False,True,True,False,True,False,True,True,False,True
0.3,1.35,False,-0.046877808453315795,-0.046877808453315795,-0.044022435284905154,0.00830041554346286,-0.010697743438515964,0.00477494446818727,0.0031815375848806005,False,True,True,False,True,False,True,True,False,True,False,True,True,False,True
0.3,1.4,False,-0.050521337139844115,-0.050521337139844115,-0.047327193652156395,0.007850810256292948,-0.011925710566764305,0.004885744284576147,0.0033239944916663156,False,True,True,False,True,False,True,True,False,True,False,True,True,False,True
0.3,1.45,False,-0.05388163162500966,-0.05388163162500966,-0.050131310250562645,0.007666306602685895,-0.013111227605773594,0.005065134463491463,0.003513937034047232,False,True,True,False,True,False,True,True,False,True,False,True,True,False,True
0.3,1.5,False,-0.05448142169848391,-0.05448142169848391,-0.051893079252327036,0.0072769946250266105,-0.014083069374426173,0.005144277189483515,0.0035614226696424334,False,True,True,False,True,False,True,True,False,True,False,True,True,False,True
0.3,1.55,False,-0.057571320626016186,-0.057571320626016186,-0.05468736269103199,0.006743474532767764,-0.015142050677988671,0.005244524642406791,0.0035614226696424334,False,True,True,False,True,False,True,True,False,True,False,True,True,False,True
0.3,1.6,False,-0.060511272035179885,-0.060511272035179885,-0.05658924605146373,0.0062823107983946596,-0.016222977083768728,0.0053394959135972565,0.0037038795764281485,False,True,True,False,True,False,True,True,False,True,False,True,True,False,True
0.3,1.65,False,-0.06291425452072164,-0.06291425452072164,-0.05888243036505853,0.005813710525780231,-0.0173989037557954,0.005460848093451721,0.003798850847618551,False,True,True,False,True,False,True,True,False,True,False,True,True,False,True
0.3,1.7,False,-0.06518395032326914,-0.06518395032326914,-0.06127130014298917,0.005308514364430867,-0.018444793839614813,0.005539990819443785,0.003798850847618551,False,True,True,False,True,False,True,True,False,True,False,True,True,False,True
0.3,1.75,False,-0.06732035944282233,-0.06732035944282233,-0.06401004746377977,0.004727167662689966,-0.01964477545133499,0.005603305000237436,0.003798850847618551,False,True,True,False,True,False,True,True,False,True,False,True,True,False,True
0.3,1.8,False,-0.06907356934876707,-0.06907356934876707,-0.06692905848965934,0.004119827692236301,-0.020864565424743797,0.005666619181031063,0.003893822118809065,False,True,True,False,True,False,True,True,False,True,False,True,True,False,True
0.3,1.85,False,-0.0706230270385757,-0.0706230270385757,-0.06915559946175703,0.0037064807573834336,-0.021951862813407982,0.005761590452221539,0.00403627902559478,False,True,True,False,True,False,True,True,False,True,False,True,True,False,True
0.3,1.9,False,-0.07367578210371466,-0.07367578210371466,-0.07223994477749784,0.003016470798275075,-0.023228405591667983,0.005851285541679191,0.004083764661189981,False,True,True,False,True,False,True,True,False,True,False,True,True,False,True
0.3,1.95,False,-0.07616589095777264,-0.07616589095777264,-0.07467879706155137,0.0024375546451530753,-0.02428752084639073,0.005930428267671243,0.004083764661189981,False,True,True,False,True,False,True,True,False,True,False,True,True,False,True
0.3,2.0,False,-0.07813569172358296,-0.07813569172358296,-0.07703434516873342,0.002105562895481373,-0.025260735025630445,0.006009570993663307,0.004131250296785294,False,True,True,False,True,False,True,True,False,True,False,True,True,False,True
0.35,0.0,True,0.00048045966095255736,0.03872193751794717,0.04213129979670513,0.01665479425679865,0.02669371890921472,-0.0007175607156613016,-0.0015195403390474427,True,True,True,True,True,True,True,True,True,True,True,True,True,True,True
0.35,0.05,True,0.0006229165677382725,0.037172479828138615,0.03910804421067008,0.016767016210329524,0.02546093039460679,-0.00043792308382269624,-0.0013770834322617276,True,True,True,True,True,True,True,True,True,True,True,True,True,True,True
0.35,0.1,True,0.0010502872880954178,0.03373270335774636,0.03634835650659523,0.016762694804577507,0.02450615939510174,-0.00016883781544971586,-0.0009497127119045823,True,True,True,True,True,True,True,True,True,True,True,True,True,True,True
0.35,0.15,True,0.0012402298304763342,0.030767074661123533,0.03352885313669628,0.016850874130071594,0.023373454670576263,6.859036252643897e-05,-0.0007597701695236658,True,True,True,True,True,True,True,True,True,True,True,True,True,True,True
0.35,0.2,True,0.001477658008452452,0.026519933709476213,0.029913092509125057,0.01668233408852087,0.021925897241352806,0.00035350417609783215,-0.000522341991547548,True,True,True,True,True,True,True,True,True,True,True,True,True,True,True
0.35,0.25,True,0.0017625718220238822,0.02403364704706301,0.026912051370255725,0.01658946545770739,0.020736138705485692,0.0006014847175395873,-0.00023742817797611782,True,True,True,True,True,True,True,True,True,True,True,True,True,True,True
0.35,0.3,True,0.0020949712711905138,0.021530699549275483,0.024904649385786848,0.016771618439159357,0.019837109454381417,0.0009075032580422304,9.497127119051374e-05,True,True,True,True,True,True,True,True,True,True,True,True,True,True,True
0.35,0.35,True,0.0021899425423809165,0.019248165102998278,0.021700672738397733,0.016563299677636072,0.01851749214942265,0.0011291028908199724,0.00018994254238091646,True,True,True,True,True,True,True,True,True,True,True,True,True,True,True
0.35,0.4,True,0.0024273707203571453,0.014858721016271762,0.018528743697875678,0.016444443345357367,0.01732337736007973,0.0013665310687961273,0.0004273707203571453,True,True,True,True,True,True,True,True,True,True,True,True,True,True,True
0.35,0.45,True,0.002617313262738062,0.01121519232974344,0.014947578804934605,0.01634937259467902,0.016036061372011953,0.00163034015543632,0.0006173132627380618,True,True,True,True,True,True,True,True,True,True,True,True,True,True,True
0.35,0.5,True,0.0028547414407141796,0.008079133087733004,0.010764075710756093,0.0161164846101219,0.014517449878582512,0.0018624921516796498,0.0008547414407141796,True,True,True,True,True,True,True,True,True,True,True,True,True,True,True
0.35,0.55,True,0.0030921696186904084,0.006079832842818729,0.0077809694711425586,0.016042770777174618,0.013313529872463469,0.002110472693121442,0.0010921696186904084,True,True,True,True,True,True,True,True,True,True,True,True,True,True,True
0.35,0.6,True,0.002828519821983807,0.002828519821983807,0.004784207880183078,0.01595447766525883,0.012080192810911316,0.0023056914172351834,0.0012821121610713249,True,True,True,True,True,True,True,True,True,True,True,True,True,True,True
0.35,0.65,True,0.00041269869271239507,0.00041269869271239507,0.0017887203531051653,0.015713508808302072,0.010903654726601252,0.002485081596150487,0.0013770834322617276,True,True,True,True,True,True,True,True,True,True,True,True,True,True,True
0.35,0.7,False,-0.003860119546394055,-0.003860119546394055,-0.0018010036356556317,0.015295913212877968,0.009351789350096371,0.0026697479567986157,0.0014720547034522413,False,True,True,True,True,True,True,True,True,True,False,True,True,True,True
0.35,0.75,False,-0.005776115614436843,-0.005776115614436843,-0.0039583531384930325,0.015306980826096642,0.008350640102528728,0.002949385588637209,0.0017094828814283591,False,True,True,True,True,False,True,True,True,True,False,True,True,True,True
0.35,0.8,False,-0.008116276950126178,-0.008116276950126178,-0.00646685424807198,0.015125464168056145,0.00726163992968117,0.0031498804944837624,0.001946911059404588,False,True,True,True,True,False,True,True,True,True,False,True,True,True,True
0.35,0.85,False,-0.011872609292629899,-0.011872609292629899,-0.010125769706093048,0.014821961341001519,0.005798071931767956,0.0033398230368646914,0.002089367966190303,False,True,True,False,True,False,True,True,True,True,False,True,True,True,True
0.35,0.9,False,-0.014375556790417465,-0.014375556790417465,-0.012968761587039338,0.014511405637937045,0.004659957099083462,0.0034981084888488067,0.002326796144166421,False,True,True,False,True,False,True,True,True,True,False,True,True,True,True
0.35,0.95,False,-0.01789863743768109,-0.01789863743768109,-0.015946314214861406,0.014165391134748597,0.0034887523959372052,0.0036511177591000855,0.0023742817797616222,False,True,True,False,True,False,True,True,True,True,False,True,True,True,True
0.35,1.0,False,-0.019928515215752896,-0.019928515215752896,-0.018822627766556212,0.013804650280576671,0.002192485298799168,0.0038146793928170134,0.00261170995773774,False,True,True,False,True,False,True,True,False,True,False,True,True,False,True
0.35,1.05,False,-0.0230878016223733,-0.0230878016223733,-0.021578035922721166,0.013473282706118448,0.0011588479393242295,0.003925479209205878,0.0026591955933330524,False,True,True,False,True,False,True,True,False,True,False,True,True,False,True
0.35,1.1,False,-0.02736061986147979,-0.02736061986147979,-0.024330895951122984,0.013342090153321983,-2.858642385377635e-05,0.004104869388121207,0.002849138135713969,False,True,True,False,True,False,True,True,False,True,False,True,True,False,True
0.35,1.15,False,-0.031233578051603466,-0.031233578051603466,-0.028144038475422486,0.012941273551210504,-0.0014095257243073773,0.00426315484010531,0.0028966237713091703,False,True,True,False,True,False,True,True,False,True,False,True,True,False,True
0.35,1.2,False,-0.0333699871711568,-0.0333699871711568,-0.030764885884711626,0.012753725483908383,-0.002495467783176787,0.004416164110356625,0.002991595042499684,False,True,True,False,True,False,True,True,False,True,False,True,True,False,True
0.35,1.25,False,-0.035410253470108954,-0.035410253470108954,-0.032709466719327986,0.012559385973074204,-0.003386871562169263,0.004532240108478278,0.0030865663136900867,False,True,True,False,True,False,True,True,False,True,False,True,True,False,True
0.35,1.3,False,-0.037883701488792644,-0.037883701488792644,-0.0358091988065615,0.012075483279163314,-0.0048333475431463985,0.00465886847006558,0.003134051949285288,False,True,True,False,True,False,True,True,False,True,False,True,True,False,True
0.35,1.35,False,-0.042397415806428494,-0.042397415806428494,-0.03882389529677685,0.011555188778910819,-0.006124631730423978,0.0047591159229888325,0.003134051949285399,False,True,True,False,True,False,True,True,False,True,False,True,True,False,True
0.35,1.4,False,-0.04458762962374929,-0.04458762962374929,-0.04169465523668024,0.01107645581933593,-0.0074585491430133105,0.00486991573937771,0.0033239944916662045,False,True,True,False,True,False,True,True,False,True,False,True,True,False,True
0.35,1.45,False,-0.0477313332490491,-0.0477313332490491,-0.04473029211017976,0.010722424381663351,-0.0087521004048901,0.0050229250096290624,0.0034189657628567183,False,True,True,False,True,False,True,True,False,True,False,True,True,False,True
0.35,1.5,False,-0.05058798048134128,-0.05058798048134128,-0.04734258042364914,0.01024135190401613,-0.009948143109422356,0.005112620099086689,0.0035614226696424334,False,True,True,False,True,False,True,True,False,True,False,True,True,False,True
0.35,1.55,False,-0.05359457523200206,-0.05359457523200206,-0.050145422958173765,0.009790471296737872,-0.011080437301851412,0.005223419915475567,0.0036089083052376347,False,True,True,False,True,False,True,True,False,True,False,True,True,False,True
0.35,1.6,False,-0.05521449845495252,-0.05521449845495252,-0.05201398464785694,0.009524449249627698,-0.011807832383169082,0.005328943550131643,0.0036089083052376347,False,True,True,False,True,False,True,True,False,True,False,True,True,False,True
0.35,1.65,False,-0.05705101253776864,-0.05705101253776864,-0.054413961649370464,0.008949503568179215,-0.012955814317538906,0.0054186386395892955,0.0037038795764281485,False,True,True,False,True,False,True,True,False,True,False,True,True,False,True
0.35,1.7,False,-0.06209787358738169,-0.06209787358738169,-0.05737612750569981,0.008274495522608295,-0.01441688976055544,0.005534714637710985,0.00375136521202335,False,True,True,False,True,False,True,True,False,True,False,True,True,False,True
0.35,1.75,False,-0.0641509785300635,-0.0641509785300635,-0.05984702739662035,0.007839207947147875,-0.015484401257414867,0.005613857363703036,0.0038463364832138636,False,True,True,False,True,False,True,True,False,True,False,True,True,False,True
0.35,1.8,False,-0.06540054118313487,-0.06540054118313487,-0.061772399268099284,0.0075828315834944255,-0.016326585760817,0.005693000089695088,0.003893822118809065,False,True,True,False,True,False,True,True,False,True,False,True,True,False,True
0.35,1.85,False,-0.0675369503026881,-0.0675369503026881,-0.06494132282459307,0.006786217611920208,-0.017693557999423886,0.005745761907023127,0.003941307754404266,False,True,True,False,True,False,True,True,False,True,False,True,True,False,True
0.35,1.9,False,-0.06993993278822996,-0.06993993278822996,-0.06759676596851233,0.006307091506954311,-0.018881807625287364,0.005846009359946391,0.004083764661189981,False,True,True,False,True,False,True,True,False,True,False,True,True,False,True
0.35,1.95,False,-0.0718392680208985,-0.0718392680208985,-0.07003434418868427,0.005760249135447888,-0.02004062324813917,0.005930428267671243,0.004083764661189981,False,True,True,False,True,False,True,True,False,True,False,True,True,False,True
0.35,2.0,False,-0.07447550220168038,-0.07447550220168038,-0.07264535843827212,0.005097611098184259,-0.021240006760536882,0.005999018630197682,0.004131250296785294,False,True,True,False,True,False,True,True,False,True,False,True,True,False,True
0.4,0.0,True,0.00024303148297643955,0.045855225180990576,0.04943420129751974,0.018154829913672184,0.02999476264692902,-0.0009655412571030567,-0.0017569685170235605,True,True,True,True,True,True,True,True,True,True,True,True,True,True,True
0.4,0.05,True,0.000432974025357356,0.04430194529953735,0.046126437446240245,0.01812461630984795,0.028687219137736714,-0.000707008352195689,-0.001567025974642644,True,True,True,True,True,True,True,True,True,True,True,True,True,True,True
0.4,0.1,True,0.0007178878389287862,0.04055845160076329,0.044017796385644105,0.01847370237388289,0.027871894494289753,-0.0003904374482274702,-0.0012821121610712138,True,True,True,True,True,True,True,True,True,True,True,True,True,True,True
0.4,0.15,True,0.0009078303813097027,0.03812596963611762,0.04070019937466332,0.018347249804365123,0.026512453229345048,-0.00012662836158727764,-0.0010921696186902974,True,True,True,True,True,True,True,True,True,True,True,True,True,True,True
0.4,0.2,True,0.0010977729236906191,0.03562302213833002,0.037431310805923816,0.018432440069137284,0.025312079467587748,0.0001846663606481163,-0.0009022270763093809,True,True,True,True,True,True,True,True,True,True,True,True,True,True,True
0.4,0.25,True,0.001477658008452452,0.03122975585995887,0.033840312753281476,0.018546875162240368,0.023956360760599014,0.0005276181732803482,-0.000522341991547548,True,True,True,True,True,True,True,True,True,True,True,True,True,True,True
0.4,0.3,True,0.0018100574576190836,0.02694027678547802,0.030407363958562212,0.018221851179202758,0.022553251395515474,0.00076504635125654,-0.00018994254238091646,True,True,True,True,True,True,True,True,True,True,True,True,True,True,True
0.4,0.35,True,0.0019525143644047987,0.025407479931043715,0.027775409325690226,0.01832143124091148,0.021557626470495625,0.0010288554378966956,-4.748563559520136e-05,True,True,True,True,True,True,True,True,True,True,True,True,True,True,True
0.4,0.4,True,0.002142456906785715,0.022267598497388647,0.02502000116952531,0.01812428722609658,0.02040103132117526,0.00125045507067445,0.0001424569067857151,True,True,True,True,True,True,True,True,True,True,True,True,True,True,True
0.4,0.45,True,0.002237428177976229,0.019835116532742985,0.022401701887999295,0.017964364933573746,0.019258809442163453,0.0014826070669178293,0.00023742817797622884,True,True,True,True,True,True,True,True,True,True,True,True,True,True,True
0.4,0.5,True,0.0024748563559523467,0.013871909537544322,0.01828311071517129,0.01767067466918136,0.017675749539718066,0.0017042066996955712,0.00047485635595234665,True,True,True,True,True,True,True,True,True,True,True,True,True,True,True
0.4,0.55,True,0.002902227076309492,0.012105860987869995,0.015059925104644748,0.01763721714453697,0.01636563221810962,0.0019680157863357518,0.000902227076309492,True,True,True,True,True,True,True,True,True,True,True,True,True,True,True
0.4,0.6,True,0.003044683983095096,0.008949318718840601,0.010629514963880291,0.017194288323916364,0.014721976513804691,0.0021368536017854676,0.001044683983095096,True,True,True,True,True,True,True,True,True,True,True,True,True,True,True
0.4,0.65,True,0.002940369787267412,0.006051705432510361,0.007194018041397941,0.01697719922217844,0.013475126474430043,0.0023690055980288343,0.0012346265254761235,True,True,True,True,True,True,True,True,True,True,True,True,True,True,True
0.4,0.7,True,0.0022748900629877187,0.0022748900629877187,0.00393924218026958,0.0168647828682786,0.01202897362379074,0.002601157594272189,0.0013770834322617276,True,True,True,True,True,True,True,True,True,True,True,True,True,True,True
0.4,0.75,True,0.0002089464765763216,0.0002089464765763216,0.0013504423778474888,0.01673861337558962,0.010966494081321491,0.0028280334087827314,0.0017569685170236715,True,True,True,True,True,True,True,True,True,True,True,True,True,True,True
0.4,0.8,False,-0.002343983527334078,-0.002343983527334078,-0.0014301857095114655,0.016519990046652746,0.009922030682591874,0.00301797595116366,0.0017569685170236715,False,True,True,True,True,True,True,True,True,True,False,True,True,True,True
0.4,0.85,False,-0.006533497589569189,-0.006533497589569189,-0.004693978022724742,0.016205528958931754,0.008412417475583474,0.0032395755839414266,0.001946911059404588,False,True,True,True,True,False,True,True,True,True,False,True,True,True,True
0.4,0.9,False,-0.007783060242640601,-0.007783060242640601,-0.006823559466604993,0.01603201908299133,0.007398700176284473,0.0034031372176583303,0.002184339237380706,False,True,True,False,True,False,True,True,True,True,False,True,True,True,True
0.4,0.95,False,-0.012742794923737496,-0.012742794923737496,-0.01106815229048921,0.015527573871995845,0.0058862709497034225,0.0035508703061768207,0.0023742817797616222,False,True,True,False,True,False,True,True,True,True,False,True,True,True,True
0.4,1.0,False,-0.013842410058440299,-0.013842410058440299,-0.013100316849886847,0.015449464841560932,0.004983956098834952,0.003740812848557762,0.002469253050952025,False,True,True,False,True,False,True,True,True,True,False,True,True,True,True
0.4,1.05,False,-0.01662202542835493,-0.01662202542835493,-0.01632222839653177,0.014950203157894451,0.00361042424039547,0.00388326975534344,0.0025167386865473373,False,True,True,False,True,False,True,True,True,True,False,True,True,False,True
0.4,1.1,False,-0.02091914888612519,-0.02091914888612519,-0.02002857823291262,0.014406575624665173,0.0021116243574776927,0.003999345753465129,0.00261170995773774,False,True,True,False,True,False,True,True,False,True,False,True,True,False,True
0.4,1.15,False,-0.02275566296894131,-0.02275566296894131,-0.02200948622230587,0.014468873651371358,0.001304046011729682,0.004173459750647646,0.0028016525001186565,False,True,True,False,True,False,True,True,False,True,False,True,True,False,True
0.4,1.2,False,-0.026257182535132245,-0.026257182535132245,-0.0244667307618804,0.01429911110973672,0.0002950998685838307,0.004337021384364561,0.0029441094069043716,False,True,True,False,True,False,True,True,False,True,False,True,True,False,True
0.4,1.25,False,-0.03180769083761855,-0.03180769083761855,-0.028693388686508763,0.013897372510019039,-0.0012763429552278887,0.004484754472883064,0.002991595042499684,False,True,True,False,True,False,True,True,False,True,False,True,True,False,True
0.4,1.3,False,-0.03545121952414687,-0.03545121952414687,-0.03176662677866671,0.013363391746085708,-0.002568678177042637,0.004600830471004754,0.0030390806780948854,False,True,True,False,True,False,True,True,False,True,False,True,True,False,True
0.4,1.35,False,-0.036184296280615445,-0.036184296280615445,-0.03335195426698694,0.013159259548947108,-0.003549495242556112,0.004727458832592044,0.0031815375848806005,False,True,True,False,True,False,True,True,False,True,False,True,True,False,True
0.4,1.4,False,-0.039898290500285594,-0.039898290500285594,-0.036978822118141,0.012620689050686473,-0.004947537802269185,0.004838258648980921,0.0031815375848806005,False,True,True,False,True,False,True,True,False,True,False,True,True,False,True
0.4,1.45,False,-0.0412144964948542,-0.0412144964948542,-0.03938735821547427,0.01215093552972308,-0.006386949292608968,0.0049648870105681985,0.0033239944916662045,False,True,True,False,True,False,True,True,False,True,False,True,True,False,True
0.4,1.5,False,-0.04348419229740175,-0.04348419229740175,-0.04208723025372491,0.011887261877144235,-0.0073937341169347925,0.005070410645224264,0.0034664513984519196,False,True,True,False,True,False,True,True,False,True,False,True,True,False,True
0.4,1.55,False,-0.045687244758452095,-0.045687244758452095,-0.044837084798098434,0.011415440411525153,-0.008625194807602536,0.005186486643345928,0.0035614226696424334,False,True,True,False,True,False,True,True,False,True,False,True,True,False,True
0.4,1.6,False,-0.050084333228468024,-0.050084333228468024,-0.047861614448015066,0.01090619806983738,-0.009820757915832269,0.005292010278002018,0.0036089083052376347,False,True,True,False,True,False,True,True,False,True,False,True,True,False,True
0.4,1.65,False,-0.05314473267689638,-0.05314473267689638,-0.050771249670458506,0.010362797710378784,-0.010949601291896186,0.005371153003994069,0.0036089083052376347,False,True,True,False,True,False,True,True,False,True,False,True,True,False,True
0.4,1.7,False,-0.055718145707825774,-0.055718145707825774,-0.053487782544083456,0.00991339139594923,-0.011969693981442962,0.0054872290021157465,0.003656393940832836,False,True,True,False,True,False,True,True,False,True,False,True,True,False,True
0.4,1.75,False,-0.05783789399200471,-0.05783789399200471,-0.05591425354067255,0.009391760677441999,-0.013196416424345856,0.005582200273306224,0.0038463364832138636,False,True,True,False,True,False,True,True,False,True,False,True,True,False,True
0.4,1.8,False,-0.0624515733218863,-0.0624515733218863,-0.058218545077850216,0.008924543065818025,-0.014381263009792897,0.005677171544496675,0.003893822118809065,False,True,True,False,True,False,True,True,False,True,False,True,True,False,True
0.4,1.85,False,-0.06443421273142635,-0.06443421273142635,-0.060824005715646626,0.008507083823218445,-0.015486460077929469,0.005740485725290314,0.003941307754404266,False,True,True,False,True,False,True,True,False,True,False,True,True,False,True
0.4,1.9,False,-0.06488405528653203,-0.06488405528653203,-0.06216624834902556,0.008222931163137956,-0.016373636001347804,0.005830180814747978,0.004083764661189981,False,True,True,False,True,False,True,True,False,True,False,True,True,False,True
0.4,1.95,False,-0.06723323307430636,-0.06723323307430636,-0.06550478574329051,0.007406593967265741,-0.017753994109970337,0.005888218813808817,0.004083764661189981,False,True,True,False,True,False,True,True,False,True,False,True,True,False,True
0.4,2.0,False,-0.06956575002670633,-0.06956575002670633,-0.06843235586498977,0.006682780479011459,-0.019174552923198054,0.005972637721533669,0.004083764661189981,False,True,True,False,True,False,True,True,False,True,False,True,True,False,True
0.45,0.0,False,-0.0002318248729759071,0.052605313630425456,0.05699384300462159,0.01919913438375244,0.033201049978404146,-0.0014140167043913657,-0.002231824872975907,True,True,True,True,True,True,True,False,True,True,True,True,True,True,True
0.45,0.05,True,0.00024303148297643955,0.04962821835886851,0.053992801865752206,0.019574129691099975,0.031958383295723744,-0.0010077507109654826,-0.0017569685170235605,True,True,True,True,True,True,True,True,True,True,True,True,True,True,True
0.45,0.1,True,0.00048045966095255736,0.04645501525446494,0.05085847404388853,0.020056910429528247,0.030767081737357663,-0.0005962085358068118,-0.0015195403390474427,True,True,True,True,True,True,True,True,True,True,True,True,True,True,True
0.45,0.15,True,0.0006229165677382725,0.04408535443967162,0.04779206362740359,0.02006219722096568,0.02950041342785075,-0.000290189995304218,-0.0013770834322617276,True,True,True,True,True,True,True,True,True,True,True,True,True,True,True
0.45,0.2,True,0.0008128591101191889,0.04158240694188409,0.04448129429209578,0.019910725908412807,0.02827357654164971,-3.1657090396825576e-05,-0.0011871408898808111,True,True,True,True,True,True,True,True,True,True,True,True,True,True,True
0.45,0.25,True,0.000955316016904904,0.03687640698304617,0.040763837232132144,0.01985127302932304,0.02687926115024417,0.000232151996243367,-0.001044683983095096,True,True,True,True,True,True,True,True,True,True,True,True,True,True,True
0.45,0.3,True,0.0014301723728572507,0.03408640309225108,0.036963533351562244,0.01976521797803215,0.025501162708795346,0.0005381705367459608,-0.0005698276271427494,True,True,True,True,True,True,True,True,True,True,True,True,True,True,True
0.45,0.35,True,0.0017150861864286809,0.03158345559446348,0.034316191947197545,0.020004858261306935,0.02434088076279127,0.0008863985311110052,-0.0002849138135713192,True,True,True,True,True,True,True,True,True,True,True,True,True,True,True
0.45,0.4,True,0.001857543093214285,0.028147501315715973,0.03135784828251288,0.019785679790063515,0.023193776307993796,0.0011079981638887472,-0.0001424569067857151,True,True,True,True,True,True,True,True,True,True,True,True,True,True,True
0.45,0.45,True,0.0020949712711905138,0.024707724845323797,0.027415698623128957,0.01930968200999361,0.02169566553955233,0.0013032168880025008,9.497127119051374e-05,True,True,True,True,True,True,True,True,True,True,True,True,True,True,True
0.45,0.5,True,0.0022849138135714302,0.02220477734753627,0.02455477184292687,0.019247576844715748,0.020499324928581655,0.0015248165207802427,0.0002849138135714302,True,True,True,True,True,True,True,True,True,True,True,True,True,True,True
0.45,0.55,True,0.0024748563559523467,0.018261353624270765,0.021532790320773352,0.01902800524945674,0.01924553149475409,0.0017516923352907973,0.00047485635595234665,True,True,True,True,True,True,True,True,True,True,True,True,True,True,True
0.45,0.6,True,0.0027122845339284645,0.015762228318127975,0.01918534395314586,0.019185280667059563,0.018140150843167262,0.002026053785396578,0.0007122845339284645,True,True,True,True,True,True,True,True,True,True,True,True,True,True,True
0.45,0.65,True,0.0029971983474998947,0.011968752113231007,0.01504199020538894,0.018680738356167497,0.01656551774076762,0.0022371010547087198,0.0009971983474998947,True,True,True,True,True,True,True,True,True,True,True,True,True,True,True
0.45,0.7,True,0.00342325899194051,0.00961575213381205,0.010464180674019009,0.018366333790604778,0.014831108217056676,0.0024639768692192986,0.00142456906785704,True,True,True,True,True,True,True,True,True,True,True,True,True,True,True
0.45,0.75,True,0.0030050735272315566,0.005822275928915118,0.0066194478991176385,0.018157494012987902,0.01349705250514245,0.002696128865462641,0.0015195403390474427,True,True,True,True,True,True,True,True,True,True,True,True,True,True,True
0.45,0.8,True,0.002082604421785613,0.002082604421785613,0.003773907890408262,0.018021657348079763,0.012164217509387799,0.0028913475895763823,0.0016619972458331578,True,True,True,True,True,True,True,True,True,True,True,True,True,True,True
0.45,0.85,False,-0.0013738328839808522,-0.0013738328839808522,0.0008395100930360542,0.017733469126047514,0.01087406362493399,0.003123499585819737,0.0018994254238092756,True,True,True,True,True,True,True,True,True,True,False,True,True,True,True
0.45,0.9,False,-0.0033564722935208366,-0.0033564722935208366,-0.0016843777880356143,0.01735821997483205,0.009871289061967856,0.0032501279474070393,0.002089367966190192,False,True,True,True,True,True,True,True,True,True,False,True,True,True,True
0.45,0.95,False,-0.005859419791308403,-0.005859419791308403,-0.004553863664057461,0.0171443272614171,0.0087065125349174,0.003418965762856743,0.0022793105085711085,False,True,True,True,True,False,True,True,True,True,False,True,True,True,True
0.45,1.0,False,-0.00846615449298623,-0.00846615449298623,-0.007554904802926841,0.016854050696274325,0.007409261789581555,0.003614184486970472,0.0023742817797616222,False,True,True,False,True,False,True,True,True,True,False,True,True,True,True
0.45,1.05,False,-0.012059700673391757,-0.012059700673391757,-0.011381702678572315,0.016312626718217933,0.005920105080923715,0.0037355366668249492,0.0023742817797616222,False,True,True,False,True,False,True,True,False,True,False,True,True,False,True
0.45,1.1,False,-0.014929186549413553,-0.014929186549413553,-0.014314826412062966,0.016049980184216377,0.0046380483478424646,0.00392547920920589,0.002469253050952025,False,True,True,False,True,False,True,True,False,True,False,True,True,False,True
0.45,1.15,False,-0.017762606617095795,-0.017762606617095795,-0.01720780079913209,0.015814335610659924,0.003466028559524369,0.004099593206388407,0.0025167386865473373,False,True,True,False,True,False,True,True,False,True,False,True,True,False,True
0.45,1.2,False,-0.022126373416363105,-0.022126373416363105,-0.02122214741180459,0.01536497776925114,0.0020570696086178205,0.004226221567975684,0.002706681228928254,False,True,True,False,True,False,True,True,False,True,False,True,True,False,True
0.45,1.25,False,-0.024378330329482667,-0.024378330329482667,-0.023011684472526106,0.015263266742237177,0.0011023353293855903,0.0043845070199597875,0.002849138135713969,False,True,True,False,True,False,True,True,False,True,False,True,True,False,True
0.45,1.3,False,-0.02688127782727016,-0.02688127782727016,-0.025459095852399347,0.015129437026014535,5.644604230594899e-05,0.004569173380607916,0.002991595042499684,False,True,True,False,True,False,True,True,False,True,False,True,True,False,True
0.45,1.35,False,-0.031124596587272846,-0.031124596587272846,-0.02871560313367447,0.01469406703582421,-0.0011548511482023021,0.004685249378729581,0.0030390806780948854,False,True,True,False,True,False,True,True,False,True,False,True,True,False,True
0.45,1.4,False,-0.03513848584368018,-0.03513848584368018,-0.0317956689015054,0.014201456704186944,-0.0025473241383560477,0.004796049195118483,0.0031815375848806005,False,True,True,False,True,False,True,True,False,True,False,True,True,False,True
0.45,1.45,False,-0.036891695749624843,-0.036891695749624843,-0.034294336851383056,0.013832909764792074,-0.0038124482543848703,0.004922677556705761,0.003229023220475802,False,True,True,False,True,False,True,True,False,True,False,True,True,False,True
0.45,1.5,False,-0.04009822052477711,-0.04009822052477711,-0.03811303298747399,0.013308591615501401,-0.005352706362273264,0.005033477373094637,0.003276508856071003,False,True,True,False,True,False,True,True,False,True,False,True,True,False,True
0.45,1.55,False,-0.041347783177848485,-0.041347783177848485,-0.04008838736507579,0.012990235827573193,-0.00619863861823406,0.005107343917353914,0.003371480127261517,False,True,True,False,True,False,True,True,False,True,False,True,True,False,True
0.45,1.6,False,-0.043047188386025614,-0.043047188386025614,-0.0426703594918249,0.012669868545460471,-0.007276335302752352,0.005207591370277166,0.0034664513984519196,False,True,True,False,True,False,True,True,False,True,False,True,True,False,True
0.45,1.65,False,-0.046624073731056814,-0.046624073731056814,-0.04559920367740574,0.012179942545534648,-0.008550778215467162,0.005313115004933218,0.003656393940832836,False,True,True,False,True,False,True,True,False,True,False,True,True,False,True
0.45,1.7,False,-0.04991772487472527,-0.04991772487472527,-0.048772406781809385,0.011627163633181824,-0.009835006197037354,0.005429191003054908,0.003656393940832836,False,True,True,False,True,False,True,True,False,True,False,True,True,False,True
0.45,1.75,False,-0.05371502327126676,-0.05371502327126676,-0.052041295350548834,0.011107762250644396,-0.011081841961289017,0.00552416227424536,0.00375136521202335,False,True,True,False,True,False,True,True,False,True,False,True,True,False,True
0.45,1.8,False,-0.056642136036700874,-0.056642136036700874,-0.05489921664672272,0.01057497894171887,-0.012249798537367233,0.005629685908901437,0.003893822118809065,False,True,True,False,True,False,True,True,False,True,False,True,True,False,True
0.45,1.85,False,-0.05941165690047686,-0.05941165690047686,-0.057174466061061614,0.00999223341362332,-0.013564841445057183,0.0057141048166263015,0.003941307754404266,False,True,True,False,True,False,True,True,False,True,False,True,True,False,True
0.45,1.9,False,-0.06316798924298066,-0.06316798924298066,-0.05898749163283049,0.009679833571590659,-0.014420506625071007,0.005787971360885578,0.00403627902559478,False,True,True,False,True,False,True,True,False,True,False,True,True,False,True
0.45,1.95,False,-0.06463414275591779,-0.06463414275591779,-0.06133065845254816,0.0091023622455683,-0.015637360713223216,0.0058618379051448045,0.004083764661189981,False,True,True,False,True,False,True,True,False,True,False,True,True,False,True
0.45,2.0,False,-0.06566711454912348,-0.06566711454912348,-0.06316589847148271,0.008623567859790768,-0.0166403077388148,0.005925152085938443,0.004083764661189981,False,True,True,False,True,False,True,True,False,True,False,True,True,False,True
0.5,0.0,False,-0.0010390806780948853,0.05988472662019273,0.06536640280476995,0.020572944872103777,0.03745212578055211,-0.00201022524019819,-0.0030390806780948854,True,True,False,True,True,True,True,False,True,True,True,True,True,True,True
0.5,0.05,False,-0.00042176741535682356,0.057298474945533785,0.06325220813238241,0.02131838370639981,0.03669568928152537,-0.0015300927025130554,-0.0024217674153568236,True,True,False,True,True,True,True,False,True,True,True,True,True,True,True
0.5,0.1,True,0.00010057457619072445,0.05437136218009975,0.059714198069891214,0.021662742637734773,0.03522471669117723,-0.0010341316196294957,-0.0018994254238092756,True,True,True,True,True,True,True,True,True,True,True,True,True,True,True
0.5,0.15,True,0.00048045966095255736,0.05225161389592078,0.05756795579063667,0.022271579383728257,0.03436709556930611,-0.0006331418079364375,-0.0015195403390474427,True,True,True,True,True,True,True,True,True,True,True,True,True,True,True
0.5,0.2,True,0.00048045966095255736,0.04712144866943635,0.053792414484995624,0.022179039111905788,0.0328099623009512,-0.0003112947222354186,-0.0015195403390474427,True,True,True,True,True,True,True,True,True,True,True,True,True,True,True
0.5,0.25,True,0.0006704022033334738,0.04366501136366977,0.0500822424569701,0.02201416949045966,0.03134811984899566,-6.331418079363882e-05,-0.0013295977966665262,True,True,True,True,True,True,True,True,True,True,True,True,True,True,True
0.5,0.3,True,0.0010028016525001054,0.03981253620056513,0.045513808729036334,0.021852755976789016,0.029709346861947546,0.0002215996327777667,-0.0009971983474998947,True,True,True,True,True,True,True,True,True,True,True,True,True,True,True
0.5,0.35,True,0.001335201101666737,0.03630611638867576,0.04143409283874828,0.02172851450423732,0.02824159297608533,0.0005487229002115611,-0.0006647988983332631,True,True,True,True,True,True,True,True,True,True,True,True,True,True,True
0.5,0.4,True,0.0016201149152381671,0.03497324955873297,0.03899223507066648,0.021847102747305072,0.02724634205245127,0.0008389128955157791,-0.0003798850847618329,True,True,True,True,True,True,True,True,True,True,True,True,True,True,True
0.5,0.45,True,0.0018100574576190836,0.03204995898494356,0.03613686190225577,0.02183778824262757,0.026019698709192494,0.0011027219821559593,-0.00018994254238091646,True,True,True,True,True,True,True,True,True,True,True,True,True,True,True
0.5,0.5,True,0.002142456906785715,0.029646976499401696,0.03270136497977343,0.02179935435761207,0.024659068072616024,0.0014087405226585654,0.0001424569067857151,True,True,True,True,True,True,True,True,True,True,True,True,True,True,True
0.5,0.55,True,0.0023323994491666316,0.0267774906233799,0.029239374062215464,0.02143963273092496,0.023283016971594503,0.0016039592467722945,0.00033239944916663156,True,True,True,True,True,True,True,True,True,True,True,True,True,True,True
0.5,0.6,True,0.002522341991547548,0.021713968738392597,0.02566931639285725,0.020994538477670174,0.021888761534161836,0.0017886256074204107,0.000522341991547548,True,True,True,True,True,True,True,True,True,True,True,True,True,True,True
0.5,0.65,True,0.002759770169523777,0.019360968758973602,0.022257307981422177,0.020830687036192855,0.020483705558580464,0.002026053785396578,0.0007597701695237769,True,True,True,True,True,True,True,True,True,True,True,True,True,True,True
0.5,0.7,True,0.0029497127119046933,0.017095095148070765,0.019912409741557748,0.020762870500438704,0.01940698651633061,0.0022582057816399326,0.0009497127119046933,True,True,True,True,True,True,True,True,True,True,True,True,True,True,True
0.5,0.75,True,0.0033295977966665263,0.012498076653563506,0.016259047895328147,0.020567847460798205,0.01798137113958785,0.0025114625048145126,0.0013295977966665262,True,True,True,True,True,True,True,True,True,True,True,True,True,True,True
0.5,0.8,True,0.003291799346694764,0.009345356576178743,0.012279297017285744,0.020168556061002343,0.01652715959704855,0.002711957410661054,0.001567025974642755,True,True,True,True,True,True,True,True,True,True,True,True,True,True,True
0.5,0.81,True,0.0030752084868289576,0.008978818197944475,0.01101480494898678,0.01995893103504995,0.016087281198189324,0.0027277859558594666,0.0016145116102378454,True,True,True,True,True,True,True,True,True,True,True,True,True,True,True
0.5,0.82,True,0.003080484668561696,0.008828870679575865,0.010792660477329642,0.020085114218660858,0.015989442714440152,0.0027752715914547053,0.0016619972458331578,True,True,True,True,True,True,True,True,True,True,True,True,True,True,True
0.5,0.83,True,0.0028188860941952233,0.008025328389965466,0.009866938728307807,0.02007362152620182,0.015512941528928324,0.002843861953981144,0.0017094828814283591,True,True,True,True,True,True,True,True,True,True,True,True,True,True,True
0.5,0.84,True,0.002824162275928184,0.00700519524048937,0.009304749873491983,0.019985018486004907,0.015211061052026409,0.0028702428626451696,0.0017094828814283591,True,True,True,True,True,True,True,True,True,True,True,True,True,True,True
0.5,0.85,True,0.002824162275928184,0.006572013520757943,0.008162437264604416,0.0198347681845331,0.014813667866881937,0.002901899953041983,0.0017094828814283591,True,True,True,True,True,True,True,True,True,True,True,True,True,True,True
0.5,0.86,True,0.0026075714160624886,0.005268646169918993,0.006852242238092455,0.01967733944224083,0.014322965547928779,0.0029599379521028212,0.0018044541526188729,True,True,True,True,True,True,True,True,True,True,True,True,True,True,True
0.5,0.87,True,0.002281642149392189,0.0048188036148132385,0.006434447289853738,0.01963928297503217,0.014138011741404314,0.002991595042499647,0.0018044541526188729,True,True,True,True,True,True,True,True,True,True,True,True,True,True,True
0.5,0.88,True,0.002292194512857777,0.004668856096444666,0.00577657297070206,0.01972344938164134,0.013884889428241731,0.0030496330415604855,0.0018519397882140742,True,True,True,True,True,True,True,True,True,True,True,True,True,True,True
0.5,0.89,True,0.0022974706945905156,0.004219013541338949,0.005454463486799195,0.019716006217854506,0.013671997708899215,0.003086566313690099,0.0018519397882140742,True,True,True,True,True,True,True,True,True,True,True,True,True,True,True
0.5,0.9,True,0.002302746876323365,0.0035692409617417895,0.0049935137081106185,0.019601945517837435,0.013373683273787296,0.003123499585819725,0.0018994254238092756,True,True,True,True,True,True,True,True,True,True,True,True,True,True,True
0.5,0.91,True,0.002302746876323365,0.003202702583507522,0.004821351742576339,0.019606317979768653,0.013310886668171991,0.0031551566762165503,0.0019943966949997893,True,True,True,True,True,True,True,True,True,True,True,True,True,True,True
0.5,0.92,True,0.002302746876323365,0.002797648274084389,0.004477027811507766,0.019631695499073423,0.01317948970896717,0.0031868137666133884,0.0019943966949997893,True,True,True,True,True,True,True,True,True,True,True,True,True,True,True
0.5,0.93,True,0.0015609242647425618,0.0015609242647425618,0.0035581337381589296,0.019457731024389056,0.01284529766108411,0.003197366130079001,0.0019943966949997893,True,True,True,True,True,True,True,True,True,True,True,True,True,True,True
0.5,0.94,True,0.0010444383681397218,0.0010444383681397218,0.0029459623772202484,0.019386900479346696,0.01257711199806001,0.0032237470387430018,0.0019943966949997893,True,True,True,True,True,True,True,True,True,True,True,True,True,True,True
0.5,0.95,False,-0.00012564229970494592,-0.00012564229970494592,0.0021881230458228687,0.01930206092617215,0.012300708561064097,0.0032712326743382526,0.0019943966949997893,True,True,True,True,True,True,True,True,True,True,False,True,True,True,True
0.5,1.0,False,-0.002245390583883955,-0.002245390583883955,-0.0012486479405410626,0.0187537857481667,0.010898181399051608,0.0034347943080551436,0.0021368536017853934,False,True,True,True,True,True,True,True,True,True,False,True,True,True,True
0.5,1.05,False,-0.005401932852913312,-0.005401932852913312,-0.004337272804191741,0.018653031842343386,0.00976232411614291,0.003645841577367273,0.002326796144166421,False,True,True,True,True,False,True,True,True,True,False,True,True,True,True
0.5,1.1,False,-0.008086777471022377,-0.008086777471022377,-0.006908137707357974,0.018415815666514068,0.008658508424440776,0.0038094032110842007,0.0023742817797616222,False,True,True,False,True,False,True,True,True,True,False,True,True,True,True
0.5,1.15,False,-0.012183970904301086,-0.012183970904301086,-0.010517070659256186,0.017916329246749414,0.007164000796203236,0.003962412481335504,0.0023742817797616222,False,True,True,False,True,False,True,True,True,True,False,True,True,False,True
0.5,1.2,False,-0.0161402332712961,-0.0161402332712961,-0.01396240074143984,0.017422486530872257,0.005745625729417812,0.004099593206388407,0.002469253050952025,False,True,True,False,True,False,True,True,False,True,False,True,True,False,True
0.5,1.25,False,-0.01872266275431041,-0.01872266275431041,-0.01653199158072453,0.017264073719346525,0.004718198104876232,0.004252602476639722,0.0025642243221425387,False,True,True,False,True,False,True,True,False,True,False,True,True,False,True
0.5,1.3,False,-0.02077576769699226,-0.02077576769699226,-0.019826100080658056,0.01685847230780335,0.003398908944199598,0.004405611746891013,0.002706681228928254,False,True,True,False,True,False,True,True,False,True,False,True,True,False,True
0.5,1.35,False,-0.02251858908205658,-0.02251858908205658,-0.022201314507242734,0.016825183754087134,0.0024236606001099372,0.004595554289271929,0.0029441094069043716,False,True,True,False,True,False,True,True,False,True,False,True,True,False,True
0.5,1.4,False,-0.026268649110066284,-0.026268649110066284,-0.02447101030979024,0.016643987322830716,0.0013788181461062482,0.004759115922988845,0.0030865663136900867,False,True,True,False,True,False,True,True,False,True,False,True,True,False,True
0.5,1.45,False,-0.031165562641310762,-0.031165562641310762,-0.02787191149764254,0.0162881767207343,0.00010759037924616226,0.004869915739377722,0.0031815375848806005,False,True,True,False,True,False,True,True,False,True,False,True,True,False,True
0.5,1.5,False,-0.03482575216321345,-0.03482575216321345,-0.03145863000237502,0.015408306908971374,-0.001766655559090169,0.004933229920171373,0.003276508856071003,False,True,True,False,True,False,True,True,False,True,False,True,True,False,True
0.5,1.55,False,-0.0360086714747877,-0.0360086714747877,-0.03345365069937942,0.01526665778752175,-0.002611881005334296,0.005022925009629025,0.0033239944916662045,False,True,True,False,True,False,True,True,False,True,False,True,True,False,True
0.5,1.6,False,-0.040385276917784596,-0.040385276917784596,-0.03794132837820487,0.014515713910488583,-0.004375754765544946,0.0051178962808194894,0.0033239944916662045,False,True,True,False,True,False,True,True,False,True,False,True,True,False,True
0.5,1.65,False,-0.04280109804705604,-0.04280109804705604,-0.04039984698166102,0.014438181022103098,-0.0053376780456287415,0.005265629369338017,0.0034664513984519196,False,True,True,False,True,False,True,True,False,True,False,True,True,False,True
0.5,1.7,False,-0.04368412232189315,-0.04368412232189315,-0.04246533321180726,0.014203428764689656,-0.006234344702527077,0.005344772095330069,0.0035614226696424334,False,True,True,False,True,False,True,True,False,True,False,True,True,False,True
0.5,1.75,False,-0.04580769279771683,-0.04580769279771683,-0.04550779776097972,0.013602190919148358,-0.00760303535905402,0.005466124275184546,0.0037038795764281485,False,True,True,False,True,False,True,True,False,True,False,True,True,False,True
0.5,1.8,False,-0.04908850529765563,-0.04908850529765563,-0.048002186162947574,0.013132053758106369,-0.00865212371105992,0.0055610955463749985,0.003798850847618551,False,True,True,False,True,False,True,True,False,True,False,True,True,False,True
0.5,1.85,False,-0.05266539064268679,-0.05266539064268679,-0.05112112721331848,0.01250019833813555,-0.009831182168843933,0.005634962090634262,0.0038463364832138636,False,True,True,False,True,False,True,True,False,True,False,True,True,False,True
0.5,1.9,False,-0.05712530026255517,-0.05712530026255517,-0.05514658104957385,0.011648332255330598,-0.011586042700997612,0.005729933361824726,0.003941307754404266,False,True,True,False,True,False,True,True,False,True,False,True,True,False,True
0.5,1.95,False,-0.059028457686868374,-0.059028457686868374,-0.057004035515674095,0.01117028786964331,-0.012782511076030642,0.00581962845128239,0.003988793389999468,False,True,True,False,True,False,True,True,False,True,False,True,True,False,True
0.5,2.0,False,-0.06235160830964063,-0.06235160830964063,-0.0592361300995632,0.010609505394527688,-0.013878635901428928,0.005872390268610417,0.00403627902559478,False,True,True,False,True,False,True,True,False,True,False,True,True,False,True
0.51,0.8,True,0.0035195403390474427,0.010095094168021642,0.014279413969816432,0.020806909637010818,0.017286978508848735,0.002653919411600203,0.0015195403390474427,True,True,True,True,True,True,True,True,True,True,True,True,True,True,True
0.51,0.81,True,0.0035195403390474427,0.009511964929921604,0.013182804319141884,0.020666885899187908,0.016925545655527126,0.002690852683729841,0.0015195403390474427,True,True,True,True,True,True,True,True,True,True,True,True,True,True,True
0.51,0.82,True,0.003567025974642755,0.00906212237481585,0.012330553587290159,0.02060709404428465,0.016624839762727897,0.0027225097741266665,0.001567025974642755,True,True,True,True,True,True,True,True,True,True,True,True,True,True,True
0.51,0.83,True,0.0036145116102379565,0.008762227338078743,0.011840561685762899,0.020613094849181737,0.016404021030947798,0.002748890682790692,0.0016145116102379564,True,True,True,True,True,True,True,True,True,True,True,True,True,True,True
0.51,0.84,True,0.0036506127495616837,0.008762227338078743,0.01118396143049278,0.0205907493656601,0.01609262726064928,0.0028122048635843434,0.0016619972458331578,True,True,True,True,True,True,True,True,True,True,True,True,True,True,True
0.51,0.85,True,0.0036506127495616837,0.008395688959844475,0.010521807563431228,0.020531053855668398,0.01575918384024302,0.0028544143174467442,0.0017094828814283591,True,True,True,True,True,True,True,True,True,True,True,True,True,True,True
0.51,0.86,True,0.003389014175195211,0.007375555810368343,0.009619574325456681,0.020476651992110448,0.015399528390433003,0.002907176134774795,0.0017569685170236715,True,True,True,True,True,True,True,True,True,True,True,True,True,True,True
0.51,0.87,True,0.003399566538660799,0.0065053701792608205,0.00898946806526213,0.020534922282225237,0.015176388109341398,0.0029704903155684218,0.0018044541526188729,True,True,True,True,True,True,True,True,True,True,True,True,True,True,True
0.51,0.88,True,0.0031935280422606916,0.005118698651550384,0.00794156685682886,0.020431041382517563,0.014732251280658741,0.0030232521328964726,0.0018519397882140742,True,True,True,True,True,True,True,True,True,True,True,True,True,True,True
0.51,0.89,True,0.0030435805238921932,0.004602212754947581,0.007233710031554313,0.020322543374971882,0.01447967669005195,0.003054909223293286,0.0018519397882140742,True,True,True,True,True,True,True,True,True,True,True,True,True,True,True
0.51,0.9,True,0.0030435805238921932,0.004085726858344703,0.00625800577640962,0.020278033658915524,0.014108753114558848,0.0030865663136901114,0.0018519397882140742,True,True,True,True,True,True,True,True,True,True,True,True,True,True,True
0.51,0.91,True,0.0030435805238921932,0.0038691359984790084,0.005673602474428064,0.020180566841058338,0.013858750209446245,0.0031129472223541243,0.0018994254238092756,True,True,True,True,True,True,True,True,True,True,True,True,True,True,True
0.51,0.92,True,0.0030488567056250427,0.003719188480110436,0.005429243555605219,0.020085777326965544,0.013610734230374781,0.0031340519492853497,0.0018994254238092756,True,True,True,True,True,True,True,True,True,True,True,True,True,True,True
0.51,0.93,True,0.002702877522279009,0.002702877522279009,0.0049682937769166425,0.020056310245461357,0.013423194754526531,0.003170985221414963,0.0019943966949997893,True,True,True,True,True,True,True,True,True,True,True,True,True,True,True
0.51,0.94,True,0.002434417055859224,0.0024862866624133506,0.004529558445393798,0.020048164143084066,0.01324136004332932,0.003213194675277414,0.0019943966949997893,True,True,True,True,True,True,True,True,True,True,True,True,True,True,True
0.51,0.95,True,0.0024396932375920733,0.0024862866624133506,0.004185234514325225,0.02000430464836885,0.013108790599294953,0.003234299402208639,0.0019943966949997893,True,True,True,True,True,True,True,True,True,True,True,True,True,True,True
0.52,0.8,True,0.0034720547034522414,0.010174576153248386,0.015746841546635155,0.021066112546412923,0.01781056126415919,0.002611709957737777,0.0014720547034522413,True,True,True,True,True,True,True,True,True,True,True,True,True,True,True
0.52,0.81,True,0.0034720547034522414,0.009591446915148313,0.014919353389712274,0.02097016840091111,0.017497969792999075,0.002643367048134615,0.0014720547034522413,True,True,True,True,True,True,True,True,True,True,True,True,True,True,True
0.52,0.82,True,0.0035195403390474427,0.008708422640311242,0.014307182028773605,0.020934987666457516,0.01724705136407846,0.0026644717750658156,0.0015195403390474427,True,True,True,True,True,True,True,True,True,True,True,True,True,True,True
0.52,0.83,True,0.0035195403390474427,0.00840852760357406,0.013522848702300595,0.020840751741960442,0.01693046379364211,0.002711957410661054,0.0015195403390474427,True,True,True,True,True,True,True,True,True,True,True,True,True,True,True
0.52,0.84,True,0.0034640786377944056,0.00789204170697122,0.01215839162175589,0.02063485910492069,0.016359460523759597,0.0027436145010578793,0.0015195403390474427,True,True,True,True,True,True,True,True,True,True,True,True,True,True,True
0.52,0.85,True,0.0034746310012599936,0.007742094188602648,0.011886264643975884,0.020806080988218432,0.016276372682558105,0.002812204863584331,0.0016619972458331578,True,True,True,True,True,True,True,True,True,True,True,True,True,True,True
0.52,0.86,True,0.0034746310012599936,0.0075255033287369155,0.011351843848117184,0.02074970040313932,0.015954740393219067,0.0028596904991795816,0.0017094828814283591,True,True,True,True,True,True,True,True,True,True,True,True,True,True,True
0.52,0.87,True,0.0034746310012599936,0.00737555581036838,0.010645261086724207,0.020759498209517786,0.01572507523023561,0.0029124523165076077,0.0017569685170236715,True,True,True,True,True,True,True,True,True,True,True,True,True,True,True
0.52,0.88,True,0.003490459546458431,0.007225608291999808,0.010177483632362668,0.02084641771187247,0.01552756428524011,0.0029810426790340466,0.0018044541526188729,True,True,True,True,True,True,True,True,True,True,True,True,True,True,True
0.52,0.89,True,0.0031935280422606916,0.005118698651550384,0.008817306099727825,0.020688140187755815,0.015002875220635814,0.00302325213289646,0.0018044541526188729,True,True,True,True,True,True,True,True,True,True,True,True,True,True,True
0.52,0.9,True,0.0031935280422606916,0.004015261325202839,0.00827733169207772,0.02059316911552562,0.014776022442811374,0.0030443568598276854,0.0018044541526188729,True,True,True,True,True,True,True,True,True,True,True,True,True,True,True
0.52,0.91,True,0.0030435805238921932,0.0034321320871028758,0.0071794479775215934,0.02043471795626517,0.014374412927763043,0.0030654615867588986,0.0018519397882140742,True,True,True,True,True,True,True,True,True,True,True,True,True,True,True
0.52,0.92,True,0.0028623225938577647,0.003065593708868571,0.006571556164492749,0.020469941268299128,0.0141272659844714,0.0031076710406213242,0.0018994254238092756,True,True,True,True,True,True,True,True,True,True,True,True,True,True,True
0.52,0.93,True,0.0026324119891371436,0.0026324119891371436,0.0056236199683051945,0.02032221772887704,0.013786324441049214,0.00314460431275095,0.0018994254238092756,True,True,True,True,True,True,True,True,True,True,True,True,True,True,True
0.52,0.94,True,0.002332516952399962,0.002332516952399962,0.005207099083948045,0.020219069626868022,0.013463126339788165,0.003186813766613376,0.001946911059404477,True,True,True,True,True,True,True,True,True,True,True,True,True,True,True
0.52,0.95,True,0.0018993352326685347,0.0018993352326685347,0.0047961318113823375,0.020193337395849546,0.013310101175832435,0.0032237470387430018,0.0019943966949997893,True,True,True,True,True,True,True,True,True,True,True,True,True,True,True
0.53,0.8,True,0.0033770834322617276,0.011644551857830162,0.016898987315223976,0.0212837728214826,0.018469019020056193,0.0025378434134785133,0.0013770834322617276,True,True,True,True,True,True,True,True,True,True,True,True,True,True,True
0.53,0.81,True,0.00342456906785704,0.009970823937112239,0.016168916042783723,0.021312032695592478,0.018222011372716458,0.002585329049073764,0.00142456906785704,True,True,True,True,True,True,True,True,True,True,True,True,True,True,True
0.53,0.82,True,0.00342456906785704,0.009970823937112239,0.016046736583372277,0.02136922462842641,0.018154563347642046,0.002606433776004977,0.00142456906785704,True,True,True,True,True,True,True,True,True,True,True,True,True,True,True
0.53,0.83,True,0.0034720547034522414,0.009237747180643704,0.015385856780192306,0.021292239894274114,0.01785840093921815,0.002648643229867403,0.0014720547034522413,True,True,True,True,True,True,True,True,True,True,True,True,True,True,True
0.53,0.84,True,0.0035195403390474427,0.008138132045940901,0.014090591168907898,0.021111778491629374,0.017292666692077654,0.002701405047195429,0.0015195403390474427,True,True,True,True,True,True,True,True,True,True,True,True,True,True,True
0.53,0.85,True,0.003567025974642755,0.007838237009203683,0.013382734343633339,0.021074901036229072,0.017032924090456005,0.002748890682790692,0.001567025974642755,True,True,True,True,True,True,True,True,True,True,True,True,True,True,True
0.53,0.86,True,0.0036145116102379565,0.007688289490835072,0.01240830415237019,0.02095422994396427,0.016664183930167702,0.002796376318385918,0.0016145116102379564,True,True,True,True,True,True,True,True,True,True,True,True,True,True,True
0.53,0.87,True,0.003624578519628492,0.007321751112600768,0.011746150285308602,0.02109376452915089,0.016431533598283223,0.0028702428626451817,0.0016619972458331578,True,True,True,True,True,True,True,True,True,True,True,True,True,True,True
0.53,0.88,True,0.00363513088309408,0.0069552127343665004,0.011307414953785781,0.021028159553243084,0.01617144921440044,0.002923004679973208,0.0017094828814283591,True,True,True,True,True,True,True,True,True,True,True,True,True,True,True
0.53,0.89,True,0.003459149134792612,0.0069552127343665004,0.010695243592847051,0.021089322610026964,0.015953700990646042,0.0029810426790340466,0.0017569685170236715,True,True,True,True,True,True,True,True,True,True,True,True,True,True,True
0.53,0.9,True,0.003459149134792612,0.006355422660892211,0.009765242295915355,0.020990860594258105,0.015616979019731605,0.00300214740596526,0.0017569685170236715,True,True,True,True,True,True,True,True,True,True,True,True,True,True,True
0.53,0.91,True,0.0031622176305948725,0.00518534199304758,0.009007402964517987,0.02086728590438511,0.015291310628295461,0.0030285283146292727,0.0018044541526188729,True,True,True,True,True,True,True,True,True,True,True,True,True,True,True
0.53,0.92,True,0.0029456267707291773,0.004098565502074325,0.008205134738789144,0.020865035864959098,0.014992343306426119,0.0030865663136901114,0.0018519397882140742,True,True,True,True,True,True,True,True,True,True,True,True,True,True,True
0.53,0.93,True,0.0026452506328667282,0.0026452506328667282,0.007620731436807564,0.020857894401778702,0.014744685370972559,0.0031340519492853375,0.0018994254238092756,True,True,True,True,True,True,True,True,True,True,True,True,True,True,True
0.53,0.94,True,0.002212068913135264,0.002212068913135264,0.006890660164367284,0.02082268109567362,0.014484705964643895,0.003165709039682175,0.0018994254238092756,True,True,True,True,True,True,True,True,True,True,True,True,True,True,True
0.53,0.95,True,0.0019121738763981562,0.0019121738763981562,0.006137100380879754,0.020664121364611893,0.014138061139532358,0.003202642311811801,0.0018994254238092756,True,True,True,True,True,True,True,True,True,True,True,True,True,True,True
0.54,0.8,True,0.0033295977966665263,0.014051356535016693,0.01858682794355308,0.021775166743269084,0.019293735589596253,0.0025114625048145126,0.0013295977966665262,True,True,True,True,True,True,True,True,True,True,True,True,True,True,True
0.54,0.81,True,0.0033770834322617276,0.013401583955419608,0.01800369870545309,0.021663605655231583,0.019041871078958494,0.0025378434134785133,0.0013770834322617276,True,True,True,True,True,True,True,True,True,True,True,True,True,True,True
0.54,0.82,True,0.0033770834322617276,0.013251636437050998,0.017685868769460086,0.021548590383657036,0.018790067659404792,0.002553671958676926,0.0013770834322617276,True,True,True,True,True,True,True,True,True,True,True,True,True,True,True
0.54,0.83,True,0.0033770834322617276,0.011427960997964504,0.01671016451431538,0.021471888448191725,0.01841197607289682,0.0026011575942721642,0.0013770834322617276,True,True,True,True,True,True,True,True,True,True,True,True,True,True,True
0.54,0.84,True,0.0034720547034522414,0.010407827848488371,0.01595359924679956,0.021323386363140955,0.017964767492257023,0.0026380908664018024,0.0014720547034522413,True,True,True,True,True,True,True,True,True,True,True,True,True,True,True
0.54,0.85,True,0.0035195403390474427,0.009891341951885532,0.015587060868565292,0.0213450285829212,0.017818211463900724,0.0026803003202642284,0.0015195403390474427,True,True,True,True,True,True,True,True,True,True,True,True,True,True,True
0.54,0.86,True,0.003567025974642755,0.009524803573651264,0.014658333635515152,0.021404462188843336,0.017496117100938666,0.002748890682790692,0.001567025974642755,True,True,True,True,True,True,True,True,True,True,True,True,True,True,True
0.54,0.87,True,0.0036145116102379565,0.008791726817182691,0.013533955925883467,0.021233969754023016,0.017077394434527444,0.002796376318385918,0.0016145116102379564,True,True,True,True,True,True,True,True,True,True,True,True,True,True,True
0.54,0.88,True,0.0036599114494598696,0.008275240920579815,0.013217400053772033,0.021269979168441075,0.016958184707048844,0.002854414317446757,0.0016619972458331578,True,True,True,True,True,True,True,True,True,True,True,True,True,True,True
0.54,0.89,True,0.003661997245833158,0.008125293402211206,0.012215201803551758,0.021226803443998014,0.016472872346159587,0.0029124523165075956,0.0016619972458331578,True,True,True,True,True,True,True,True,True,True,True,True,True,True,True
0.54,0.9,True,0.003675739994658307,0.007675450847105451,0.01142531486528733,0.021168230827719237,0.01618578637354135,0.002959937952102809,0.0017094828814283591,True,True,True,True,True,True,True,True,True,True,True,True,True,True,True
0.54,0.91,True,0.003675739994658307,0.0075255033287369155,0.01105877648705305,0.02134218597331223,0.016041575314844046,0.0030232521328964726,0.0017569685170236715,True,True,True,True,True,True,True,True,True,True,True,True,True,True,True
0.54,0.92,True,0.0032425582749269167,0.006875730749139793,0.009966446384288365,0.021132117503345132,0.015659084237829603,0.003039080678094873,0.0018044541526188729,True,True,True,True,True,True,True,True,True,True,True,True,True,True,True
0.54,0.93,True,0.0032531106383925047,0.005555702562926516,0.009186392605725216,0.021092844146541542,0.015384788965785644,0.0030918424954229115,0.0018044541526188729,True,True,True,True,True,True,True,True,True,True,True,True,True,True,True
0.54,0.94,True,0.00317804617579331,0.005122520843195126,0.008769871721368117,0.021112883869868624,0.015232785133799751,0.0031340519492853497,0.0018994254238092756,True,True,True,True,True,True,True,True,True,True,True,True,True,True,True
0.54,0.95,True,0.0030280986574245895,0.003298845404108519,0.007844149972346245,0.0210341463947208,0.014850628370247483,0.0031762614031477757,0.0018994254238092756,True,True,True,True,True,True,True,True,True,True,True,True,True,True,True
0.55,0.0,False,-0.0018463364832137525,0.064648353468443,0.07314345207935394,0.021244830647995625,0.04059661437004616,-0.002643367048134603,-0.0038463364832137525,True,True,False,True,True,True,True,False,True,True,True,True,False,True,True
0.55,0.05,False,-0.0013714801272615169,0.06296178690399538,0.0704324728175204,0.02188222614271075,0.03962775034930716,-0.0021632345104494804,-0.003371480127261517,True,True,False,True,True,True,True,False,True,True,True,True,True,True,True
0.55,0.1,False,-0.000991595042499573,0.061054807288037395,0.06761898041567801,0.02236791646841179,0.03863241085915459,-0.0017147590631611716,-0.002991595042499573,True,True,False,True,True,True,True,False,True,True,True,True,True,True,True
0.55,0.15,False,-0.00042176741535682356,0.05708188408566809,0.06460938018098893,0.022856184577419447,0.03756043038346844,-0.0012873883428040757,-0.0024217674153568236,True,True,False,True,True,True,True,False,True,True,True,True,True,True,True
0.55,0.2,False,-8.936796619019201e-05,0.05516206582598052,0.06169164321899096,0.023327952403865242,0.03631467096190863,-0.0009075032580422181,-0.002089367966190192,True,True,False,True,True,True,True,True,True,True,True,True,True,True,True
0.55,0.25,True,0.0002905171185716409,0.050398438977730366,0.05821727101396865,0.02336100722189358,0.03479915682279913,-0.00048013253768512215,-0.0017094828814283591,True,True,True,True,True,True,True,True,True,True,True,True,True,True,True
0.55,0.3,True,0.0006229165677382725,0.04645501525446497,0.05462627296132632,0.023563065830286136,0.03346768158271751,-0.00010024745292328922,-0.0013770834322617276,True,True,True,True,True,True,True,True,True,True,True,True,True,True,True
0.55,0.35,True,0.000955316016904904,0.04343558186007446,0.05075886838299401,0.02354299382069945,0.03208506971853288,0.00020577108757932925,-0.001044683983095096,True,True,True,True,True,True,True,True,True,True,True,True,True,True,True
0.55,0.4,True,0.0011927441948811329,0.03999580538968225,0.04683083143122129,0.023404619896345975,0.030597275155724746,0.0004906849011507471,-0.0008072558051188672,True,True,True,True,True,True,True,True,True,True,True,True,True,True,True
0.55,0.45,True,0.0015726292796429658,0.03668931560228431,0.04347991274949191,0.023257778027976485,0.029147949428270172,0.0007808748964549281,-0.00042737072035703427,True,True,True,True,True,True,True,True,True,True,True,True,True,True,True
0.55,0.5,True,0.0018100574576190836,0.03381982972626248,0.039903844112077085,0.023233471749923813,0.027830474937898735,0.0010710648917591215,-0.00018994254238091646,True,True,True,True,True,True,True,True,True,True,True,True,True,True,True
0.55,0.55,True,0.002142456906785715,0.031413025049076025,0.03684854091917503,0.023374772208623534,0.02659571573387222,0.001398188159192953,0.0001424569067857151,True,True,True,True,True,True,True,True,True,True,True,True,True,True,True
0.55,0.6,True,0.0022849138135714302,0.028860095045165585,0.03343653250773991,0.023131099092329674,0.025292566655468814,0.001656721064100333,0.0002849138135714302,True,True,True,True,True,True,True,True,True,True,True,True,True,True,True
0.55,0.65,True,0.0025698276271428604,0.02496665382802299,0.029169725236690022,0.02256249547065396,0.02354698145802683,0.0018572159699468866,0.0005698276271428604,True,True,True,True,True,True,True,True,True,True,True,True,True,True,True
0.55,0.7,True,0.002759770169523777,0.022613653848603994,0.025703912127487412,0.02210304399696857,0.022092184641064144,0.00201022524019819,0.0007597701695237769,True,True,True,True,True,True,True,True,True,True,True,True,True,True,True
0.55,0.75,True,0.002902227076309492,0.019390468238077514,0.022927563588038317,0.021940089874865634,0.021025826321842283,0.0022107201460447065,0.000902227076309492,True,True,True,True,True,True,True,True,True,True,True,True,True,True,True
0.55,0.8,True,0.0032346265254761235,0.01536756252958523,0.019269922193898795,0.02178247738207622,0.019558446212948506,0.002442872142288061,0.0012346265254761235,True,True,True,True,True,True,True,True,True,True,True,True,True,True,True
0.55,0.81,True,0.0032346265254761235,0.014567842431619535,0.018736775461921637,0.021703203770336854,0.019346841086004003,0.002479805414417687,0.0012346265254761235,True,True,True,True,True,True,True,True,True,True,True,True,True,True,True
0.55,0.82,True,0.0033770834322617276,0.014134660711888144,0.018442434036975923,0.02170737490159998,0.019136037375298995,0.0025325672317457254,0.0013770834322617276,True,True,True,True,True,True,True,True,True,True,True,True,True,True,True
0.55,0.83,True,0.0033770834322617276,0.013984713193519608,0.017957995747240083,0.02161403992738052,0.018908143109190263,0.0025589481404097386,0.0013770834322617276,True,True,True,True,True,True,True,True,True,True,True,True,True,True,True
0.55,0.84,True,0.00342456906785704,0.013401583955419608,0.0174914923567601,0.02150618098696337,0.018596178195988355,0.0025906052308065763,0.00142456906785704,True,True,True,True,True,True,True,True,True,True,True,True,True,True,True
0.55,0.85,True,0.00342456906785704,0.01151126517483588,0.0166392416249084,0.021394796088751094,0.018260351592567486,0.0026275385029362022,0.00142456906785704,True,True,True,True,True,True,True,True,True,True,True,True,True,True,True
0.55,0.86,True,0.0034720547034522414,0.010844831759864467,0.015610549379612544,0.02138166988226104,0.0178942500933535,0.0026803003202642405,0.0014720547034522413,True,True,True,True,True,True,True,True,True,True,True,True,True,True,True
0.55,0.87,True,0.0034720547034522414,0.009891341951885532,0.014902692554338008,0.02125493063260479,0.0175208013203944,0.002701405047195441,0.0014720547034522413,True,True,True,True,True,True,True,True,True,True,True,True,True,True,True
0.55,0.88,True,0.003567025974642755,0.009458160232154103,0.014441742775649444,0.021305887017298273,0.01734916481560895,0.0027805477731874927,0.001567025974642755,True,True,True,True,True,True,True,True,True,True,True,True,True,True,True
0.55,0.89,True,0.0036338772195269,0.009241569372288372,0.014069650785623734,0.0214586111479078,0.017225001050229307,0.002859690499179557,0.0016619972458331578,True,True,True,True,True,True,True,True,True,True,True,True,True,True,True
0.55,0.9,True,0.0034944820646238784,0.008208597579082655,0.013090941046450736,0.02145395757064741,0.01678785640920355,0.0029388332251715963,0.0016619972458331578,True,True,True,True,True,True,True,True,True,True,True,True,True,True,True
0.55,0.91,True,0.0032831673864909218,0.007392216645742596,0.01208874279623045,0.021387366913493362,0.016430586241681415,0.002991595042499647,0.0016619972458331578,True,True,True,True,True,True,True,True,True,True,True,True,True,True,True
0.55,0.92,True,0.0032884435682237713,0.007392216645742596,0.011648733400826037,0.02132324689215057,0.016257194904609404,0.00301269976943086,0.0017094828814283591,True,True,True,True,True,True,True,True,True,True,True,True,True,True,True
0.55,0.93,True,0.0032884435682237713,0.007175625785876938,0.011110033057057489,0.02135674263857211,0.01604262476507834,0.003060185405026098,0.0018044541526188729,True,True,True,True,True,True,True,True,True,True,True,True,True,True,True
0.55,0.94,True,0.0030771288900910366,0.006292601511039793,0.009790004870844237,0.021140702261983637,0.015584820569329132,0.003081290131957299,0.0018044541526188729,True,True,True,True,True,True,True,True,True,True,True,True,True,True,True
0.55,0.95,True,0.0030771288900910366,0.005339111703060784,0.008987736645115381,0.021089222865204243,0.015301947996733714,0.003123499585819725,0.0018519397882140742,True,True,True,True,True,True,True,True,True,True,True,True,True,True,True
0.55,0.96,True,0.003082405071823664,0.005339111703060784,0.00864769226195667,0.021064610498760614,0.015190944838673164,0.00314460431275095,0.0018519397882140742,True,True,True,True,True,True,True,True,True,True,True,True,True,True,True
0.55,0.97,True,0.00300206442749162,0.004318978553584689,0.008135485913263692,0.021085208693239772,0.014958425816056652,0.0031920899483462006,0.0018994254238092756,True,True,True,True,True,True,True,True,True,True,True,True,True,True,True
0.55,0.98,True,0.0028626692725887094,0.003298845404108519,0.00718882378095768,0.021027538984083865,0.0146196676878393,0.0032448517656742146,0.0018994254238092756,True,True,True,True,True,True,True,True,True,True,True,True,True,True,True
0.55,0.99,True,0.002867945454321559,0.003148897885739984,0.006866714297054839,0.020984779390452686,0.01440674040616743,0.0032712326743382153,0.001946911059404477,True,True,True,True,True,True,True,True,True,True,True,True,True,True,True
0.55,1.0,True,0.0021287647362638884,0.0021287647362638884,0.0057965986414558746,0.02086260053006757,0.01404521214627863,0.0033081659464678534,0.001946911059404477,True,True,True,True,True,True,True,True,True,True,True,True,True,True,True
0.55,1.05,False,-0.000727882496028287,-0.000727882496028287,0.0019783598616301104,0.020150320498043068,0.012488448612634047,0.003440070489787956,0.0019943966949997893,False,True,True,True,True,True,True,True,True,True,True,True,True,True,True
0.55,1.1,False,-0.003721638602959524,-0.003721638602959524,-0.00201886855940292,0.0197169866977195,0.010963074632561187,0.003645841577367273,0.0021368536017853934,False,True,True,False,True,False,True,True,True,True,False,True,True,True,True
0.55,1.15,False,-0.006574463643606994,-0.006574463643606994,-0.004729847821236409,0.019679010644767254,0.010043640167681963,0.0038252317562826013,0.002231824872975907,False,True,True,False,True,False,True,True,True,True,False,True,True,True,True
0.55,1.2,False,-0.010684495720615361,-0.010684495720615361,-0.007622822208305482,0.019487754503763857,0.008870483456863575,0.0039993457534651545,0.0023742817797616222,False,True,True,False,True,False,True,True,True,True,False,True,True,True,True
0.55,1.25,False,-0.012617152624032513,-0.012617152624032513,-0.010130049254002923,0.01901197402974401,0.00758459415620331,0.004104869388121231,0.0023742817797616222,False,True,True,False,True,False,True,True,True,True,False,True,True,True,True
0.55,1.3,False,-0.016340163295787653,-0.016340163295787653,-0.013954299001885297,0.01855079805553418,0.0060302077752998956,0.0042948119305021475,0.0025642243221425387,False,True,True,False,True,False,True,True,False,True,False,True,True,False,True
0.55,1.35,False,-0.01905970165344088,-0.01905970165344088,-0.016428204376834135,0.018280153712192368,0.005016235586604011,0.004442545019020638,0.002706681228928254,False,True,True,False,True,False,True,True,False,True,False,True,True,False,True
0.55,1.4,False,-0.020525855166377987,-0.020525855166377987,-0.01887006214491597,0.018064983003349626,0.004008865350471192,0.004563897198875116,0.0028016525001186565,False,True,True,False,True,False,True,True,False,True,False,True,True,False,True
0.55,1.45,False,-0.02433599220664917,-0.02433599220664917,-0.02263322216309258,0.01789115635517286,0.0026245057915614575,0.0047432873777904444,0.002991595042499684,False,True,True,False,True,False,True,True,False,True,False,True,True,False,True
0.55,1.5,False,-0.027846234210183212,-0.027846234210183212,-0.02526645085984612,0.01749667664418586,0.0013743736093226753,0.004864639557644922,0.003134051949285288,False,True,True,False,True,False,True,True,False,True,False,True,True,False,True
0.55,1.55,False,-0.03136931485744687,-0.03136931485744687,-0.027912518200329212,0.01716610345015685,0.00016623694536694385,0.004959610828835374,0.0033239944916662045,False,True,True,False,True,False,True,True,False,True,False,True,True,False,True
0.55,1.6,False,-0.035342238059816254,-0.035342238059816254,-0.03164363061163886,0.01645283130629603,-0.0015955141390431799,0.005049305918293063,0.003371480127261517,False,True,True,False,True,False,True,True,False,True,False,True,True,False,True
0.55,1.65,False,-0.037678577203860995,-0.037678577203860995,-0.03403978542150773,0.01619997478165193,-0.002668795378201663,0.005165381916414728,0.003371480127261517,False,True,True,False,True,False,True,True,False,True,False,True,True,False,True
0.55,1.7,False,-0.0420385218114836,-0.0420385218114836,-0.037591908191610096,0.015764884383131863,-0.003961422507055655,0.005255077005872392,0.0034189657628567183,False,True,True,False,True,False,True,True,False,True,False,True,True,False,True
0.55,1.75,False,-0.04330474529992937,-0.04330474529992937,-0.04083175463751089,0.015274678971742938,-0.0052215898695986045,0.005344772095330057,0.0035614226696424334,False,True,True,False,True,False,True,True,False,True,False,True,True,False,True
0.55,1.8,False,-0.044404360434632216,-0.044404360434632216,-0.04307067689707297,0.014834608275825278,-0.006320485003847076,0.005450295729986133,0.0036089083052376347,False,True,True,False,True,False,True,True,False,True,False,True,True,False,True
0.55,1.85,False,-0.046307517858945414,-0.046307517858945414,-0.04600252656668206,0.014303414595556778,-0.007759643328645514,0.005571647909840611,0.00375136521202335,False,True,True,False,True,False,True,True,False,True,False,True,True,False,True
0.55,1.9,False,-0.04987156456024707,-0.04987156456024707,-0.048604981720450136,0.013737613938604768,-0.008866652428499587,0.005650790635832663,0.0038463364832138636,False,True,True,False,True,False,True,True,False,True,False,True,True,False,True
0.55,1.95,False,-0.05244115539953165,-0.05244115539953165,-0.05109254244674496,0.01325895378525298,-0.009982012215462169,0.005729933361824714,0.003893822118809065,False,True,True,False,True,False,True,True,False,True,False,True,True,False,True
0.55,2.0,False,-0.057775072842152296,-0.057775072842152296,-0.05519146730017045,0.012297366732925955,-0.0117970445128177,0.005809076087816766,0.003988793389999468,False,True,True,False,True,False,True,True,False,True,False,True,True,False,True
0.56,0.8,True,0.00313965525428561,0.016554304032804223,0.020255459608744777,0.021691271671773045,0.01996799314645708,0.0023848341432272224,0.0011396552542856098,True,True,True,True,True,True,True,True,True,True,True,True,True,True,True
0.56,0.81,True,0.0032346265254761235,0.014951041645228128,0.01933101192360452,0.02160406405924853,0.01962425431738737,0.0024270435970896484,0.0012346265254761235,True,True,True,True,True,True,True,True,True,True,True,True,True,True,True
0.56,0.82,True,0.003282112161071325,0.014801094126859518,0.019158849958070205,0.02162001074784535,0.019413861990815875,0.0024692530509520744,0.0012821121610713249,True,True,True,True,True,True,True,True,True,True,True,True,True,True,True
0.56,0.83,True,0.003282112161071325,0.014134660711888144,0.01871456101475593,0.021651723791508468,0.019229589833273435,0.0025061863230817125,0.0012821121610713249,True,True,True,True,True,True,True,True,True,True,True,True,True,True,True
0.56,0.84,True,0.0033770834322617276,0.01376812233365384,0.018225843177110203,0.021594705705061477,0.01895571714991668,0.002564224322142551,0.0013770834322617276,True,True,True,True,True,True,True,True,True,True,True,True,True,True,True
0.56,0.85,True,0.0033770834322617276,0.01333494061392245,0.017547028474674375,0.02140983987838743,0.018591925970726404,0.0025747766856081514,0.0013770834322617276,True,True,True,True,True,True,True,True,True,True,True,True,True,True,True
0.56,0.86,True,0.00342456906785704,0.01275181137582245,0.01710829314315153,0.021414800675558517,0.018392237783010974,0.0026169861394705896,0.00142456906785704,True,True,True,True,True,True,True,True,True,True,True,True,True,True,True
0.56,0.87,True,0.00342456906785704,0.012535220515956716,0.016813951718205804,0.021473294934161044,0.01827437866889545,0.0026803003202642405,0.00142456906785704,True,True,True,True,True,True,True,True,True,True,True,True,True,True,True
0.56,0.88,True,0.00342456906785704,0.010045111661898845,0.01542172657870401,0.021353051249650628,0.017769246061761296,0.002733062137592267,0.00142456906785704,True,True,True,True,True,True,True,True,True,True,True,True,True,True,True
0.56,0.89,True,0.0036145116102379565,0.009895164143530274,0.014881752171053895,0.021387281814609322,0.017558882497414368,0.002801652500118718,0.0016145116102379564,True,True,True,True,True,True,True,True,True,True,True,True,True,True,True
0.56,0.9,True,0.0036391534012596384,0.00946198242379881,0.014542981851776727,0.021430817909451103,0.01735225955428395,0.0028544143174467442,0.0016619972458331578,True,True,True,True,True,True,True,True,True,True,True,True,True,True,True
0.56,0.91,True,0.0034278387231267927,0.008075310896088409,0.013736434078138035,0.021387250127803563,0.01707083300161902,0.002901899953041983,0.0016619972458331578,True,True,True,True,True,True,True,True,True,True,True,True,True,True,True
0.56,0.92,True,0.003433114904859642,0.007925363377719838,0.013364342088112336,0.02150308662094047,0.01685368907732053,0.002959937952102809,0.0016619972458331578,True,True,True,True,True,True,True,True,True,True,True,True,True,True,True
0.56,0.93,True,0.0032884435682237713,0.0071089824443797784,0.012507811808350724,0.02145476038168121,0.016554487880625142,0.0030179759511636726,0.0016619972458331578,True,True,True,True,True,True,True,True,True,True,True,True,True,True,True
0.56,0.94,True,0.0032989959316893592,0.006592496547776938,0.011677775523664755,0.02137685966040923,0.016241047033544048,0.003049633041560498,0.0017569685170235605,True,True,True,True,True,True,True,True,True,True,True,True,True,True,True
0.56,0.95,True,0.0032989959316893592,0.006375905687911206,0.01094342470331464,0.02128679522656011,0.015931021075393362,0.0030865663136901114,0.0018044541526188729,True,True,True,True,True,True,True,True,True,True,True,True,True,True,True
0.56,0.96,True,0.0030876812535566246,0.006009367309676976,0.010209073882964523,0.0211920604934606,0.015689754923098542,0.003118223404086937,0.0018044541526188729,True,True,True,True,True,True,True,True,True,True,True,True,True,True,True
0.56,0.97,True,0.003092957435289252,0.005055877501697966,0.008993290256906835,0.02099679602790383,0.015269043883726852,0.003160432857949363,0.0018519397882140742,True,True,True,True,True,True,True,True,True,True,True,True,True,True,True
0.56,0.98,True,0.003092957435289252,0.004755982464960784,0.008676734384795388,0.021083337205354984,0.015166456471763476,0.0031868137666133884,0.0018519397882140742,True,True,True,True,True,True,True,True,True,True,True,True,True,True,True
0.56,0.99,True,0.0030982336170222126,0.004606034946592248,0.008237999053272518,0.021091308357394773,0.014983449275736742,0.0032184708570102017,0.0018519397882140742,True,True,True,True,True,True,True,True,True,True,True,True,True,True,True
0.56,1.0,True,0.002867945454321559,0.0033693109372504213,0.007407962768586524,0.020964214941897978,0.014566737268436972,0.0032765088560710153,0.001946911059404477,True,True,True,True,True,True,True,True,True,True,True,True,True,True,True
0.57,0.8,True,0.0030921696186904084,0.017940975560514622,0.022304285003516715,0.022196976872205936,0.02085685546040761,0.0023162437807007835,0.0010921696186904084,True,True,True,True,True,True,True,True,True,True,True,True,True,True,True
0.57,0.81,True,0.003187140889880811,0.016924664602683232,0.021843335224828175,0.02222389808381273,0.020659861680058858,0.002369005598028785,0.0011871408898808111,True,True,True,True,True,True,True,True,True,True,True,True,True,True,True
0.57,0.82,True,0.003187140889880811,0.015317580023462396,0.020087577191120372,0.021853872445639053,0.019988054395955673,0.002395386506692835,0.0011871408898808111,True,True,True,True,True,True,True,True,True,True,True,True,True,True,True
0.57,0.83,True,0.0032346265254761235,0.015317580023462396,0.019525388336304485,0.021872184024054234,0.019778040269316448,0.002453424505753674,0.0012346265254761235,True,True,True,True,True,True,True,True,True,True,True,True,True,True,True
0.57,0.84,True,0.003282112161071325,0.014434555748625252,0.019086653004781615,0.021805906448109227,0.019360260941388825,0.0025061863230817,0.0012821121610713249,True,True,True,True,True,True,True,True,True,True,True,True,True,True,True
0.57,0.85,True,0.0033295977966665263,0.014134660711888144,0.018742329073713055,0.02190995089907704,0.019250762479432113,0.0025536719586769507,0.0013295977966665262,True,True,True,True,True,True,True,True,True,True,True,True,True,True,True
0.57,0.86,True,0.00342456906785704,0.013484888132290984,0.01806351437127725,0.021874532579934016,0.01900011434300862,0.002595881412539364,0.00142456906785704,True,True,True,True,True,True,True,True,True,True,True,True,True,True,True
0.57,0.87,True,0.00342456906785704,0.013118349754056716,0.017769172946331513,0.021843567341903267,0.018858598004400755,0.0026275385029361897,0.00142456906785704,True,True,True,True,True,True,True,True,True,True,True,True,True,True,True
0.57,0.88,True,0.00342456906785704,0.01290175889419102,0.017402634568097233,0.021856212703960196,0.018664594425021948,0.002685576501997041,0.00142456906785704,True,True,True,True,True,True,True,True,True,True,True,True,True,True,True
0.57,0.89,True,0.00342456906785704,0.012235325479219536,0.016891702283285785,0.021889158268251416,0.018471079579302732,0.0027383383193250793,0.00142456906785704,True,True,True,True,True,True,True,True,True,True,True,True,True,True,True
0.57,0.9,True,0.003567025974642755,0.010778188418367344,0.01586601552201825,0.021815697864606673,0.01809992570573946,0.002796376318385918,0.001567025974642755,True,True,True,True,True,True,True,True,True,True,True,True,True,True,True
0.57,0.91,True,0.003577786241495291,0.009312034905430163,0.014765126323433853,0.02175382602875083,0.017702004301999655,0.002859690499179557,0.0016145116102379564,True,True,True,True,True,True,True,True,True,True,True,True,True,True,True
0.57,0.92,True,0.003433114904859642,0.008862192350324519,0.014370819886242423,0.021676962787218486,0.01753433430365809,0.0028755190443779696,0.0016145116102379564,True,True,True,True,True,True,True,True,True,True,True,True,True,True,True
0.57,0.93,True,0.0034383910865923807,0.008429010630593129,0.014076478461296733,0.021754256017305445,0.017244131549282147,0.0029388332251715963,0.0016619972458331578,True,True,True,True,True,True,True,True,True,True,True,True,True,True,True
0.57,0.94,True,0.0034489434500579686,0.007558824999485569,0.013442092653192295,0.021764092582205106,0.01703735955256538,0.002981042679034059,0.0016619972458331578,True,True,True,True,True,True,True,True,True,True,True,True,True,True,True
0.57,0.95,True,0.0033042721134223197,0.00740887748111696,0.013119983169289454,0.021806112761183865,0.016925752925656703,0.0030232521328964848,0.0016619972458331578,True,True,True,True,True,True,True,True,True,True,True,True,True,True,True
0.57,0.96,True,0.0033042721134223197,0.006525853206279779,0.012045587965780591,0.02172740663745027,0.016513064305289833,0.0030760139502244987,0.0017569685170235605,True,True,True,True,True,True,True,True,True,True,True,True,True,True,True
0.57,0.97,True,0.003092957435289252,0.006009367309676976,0.011679049587546335,0.02170473553536678,0.01635529524518879,0.003118223404086937,0.0018044541526188729,True,True,True,True,True,True,True,True,True,True,True,True,True,True,True
0.57,0.98,True,0.0030982336170222126,0.005355772538435148,0.010363300949242945,0.021498675640570855,0.01589116331197994,0.0031498804944837377,0.0018044541526188729,True,True,True,True,True,True,True,True,True,True,True,True,True,True,True
0.57,0.99,True,0.0030982336170222126,0.005055877501697966,0.009896797558762925,0.0214341444966194,0.015717867381475133,0.003170985221414951,0.0018519397882140742,True,True,True,True,True,True,True,True,True,True,True,True,True,True,True
0.57,1.0,True,0.0030982336170222126,0.004606034946592248,0.00860453743150681,0.021253304998043947,0.015271664175037324,0.003213194675277401,0.0018519397882140742,True,True,True,True,True,True,True,True,True,True,True,True,True,True,True
0.58,0.8,True,0.0029497127119046933,0.019623719933317463,0.02391182693900271,0.02258389179983871,0.02163636849311406,0.0022582057816399573,0.0009497127119046933,True,True,True,True,True,True,True,True,True,True,True,True,True,True,True
0.58,0.81,True,0.0029971983474998947,0.018740695658480355,0.02322745862477545,0.022455316559845735,0.021372597444841927,0.002279310508571158,0.0009971983474998947,True,True,True,True,True,True,True,True,True,True,True,True,True,True,True
0.58,0.82,True,0.0030921696186904084,0.017940975560514622,0.022476446969051007,0.02242622621223657,0.02104209561045541,0.0023426246893647968,0.0010921696186904084,True,True,True,True,True,True,True,True,True,True,True,True,True,True,True
0.58,0.83,True,0.003187140889880811,0.016487660691307027,0.021329854812253593,0.022249723013006182,0.020556135060725574,0.002395386506692823,0.0011871408898808111,True,True,True,True,True,True,True,True,True,True,True,True,True,True,True
0.58,0.84,True,0.003282112161071325,0.015971174794704186,0.021035513387307875,0.0222455322656996,0.020336427725605583,0.0024587006874864864,0.0012821121610713249,True,True,True,True,True,True,True,True,True,True,True,True,True,True,True
0.58,0.85,True,0.0033295977966665263,0.015167632505093823,0.020299888503076156,0.02227884171664771,0.020069187831575755,0.0025220148682801127,0.0013295977966665262,True,True,True,True,True,True,True,True,True,True,True,True,True,True,True
0.58,0.86,True,0.0033770834322617276,0.015017684986725214,0.01913108189911303,0.022089009545353065,0.019556760942447057,0.002553671958676926,0.0013770834322617276,True,True,True,True,True,True,True,True,True,True,True,True,True,True,True
0.58,0.87,True,0.0033770834322617276,0.014651146608490947,0.018741055009831475,0.022069441333900566,0.019402375410408283,0.0025958814125393768,0.0013770834322617276,True,True,True,True,True,True,True,True,True,True,True,True,True,True,True
0.58,0.88,True,0.00342456906785704,0.014068017370390984,0.018280105231142922,0.022040390227520704,0.019231516926248707,0.0026222623212033896,0.00142456906785704,True,True,True,True,True,True,True,True,True,True,True,True,True,True,True
0.58,0.89,True,0.00342456906785704,0.01370147899215668,0.01803574631232009,0.022191276217729206,0.019156512619870097,0.002680300320264253,0.00142456906785704,True,True,True,True,True,True,True,True,True,True,True,True,True,True,True
0.58,0.9,True,0.00342456906785704,0.012818454717319608,0.01749704596855153,0.022252385424785952,0.018943114965168553,0.002738338319325092,0.00142456906785704,True,True,True,True,True,True,True,True,True,True,True,True,True,True,True
0.58,0.91,True,0.0034720547034522414,0.012152021302348123,0.01674048070103566,0.022108920260901648,0.01858222298482997,0.0027858239549203054,0.0014720547034522413,True,True,True,True,True,True,True,True,True,True,True,True,True,True,True
0.58,0.92,True,0.003567025974642644,0.011635535405745245,0.01627397731055565,0.02215363241186794,0.018416489529543643,0.002854414317446757,0.001567025974642644,True,True,True,True,True,True,True,True,True,True,True,True,True,True,True
0.58,0.93,True,0.003567025974642755,0.010178398344893017,0.015421726578703962,0.02207411686871262,0.018097343917811457,0.0028807952261107822,0.001567025974642755,True,True,True,True,True,True,True,True,True,True,True,True,True,True,True
0.58,0.94,True,0.0036145116102379565,0.009078783210190214,0.01451521379281959,0.021996610239599423,0.01778976370541268,0.0029124523165075956,0.0016145116102379564,True,True,True,True,True,True,True,True,True,True,True,True,True,True,True
0.58,0.95,True,0.003661997245833158,0.008862192350324483,0.014220872367873862,0.02196416132348987,0.017559370904789356,0.0029599379521028212,0.0016619972458331578,True,True,True,True,True,True,True,True,True,True,True,True,True,True,True
0.58,0.96,True,0.003661997245833158,0.008429010630593092,0.013976513449051006,0.02210083379496249,0.017481435386336952,0.0029915950424996593,0.0016619972458331578,True,True,True,True,True,True,True,True,True,True,True,True,True,True,True
0.58,0.97,True,0.0035261391550207534,0.008279063112224483,0.013510010058570986,0.022103809074929506,0.017213267467631226,0.003054909223293286,0.0016619972458331578,True,True,True,True,True,True,True,True,True,True,True,True,True,True,True
0.58,0.98,True,0.003531415336753603,0.007625468340982655,0.012802153233296464,0.02203695075760259,0.016952938623594888,0.0030971186771557115,0.0018044541526188729,True,True,True,True,True,True,True,True,True,True,True,True,True,True,True
0.58,0.99,True,0.0033148244768879077,0.006442549029408366,0.01177346098800062,0.021927837890657872,0.01657562409263618,0.0031498804944837377,0.0018044541526188729,True,True,True,True,True,True,True,True,True,True,True,True,True,True,True
0.58,1.0,True,0.0033148244768879077,0.004835464450187528,0.010747774226733084,0.021792363965909,0.016196380177613108,0.003176261403147763,0.0018044541526188729,True,True,True,True,True,True,True,True,True,True,True,True,True,True,True
0.59,0.8,True,0.002902227076309492,0.021376929839262242,0.024940519184298578,0.02287194542063078,0.02219331202769496,0.002231824872975944,0.000902227076309492,True,True,True,True,True,True,True,True,True,True,True,True,True,True,True
0.59,0.81,True,0.002902227076309492,0.020793800601162166,0.02408954251632843,0.022730463136867527,0.021893617065271043,0.0022687581451055574,0.000902227076309492,True,True,True,True,True,True,True,True,True,True,True,True,True,True,True
0.59,0.82,True,0.0029497127119046933,0.019194360405230704,0.02331203686552843,0.022638345480656005,0.02161841244190384,0.002305691417235171,0.0009497127119046933,True,True,True,True,True,True,True,True,True,True,True,True,True,True,True
0.59,0.83,True,0.0030921696186904084,0.01817422725575461,0.022214153150972304,0.02246248317505554,0.021148629363414367,0.0023373485076319967,0.0010921696186904084,True,True,True,True,True,True,True,True,True,True,True,True,True,True,True
0.59,0.84,True,0.00313965525428561,0.017004146587909903,0.021484081878532037,0.022456284423601678,0.020775338249951814,0.0024059388701584477,0.0011396552542856098,True,True,True,True,True,True,True,True,True,True,True,True,True,True,True
0.59,0.85,True,0.003187140889880811,0.01633771317293849,0.021039792935217738,0.02233658453267388,0.02052453390386571,0.002427043597089673,0.0011871408898808111,True,True,True,True,True,True,True,True,True,True,True,True,True,True,True
0.59,0.86,True,0.0033295977966665263,0.01612112231307276,0.020551075097571998,0.02233518583714975,0.020311116092849732,0.0024956339596161,0.0013295977966665262,True,True,True,True,True,True,True,True,True,True,True,True,True,True,True
0.59,0.87,True,0.0033295977966665263,0.015971174794704186,0.02027894811979199,0.022445542302626915,0.02022568328198921,0.002543119595211326,0.0013295977966665262,True,True,True,True,True,True,True,True,True,True,True,True,True,True,True
0.59,0.88,True,0.0033770834322617276,0.015671279757967043,0.019979053083054883,0.022483352715182092,0.02012030898597293,0.0025747766856081514,0.0013770834322617276,True,True,True,True,True,True,True,True,True,True,True,True,True,True,True
0.59,0.89,True,0.0033770834322617276,0.014801094126859518,0.01845099313279562,0.022282137747602213,0.019519601135507533,0.002648643229867403,0.0013770834322617276,True,True,True,True,True,True,True,True,True,True,True,True,True,True,True
0.59,0.9,True,0.0033770834322617276,0.013918069852022449,0.017890078341861366,0.02225316007171454,0.019279772703736375,0.002696128865462641,0.0013770834322617276,True,True,True,True,True,True,True,True,True,True,True,True,True,True,True
0.59,0.91,True,0.00342456906785704,0.01318499309555384,0.017401360504215653,0.022279909061560275,0.01911262995891341,0.002738338319325092,0.00142456906785704,True,True,True,True,True,True,True,True,True,True,True,True,True,True,True
0.59,0.92,True,0.0034720547034522414,0.012735150540448159,0.01691264266656996,0.022266291912453044,0.018905207674082793,0.0027805477731875053,0.0014720547034522413,True,True,True,True,True,True,True,True,True,True,True,True,True,True,True
0.59,0.93,True,0.0035195403390474427,0.011935430442482428,0.01620605990517696,0.022245913392673566,0.018654230256266027,0.0028227572270499313,0.0015195403390474427,True,True,True,True,True,True,True,True,True,True,True,True,True,True,True
0.59,0.94,True,0.0035195403390474427,0.01156889206424816,0.015717342067531243,0.022154255706218047,0.018438408799417643,0.002849138135713944,0.0015195403390474427,True,True,True,True,True,True,True,True,True,True,True,True,True,True,True
0.59,0.95,True,0.003567025974642755,0.01061540225626915,0.015155153212715397,0.022163448917446902,0.01819874192210073,0.002901899953041983,0.001567025974642755,True,True,True,True,True,True,True,True,True,True,True,True,True,True,True
0.59,0.96,True,0.0036145116102379565,0.009661912448290177,0.014447296387440849,0.022084551114974982,0.01784055120161623,0.002938833225171621,0.0016145116102379564,True,True,True,True,True,True,True,True,True,True,True,True,True,True,True
0.59,0.97,True,0.0036145116102379565,0.008862192350324483,0.013686451572015139,0.022079576562684826,0.017592798687288542,0.002991595042499647,0.0016145116102379564,True,True,True,True,True,True,True,True,True,True,True,True,True,True,True
0.59,0.98,True,0.003661997245833158,0.007992006719216923,0.013296424682733584,0.022060257359117097,0.017427141447331707,0.003012699769430872,0.0016619972458331578,True,True,True,True,True,True,True,True,True,True,True,True,True,True,True
0.59,0.99,True,0.003531415336753603,0.007475520822614083,0.012879903798376434,0.022153212586242046,0.017276955018763522,0.0030918424954228993,0.0017094828814283591,True,True,True,True,True,True,True,True,True,True,True,True,True,True,True
0.59,1.0,True,0.0035366915184863413,0.007325573304245474,0.01255779431447357,0.02220062222601502,0.017035606147416924,0.00314460431275095,0.0018044541526188729,True,True,True,True,True,True,True,True,True,True,True,True,True,True,True
0.6,0.0,False,-0.0030334773730946746,0.0666476537133572,0.07667509182243731,0.020814672719315377,0.04283720341486322,-0.0034506228532535563,-0.005033477373094675,True,True,False,True,True,True,True,False,True,True,True,True,False,True,True
0.6,0.05,False,-0.0025111353815471266,0.06576462943852006,0.07454296225079388,0.021385190075255633,0.0418466924912865,-0.0029388332251716084,-0.004511135381547127,True,True,False,True,True,True,True,False,True,True,True,True,False,True,True
0.6,0.1,False,-0.0018463364832137525,0.0641152067364658,0.07303665939143521,0.022304230590385863,0.04108372219464965,-0.002448148324020861,-0.0038463364832137525,True,True,False,True,True,True,True,False,True,True,True,True,True,True,True
0.6,0.15,False,-0.0013714801272615169,0.06293228742489147,0.07175250100373365,0.02295946598066043,0.04051121163880658,-0.0020366061488621906,-0.003371480127261517,True,True,False,True,True,True,True,False,True,True,True,True,True,True,True
0.6,0.2,False,-0.0007541668645234551,0.06035887439396215,0.06869592374695001,0.02362500391986487,0.03949219885957357,-0.0015353688842458554,-0.002754166864523455,True,True,False,True,True,True,True,False,True,True,True,True,True,True,True
0.6,0.25,False,-0.0005167386865473373,0.05771881802153563,0.06563934649016637,0.023841598585847397,0.03833113274519278,-0.0011343790725527726,-0.0025167386865473373,True,True,False,True,True,True,True,False,True,True,True,True,True,True,True
0.6,0.3,False,-0.00018433923738070575,0.05259247498669587,0.0617497274646684,0.024059478611795804,0.037014565810460066,-0.0007914272599205655,-0.002184339237380706,True,True,False,True,True,True,True,False,True,True,True,True,True,True,True
0.6,0.35,True,0.00033800275416684226,0.04951541470289322,0.058501779279213025,0.024240648043204385,0.03546662392117623,-0.000358780357830657,-0.0016619972458331578,True,True,True,True,True,True,True,True,True,True,True,True,True,True,True
0.6,0.4,True,0.0006229165677382725,0.046725410812098134,0.05565751333438523,0.02460342554546587,0.034298172809931166,8.441890772487643e-05,-0.0013770834322617276,True,True,True,True,True,True,True,True,True,True,True,True,True,True,True
0.6,0.45,True,0.0010502872880954178,0.04504266643929533,0.05243004817594891,0.0246780687459057,0.03306064184609731,0.00037988508476186994,-0.0009497127119045823,True,True,True,True,True,True,True,True,True,True,True,True,True,True,True
0.6,0.5,True,0.0014301723728572507,0.0418361416641431,0.04918036857034683,0.024591266457445447,0.03178144516656329,0.000659522716600463,-0.0005698276271427494,True,True,True,True,True,True,True,True,True,True,True,True,True,True,True
0.6,0.55,True,0.0017150861864286809,0.03693922813289859,0.04481787583496103,0.02436738734137283,0.03000082607436679,0.0010130268926983074,-0.0002849138135713192,True,True,True,True,True,True,True,True,True,True,True,True,True,True,True
0.6,0.6,True,0.0019050287288095973,0.03383649056163677,0.04075482078004725,0.02430522624819896,0.02860560376506338,0.0013084930697353132,-9.497127119040272e-05,True,True,True,True,True,True,True,True,True,True,True,True,True,True,True
0.6,0.65,True,0.002237428177976229,0.03067994829260745,0.037076239002623614,0.02412359289299278,0.027141870317738168,0.0015353688842458554,0.00023742817797622884,True,True,True,True,True,True,True,True,True,True,True,True,True,True,True
0.6,0.7,True,0.0024273707203571453,0.02773999688344379,0.03290639125979111,0.023747197613191145,0.025534615557116655,0.0017939017891532233,0.0004273707203571453,True,True,True,True,True,True,True,True,True,True,True,True,True,True,True
0.6,0.75,True,0.002617313262738062,0.026423790888875216,0.029983100686001702,0.02344085281615322,0.02423913243840297,0.0019838443315341645,0.0006173132627380618,True,True,True,True,True,True,True,True,True,True,True,True,True,True,True
0.6,0.8,True,0.0028072558051189783,0.022547010507106908,0.026701830829797785,0.02318501218012281,0.022862339252584036,0.0021843392373806936,0.0008072558051189782,True,True,True,True,True,True,True,True,True,True,True,True,True,True,True
0.6,0.81,True,0.0028547414407141796,0.02131028649776512,0.025681697680321715,0.02300557241971986,0.02245763876047275,0.002226548691243132,0.0008547414407141796,True,True,True,True,True,True,True,True,True,True,True,True,True,True,True
0.6,0.82,True,0.0029497127119046933,0.020360618881430776,0.024757249995181436,0.022849643797228043,0.022094932646228763,0.002279310508571158,0.0009497127119046933,True,True,True,True,True,True,True,True,True,True,True,True,True,True,True
0.6,0.83,True,0.0029497127119046933,0.019710846301833618,0.024290746604701444,0.022788651624819998,0.0219132962198796,0.002305691417235171,0.0009497127119046933,True,True,True,True,True,True,True,True,True,True,True,True,True,True,True
0.6,0.84,True,0.0029971983474998947,0.018540765633988914,0.022854092570868186,0.022559480291526286,0.021321099834801335,0.002342624689364772,0.0009971983474998947,True,True,True,True,True,True,True,True,True,True,True,True,True,True,True
0.6,0.85,True,0.003044683983095096,0.017370684966144207,0.02221415315097232,0.022562457867194487,0.0211136491189836,0.002395386506692835,0.001044683983095096,True,True,True,True,True,True,True,True,True,True,True,True,True,True,True
0.6,0.86,True,0.003187140889880811,0.017220737447775598,0.021434099372409157,0.02251889967996164,0.020789561326258088,0.0024428721422880737,0.0011871408898808111,True,True,True,True,True,True,True,True,True,True,True,True,True,True,True
0.6,0.87,True,0.0032346265254761235,0.017004146587909903,0.021117543500297722,0.022496836304559772,0.02060094687433546,0.002479805414417712,0.0012346265254761235,True,True,True,True,True,True,True,True,True,True,True,True,True,True,True
0.6,0.88,True,0.003282112161071325,0.016487660691307027,0.020895399028640557,0.02253607522196805,0.020474041882323366,0.0025272910500129253,0.0012821121610713249,True,True,True,True,True,True,True,True,True,True,True,True,True,True,True
0.6,0.89,True,0.0033295977966665263,0.01575458393483853,0.0203289306259149,0.022546897669919512,0.020247620299096325,0.002590605230806564,0.0013295977966665262,True,True,True,True,True,True,True,True,True,True,True,True,True,True,True
0.6,0.9,True,0.0033770834322617276,0.015388045556604224,0.01981672427722192,0.022506103095262266,0.0200714755657614,0.0026222623212033775,0.0013770834322617276,True,True,True,True,True,True,True,True,True,True,True,True,True,True,True
0.6,0.91,True,0.0033770834322617276,0.01508815051986708,0.019304517928528903,0.022510671204736363,0.01979928635939612,0.0026855765019970284,0.0013770834322617276,True,True,True,True,True,True,True,True,True,True,True,True,True,True,True
0.6,0.92,True,0.0033770834322617276,0.014788255483129934,0.018514630990264475,0.022420250354600182,0.01951878215537797,0.0027119574106610417,0.0013770834322617276,True,True,True,True,True,True,True,True,True,True,True,True,True,True,True
0.6,0.93,True,0.0034720547034522414,0.013318279778548159,0.017323609939135683,0.022256424514750357,0.01908964431596057,0.0027647192279891047,0.0014720547034522413,True,True,True,True,True,True,True,True,True,True,True,True,True,True,True
0.6,0.94,True,0.0035195403390474427,0.012301968820716732,0.01662258078953411,0.022219315545735727,0.018852903618648505,0.0028174810453171187,0.0015195403390474427,True,True,True,True,True,True,True,True,True,True,True,True,True,True,True
0.6,0.95,True,0.0035195403390474427,0.012301968820716732,0.016306024917422685,0.022224606120933268,0.018689896896673663,0.002843861953981144,0.0015195403390474427,True,True,True,True,True,True,True,True,True,True,True,True,True,True,True
0.6,0.96,True,0.0035195403390474427,0.01156889206424816,0.015861735974108386,0.022250073166985587,0.018525764509135036,0.0028807952261107697,0.0015195403390474427,True,True,True,True,True,True,True,True,True,True,True,True,True,True,True
0.6,0.97,True,0.003567025974642644,0.010765349774637722,0.01520513571883824,0.0222383962439999,0.018273594450174315,0.002923004679973208,0.001567025974642644,True,True,True,True,True,True,True,True,True,True,True,True,True,True,True
0.6,0.98,True,0.003567025974642755,0.008941674335551228,0.014497278893563706,0.022154911165143613,0.017889268433500655,0.0029863188607668466,0.001567025974642755,True,True,True,True,True,True,True,True,True,True,True,True,True,True,True
0.6,0.99,True,0.0036145116102378454,0.008641779298814045,0.013862893085459294,0.022160460881571777,0.017643916947847157,0.00302325213289646,0.0016145116102378454,True,True,True,True,True,True,True,True,True,True,True,True,True,True,True
0.6,1.0,True,0.003033044265613012,0.007405055289472255,0.013078559758986308,0.02209732353376057,0.01735692345191507,0.003054909223293286,0.0016619972458331578,True,True,True,True,True,True,True,True,True,True,True,True,True,True,True
0.6,1.05,True,0.002527110732475797,0.00265808927659635,0.009129582423929385,0.02169782842585335,0.015838765105081913,0.0032817850378038405,0.0018519397882140742,True,True,True,True,True,True,True,True,True,True,True,True,True,True,True
0.6,1.1,True,0.00037173263867451567,0.00037173263867451567,0.00500716905945664,0.02115447814114846,0.014131426878798968,0.003424241944589543,0.0018994254238092756,True,True,True,True,True,True,True,True,True,True,True,True,True,True,True
0.6,1.15,False,-0.002118376215383392,-0.002118376215383392,0.001936936451327013,0.02088396945124084,0.012974861456779853,0.0036141844869704595,0.0020418823305949907,False,True,True,False,True,True,True,True,True,True,True,True,True,True,True
0.6,1.2,False,-0.004321428676433777,-0.004321428676433777,-0.001237540716958178,0.020557833233770695,0.011698908184967771,0.0037777461206873874,0.002089367966190192,False,True,True,False,True,True,True,True,True,True,False,True,True,True,True
0.6,1.25,False,-0.007744544311451736,-0.007744544311451736,-0.0044107438213618995,0.020483196794028706,0.010527631467953115,0.003983517208266729,0.002231824872975907,False,True,True,False,True,False,True,True,True,True,False,True,True,True,True
0.6,1.3,False,-0.009347806699027758,-0.009347806699027758,-0.006844042493623938,0.020252654201924618,0.00945898572104906,0.00413125029678522,0.0023742817797616222,False,True,True,False,True,False,True,True,True,True,False,True,True,True,True
0.6,1.35,False,-0.01355015940499249,-0.01355015940499249,-0.009767790423678492,0.019784179500305,0.008179073549161538,0.004252602476639698,0.0024217674153568236,False,True,True,False,True,False,True,True,False,True,False,True,True,True,True
0.6,1.4,False,-0.01568656852454579,-0.01568656852454579,-0.012347214422664485,0.019375435727589447,0.006952058209408684,0.0043897832016926,0.0026591955933330524,False,True,True,False,True,False,True,True,False,True,False,True,True,False,True
0.6,1.45,False,-0.018976397476569467,-0.018976397476569467,-0.016194952681594137,0.018857853033425402,0.005411346357867343,0.0045322401084782905,0.0028016525001186565,False,True,True,False,True,False,True,True,False,True,False,True,True,False,True
0.6,1.5,False,-0.022716068983698712,-0.022716068983698712,-0.019661223147061892,0.018683895578695073,0.004129350085335572,0.004701077923927994,0.0029441094069043716,False,True,True,False,True,False,True,True,False,True,False,True,True,False,True
0.6,1.55,False,-0.024702530584883513,-0.024702530584883513,-0.023206518241491322,0.018343904547730938,0.002706778532237861,0.004859363375912109,0.003134051949285288,False,True,True,False,True,False,True,True,False,True,False,True,True,False,True
0.6,1.6,False,-0.028662615143523234,-0.028662615143523234,-0.025655203685246136,0.01792460940626602,0.0016521984872177103,0.004949058465369786,0.0031815375848806005,False,True,True,False,True,False,True,True,False,True,False,True,True,False,True
0.6,1.65,False,-0.03297257724502304,-0.03297257724502304,-0.02896597302055394,0.017452298280055716,-9.750595878343926e-05,0.005059858281758651,0.0033239944916662045,False,True,True,False,True,False,True,True,False,True,False,True,True,False,True
0.6,1.7,False,-0.035408881401313375,-0.035408881401313375,-0.03119551947667988,0.017005425367369795,-0.0013167199047245208,0.005154829552949127,0.0034664513984519196,False,True,True,False,True,False,True,True,False,True,False,True,True,False,True
0.6,1.75,False,-0.03956507379279994,-0.03956507379279994,-0.0350210432884438,0.01643335568326824,-0.002772113055888512,0.005244524642406791,0.0034664513984519196,False,True,True,False,True,False,True,True,False,True,False,True,True,False,True
0.6,1.8,False,-0.0426216510495836,-0.0426216510495836,-0.03845271801928149,0.01592272209521363,-0.004305354432747956,0.00538170536745967,0.003513937034047232,False,True,True,False,True,False,True,True,False,True,False,True,True,False,True
0.6,1.85,False,-0.04388787453802937,-0.04388787453802937,-0.04123161468649375,0.015505653670794447,-0.005343170739378967,0.005445019548253321,0.0035614226696424334,False,True,True,False,True,False,True,True,False,True,False,True,True,False,True
0.6,1.9,False,-0.04549113692560547,-0.04549113692560547,-0.044204887766405965,0.01493511402919772,-0.006583240119114869,0.005539990819443785,0.003656393940832836,False,True,True,False,True,False,True,True,False,True,False,True,True,False,True
0.6,1.95,False,-0.048060727764890086,-0.048060727764890086,-0.04687143813390801,0.014625845559260177,-0.007708096835725141,0.005650790635832675,0.003798850847618662,False,True,True,False,True,False,True,True,False,True,False,True,True,False,True
0.6,2.0,False,-0.04988058101233195,-0.04988058101233195,-0.04845248607431843,0.014290211731742115,-0.008601506572997594,0.005745761907023115,0.003941307754404266,False,True,True,False,True,False,True,True,False,True,False,True,True,False,True
0.61,0.9,True,0.0028780123283996773,0.016704251551172795,0.02101757848805203,0.022520532089407866,0.020389905428837993,0.002548395776944138,0.0012346265254761235,True,True,True,True,True,True,True,True,True,True,True,True,True,True,True
0.61,0.91,True,0.002893840873598115,0.01618776565456992,0.020645486498026295,0.02250978931794503,0.02024091195413644,0.0025853290490737762,0.0012821121610713249,True,True,True,True,True,True,True,True,True,True,True,True,True,True,True
0.61,0.92,True,0.0028991170553308533,0.015371384721229934,0.019883367618719006,0.022462017714243276,0.01995761404122655,0.002643367048134603,0.0013770834322617276,True,True,True,True,True,True,True,True,True,True,True,True,True,True,True
0.61,0.93,True,0.0029096694187966633,0.015371384721229934,0.019783402606473315,0.02262784412513092,0.01990454706467774,0.002706681228928266,0.0013770834322617276,True,True,True,True,True,True,True,True,True,True,True,True,True,True,True
0.61,0.94,True,0.002770274263893642,0.014704951306258485,0.0188546753734232,0.022473568844023677,0.01947337779352296,0.0027699954097219048,0.00142456906785704,True,True,True,True,True,True,True,True,True,True,True,True,True,True,True
0.61,0.95,True,0.002770274263893642,0.014038517891287072,0.01780249461708007,0.022334016362686688,0.019126168329230434,0.002801652500118718,0.0014720547034522413,True,True,True,True,True,True,True,True,True,True,True,True,True,True,True
0.61,0.96,True,0.00278082662735923,0.012148199110703417,0.0164213767011611,0.02218139190124899,0.018643177848890184,0.002859690499179557,0.0015195403390474427,True,True,True,True,True,True,True,True,True,True,True,True,True,True,True
0.61,0.97,True,0.00278082662735923,0.011931608250837722,0.016276982794583957,0.022251928232913602,0.018551702692578602,0.00291245231650762,0.0015195403390474427,True,True,True,True,True,True,True,True,True,True,True,True,True,True,True
0.61,0.98,True,0.00278082662735923,0.011715017390972027,0.015910444416349687,0.02223556018297463,0.01841114219040761,0.0029282808617060205,0.0015195403390474427,True,True,True,True,True,True,True,True,True,True,True,True,True,True,True
0.61,0.99,True,0.002137784219583101,0.01032834586326159,0.015158158696743688,0.022134235488117042,0.018023470028419482,0.0029546617703700337,0.001567025974642644,True,True,True,True,True,True,True,True,True,True,True,True,True,True,True
0.61,1.0,True,0.0019878367012144916,0.009224908536914081,0.014423807876393573,0.022037619912170053,0.01773469764892874,0.0029810426790340344,0.001567025974642644,True,True,True,True,True,True,True,True,True,True,True,True,True,True,True
0.62,0.9,True,0.0026477241656992457,0.01750397164913849,0.022018502674390747,0.022352940941760237,0.020773495560847635,0.0024850815961504993,0.0010921696186904084,True,True,True,True,True,True,True,True,True,True,True,True,True,True,True
0.62,0.91,True,0.002663552710897572,0.017354024130769957,0.021406331313452067,0.022303977380766307,0.020516581605741643,0.0025325672317457254,0.0011396552542856098,True,True,True,True,True,True,True,True,True,True,True,True,True,True,True
0.62,0.92,True,0.00267410507436316,0.016554304032804223,0.020627551598770485,0.02225538791790602,0.020215403240639505,0.002601157594272189,0.0011871408898808111,True,True,True,True,True,True,True,True,True,True,True,True,True,True,True
0.62,0.93,True,0.00267410507436316,0.01588787061783281,0.020087577191120348,0.02217037135990063,0.020008103990404164,0.0026169861394706017,0.0012821121610713249,True,True,True,True,True,True,True,True,True,True,True,True,True,True,True
0.62,0.94,True,0.00267410507436316,0.014867737468356715,0.019547602783470206,0.022177921615912945,0.019785882475724374,0.0026591955933330156,0.0013295977966665262,True,True,True,True,True,True,True,True,True,True,True,True,True,True,True
0.62,0.95,True,0.002695209801294558,0.01435125157175384,0.019053331334033086,0.02231038290206698,0.01960724244425929,0.0027752715914547053,0.00142456906785704,True,True,True,True,True,True,True,True,True,True,True,True,True,True,True
0.62,0.96,True,0.002550538464658687,0.013684818156782389,0.018442434036975923,0.022200985191775355,0.01926357676616915,0.0028333095905155436,0.0014720547034522413,True,True,True,True,True,True,True,True,True,True,True,True,True,True,True
0.62,0.97,True,0.0018969436934168594,0.013031223385540561,0.017276632917041092,0.02207721508006719,0.018870153351501773,0.0028702428626451696,0.0015195403390474427,True,True,True,True,True,True,True,True,True,True,True,True,True,True,True
0.62,0.98,True,0.0019074960568824474,0.012731328348803417,0.01678791507939539,0.022068475533561987,0.01871076486010834,0.0029018999530419703,0.0015195403390474427,True,True,True,True,True,True,True,True,True,True,True,True,True,True,True
0.62,0.99,True,0.0019074960568824474,0.011781660732469187,0.016081332318002413,0.021976910548908886,0.018448515734373474,0.002923004679973208,0.0015195403390474427,True,True,True,True,True,True,True,True,True,True,True,True,True,True,True
0.62,1.0,True,0.0019074960568824474,0.010761527582993055,0.015179099080027854,0.021838568240235,0.01807014345377374,0.002949385588637221,0.0015195403390474427,True,True,True,True,True,True,True,True,True,True,True,True,True,True,True
0.63,0.9,True,0.0026477241656992457,0.018457461457117463,0.02350641327822842,0.022937234400488213,0.021904802789927694,0.002469253050952062,0.001044683983095096,True,True,True,True,True,True,True,True,True,True,True,True,True,True,True
0.63,0.91,True,0.002663552710897572,0.018240870597251768,0.02331203686552842,0.022978808012045673,0.021796080555827047,0.002516738686547325,0.001044683983095096,True,True,True,True,True,True,True,True,True,True,True,True,True,True,True
0.63,0.92,True,0.00267410507436316,0.017940975560514588,0.022794276905044,0.022970261482963772,0.021625838871991297,0.002537843413478538,0.0010921696186904084,True,True,True,True,True,True,True,True,True,True,True,True,True,True,True
0.63,0.93,True,0.0026793812560960096,0.016267247639796662,0.021456313819574913,0.022736272681787042,0.021163815103734426,0.002574776685608176,0.0010921696186904084,True,True,True,True,True,True,True,True,True,True,True,True,True,True,True
0.63,0.94,True,0.0026793812560960096,0.015900709261562358,0.020844142458636195,0.0226420042887379,0.020914655402058033,0.002611709957737777,0.0011871408898808111,True,True,True,True,True,True,True,True,True,True,True,True,True,True,True
0.63,0.95,True,0.002684657437828748,0.015100989163596664,0.01965184734362581,0.022495363066398558,0.020492847128109663,0.0026539194116002277,0.0012346265254761235,True,True,True,True,True,True,True,True,True,True,True,True,True,True,True
0.63,0.96,True,0.002046891211785469,0.01414749935561769,0.019089658488809946,0.02254251654060328,0.02025898399876691,0.0027383383193250793,0.0013770834322617276,True,True,True,True,True,True,True,True,True,True,True,True,True,True,True
0.63,0.97,True,0.0018969436934168594,0.013481065940646316,0.01857317259220708,0.02261552945950931,0.020075475899450173,0.0028174810453171434,0.00142456906785704,True,True,True,True,True,True,True,True,True,True,True,True,True,True,True
0.63,0.98,True,0.0019074960568824474,0.013114527562412048,0.01791101872514553,0.02256607515720821,0.019792388128296017,0.002859690499179557,0.0014720547034522413,True,True,True,True,True,True,True,True,True,True,True,True,True,True,True
0.63,0.99,True,0.0019074960568824474,0.012964580044043475,0.017666659806322673,0.022491792000121375,0.01959645096339175,0.00288607140784357,0.0015195403390474427,True,True,True,True,True,True,True,True,True,True,True,True,True,True,True
0.63,1.0,True,0.0019074960568824474,0.012448094147440561,0.01698229149209539,0.02249485405405517,0.019346824158938094,0.002933557043438796,0.0015195403390474427,True,True,True,True,True,True,True,True,True,True,True,True,True,True,True
0.64,0.9,True,0.0027923955023351167,0.020647675274438265,0.02574660960167209,0.023669439535354483,0.0231835035744214,0.002400662688425623,0.0009497127119046933,True,True,True,True,True,True,True,True,True,True,True,True,True,True,True
0.64,0.91,True,0.002663552710897572,0.020131189377835423,0.02503875277639753,0.023673049000668814,0.022914892910714024,0.0024692530509520865,0.0009971983474998947,True,True,True,True,True,True,True,True,True,True,True,True,True,True,True
0.64,0.92,True,0.0026793812560960096,0.01917769956985645,0.024254419449924545,0.02357967992686801,0.022609518372022446,0.002516738686547325,0.0009971983474998947,True,True,True,True,True,True,True,True,True,True,True,True,True,True,True
0.64,0.93,True,0.0026793812560960096,0.018157566420380317,0.023160815283278277,0.02350755449321958,0.02220998029153219,0.002564224322142551,0.001044683983095096,True,True,True,True,True,True,True,True,True,True,True,True,True,True,True
0.64,0.94,True,0.0026793812560960096,0.01728738078927276,0.022676376993542427,0.023438732010348604,0.022051432073694015,0.0025906052308065763,0.0010921696186904084,True,True,True,True,True,True,True,True,True,True,True,True,True,True,True
0.64,0.95,True,0.0020416150300527304,0.015613652868554836,0.021700672738397757,0.023267762145566535,0.021680508498200874,0.0026222623212033896,0.0011396552542856098,True,True,True,True,True,True,True,True,True,True,True,True,True,True,True
0.64,0.96,True,0.0020416150300527304,0.015613652868554836,0.02094838701879176,0.023228062819834052,0.02140537002272068,0.0026644717750658278,0.0011871408898808111,True,True,True,True,True,True,True,True,True,True,True,True,True,True,True
0.64,0.97,True,0.002046891211785469,0.014580681075349156,0.019873991815282946,0.0230858322515244,0.021024620446517095,0.0027225097741266665,0.0012821121610713249,True,True,True,True,True,True,True,True,True,True,True,True,True,True,True
0.64,0.98,True,0.002046891211785469,0.01414749935561769,0.019067444041644215,0.022985287422305545,0.020702328111429715,0.00276471922798908,0.0013770834322617276,True,True,True,True,True,True,True,True,True,True,True,True,True,True,True
0.64,0.99,True,0.0018969436934168594,0.013847604318880621,0.018773102616698498,0.02305134442451436,0.020572669723154784,0.0028227572270499435,0.00142456906785704,True,True,True,True,True,True,True,True,True,True,True,True,True,True,True
0.64,1.0,True,0.0018969436934168594,0.013547709282143475,0.01830532516233696,0.02306847369766638,0.020382326789174152,0.0028755190443779696,0.0014720547034522413,True,True,True,True,True,True,True,True,True,True,True,True,True,True,True
0.65,0.0,False,-0.004268103898570687,0.06901731452815041,0.0812584549655986,0.02066975985644706,0.04549461108368148,-0.0040784884794571935,-0.006268103898570687,True,True,False,True,True,True,True,False,True,True,True,True,False,True,True
0.65,0.05,False,-0.003840733178213653,0.0674511960029676,0.07975215210623993,0.021436825150237135,0.04490136234578939,-0.003630013032168897,-0.005840733178213653,True,True,False,True,True,True,True,False,True,True,True,True,False,True,True
0.65,0.1,False,-0.0031284486442850774,0.06508153518817439,0.07734234194502514,0.022038424325030177,0.043909082630830536,-0.0031868137666133636,-0.005128448644285077,True,True,False,True,True,True,True,False,True,True,True,True,False,True,True
0.65,0.15,False,-0.002273707203570898,0.06426515425483433,0.07518672386233444,0.022634357211593643,0.04292625071043053,-0.002696128865462641,-0.004273707203570898,True,True,False,True,True,True,True,False,True,True,True,True,False,True,True
0.65,0.2,False,-0.0020837646611899813,0.06263239238815432,0.07300588584844975,0.023129497600526887,0.042027444926338337,-0.0023004152355023707,-0.004083764661189981,True,True,False,True,True,True,True,False,True,True,True,True,True,True,True
0.65,0.25,False,-0.0013714801272615169,0.06181601145481438,0.07114715731846794,0.023763066834767907,0.04134567012082137,-0.0018941492420765,-0.003371480127261517,True,True,False,True,True,True,True,False,True,True,True,True,True,True,True
0.65,0.3,False,-0.0008966237713091702,0.05865946918578498,0.06908421921608482,0.024392000154144985,0.04056082209956234,-0.0014403976130554035,-0.0028966237713091703,True,True,False,True,True,True,True,False,True,True,True,True,True,True,True
0.65,0.35,False,-0.00046925305095213594,0.05667300758460029,0.06641338930067282,0.02498605955913956,0.03952357406712305,-0.0009813698023014572,-0.002469253050952136,True,True,False,True,True,True,True,False,True,True,True,True,True,True,True
0.65,0.4,False,-4.188233059499065e-05,0.05411625538904519,0.06341107409792193,0.025246161524298632,0.03825085305964853,-0.0005698276271427987,-0.0020418823305949907,True,True,False,True,True,True,True,False,True,True,True,True,True,True,True
0.65,0.45,True,0.00019554584738112717,0.04980247109590082,0.05962014602078815,0.025092218150703702,0.03667734227338873,-0.00025853290490736774,-0.0018044541526188729,True,True,True,True,True,True,True,True,True,True,True,True,True,True,True
0.65,0.5,True,0.0005754309321429601,0.04607563823250105,0.055887759545596945,0.025069343622349385,0.035353880687402826,7.386654425923912e-05,-0.00142456906785704,True,True,True,True,True,True,True,True,True,True,True,True,True,True,True
0.65,0.55,True,0.0010502872880953067,0.04345224269544886,0.05304904721256059,0.0255219902172681,0.03416594541141084,0.000495961082883535,-0.0009497127119046933,True,True,True,True,True,True,True,True,True,True,True,True,True,True,True
0.65,0.6,True,0.0014301723728572507,0.04161955080427737,0.05043502747894445,0.02556994041912486,0.0330814267979421,0.0008019796233861657,-0.0005698276271427494,True,True,True,True,True,True,True,True,True,True,True,True,True,True,True
0.65,0.65,True,0.0017150861864285698,0.038396365193750816,0.04679404692017925,0.025302840366138144,0.03148098999431611,0.0010657887100263214,-0.0002849138135714302,True,True,True,True,True,True,True,True,True,True,True,True,True,True,True
0.65,0.7,True,0.0020474856355952014,0.03604336521433186,0.0429851839437896,0.025230509101795955,0.030095407257782727,0.0013507025235977269,4.748563559520136e-05,True,True,True,True,True,True,True,True,True,True,True,True,True,True,True
0.65,0.75,True,0.0023323994491666316,0.03002635352136566,0.03855859599466985,0.02497640509378998,0.02843256096710662,0.0016567210641003206,0.00033239944916663156,True,True,True,True,True,True,True,True,True,True,True,True,True,True,True
0.65,0.8,True,0.0025698276271427494,0.02672368592561236,0.03390731544612978,0.02459613436609122,0.02671626250016146,0.0018941492420765,0.0005698276271427494,True,True,True,True,True,True,True,True,True,True,True,True,True,True,True
0.65,0.85,True,0.002664798898333263,0.024453990123064817,0.030334252292743263,0.02432269428097668,0.02523333681986258,0.0021157488748542543,0.0006647988983332631,True,True,True,True,True,True,True,True,True,True,True,True,True,True,True
0.65,0.9,True,0.002902227076309492,0.02088092696967836,0.02709012629893264,0.02400824056654369,0.023846189727460592,0.0023320723258991962,0.000902227076309492,True,True,True,True,True,True,True,True,True,True,True,True,True,True,True
0.65,0.91,True,0.002787119320602156,0.02058103193294118,0.02626009001424666,0.023933091459237252,0.023567032894201798,0.002390110324960035,0.000902227076309492,True,True,True,True,True,True,True,True,True,True,True,True,True,True,True
0.65,0.92,True,0.0028135002292662926,0.020214493554706874,0.025797866171676526,0.02393654118464243,0.023371373153136803,0.0024587006874864864,0.0009497127119046933,True,True,True,True,True,True,True,True,True,True,True,True,True,True,True
0.65,0.93,True,0.002829328774464841,0.019111056228359253,0.025062241287444782,0.023837262040742175,0.023063208800511208,0.0024956339596161,0.0009497127119046933,True,True,True,True,True,True,True,True,True,True,True,True,True,True,True
0.65,0.94,True,0.0020416150300527304,0.018090923078883197,0.024232205002758786,0.023746530156463885,0.022733673204156177,0.0025431195952113506,0.0009971983474998947,True,True,True,True,True,True,True,True,True,True,True,True,True,True,True
0.65,0.95,True,0.0020416150300527304,0.017507793840783197,0.02349785418240867,0.023740437743970475,0.02245447248151268,0.002595881412539364,0.0011396552542856098,True,True,True,True,True,True,True,True,True,True,True,True,True,True,True
0.65,0.96,True,0.0020416150300527304,0.016637608209675636,0.022845533475048387,0.023633930333160375,0.022210896949536756,0.0026222623212033775,0.0011396552542856098,True,True,True,True,True,True,True,True,True,True,True,True,True,True,True
0.65,0.97,True,0.0020416150300527304,0.01598401343843381,0.0222876241681424,0.023655111570448677,0.022010063592297117,0.0026697479567986157,0.0011871408898808111,True,True,True,True,True,True,True,True,True,True,True,True,True,True,True
0.65,0.98,True,0.0020416150300527304,0.014963880288957713,0.021485355942413593,0.023499717438988956,0.02166847176076108,0.002706681228928266,0.0012346265254761235,True,True,True,True,True,True,True,True,True,True,True,True,True,True,True
0.65,0.99,True,0.002046891211785469,0.0142974468739863,0.020973149593720604,0.023443258472019432,0.021492327027426168,0.002738338319325092,0.0012346265254761235,True,True,True,True,True,True,True,True,True,True,True,True,True,True,True
0.65,1.0,True,0.0018969436934168594,0.013631013459014851,0.019726592424677496,0.023302497587382738,0.02102395113628539,0.0027858239549203054,0.0013770834322617276,True,True,True,True,True,True,True,True,True,True,True,True,True,True,True
0.65,1.05,True,0.0012539012856406196,0.010857670403594052,0.016381227354739555,0.0229511591380218,0.01962575731689247,0.0029757664973012344,0.001567025974642644,True,True,True,True,True,True,True,True,True,True,True,True,True,True,True
0.65,1.1,True,0.0008146110940006014,0.007171803594232269,0.013085844790924499,0.022618605786323402,0.01827558958310756,0.003165709039682163,0.0016145116102378454,True,True,True,True,True,True,True,True,True,True,True,True,True,True,True
0.65,1.15,True,0.0004586250792318848,0.0033745051976906693,0.009332517932449158,0.022381570134690627,0.016962430853154728,0.0033714801272615048,0.0018044541526188729,True,True,True,True,True,True,True,True,True,True,True,True,True,True,True
0.65,1.2,False,-0.001798299298776622,0.0005921456901849901,0.00661725912270577,0.022060451243485053,0.015588719048677709,0.0035825273965736587,0.0019943966949997893,True,True,True,False,True,True,True,True,True,True,True,True,True,True,True
0.65,1.25,False,-0.002418847420451402,-0.002281162377481586,0.003556402318012217,0.02181689542746543,0.014364389011011027,0.003709155758160924,0.0020418823305949907,False,True,True,False,True,True,True,True,True,True,True,True,True,True,True
0.65,1.3,False,-0.004837914573036691,-0.004837914573036691,0.0002499125306142504,0.021375892651812525,0.013062753899414185,0.003835784119748214,0.002089367966190192,False,True,True,False,True,True,True,True,True,True,True,True,True,True,True
0.65,1.35,False,-0.007461310110088881,-0.007461310110088881,-0.0029882024951397826,0.021200303435934806,0.011896033847645322,0.004036279025594756,0.002231824872975907,False,True,True,False,True,True,True,True,True,True,False,True,True,True,True
0.65,1.4,False,-0.009864292595630708,-0.009864292595630708,-0.00563126435159458,0.020948381602486996,0.010725586671353779,0.004199840659311671,0.0023742817797616222,False,True,True,False,True,False,True,True,True,True,False,True,True,True,True
0.65,1.45,False,-0.01287990379837641,-0.01287990379837641,-0.00922526788826524,0.020602848946521632,0.009282424819554424,0.00435812611129575,0.0025642243221425387,False,True,True,False,True,False,True,True,True,True,False,True,True,True,True
0.65,1.5,False,-0.01715272203748297,-0.01715272203748297,-0.012268189793702934,0.020060592601243946,0.007883365831690851,0.004479478291150264,0.002706681228928254,False,True,True,False,True,False,True,True,True,True,False,True,True,False,True
0.65,1.55,False,-0.019776117574535085,-0.019776117574535085,-0.015172271404354854,0.019948235958568587,0.0067259660020978496,0.004616659016203142,0.0028966237713091703,False,True,True,False,True,False,True,True,False,True,False,True,True,False,True
0.65,1.6,False,-0.02256612146533025,-0.02256612146533025,-0.019609966577057516,0.019155802469621588,0.00486893571077212,0.00476966828645447,0.0028966237713091703,False,True,True,False,True,False,True,True,False,True,False,True,True,False,True
0.65,1.65,False,-0.025069068963117707,-0.025069068963117707,-0.022270963332768186,0.019057455537815866,0.003863645827830325,0.00491212519324016,0.0031815375848806005,False,True,True,False,True,False,True,True,False,True,False,True,True,False,True
0.65,1.7,False,-0.028592149610381406,-0.028592149610381406,-0.026203737188715985,0.018478986359199583,0.002243285570694654,0.005022925009629037,0.003276508856071003,False,True,True,False,True,False,True,True,False,True,False,True,True,False,True
0.65,1.75,False,-0.03231898247378118,-0.03231898247378118,-0.029253486769826656,0.017814062888925532,0.0005521685327982325,0.00513372482601789,0.003276508856071003,False,True,True,False,True,False,True,True,False,True,False,True,True,False,True
0.65,1.8,False,-0.03538839837429438,-0.03538839837429438,-0.03158982591387131,0.017535412640921694,-0.0006315844279557941,0.005223419915475567,0.0034664513984519196,False,True,True,False,True,False,True,True,False,True,False,True,True,False,True
0.65,1.85,False,-0.037237751100840155,-0.037237751100840155,-0.034059451740910296,0.01721718365864671,-0.0017092162361671919,0.0053394959135972435,0.0034664513984519196,False,True,True,False,True,False,True,True,False,True,False,True,True,False,True
0.65,1.9,False,-0.04226795131507884,-0.04226795131507884,-0.0378127785993856,0.016693796572285632,-0.0030913374579682276,0.0054291910030548835,0.0035614226696424334,False,True,True,False,True,False,True,True,False,True,False,True,True,False,True
0.65,1.95,False,-0.045641084443974,-0.045641084443974,-0.04157038500577089,0.01603708765159357,-0.004493911157086934,0.005508333729046972,0.0036089083052376347,False,True,True,False,True,False,True,True,False,True,False,True,True,False,True
0.65,2.0,False,-0.047777493563527194,-0.047777493563527194,-0.0442843697516327,0.015752509042247058,-0.0056624146804104365,0.005650790635832663,0.003798850847618551,False,True,True,False,True,False,True,True,False,True,False,True,True,False,True
0.7,0.0,False,-0.005645187330832415,0.0730607032636617,0.08484945301824097,0.019316942252313125,0.04680702227784264,-0.004912125193240148,-0.007645187330832415,True,True,False,True,True,True,True,False,True,True,True,True,False,True,True
0.7,0.05,False,-0.005027874068094464,0.06973755264088943,0.08295184920571914,0.020115944693021397,0.046124658811695536,-0.0043739546564941995,-0.007027874068094464,True,True,False,True,True,True,True,False,True,True,True,True,False,True,True
0.7,0.1,False,-0.00464798898333252,0.06818427275943617,0.08083210092154018,0.02095848086125275,0.04533683571040746,-0.003856888846679427,-0.00664798898333252,True,True,False,True,True,True,True,False,True,True,True,True,False,True,True
0.7,0.15,False,-0.0036982762714279378,0.0656813252616486,0.07867475141870277,0.021664152096596074,0.04459162199784526,-0.003387308672459905,-0.005698276271427938,True,True,False,True,True,True,True,False,True,True,True,True,False,True,True
0.7,0.2,False,-0.003080963008689876,0.06428181509020865,0.07722398467725838,0.02241148095609692,0.04397291964039464,-0.002901899953041995,-0.005080963008689876,True,True,False,True,True,True,True,False,True,True,True,True,False,True,True
0.7,0.25,False,-0.0026535922883328417,0.06308223494326004,0.07474753117454641,0.02279109862487601,0.04294369499203678,-0.002490357777883312,-0.004653592288332842,True,True,False,True,True,True,True,False,True,True,True,True,False,True,True
0.7,0.3,False,-0.00203627902559478,0.06132902503731541,0.07247528724423574,0.023349553688110994,0.041915539122534526,-0.002057710875793416,-0.00403627902559478,True,True,False,True,True,True,True,False,True,True,True,True,True,True,True
0.7,0.35,False,-0.001513937034047232,0.05939636813389826,0.0699988337415238,0.02383217127142243,0.040954488037617774,-0.001656721064100333,-0.003513937034047232,True,True,False,True,True,True,True,False,True,True,True,True,True,True,True
0.7,0.4,False,-0.0012290232204758018,0.05719331567284791,0.067433522450149,0.024147451538426887,0.03993228885954462,-0.0013190454332009012,-0.003229023220475802,True,True,False,True,True,True,True,False,True,True,True,True,True,True,True
0.7,0.45,False,-0.0008491381357139689,0.05631029139801073,0.06612287006737184,0.024768556260080073,0.03926306696630336,-0.0009444365301718562,-0.002849138135713969,True,True,False,True,True,True,True,False,True,True,True,True,True,True,True
0.7,0.5,False,-0.00032679614416642085,0.052812888038206274,0.06346487879568949,0.025051921253058204,0.03819456019310458,-0.000553999081944386,-0.002326796144166421,True,True,True,True,True,True,True,False,True,True,True,True,True,True,True
0.7,0.55,True,0.00010057457619072445,0.05068931756238263,0.06108156262955025,0.02523645785891536,0.03712060972261552,-0.0001899425423809288,-0.0018994254238092756,True,True,True,True,True,True,True,True,True,True,True,True,True,True,True
0.7,0.6,True,0.0005279452965477587,0.04681253718061432,0.057045001569712074,0.025132612738980646,0.0355999394759241,0.00012662836158727764,-0.0014720547034522413,True,True,True,True,True,True,True,True,True,True,True,True,True,True,True
0.7,0.65,True,0.0009078303813095916,0.043089526508859145,0.05345527758095122,0.02512073797146615,0.0342540641990671,0.0004431992655554964,-0.0010921696186904084,True,True,True,True,True,True,True,True,True,True,True,True,True,True,True
0.7,0.7,True,0.0010977729236906191,0.04118636908454595,0.05057086228970188,0.02519249450777224,0.033085995501654,0.0007281130791269019,-0.0009022270763093809,True,True,True,True,True,True,True,True,True,True,True,True,True,True,True
0.7,0.75,True,0.0014301723728572507,0.03942032053487169,0.04822896953386578,0.025430403067643572,0.03202864358048217,0.0010657887100263335,-0.0005698276271427494,True,True,True,True,True,True,True,True,True,True,True,True,True,True,True
0.7,0.8,True,0.0019525143644047987,0.0354602359762319,0.044097997073573286,0.0253415155522424,0.03049469213152108,0.0014245690678569905,-4.748563559520136e-05,True,True,True,True,True,True,True,True,True,True,True,True,True,True,True
0.7,0.85,True,0.0022849138135714302,0.03062996578648458,0.039802147679684645,0.025207234261490914,0.02881162906094619,0.001751692335290785,0.0002849138135714302,True,True,True,True,True,True,True,True,True,True,True,True,True,True,True
0.7,0.9,True,0.0024273707203570343,0.025816356432111554,0.03533968993205315,0.024823369800582393,0.02717266622584031,0.0019785681498013397,0.00042737072035703427,True,True,True,True,True,True,True,True,True,True,True,True,True,True,True
0.7,0.95,True,0.002617313262738062,0.02156019902837932,0.03171791833642539,0.024578704875092703,0.0258600153960508,0.002237101054708732,0.0006173132627380618,True,True,True,True,True,True,True,True,True,True,True,True,True,True,True
0.7,1.0,True,0.0017772079610470738,0.0192905032258317,0.02847552376276145,0.02430170439951636,0.02453040597539407,0.0024428721422880737,0.0008547414407141796,True,True,True,True,True,True,True,True,True,True,True,True,True,True,True
0.7,1.05,True,0.0014370504914769057,0.016924664602683232,0.024016888206774698,0.023879724321821186,0.02281073518494039,0.002696128865462641,0.001044683983095096,True,True,True,True,True,True,True,True,True,True,True,True,True,True,True
0.7,1.1,True,0.0005809380253690667,0.013481065940646278,0.021043615126862442,0.023438298152748907,0.02164986062217912,0.002838585772248344,0.0012346265254761235,True,True,True,True,True,True,True,True,True,True,True,True,True,True,True
0.7,1.15,False,-9.801372353047e-05,0.010707722885225479,0.017630332651545788,0.02304253611952383,0.020134050775597365,0.0030285283146292727,0.001567025974642644,True,True,True,False,True,True,True,True,True,True,True,True,True,True,True
0.7,1.2,False,-0.0006352576683335042,0.008138132045940752,0.014067102657860549,0.022603541636155758,0.018660339665210794,0.0032026423118117764,0.0016145116102378454,True,True,True,False,True,True,True,True,True,True,True,True,True,True,True
0.7,1.25,False,-0.0009193241598721745,0.004698355575548614,0.010816148988376954,0.022354520086741055,0.017443533889407052,0.0033925848541927297,0.0018044541526188729,True,True,True,False,True,True,True,True,True,True,True,True,True,True,True
0.7,1.3,False,-0.0025115249918814574,0.0006716276754116975,0.00769848200188757,0.022182078455756284,0.016055352161208125,0.0035930797600392467,0.001946911059404477,True,True,True,False,True,True,True,True,True,True,True,True,True,True,True
0.7,1.35,False,-0.0024904202649502815,-0.0005112916361625919,0.005112230327228616,0.022088857335722214,0.015076267142459934,0.0037882984841529754,0.002089367966190192,False,True,True,False,True,True,True,True,True,True,True,True,True,True,True
0.7,1.4,False,-0.0032023922944876037,-0.0025605743871997357,0.0021594402743353694,0.021800982370293723,0.013872978414775564,0.003920203027473066,0.002089367966190192,False,True,True,False,True,True,True,True,True,True,True,True,True,True,True
0.7,1.45,False,-0.006533497589569115,-0.006533497589569115,-0.0008779280193108832,0.021444366952190874,0.012580608740094146,0.004089040842922769,0.0022793105085711085,False,True,True,False,True,True,True,True,True,True,True,True,True,True,True
0.7,1.5,False,-0.01061403018747357,-0.01061403018747357,-0.004701720410928052,0.02114785925825797,0.011070949826401284,0.004257878658372498,0.002469253050952025,False,True,True,False,True,False,True,True,True,True,False,True,True,True,True
0.7,1.55,False,-0.014120449999362905,-0.014120449999362905,-0.007901417510407306,0.020632713022645133,0.009636311019165277,0.0043950593834254,0.00261170995773774,False,True,True,False,True,False,True,True,True,True,False,True,True,False,True
0.7,1.6,False,-0.016169732750400085,-0.016169732750400085,-0.01079311783359486,0.02059101141914088,0.008553651056996668,0.004574449562340728,0.002754166864523455,False,True,True,False,True,False,True,True,True,True,False,True,True,False,True
0.7,1.65,False,-0.019909404257529444,-0.019909404257529444,-0.015583238676920587,0.019677285325125485,0.0063704731440888335,0.004711630287393619,0.0028966237713091703,False,True,True,False,True,False,True,True,True,True,False,True,True,False,True
0.7,1.7,False,-0.022999303185061677,-0.022999303185061677,-0.018842751442224002,0.019351572864126896,0.005022940807345099,0.004838258648980897,0.0030390806780948854,False,True,True,False,True,False,True,True,False,True,False,True,True,False,True
0.7,1.75,False,-0.025052408127743526,-0.025052408127743526,-0.021769047500041654,0.018979520794183205,0.0038400411359846226,0.004964887010568174,0.003134051949285288,False,True,True,False,True,False,True,True,False,True,False,True,True,False,True
0.7,1.8,False,-0.028055180686759534,-0.028055180686759534,-0.025426688894181156,0.01840695373341419,0.0023383927629594898,0.005049305918293051,0.003229023220475802,False,True,True,False,True,False,True,True,False,True,False,True,True,False,True
0.7,1.85,False,-0.03113224097056218,-0.03113224097056218,-0.02860544561037622,0.017776589188607583,0.000741519390184532,0.00517593427988034,0.003276508856071003,False,True,True,False,True,False,True,True,False,True,False,True,True,False,True
0.7,1.9,False,-0.03503469863978973,-0.03503469863978973,-0.0312472334029495,0.017544136389488915,-0.00037273816512375626,0.00530783882320043,0.003371480127261517,False,True,True,False,True,False,True,True,False,True,False,True,True,False,True
0.7,1.95,False,-0.0379541670219344,-0.0379541670219344,-0.033802711534623,0.017137887603704174,-0.001529952413724309,0.005408086276123695,0.0034664513984519196,False,True,True,False,True,False,True,True,False,True,False,True,True,False,True
0.7,2.0,False,-0.041310639315455276,-0.041310639315455276,-0.03675550158751628,0.016716005458537155,-0.0027781519445609915,0.005518886092512572,0.0037038795764281485,False,True,True,False,True,False,True,True,False,True,False,True,True,False,True
0.75,0.0,False,-0.00692729949190374,0.0737937800201303,0.08695254046704566,0.01839450465143629,0.04773246375305292,-0.005640238272367062,-0.00892729949190374,True,True,False,True,True,True,True,False,True,True,True,True,False,True,True
0.75,0.05,False,-0.006357471864760879,0.07282745156842163,0.08506176433019681,0.019022735661122742,0.047103415610172235,-0.0051864866433459535,-0.00835747186476088,True,True,False,True,True,True,True,False,True,True,True,True,False,True,True
0.75,0.1,False,-0.005692672966427616,0.07179447977521598,0.08403307208490102,0.020017988629483674,0.04673434655759285,-0.004616659016203155,-0.007692672966427616,True,True,False,True,True,True,True,False,True,True,True,True,False,True,True
0.75,0.15,False,-0.005027874068094464,0.0696709092993923,0.08230890430179502,0.02095055777614843,0.046122825536413385,-0.004041555207327568,-0.007027874068094464,True,True,False,True,True,True,True,False,True,True,True,True,False,True,True
0.75,0.2,False,-0.004553017712142117,0.06840468581094661,0.08007253016999603,0.021479542675772803,0.04532702681395695,-0.0036089083052376716,-0.006553017712142117,True,True,False,True,True,True,True,False,True,True,True,True,False,True,True
0.75,0.25,False,-0.004078161356189771,0.06560184327642189,0.07813177152702436,0.02211452946105737,0.044501138151994316,-0.003176261403147763,-0.006078161356189771,True,True,False,True,True,True,True,False,True,True,True,True,False,True,True
0.75,0.3,False,-0.0031284486442850774,0.06428181509020865,0.07612309547867395,0.022630540790909166,0.04372312888800553,-0.002733062137592267,-0.005128448644285077,True,True,False,True,True,True,True,False,True,True,True,True,False,True,True
0.75,0.35,False,-0.0027485635595232445,0.06259524852576111,0.07509995684516954,0.0234442473158166,0.043149334697294046,-0.0023004152355023833,-0.0047485635595232445,True,True,False,True,True,True,True,False,True,True,True,True,True,True,True
0.75,0.4,False,-0.00232119283916621,0.05992951486587531,0.07282725555859365,0.023958086522160842,0.042234888762922695,-0.0019099777872748883,-0.00432119283916621,True,True,False,True,True,True,True,False,True,True,True,True,True,True,True
0.75,0.45,False,-0.0017513652120233498,0.057726462404825006,0.06939048457222975,0.02412705167917885,0.040899871194866405,-0.0015406450659786557,-0.00375136521202335,True,True,False,True,True,True,True,False,True,True,True,True,True,True,True
0.75,0.5,False,-0.0014664513984520306,0.056556381736980334,0.0673126170546191,0.02443582796493308,0.03999524247156235,-0.0012240741620104616,-0.0034664513984520307,True,True,False,True,True,True,True,False,True,True,True,True,True,True,True
0.75,0.55,False,-0.000991595042499684,0.05552340994377458,0.06511083865745028,0.024830136718900147,0.03906468552656028,-0.000849465258981367,-0.002991595042499684,True,True,False,True,True,True,True,False,True,True,True,True,True,True,True
0.75,0.6,False,-0.0008016525001187675,0.05339983946795094,0.06315642466313263,0.02506096369205963,0.03822123039534423,-0.0005751038088755865,-0.0028016525001187675,True,True,False,True,True,True,True,False,True,True,True,True,True,True,True
0.75,0.65,False,-0.0001368536017855044,0.05012284915965689,0.06060395201548738,0.02507519015680928,0.03699841872449824,-0.00025853290490735544,-0.0021368536017855044,True,True,True,True,True,True,True,False,True,True,True,True,True,True,True
0.75,0.7,True,0.00024303148297643955,0.04763656249724361,0.05752943985944789,0.025085583339583082,0.035907998357844605,3.693327212961339e-05,-0.0017569685170235605,True,True,True,True,True,True,True,True,True,True,True,True,True,True,True
0.75,0.75,True,0.0006229165677382725,0.04513361499945615,0.05494318818478891,0.025355925153364614,0.034976680928458084,0.0003798850847618453,-0.0013770834322617276,True,True,True,True,True,True,True,True,True,True,True,True,True,True,True
0.75,0.8,True,0.0010028016525001054,0.041852802499517394,0.05136202329184785,0.025560437689672495,0.03343873276390915,0.0007650463512565277,-0.0009971983474998947,True,True,True,True,True,True,True,True,True,True,True,True,True,True,True
0.75,0.85,True,0.0012402298304762232,0.03777609209325761,0.0480209377698198,0.025510372481940227,0.03209576413836251,0.0010868934369575342,-0.0007597701695237769,True,True,True,True,True,True,True,True,True,True,True,True,True,True,True
0.75,0.9,True,0.0015726292796428547,0.03344946915638355,0.044553393240470446,0.025499076997569283,0.030835753491668744,0.00137708343226174,-0.0004273707203571453,True,True,True,True,True,True,True,True,True,True,True,True,True,True,True
0.75,0.95,True,0.0016201149152381671,0.029576510966259944,0.04070565498154079,0.025331381608769316,0.029415313830373966,0.0016461687006347327,-0.0003798850847618329,True,True,True,True,True,True,True,True,True,True,True,True,True,True,True
0.75,1.0,True,0.0020949712711904028,0.027456762682080898,0.03816683768524155,0.025404306502142933,0.02840686326385115,0.0019785681498013397,9.497127119040272e-05,True,True,True,True,True,True,True,True,True,True,True,True,True,True,True
0.75,1.05,True,0.0024748563559523467,0.025290854083423797,0.035021402639795016,0.025251641646793905,0.02722646152372939,0.0022001677825791064,0.00047485635595234665,True,True,True,True,True,True,True,True,True,True,True,True,True,True,True
0.75,1.1,True,0.001509407300420369,0.018586925948467115,0.030592266562912127,0.024886897385278543,0.025479490457098346,0.002432319778822461,0.0006647988983332631,True,True,True,True,True,True,True,True,True,True,True,True,True,True,True
0.75,1.15,True,0.0008834015901835147,0.0164338559935396,0.026258815950365128,0.0242500418903734,0.023881126354521578,0.0026169861394705896,0.0009022270763093809,True,True,True,True,True,True,True,True,True,True,True,True,True,True,True
0.75,1.2,True,0.0005221393936820596,0.014517859925496665,0.02273700936698296,0.023824045248961288,0.02251707574238864,0.0028174810453171187,0.001044683983095096,True,True,True,True,True,True,True,True,True,True,True,True,True,True,True
0.75,1.25,True,0.00016615337891345405,0.011515087366480584,0.019577461613925325,0.023560546354160446,0.021190838461693524,0.0029863188607668345,0.0012821121610712138,True,True,True,True,True,True,True,True,True,True,True,True,True,True,True
0.75,1.3,False,-0.0003884637081590413,0.009828520802033114,0.016477729526691846,0.023334692742562217,0.019953393780631695,0.0031815375848805883,0.0015195403390474427,True,True,True,False,True,True,True,True,True,True,True,True,True,True,True
0.75,1.35,False,-0.0015580351839025218,0.00703851691123795,0.013375449311695134,0.023177494844500934,0.018525238394900154,0.003418965762856743,0.0018044541526188729,True,True,True,False,True,True,True,True,True,True,True,True,True,True,True
0.75,1.4,False,-0.002572214899370322,0.0025952681267438957,0.00987330904771565,0.022798046996505426,0.017096661560897397,0.003614184486970472,0.0018994254238092756,True,True,True,False,True,True,True,True,True,True,True,True,True,True,True
0.75,1.45,False,-0.002737644284206424,0.0009087015622963509,0.007117900891550683,0.022608904266782477,0.015987741303139933,0.003772469938954575,0.0019943966949997893,True,True,True,False,True,True,True,True,True,True,True,True,True,True,True
0.75,1.5,False,-0.0045507673598272945,-0.0027643266033358835,0.0034072715072600073,0.02228783091057,0.014539988182622957,0.003957136299602704,0.002184339237380706,False,True,True,False,True,True,True,True,True,True,True,True,True,True,True
0.75,1.55,False,-0.0055505083024862305,-0.0055505083024862305,0.0008210198326010899,0.0220287928366939,0.013507557626375418,0.004104869388121207,0.0023742817797616222,False,True,True,False,True,True,True,True,True,True,True,True,True,True,True
0.75,1.6,False,-0.008486637520005225,-0.008486637520005225,-0.0023650219155322036,0.02170251156644924,0.012185688113517933,0.004242050113174097,0.0025167386865473373,False,True,True,False,True,True,True,True,True,True,True,True,True,True,True
0.75,1.65,False,-0.012226309027134619,-0.012226309027134619,-0.005876995339213005,0.021416219674023938,0.010629500598947282,0.004416164110356625,0.00261170995773774,False,True,True,False,True,False,True,True,True,True,False,True,True,True,True
0.75,1.7,False,-0.01652343248490477,-0.01652343248490477,-0.009406903662149642,0.02095147113579727,0.009086888312213777,0.004585001925806316,0.002706681228928254,False,True,True,False,True,False,True,True,True,True,False,True,True,False,True
0.75,1.75,False,-0.018206176857707573,-0.018206176857707573,-0.013705758540066516,0.02034508501359665,0.007497375363491142,0.004706354105660806,0.0028016525001186565,False,True,True,False,True,False,True,True,False,True,False,True,True,False,True
0.75,1.8,False,-0.02135889693509226,-0.02135889693509226,-0.0168789616444702,0.02000151452424072,0.006117689151305259,0.004859363375912122,0.0029441094069043716,False,True,True,False,True,False,True,True,False,True,False,True,True,False,True
0.75,1.85,False,-0.02428218750888167,-0.02428218750888167,-0.01990221723050529,0.019782133268359165,0.0048394193408212655,0.004991267919232212,0.0030865663136900867,False,True,True,False,True,False,True,True,False,True,False,True,True,False,True
0.75,1.9,False,-0.026988887222805274,-0.026988887222805274,-0.023699972983312032,0.019142129546964887,0.003306382910221697,0.0051126200990867015,0.0031815375848806005,False,True,True,False,True,False,True,True,False,True,False,True,True,False,True
0.75,1.95,False,-0.030524806513798557,-0.030524806513798557,-0.026525029965002486,0.018463155744933783,0.001943867260211217,0.005181210461613128,0.0033239944916662045,False,True,True,False,True,False,True,True,False,True,False,True,True,False,True
0.75,2.0,False,-0.03287780649321751,-0.03287780649321751,-0.030671389196787652,0.017811437181945753,0.0002532132074443262,0.00530256264146763,0.003371480127261517,False,True,True,False,True,False,True,True,False,True,False,True,True,False,True
0.8,0.0,False,-0.007687069661427405,0.0738770841970016,0.08841696255983604,0.01726169872266588,0.04860473422276043,-0.0062364468081738495,-0.009687069661427405,True,True,False,True,True,True,True,False,True,True,True,True,False,True,True
0.8,0.05,False,-0.0073071845766655725,0.07234046515092267,0.08709265482571292,0.01808700056045931,0.04814261038354022,-0.005798523724351153,-0.009307184576665573,True,True,False,True,True,True,True,False,True,True,True,True,False,True,True
0.8,0.1,False,-0.006879813856308427,0.07204057011418556,0.08559618512605555,0.018853787662080308,0.047634312254219956,-0.005360600640528457,-0.008879813856308427,True,True,False,True,True,True,True,False,True,True,True,True,False,True,True
0.8,0.15,False,-0.006309986229165678,0.07137413669921418,0.08446197425672257,0.01978604368642805,0.04722708043871435,-0.004838258648980897,-0.008309986229165678,True,True,False,True,True,True,True,False,True,True,True,True,False,True,True
0.8,0.2,False,-0.00578764423761813,0.07004126986927124,0.08283904554974383,0.020626871349073966,0.04661672181349256,-0.004294811930502135,-0.00778764423761813,True,True,False,True,True,True,True,False,True,True,True,True,False,True,True
0.8,0.25,False,-0.005312787881665783,0.06761780435671043,0.0810747284202163,0.02116049270728029,0.04593740964270413,-0.0038674412101450395,-0.007312787881665783,True,True,False,True,True,True,True,False,True,True,True,True,False,True,True
0.8,0.3,False,-0.004695474618927832,0.06556469941402865,0.07876615733512878,0.021768940764389882,0.04510867720706571,-0.003413689581123955,-0.0066954746189278325,True,True,False,True,True,True,True,False,True,True,True,True,False,True,True
0.8,0.35,False,-0.004078161356189771,0.06386147201420682,0.07697962575843552,0.022174416579591318,0.04422707316445851,-0.0030285283146292727,-0.006078161356189771,True,True,False,True,True,True,True,False,True,True,True,True,False,True,True
0.8,0.4,False,-0.0036507906358326254,0.06174172373002784,0.07519436824562382,0.022875456934591018,0.04351109255290174,-0.0026169861394705774,-0.005650790635832625,True,True,False,True,True,True,True,False,True,True,True,True,True,True,True
0.8,0.45,False,-0.002843534830713758,0.05923877623224031,0.07339800350922927,0.02355256816047334,0.04283471452406814,-0.0021474059652510677,-0.004843534830713758,True,True,False,True,True,True,True,False,True,True,True,True,True,True,True
0.8,0.5,False,-0.0026061066527375294,0.05790590940229745,0.07161274599641759,0.023933037861732214,0.04209409598140057,-0.0018361112430156491,-0.004606106652737529,True,True,False,True,True,True,True,False,True,True,True,True,True,True,True
0.8,0.55,False,-0.0022262215679756964,0.056439755889360343,0.06936098509312588,0.02438425449181937,0.04126312112023192,-0.0014720547034522042,-0.0042262215679756965,True,True,False,True,True,True,True,False,True,True,True,True,True,True,True
0.8,0.6,False,-0.0015614226696424333,0.055036423526275614,0.06647784386575807,0.024531630707708363,0.0398790115957737,-0.0010816172552247465,-0.0035614226696424334,True,True,False,True,True,True,True,False,True,True,True,True,True,True,True
0.8,0.65,False,-0.0013239944916663155,0.053920147556198485,0.06481649723250454,0.024640032288709233,0.039118156196804796,-0.0008916747128438177,-0.0033239944916663156,True,True,False,True,True,True,True,False,True,True,True,True,True,True,True
0.8,0.7,False,-0.000991595042499684,0.050493209729535825,0.06196968315991361,0.024722080667859733,0.03806740067202287,-0.000580379990608399,-0.002991595042499684,True,True,False,True,True,True,True,False,True,True,True,True,True,True,True
0.8,0.75,False,-0.000611709957737851,0.04873999982359115,0.059887536094393096,0.02498944772771731,0.037307182426460805,-0.0002901899953042057,-0.002611709957737851,True,True,True,True,True,True,True,False,True,True,True,True,True,True,True
0.8,0.8,False,-0.0002318248729759071,0.04517595312228958,0.05677160052805046,0.0250762458885399,0.03598832189447568,2.6380908664025426e-05,-0.002231824872975907,True,True,True,True,True,True,True,False,True,True,True,True,True,True,True
0.8,0.85,True,0.0003854883897620436,0.04319331371274956,0.054836395496870215,0.02540561552842027,0.035113452532970234,0.0003640565395634325,-0.0016145116102379564,True,True,True,True,True,True,True,True,True,True,True,True,True,True,True
0.8,0.9,True,0.0006704022033334738,0.04041614846568412,0.05191183085919929,0.02553502108802784,0.0338535592691866,0.0007175607156612892,-0.0013295977966665262,True,True,True,True,True,True,True,True,True,True,True,True,True,True,True
0.8,0.95,True,0.0009078303813095916,0.0369892106390215,0.0492521081673702,0.025675482968487193,0.032823187946913426,0.0010341316196294957,-0.0010921696186904084,True,True,True,True,True,True,True,True,True,True,True,True,True,True,True
0.8,1.0,True,0.0012877154660715356,0.032083280655692104,0.045529097495615116,0.02552598432372387,0.03143656989458063,0.0013137692514680888,-0.0007122845339284645,True,True,True,True,True,True,True,True,True,True,True,True,True,True,True
0.8,1.05,True,0.0015726292796428547,0.028206500273923758,0.04211454095641688,0.025272450870463654,0.030222307712915144,0.001535368884245843,-0.0004273707203571453,True,True,True,True,True,True,True,True,True,True,True,True,True,True,True
0.8,1.1,True,0.0018100574576190836,0.025416496383128668,0.039180143159044646,0.02523533938027695,0.029164389212491933,0.0017833494256876354,-0.00018994254238091646,True,True,True,True,True,True,True,True,True,True,True,True,True,True,True
0.8,1.15,True,0.0014824499804646464,0.02226377630574398,0.03518118331786489,0.02499344198604609,0.027660372151947537,0.0020155014219309774,-9.497127119051374e-05,True,True,True,True,True,True,True,True,True,True,True,True,True,True,True
0.8,1.2,True,0.0011931073071929045,0.021014213652672604,0.03339164625714335,0.02504309078066437,0.02674523363059976,0.0022582057816399204,9.497127119040272e-05,True,True,True,True,True,True,True,True,True,True,True,True,True,True,True
0.8,1.25,True,0.0005636071643512165,0.018128066941276482,0.029993750553319393,0.02488603957874706,0.025577918409389513,0.0024692530509520865,0.00047485635595234665,True,True,True,True,True,True,True,True,True,True,True,True,True,True,True
0.8,1.3,True,0.0005043712469505702,0.016508143718326134,0.02748952899165032,0.024718738484498088,0.024547868412778957,0.002653919411600203,0.0007597701695236658,True,True,True,True,True,True,True,True,True,True,True,True,True,True,True
0.8,1.35,False,-0.000941536198160624,0.012548059159686339,0.023190674113733385,0.024312511606051523,0.02288698448446596,0.0029177284982404078,0.0009971983474998947,True,True,True,False,True,True,True,True,True,True,True,True,True,True,True
0.8,1.4,False,-0.0011475746945607311,0.00954146440902548,0.01998114385455289,0.02412038497288913,0.021659551266978248,0.0031287757675525375,0.0011871408898808111,True,True,True,False,True,True,True,True,True,True,True,True,True,True,True
0.8,1.45,False,-0.0027149949602043354,0.007205125264980776,0.017007870774640634,0.023961140733528594,0.020434043709108483,0.0033239944916662787,0.0015195403390474427,True,True,True,False,True,True,True,True,True,True,True,True,True,True,True
0.8,1.5,False,-0.004321402287149505,0.003981939654454332,0.013223770373179851,0.023510370196216306,0.018640759528147158,0.0035297655792456326,0.0018044541526188729,True,True,True,False,True,True,True,True,True,True,True,True,True,True,True
0.8,1.55,False,-0.00594014654119313,-9.477075180549151e-05,0.009617385549044764,0.023265908364052908,0.017232480095996032,0.003767193757221775,0.0020418823305949907,False,True,True,False,True,True,True,True,True,True,True,True,True,True,True
0.8,1.6,False,-0.006255523444397841,-0.0021607143382169256,0.0067824954076530775,0.022959913290073557,0.016115974452163936,0.00389382211880904,0.002231824872975907,False,True,True,False,True,True,True,True,True,True,True,True,True,True,True
0.8,1.65,False,-0.007148753403969592,-0.0048635918604958235,0.003190223291129156,0.02253573817897821,0.014522921483556963,0.004057383752525956,0.0022793105085711085,False,True,True,False,True,True,True,True,True,True,True,True,True,True,True
0.8,1.7,False,-0.007433182699780512,-0.007433182699780512,-0.0003273037443430758,0.02235939520636955,0.01314447620634872,0.00424732629490691,0.0024217674153568236,False,True,True,False,True,True,True,True,True,True,True,True,True,False,True
0.8,1.75,False,-0.011176676398554575,-0.011176676398554575,-0.003989224686392438,0.021946514426542052,0.011674043956278505,0.0043845070199598,0.0025167386865473373,False,True,True,False,True,True,True,True,True,True,False,True,True,False,True
0.8,1.8,False,-0.014383201173706802,-0.014383201173706802,-0.00718464223796183,0.021485471066769853,0.0103406731174353,0.0045164115632799024,0.0025167386865473373,False,True,True,False,True,False,True,True,True,True,False,True,True,False,True
0.8,1.85,False,-0.01753592125109149,-0.01753592125109149,-0.010316421932062355,0.021199994250509977,0.009065429897943653,0.00466942083353118,0.002754166864523455,False,True,True,False,True,False,True,True,True,True,False,True,True,False,True
0.8,1.9,False,-0.02017597762351797,-0.02017597762351797,-0.012402848545492735,0.02121789525942768,0.00808256364176131,0.00486991573937771,0.0029441094069043716,False,True,True,False,True,False,True,True,True,True,False,True,True,False,True
0.8,1.95,False,-0.02366573660003309,-0.02366573660003309,-0.01680294249953693,0.020514327524007243,0.006263053015192082,0.004996544100965012,0.0030390806780948854,False,True,True,False,True,False,True,True,True,True,False,True,True,False,True
0.8,2.0,False,-0.02660186581755201,-0.02660186581755201,-0.0207117704881723,0.019754939903292405,0.0047122102455419024,0.005070410645224264,0.0031815375848806005,False,True,True,False,True,False,True,True,True,True,False,True,True,False,True
0.85,0.0,False,-0.008779239280117814,0.07564313274667593,0.091373574804374,0.016368218463998163,0.049931441112020275,-0.006895969524774313,-0.010779239280117814,True,True,False,True,True,True,True,False,True,True,True,True,False,True,True
0.85,0.05,False,-0.008066954746189238,0.07467680429496737,0.08970494313918233,0.017108401877270536,0.049364641852199194,-0.006447494077485991,-0.010066954746189238,True,True,False,True,True,True,True,False,True,True,True,True,False,True,True
0.85,0.1,False,-0.007402155847856086,0.0739437275384988,0.08825845594564774,0.018105112940472026,0.04888297067930403,-0.005919875904205668,-0.009402155847856086,True,True,False,True,True,True,True,False,True,True,True,True,False,True,True
0.85,0.15,False,-0.007069756398689455,0.07210721345568272,0.08649969242791164,0.018784167042471236,0.04821912639002322,-0.005450295729986133,-0.009069756398689455,True,True,False,True,True,True,True,False,True,True,True,True,False,True,True
0.85,0.2,False,-0.006737356949522823,0.07150742338220835,0.08501988356362851,0.019504532232837806,0.04765244510799439,-0.005044029736560238,-0.008737356949522823,True,True,False,True,True,True,True,False,True,True,True,True,False,True,True
0.85,0.25,False,-0.006452443135951393,0.07099093748560552,0.08391344075325266,0.02025293868854641,0.0472361626952459,-0.0046061066527375415,-0.008452443135951393,True,True,False,True,True,True,True,False,True,True,True,True,False,True,True
0.85,0.3,False,-0.005930101144403845,0.06914158475905985,0.08236270899956256,0.02082229154155298,0.04654327288462442,-0.004125974115052407,-0.007930101144403845,True,True,False,True,True,True,True,False,True,True,True,True,False,True,True
0.85,0.35,False,-0.005170330974880068,0.06680142342337052,0.08052619491674645,0.02159395467047884,0.045907349281728314,-0.003635289213901685,-0.007170330974880068,True,True,False,True,True,True,True,False,True,True,True,True,False,True,True
0.85,0.4,False,-0.004742960254523034,0.06380766731643928,0.07809289624448436,0.022032669427691207,0.04492855231792033,-0.0031815375848805636,-0.006742960254523034,True,True,False,True,True,True,True,False,True,True,True,True,False,True,True
0.85,0.45,False,-0.0043155895341658885,0.06264140884023932,0.07640205013212695,0.022676623978749304,0.04433017920133453,-0.002870242862645145,-0.0063155895341658885,True,True,False,True,True,True,True,False,True,True,True,True,False,True,True
0.85,0.5,False,-0.003745761907023139,0.060775395278319246,0.07428912952362093,0.022935493507791966,0.04354251766402468,-0.002543119595211338,-0.005745761907023139,True,True,False,True,True,True,True,False,True,True,True,True,True,True,True
0.85,0.55,False,-0.003223419915475591,0.05989237100348214,0.07274823092963215,0.02367741314926006,0.04297561290876438,-0.002136853601785455,-0.005223419915475591,True,True,False,True,True,True,True,False,True,True,True,True,True,True,True
0.85,0.6,False,-0.0026535922883328417,0.05847619999666783,0.07134617263042899,0.024053169925322988,0.04217354658946862,-0.0017464161535580096,-0.004653592288332842,True,True,False,True,True,True,True,False,True,True,True,True,True,True,True
0.85,0.65,False,-0.0022262215679756964,0.056285986179347026,0.06934305019387005,0.024368635134846415,0.04132166824044186,-0.001461502339986604,-0.0042262215679756965,True,True,False,True,True,True,True,False,True,True,True,True,True,True,True
0.85,0.7,False,-0.00203627902559478,0.053932986199928035,0.0667679057427939,0.024480994621446348,0.04031117228308609,-0.0011291028908199724,-0.00403627902559478,True,True,False,True,True,True,True,False,True,True,True,True,True,True,True
0.85,0.75,False,-0.0017038795764281484,0.051005873434494066,0.06425430837768872,0.02485984715971206,0.03932240006821283,-0.0007755987147221403,-0.0037038795764281485,True,True,False,True,True,True,True,False,True,True,True,True,True,True,True
0.85,0.8,False,-0.0013714801272615169,0.049186020187052204,0.06291333980819129,0.02507835111250732,0.03876309935716988,-0.0005381705367459608,-0.003371480127261517,True,True,False,True,True,True,True,False,True,True,True,True,True,True,True
0.85,0.85,False,-0.0010390806780948853,0.04778651001561222,0.06013316907709754,0.02516434072569376,0.03759256362057924,-0.0003060185405026185,-0.0030390806780948854,True,True,False,True,True,True,True,False,True,True,True,True,True,True,True
0.85,0.9,False,-0.0005642243221425387,0.04487605808555243,0.05820524907785542,0.025387088589382274,0.03657904997452367,0.0,-0.0025642243221425387,True,True,True,True,True,True,True,False,True,True,True,True,True,True,True
0.85,0.95,False,-0.0001368536017855044,0.04101593853915838,0.054700560686112794,0.025258515489052433,0.03535586431863221,0.00029018999530419333,-0.0021368536017855044,True,True,True,True,True,True,True,False,True,True,True,True,True,True,True
0.85,1.0,True,0.00010057457619072445,0.03822975684000803,0.052401822760726545,0.025350699202412817,0.03436519104716614,0.0005856561723411868,-0.0018994254238092756,True,True,True,True,True,True,True,True,True,True,True,True,True,True,True
0.85,1.05,True,0.0005279452965477587,0.03594340020208616,0.0496365814448603,0.02543482155820646,0.03335766251439295,0.0008600176224469921,-0.0014720547034522413,True,True,True,True,True,True,True,True,True,True,True,True,True,True,True
0.85,1.1,True,0.0009078303813095916,0.033469952183402506,0.04732673629589121,0.025457770233802936,0.03246477615419609,0.001102721982155947,-0.0010921696186904084,True,True,True,True,True,True,True,True,True,True,True,True,True,True,True
0.85,1.15,True,0.0009842706722122908,0.030817057167246364,0.04485583640497067,0.02549065851128988,0.03154121718591972,0.0013507025235977145,-0.0008547414407141796,True,True,True,True,True,True,True,True,True,True,True,True,True,True,True
0.85,1.2,True,0.0006896518172079215,0.02658657705097341,0.040809899541696365,0.025172316849147065,0.030037635867284425,0.0015670259746426688,-0.0005698276271427494,True,True,True,True,True,True,True,True,True,True,True,True,True,True,True
0.85,1.25,True,0.000416137689134617,0.02481670630965438,0.0390135348053018,0.02537013557144215,0.029362461822662136,0.0018044541526188234,-0.00023742817797622884,True,True,True,True,True,True,True,True,True,True,True,True,True,True,True
0.85,1.3,False,-0.0002831507345733052,0.021663986232269766,0.03524482117533377,0.025111016993097382,0.027990981546055244,0.002015501421931002,-4.748563559520136e-05,True,True,True,False,True,True,True,True,True,True,True,True,True,True,True
0.85,1.35,False,-0.0006233082041436954,0.01996458102409256,0.03279185618366901,0.025093705669810937,0.026922346378259448,0.0022634819633727326,9.497127119040272e-05,True,True,True,False,True,True,True,True,True,True,True,True,True,True,True
0.85,1.4,False,-0.0016156708857852963,0.01746163352630503,0.030540095280377353,0.02502328194986773,0.02599318960230352,0.002458700687486474,0.00023742817797611782,True,True,True,False,True,True,True,True,True,True,True,True,True,True,True
0.85,1.45,False,-0.0024731729110636412,0.015254758873609978,0.02800127798407812,0.025062050928967974,0.02495985065028541,0.002727785955859479,0.000522341991547548,True,True,True,False,True,True,True,True,True,True,True,True,True,True,True
0.85,1.5,False,-0.002890526085596594,0.01386808734589958,0.02535011438806878,0.025176953008985297,0.023954832849305947,0.002944109406904421,0.0008072558051189782,True,True,True,False,True,True,True,True,True,True,True,True,True,True,True
0.85,1.55,False,-0.005328131982347721,0.011231853165117803,0.021856075863643812,0.0249924583954458,0.022509520419912412,0.003186813766613376,0.0012821121610712138,True,True,True,False,True,True,True,True,True,True,True,True,True,True,True
0.85,1.6,False,-0.006936323872925758,0.005664684027257172,0.018142898351590022,0.02450125801930583,0.02092487992715016,0.003376756308994305,0.0015195403390474427,True,True,True,False,True,True,True,True,True,True,True,True,True,True,True
0.85,1.65,False,-0.007457739272530355,0.0030950931879724455,0.01538321064751517,0.02413937670787045,0.019605931880040475,0.0035403179427112206,0.0016619972458331578,True,True,True,False,True,True,True,True,True,True,True,True,True,True,True
0.85,1.7,False,-0.008124172687501877,0.0010458104369353016,0.012133531041913084,0.024061568416561954,0.018426430230063122,0.0037408128485577497,0.0018994254238092756,True,True,True,False,True,True,True,True,True,True,True,True,True,True,True
0.85,1.75,False,-0.00883086853530635,-0.0023068396649407927,0.00887274421272815,0.023617493725954994,0.016842024136231322,0.003904374482274653,0.0019943966949997893,False,True,True,False,True,True,True,True,True,True,True,True,True,True,True
0.85,1.8,False,-0.010403196595987877,-0.0047969485189987005,0.00620191429731619,0.0234105783217793,0.015786067658539998,0.004083764661189969,0.002231824872975907,False,True,True,False,True,True,True,True,True,True,True,True,True,True,True
0.85,1.85,False,-0.011635476713772745,-0.009056928114375603,0.0013118284417447236,0.023168021579744194,0.01387874754473258,0.004294811930502135,0.002326796144166421,False,True,True,False,True,True,True,True,True,True,True,True,True,False,True
0.85,1.9,False,-0.012606083785137171,-0.010656368310306993,-0.001840891635639916,0.022858836316506218,0.01270349568554072,0.004442545019020638,0.0024217674153568236,False,True,True,False,True,True,True,True,True,True,True,True,True,False,True
0.85,1.95,False,-0.013279763847359257,-0.013279763847359257,-0.00522768011588099,0.022422843366660325,0.011305279404657618,0.0046061066527375415,0.00261170995773774,False,True,True,False,True,True,True,True,True,True,False,True,True,False,True
0.85,2.0,False,-0.015919820219785812,-0.015919820219785812,-0.008200953195793245,0.022036511721638674,0.010041325459888895,0.004716906469126443,0.002706681228928254,False,True,True,False,True,False,True,True,True,True,False,True,True,False,True
0.9,0.0,False,-0.009728951992022396,0.07711310845125774,0.09235228454354699,0.015504958036589578,0.050661617402504154,-0.007513282787512325,-0.011728951992022396,True,True,False,True,True,True,True,False,True,True,True,True,False,True,True
0.9,0.05,False,-0.009111638729284445,0.07549318522830739,0.09105146532047113,0.015977007557130964,0.05017128032589973,-0.0071175691575520545,-0.011111638729284445,True,True,False,True,True,True,True,False,True,True,True,True,False,True,True
0.9,0.1,False,-0.008541811102141585,0.07491005599020743,0.09012273808742102,0.0169224579775676,0.0498812217678472,-0.006579398620806093,-0.010541811102141585,True,True,False,True,True,True,True,False,True,True,True,True,False,True,True
0.9,0.15,False,-0.007971983474998836,0.07387708419700163,0.08877193635822234,0.01785648017965337,0.04942388327451229,-0.006099266083120959,-0.009971983474998836,True,True,False,True,True,True,True,False,True,True,True,True,False,True,True
0.9,0.2,False,-0.007164727669879857,0.0730607032636617,0.08751554602947792,0.018764771214263662,0.04892325991595429,-0.005587476455038999,-0.009164727669879857,True,True,False,True,True,True,True,False,True,True,True,True,False,True,True
0.9,0.25,False,-0.007069756398689455,0.07137413669921407,0.08575550844786019,0.019209672576618445,0.048264474648347884,-0.005249800824139579,-0.009069756398689455,True,True,False,True,True,True,True,False,True,True,True,True,False,True,True
0.9,0.3,False,-0.006642385678332309,0.07034116490600843,0.08414113883670124,0.01987958577464039,0.047581138777903834,-0.004774944468187258,-0.00864238567833231,True,True,False,True,True,True,True,False,True,True,True,True,False,True,True
0.9,0.35,False,-0.006357471864760879,0.0688711892014265,0.08247250717150952,0.020518317497718867,0.0470048265374088,-0.004331745202631761,-0.00835747186476088,True,True,False,True,True,True,True,False,True,True,True,True,False,True,True
0.9,0.4,False,-0.006025072415594248,0.06681808425874473,0.08107727654797942,0.02098391817250615,0.04651196814990245,-0.003978241026533904,-0.008025072415594248,True,True,False,True,True,True,True,False,True,True,True,True,False,True,True
0.9,0.45,False,-0.005407759152856297,0.06448174511470006,0.07921426847008774,0.021825106088292728,0.04587725376222972,-0.0034981084888487946,-0.007407759152856297,True,True,False,True,True,True,True,False,True,True,True,True,False,True,True
0.9,0.5,False,-0.004790445890118235,0.06257476549874215,0.07673526683961265,0.02236419721760479,0.04494670610314041,-0.0030971186771557115,-0.006790445890118235,True,True,False,True,True,True,True,False,True,True,True,True,False,True,True
0.9,0.55,False,-0.004268103898570687,0.06167508038853072,0.07493762803933653,0.022769021013866145,0.04416865715744749,-0.002743614501057867,-0.006268103898570687,True,True,False,True,True,True,True,False,True,True,True,True,True,True,True
0.9,0.6,False,-0.003935704449404056,0.05962197544584883,0.07327454998593623,0.02310776865265301,0.043450325382317495,-0.002437595960555261,-0.005935704449404056,True,True,False,True,True,True,True,False,True,True,True,True,True,True,True
0.9,0.65,False,-0.0035558193646422227,0.05808535639976997,0.07176141945090458,0.023524452393426574,0.04291470824599545,-0.002094644147923017,-0.005555819364642223,True,True,False,True,True,True,True,False,True,True,True,True,True,True,True
0.9,0.7,False,-0.003080963008689876,0.05666918539295566,0.07040078456200459,0.024016828093911827,0.042274573017331556,-0.0017305876083595845,-0.005080963008689876,True,True,False,True,True,True,True,False,True,True,True,True,True,True,True
0.9,0.75,False,-0.0024636497459518143,0.05570285694124707,0.0684143229608199,0.02431447749636844,0.041318704481835465,-0.0014140167043913533,-0.004463649745951814,True,True,False,True,True,True,True,False,True,True,True,True,True,True,True
0.9,0.8,False,-0.0022262215679756964,0.05344599978242911,0.06689991836190669,0.02472039638884481,0.04072993892479764,-0.001102721982155947,-0.0042262215679756965,True,True,False,True,True,True,True,False,True,True,True,True,True,True,True
0.9,0.85,False,-0.00203627902559478,0.050518887016995105,0.06452643535546872,0.02468832452994982,0.039658203677573174,-0.0008389128955157668,-0.00403627902559478,True,True,False,True,True,True,True,False,True,True,True,True,True,True,True
0.9,0.9,False,-0.0017513652120233498,0.048386300089086474,0.06310343667298143,0.025190438231327113,0.03906966776625157,-0.0005381705367459608,-0.00375136521202335,True,True,False,True,True,True,True,False,True,True,True,True,True,True,True
0.9,0.95,False,-0.0011815375848806004,0.046849681043007574,0.06080897829550507,0.025195553194710094,0.038228185396078654,-0.00032184708570103123,-0.0031815375848806005,True,True,False,True,True,True,True,False,True,True,True,True,True,True,True
0.9,1.0,False,-0.0009441094069043716,0.043426565407989615,0.05854911565265883,0.02537266379037679,0.037284278311727044,-9.497127119045206e-05,-0.0029441094069043716,True,True,True,True,True,True,True,False,True,True,True,True,True,True,True
0.9,1.05,False,-0.0006591955933330524,0.03918324664798697,0.055323381914369175,0.025248516237679135,0.03602081784139344,0.000174113997182516,-0.0026591955933330524,True,True,True,True,True,True,True,False,True,True,True,True,True,True,True
0.9,1.1,False,-0.00032679614416642085,0.0377965751202766,0.052743141207766846,0.02507690845946163,0.034909135630541016,0.000406265993425883,-0.002326796144166421,True,True,True,True,True,True,True,False,True,True,True,True,True,True,True
0.9,1.15,False,-8.936796619019201e-05,0.03530646626621866,0.050180835400420315,0.02517548223010635,0.034014999767226134,0.0006700750800660509,-0.002089367966190192,True,True,True,True,True,True,True,False,True,True,True,True,True,True,True
0.9,1.2,True,0.00033800275416684226,0.03355325636027395,0.04808202749952547,0.025246566034475157,0.03327178707539977,0.000881122349378205,-0.0016619972458331578,True,True,True,True,True,True,True,True,True,True,True,True,True,True,True
0.9,1.25,True,0.0007178878389286752,0.031187417737125373,0.045734581131897954,0.025324278013900667,0.03236089901570614,0.0011343790725527726,-0.0012821121610713249,True,True,True,True,True,True,True,True,True,True,True,True,True,True,True
0.9,1.3,True,0.0009078303813095916,0.028110357453322726,0.0426323009169013,0.02522476739344258,0.031274327490426836,0.0013665310687961273,-0.0010921696186904084,True,True,True,True,True,True,True,True,True,True,True,True,True,True,True
0.9,1.35,True,0.0005915430261444988,0.026073913346015203,0.040466849674509336,0.025239318877128245,0.03041595575484526,0.0015670259746426564,-0.0007597701695237769,True,True,True,True,True,True,True,True,True,True,True,True,True,True,True
0.9,1.4,False,-0.0005586865783365801,0.023433856973588723,0.03758926205893297,0.025049023882978964,0.029319618985787388,0.0017622446987563976,-0.00047485635595234665,True,True,True,False,True,True,True,True,True,True,True,True,True,True,True
0.9,1.45,False,-0.001198739084643856,0.021514038713901156,0.03542635894430416,0.025163271753298504,0.028439478784426247,0.0020207776036637653,-0.00018994254238091646,True,True,True,False,True,True,True,True,True,True,True,True,True,True,True
0.9,1.5,False,-0.0017201544842484527,0.01982747214945361,0.03309557341205091,0.02511249892796609,0.02728717846626019,0.002226548691243132,4.748563559520136e-05,True,True,True,False,True,True,True,True,True,True,True,True,True,True,True
0.9,1.55,False,-0.0031629169899903874,0.01602115730082702,0.030012502160191617,0.024998798545543925,0.02622128727454958,0.0024059388701584356,0.00023742817797611782,True,True,True,False,True,True,True,True,True,True,True,True,True,True,True
0.9,1.6,False,-0.0036266410692652505,0.014405056269521377,0.027961945345272927,0.025290046809210556,0.02530161289040505,0.002717233592393854,0.000522341991547548,True,True,True,False,True,True,True,True,True,True,True,True,True,True,True
0.9,1.65,False,-0.005207758637743702,0.013138832781075674,0.025329990712400965,0.025239940280855286,0.02417091086304108,0.0029230046799731957,0.0008072558051189782,True,True,True,False,True,True,True,True,True,True,True,True,True,True,True
0.9,1.7,False,-0.005925006849013763,0.01086913697852813,0.022835602310433183,0.02520683234587826,0.023256864051050083,0.003065461586758886,0.0009971983474998947,True,True,True,False,True,True,True,True,True,True,True,True,True,True,True
0.9,1.75,False,-0.007195327550285628,0.00786636441951205,0.02061160946609862,0.024971011610836234,0.02225458681131345,0.0032237470387430018,0.0011871408898808111,True,True,True,False,True,True,True,True,True,True,True,True,True,True,True
0.9,1.8,False,-0.008099968532428229,0.005172503349317996,0.017230374597649003,0.024613463942153,0.020731387588152565,0.0034136895811239304,0.001424569067856929,True,True,True,False,True,True,True,True,True,True,True,True,True,True,True
0.9,1.85,False,-0.009043482388233385,0.002586251674659016,0.01422377984698817,0.024554706115588004,0.019386929059510165,0.003635289213901685,0.001567025974642644,True,True,True,False,True,True,True,True,True,True,True,True,True,True,True
0.9,1.9,False,-0.01039975048911446,-0.0012072245302379159,0.011841737744730494,0.024447073466802933,0.01824254159169815,0.003814679392817001,0.0017569685170235605,False,True,True,False,True,True,True,True,True,True,True,True,True,True,True
0.9,1.95,False,-0.0116259221349907,-0.004497053482261593,0.00859205813912842,0.024241044532061416,0.017048059001102955,0.004020450480396367,0.0018044541526188729,False,True,True,False,True,True,True,True,True,True,True,True,True,True,True
0.9,2.0,False,-0.012452508753065254,-0.0074869873975480505,0.0054021941993505195,0.023739028376977674,0.015573297796522008,0.004162907387182058,0.0018994254238092756,False,True,True,False,True,True,True,True,True,True,True,True,True,False,True
0.95,0.0,False,-0.011058549788688922,0.07799613272609492,0.09399870176157298,0.01500589813442822,0.051762075925908674,-0.008098938959853537,-0.013058549788688922,True,True,False,True,True,True,True,False,True,True,True,True,False,True,True
0.95,0.05,False,-0.010346265254760458,0.07711310845125778,0.09284355050895583,0.015844514597665893,0.051371654309171816,-0.0076240826039012145,-0.012346265254760458,True,True,False,True,True,True,True,False,True,True,True,True,False,True,True
0.95,0.1,False,-0.009633980720831993,0.07514330768544737,0.09137484886825555,0.016348139640742394,0.05077367207672908,-0.00717033097488008,-0.011633980720831993,True,True,False,True,True,True,True,False,True,True,True,True,False,True,True
0.95,0.15,False,-0.009016667458093932,0.07447687427047593,0.09002832668696673,0.016933579971367598,0.05024971963796078,-0.00675878879972141,-0.011016667458093932,True,True,False,True,True,True,True,False,True,True,True,True,False,True,True
0.95,0.2,False,-0.008541811102141585,0.07389374503237593,0.08894965193554805,0.01778724140552966,0.04992102470756779,-0.006299760988967513,-0.010541811102141585,True,True,False,True,True,True,True,False,True,True,True,True,False,True,True
0.95,0.25,False,-0.00782952656821312,0.07307736409903594,0.08816103906116518,0.018721054865041213,0.04951645853720432,-0.0057932475426183405,-0.00982952656821312,True,True,False,True,True,True,True,False,True,True,True,True,False,True,True
0.95,0.3,False,-0.007354670212260774,0.07211103564732735,0.08686449938599917,0.019434039373855364,0.049048860231403264,-0.005386981549192458,-0.009354670212260774,True,True,False,True,True,True,True,False,True,True,True,True,False,True,True
0.95,0.35,False,-0.007022270763094142,0.06983751765313517,0.08458670184389712,0.0199834024143567,0.048288459983779126,-0.004954334647102574,-0.009022270763094142,True,True,False,True,True,True,True,False,True,True,True,True,False,True,True
0.95,0.4,False,-0.0067848425851180245,0.06816761192406191,0.0824477445965807,0.020283782905148,0.04750336816093976,-0.004616659016203142,-0.008784842585118025,True,True,False,True,True,True,True,False,True,True,True,True,False,True,True
0.95,0.45,False,-0.006309986229165678,0.06676810175262193,0.0811148777666379,0.02104533542320915,0.0470893562952907,-0.004162907387182033,-0.008309986229165678,True,True,False,True,True,True,True,False,True,True,True,True,False,True,True
0.95,0.5,False,-0.005977586779999046,0.06536859158118191,0.07948084183607633,0.021620647483330133,0.046544145243619064,-0.003846336483213839,-0.007977586779999046,True,True,False,True,True,True,True,False,True,True,True,True,False,True,True
0.95,0.55,False,-0.005407759152856297,0.063598720839863,0.07810099798403895,0.022410004990693344,0.04588020669110152,-0.00339786103592553,-0.007407759152856297,True,True,False,True,True,True,True,False,True,True,True,True,False,True,True
0.95,0.6,False,-0.00493290279690395,0.05986806578481848,0.0756331035771467,0.02281325582117551,0.04485729385299876,-0.0029757664973012344,-0.00693290279690395,True,True,False,True,True,True,True,False,True,True,True,True,True,True,True
0.95,0.65,False,-0.004458046440951604,0.059351579888215635,0.074268646496602,0.023236380687391915,0.04428059934557928,-0.0026328146846689776,-0.006458046440951604,True,True,False,True,True,True,True,False,True,True,True,True,True,True,True
0.95,0.7,False,-0.004173132627380284,0.0588350939916128,0.07286786226128045,0.02373896851133819,0.04381919306134639,-0.0023215199624335835,-0.0061731326273802845,True,True,False,True,True,True,True,False,True,True,True,True,True,True,True
0.95,0.75,False,-0.0037932475426183405,0.05735227964330133,0.07124493355430173,0.024063744487942622,0.04318186728504587,-0.002020777603663778,-0.0057932475426183405,True,True,False,True,True,True,True,False,True,True,True,True,True,True,True
0.95,0.8,False,-0.0034133624578565076,0.056319307850095646,0.07003852573168017,0.024326863756285542,0.042559540846775684,-0.001767520880489198,-0.005413362457856508,True,True,False,True,True,True,True,False,True,True,True,True,True,True,True
0.95,0.85,False,-0.002938506101904161,0.054482793767279526,0.06845192417947833,0.024688277345999557,0.041717991709099574,-0.0014403976130553788,-0.004938506101904161,True,True,False,True,True,True,True,False,True,True,True,True,True,True,True
0.95,0.9,False,-0.002558621017142328,0.051205803458985434,0.06671537510890795,0.024861674639131113,0.04102083530484694,-0.0011765885264152108,-0.004558621017142328,True,True,False,True,True,True,True,False,True,True,True,True,True,True,True
0.95,0.95,False,-0.0022262215679756964,0.05017283166577976,0.06514115484417055,0.02518707594037169,0.04035770740870822,-0.0008916747128438177,-0.0042262215679756965,True,True,False,True,True,True,True,False,True,True,True,True,True,True,True
0.95,1.0,False,-0.0019413077544042662,0.0479697792047293,0.06270102849623543,0.02534912701705943,0.03951551106360846,-0.0006278656262036374,-0.003941307754404266,True,True,False,True,True,True,True,False,True,True,True,True,True,True,True
0.95,1.05,False,-0.0015614226696424333,0.04547967035067143,0.06035658761263623,0.025466879558123236,0.038652544816705436,-0.0003746089030290451,-0.0035614226696424334,True,True,False,True,True,True,True,False,True,True,True,True,True,True,True
0.95,1.1,False,-0.0012765088560710031,0.04342656540798958,0.05886439746088867,0.02565396102125523,0.03804824619534966,-0.0001688378154497282,-0.003276508856071003,True,True,True,True,True,True,True,False,True,True,True,True,True,True,True
0.95,1.15,False,-0.0010390806780948853,0.03949215813680903,0.05640633621369774,0.02560304692467251,0.03702526558823159,3.1657090396825576e-05,-0.0030390806780948854,True,True,True,True,True,True,True,False,True,True,True,True,True,True,True
0.95,1.2,False,-0.0007541668645234551,0.03757616206876616,0.054380999329973076,0.025528735670611005,0.03606420862834273,0.00021632345104495422,-0.002754166864523455,True,True,True,True,True,True,True,False,True,True,True,True,True,True,True
0.95,1.25,False,-0.0006591955933330524,0.035523057126084355,0.05212669029891827,0.025341752716335812,0.035182213156058774,0.0003904374482274579,-0.0026591955933330524,True,True,True,True,True,True,True,False,True,True,True,True,True,True,True
0.95,1.3,False,-0.0002793105085712195,0.03265739344170715,0.04943364593634056,0.02547243845692688,0.03423674352090386,0.0006647988983332508,-0.0022793105085712195,True,True,True,True,True,True,True,False,True,True,True,True,True,True,True
0.95,1.35,False,-8.936796619019201e-05,0.030250588764520654,0.04641894944612522,0.025359350634862474,0.033178194085722174,0.0008863985311110175,-0.002089367966190192,True,True,True,True,True,True,True,False,True,True,True,True,True,True,True
0.95,1.4,True,0.00024303148297643955,0.029734102867917778,0.04471572204630338,0.025570356062762502,0.032539006213660175,0.0011291028908199724,-0.0017569685170235605,True,True,True,True,True,True,True,True,True,True,True,True,True,True,True
0.95,1.45,True,0.0003839041874460448,0.02796423212659882,0.04211026140850701,0.02548094597216514,0.031564731238944224,0.001324321614933689,-0.0013770834322617276,True,True,True,True,True,True,True,True,True,True,True,True,True,True,True
0.95,1.5,True,0.00018314187277856508,0.025557427449412324,0.03944926465279636,0.02545974282803487,0.030583802175256334,0.0015459212477114557,-0.0009497127119046933,True,True,True,True,True,True,True,True,True,True,True,True,True,True,True
0.95,1.55,False,-0.0012812109713393792,0.02218429432051731,0.03695187076680024,0.025561439210662326,0.02963439509556915,0.0017622446987564223,-0.0007597701695237769,True,True,True,False,True,True,True,True,True,True,True,True,True,True,True
0.95,1.6,False,-0.0022802393938842246,0.02079762279280691,0.03524308975518701,0.02564432765556124,0.028728513558950453,0.001946911059404514,-0.0004273707203571453,True,True,True,False,True,True,True,True,True,True,True,True,True,True,True
0.95,1.65,False,-0.0034835700749277264,0.019614703481232582,0.033241241382509584,0.025677070321454387,0.02779552011125054,0.002163234510449493,-0.00018994254238091646,True,True,True,False,True,True,True,True,True,True,True,True,True,True,True
0.95,1.7,False,-0.004537299916333897,0.016961808465076517,0.030938223909213462,0.025623293105786135,0.026949425981893427,0.0023637294162960343,0.0001424569067857151,True,True,True,False,True,True,True,True,True,True,True,True,True,True,True
0.95,1.75,False,-0.006817550870619864,0.015125294382260365,0.029075215831321777,0.02563294962087406,0.026041927943863383,0.002553671958676963,0.00033239944916663156,True,True,True,False,True,True,True,True,True,True,True,True,True,True,True
0.95,1.8,False,-0.007518439636626466,0.012551881351331007,0.02645992203382408,0.025726992994207592,0.025066133976491267,0.0027647192279891047,0.0006173132627380618,True,True,True,False,True,True,True,True,True,True,True,True,True,True,True
0.95,1.85,False,-0.00820266756725874,0.010435955258796667,0.023626763312579156,0.025527686268100116,0.023924151966536508,0.0029493855886371964,0.0008547414407141796,True,True,True,False,True,True,True,True,True,True,True,True,True,True,True
0.95,1.9,False,-0.009071116960464923,0.008536620026128131,0.021797076905436,0.025537367505788007,0.022963238145174522,0.003102394858888524,0.0009497127119045823,True,True,True,False,True,True,True,True,True,True,True,True,True,True,True
0.95,1.95,False,-0.010297288606341163,0.005696633629210172,0.01892932244956094,0.02530527567506269,0.021882111472214392,0.0032237470387430018,0.0009971983474998947,True,True,True,False,True,True,True,True,True,True,True,True,True,True,True
0.95,2.0,False,-0.01067403266931011,0.004459909619868345,0.017242755885113432,0.02524238200514502,0.02094279208273924,0.0034136895811239304,0.0010921696186902974,True,True,True,False,True,True,True,True,True,True,True,True,True,True,True
1.0,0.0,False,-0.011960776864998303,0.07785902385145597,0.09466640924042595,0.013404799588695128,0.05155092054062271,-0.00858962386100427,-0.013960776864998303,True,True,False,True,True,True,True,False,True,True,True,True,False,True,True
1.0,0.05,False,-0.011485920509046068,0.07682605205825026,0.09319770759972569,0.014217862738704339,0.05095589263409786,-0.008098938959853537,-0.013485920509046068,True,True,False,True,True,True,True,False,True,True,True,True,False,True,True
1.0,0.1,False,-0.01072615033952229,0.07572643692354741,0.0920703244060657,0.014907655002593119,0.05051971701077248,-0.007655739694298015,-0.01272615033952229,True,True,False,True,True,True,True,False,True,True,True,True,False,True,True
1.0,0.15,False,-0.010156322712379541,0.07360668863936833,0.09062939082432256,0.0154322076777264,0.04994462322525017,-0.007281130791268982,-0.012156322712379541,True,True,False,True,True,True,True,False,True,True,True,True,False,True,True
1.0,0.2,False,-0.00953900944964148,0.07302355940126841,0.089695109979481,0.016130952200636896,0.04965585220324304,-0.006895969524774313,-0.01153900944964148,True,True,False,True,True,True,True,False,True,True,True,True,False,True,True
1.0,0.25,False,-0.009016667458093932,0.07272366436453126,0.08822085472698936,0.01678055162993386,0.04904418393038105,-0.006458046440951616,-0.011016667458093932,True,True,False,True,True,True,True,False,True,True,True,True,False,True,True
1.0,0.3,False,-0.008351868559760669,0.07118704531845221,0.0870520481230262,0.017497411849847284,0.048600782272221345,-0.006035951902327308,-0.010351868559760669,True,True,False,True,True,True,True,False,True,True,True,True,False,True,True
1.0,0.35,False,-0.007971983474998836,0.07052061190348084,0.08619551784326464,0.01814987243128494,0.04835383107630361,-0.005608581181970236,-0.009971983474998836,True,True,False,True,True,True,True,False,True,True,True,True,False,True,True
1.0,0.4,False,-0.007354670212260774,0.06882120669530371,0.08491818713123606,0.018974293243386064,0.04787542720028496,-0.00517593427988034,-0.009354670212260774,True,True,False,True,True,True,True,False,True,True,True,True,False,True,True
1.0,0.45,False,-0.006974785127498941,0.06621064980198106,0.08241697105359529,0.019196639565093307,0.04700445269024124,-0.004806601558584083,-0.008974785127498941,True,True,False,True,True,True,True,False,True,True,True,True,False,True,True
1.0,0.5,False,-0.006499928771546594,0.06494442631353536,0.08057362929510616,0.019819653058080658,0.04630766703855133,-0.0044003355651582,-0.008499928771546594,True,True,False,True,True,True,True,False,True,True,True,True,False,True,True
1.0,0.55,False,-0.006215014957975275,0.06252478299261932,0.07876060372333735,0.02036418841124621,0.04564307705789409,-0.00403627902559478,-0.008215014957975275,True,True,False,True,True,True,True,False,True,True,True,True,False,True,True
1.0,0.6,False,-0.005930101144403845,0.06192499291914496,0.07746406404817135,0.021050712646118366,0.045110728404637736,-0.0036194606687032596,-0.007930101144403845,True,True,False,True,True,True,True,False,True,True,True,True,False,True,True
1.0,0.65,False,-0.005312787881665783,0.060088478836328875,0.07581764683014539,0.02158501040190576,0.044410394434046783,-0.0032817850378038405,-0.007312787881665783,True,True,False,True,True,True,True,False,True,True,True,True,False,True,True
1.0,0.7,False,-0.005170330974880068,0.058551859790249905,0.07447112464885657,0.02214922374151064,0.043941467771210344,-0.002959937952102809,-0.007170330974880068,True,True,False,True,True,True,True,False,True,True,True,True,False,True,True
1.0,0.75,False,-0.004742960254523034,0.05708188408566809,0.0731190488557763,0.022697572274970674,0.043335597052408366,-0.0025747766856081514,-0.006742960254523034,True,True,False,True,True,True,True,False,True,True,True,True,True,True,True
1.0,0.8,False,-0.004363075169761201,0.055545265039589044,0.07148246479745156,0.02296968449312178,0.04277369232992637,-0.002279310508571158,-0.006363075169761201,True,True,False,True,True,True,True,False,True,True,True,True,True,True,True
1.0,0.85,False,-0.004078161356189771,0.055028779142986206,0.07037046837528431,0.023224954941780465,0.042211293510478316,-0.002041882330595003,-0.006078161356189771,True,True,False,True,True,True,True,False,True,True,True,True,True,True,True
1.0,0.9,False,-0.0037932475426183405,0.053845859831411956,0.06891970163383991,0.023465577689411696,0.04148737432926338,-0.001788625607420423,-0.0057932475426183405,True,True,False,True,True,True,True,False,True,True,True,True,True,True,True
1.0,0.95,False,-0.003318391186665994,0.051576164028864446,0.06718998023894247,0.023667859789722707,0.04073809314691977,-0.0015406450659786433,-0.005318391186665994,True,True,False,True,True,True,True,False,True,True,True,True,True,True,True
1.0,1.0,False,-0.002796049195118446,0.04945259355304077,0.06543422220523466,0.023899805317383265,0.04007369948630622,-0.0012662836158728627,-0.004796049195118446,True,True,False,True,True,True,True,False,True,True,True,True,True,True,True
1.0,1.05,False,-0.0024636497459518143,0.04748279278723037,0.06389332361124583,0.024131071100311048,0.03945902714168419,-0.0010077507109654826,-0.004463649745951814,True,True,False,True,True,True,True,False,True,True,True,True,True,True,True
1.0,1.1,False,-0.002273707203570898,0.046229407942514254,0.06203332101738243,0.024281760596485086,0.038727828897842015,-0.0007808748964549404,-0.004273707203570898,True,True,False,True,True,True,True,False,True,True,True,True,True,True,True
1.0,1.15,False,-0.0018938221188090649,0.04453000273433708,0.060459100752645045,0.024538019175183994,0.03815758692211949,-0.0005065134463491353,-0.003893822118809065,True,True,False,True,True,True,True,False,True,True,True,True,True,True,True
1.0,1.2,False,-0.0017513652120233498,0.04109924271602979,0.05797199738261541,0.024551796695177597,0.03727027059718832,-0.0003060185405026185,-0.00375136521202335,True,True,True,True,True,True,True,False,True,True,True,True,True,True,True
1.0,1.25,False,-0.0015614226696424333,0.039766375886087,0.05615769774696503,0.02457999981003494,0.03649697479069468,-0.00012135217985447749,-0.0035614226696424334,True,True,True,True,True,True,True,False,True,True,True,True,True,True,True
1.0,1.3,False,-0.0012765088560710031,0.03647272474241858,0.05432673727594032,0.02453404934303855,0.03561374040353492,0.00010024745292326454,-0.003276508856071003,True,True,True,True,True,True,True,False,True,True,True,True,True,True,True
1.0,1.35,False,-0.0010390806780948853,0.03298296576590346,0.05196690962084835,0.024498974433995624,0.03465684319664971,0.0002690852683730051,-0.0030390806780948854,True,True,True,True,True,True,True,False,True,True,True,True,True,True,True
1.0,1.4,False,-0.0007541668645234551,0.03165009893596068,0.04981638779368395,0.024528214038697687,0.03380807919595522,0.0004906849011507594,-0.002754166864523455,True,True,True,False,True,True,True,False,True,True,True,True,True,True,True
1.0,1.45,False,-0.0004268830128904043,0.030617127142754958,0.048079838723113576,0.02464198998987842,0.03318932868027017,0.0006753512617988511,-0.0024217674153568236,True,True,True,False,True,True,True,False,True,True,True,True,True,True,True
1.0,1.5,False,-0.0006276453275578841,0.029434207831180708,0.04500960611498396,0.02447198931437384,0.032057843421957485,0.0008705699859126047,-0.002184339237380706,True,True,True,False,True,True,True,False,True,True,True,True,True,True,True
1.0,1.55,False,-0.0008262763998614408,0.027964232126598893,0.04317864564395925,0.024663838201332985,0.03138090090085034,0.0010763410734919462,-0.001946911059404588,True,True,True,False,True,True,True,True,True,True,True,True,True,True,True
1.0,1.6,False,-0.002167062634274912,0.02468724181830484,0.04021393165986679,0.024535409665461232,0.03031535507655055,0.0012662836158728627,-0.0016619972458331578,True,True,True,False,True,True,True,True,True,True,True,True,True,True,True
1.0,1.65,False,-0.003804780372886123,0.022634136875622952,0.03837869164093223,0.024552082135409763,0.029542810281880993,0.0014298452495897784,-0.0013770834322617276,True,True,True,False,True,True,True,True,True,True,True,True,True,True,True
1.0,1.7,False,-0.004692734150725246,0.02123462670418297,0.03628243186780053,0.024648528265621115,0.02863987948603048,0.00163561633716912,-0.0012346265254760125,True,True,True,False,True,True,True,True,True,True,True,True,True,True,True
1.0,1.75,False,-0.005863391229861907,0.018527926990259364,0.0335300291956639,0.02451799251707814,0.027586971082523407,0.0018255588795500612,-0.0009971983474998947,True,True,True,False,True,True,True,True,True,True,True,True,True,True,True
1.0,1.8,False,-0.007648743837648135,0.015575136937366119,0.031639253058815035,0.02456248845372196,0.026748489811370717,0.00201550142193099,-0.0006173132627380618,True,True,True,False,True,True,True,True,True,True,True,True,True,True,True
1.0,1.85,False,-0.007611810565518633,0.015275241900628936,0.030053925570494775,0.024624181112108116,0.025981058197060362,0.0022107201460447065,-0.00033239944916663156,True,True,True,False,True,True,True,True,True,True,True,True,True,True,True
1.0,1.9,False,-0.009371041124662253,0.013875731729189026,0.028535241423671698,0.024538250400936417,0.02518852658093107,0.0023426246893647968,-0.00018994254238091646,True,True,True,False,True,True,True,True,True,True,True,True,True,True,True
1.0,1.95,False,-0.009923766935932669,0.01270947325298899,0.026583375557117133,0.024690495614010783,0.02434321695410276,0.0025431195952113506,9.497127119040272e-05,True,True,True,False,True,True,True,True,True,True,True,True,True,True,True
1.0,2.0,False,-0.01067760174060162,0.009939952389212822,0.024317959302479448,0.02460744460287166,0.023302755341986916,0.002743614501057867,0.00033239944916663156,True,True,True,False,True,True,True,True,True,True,True,True,True,True,True
